3882;Borsod-Abaúj-Zemplén;Abaújalpár;Rákóczi út 17.;Molnár Tibor;48.305;21.2002;Hétfő 07:00-11:00|Kedd 07:00-11:00|Szerda 07:00-11:00|Csütörtök 07:00-11:00|Péntek 07:00-11:00|Szombat 07:00-11:00|Vasárnap 07:00-11:00
3881;Borsod-Abaúj-Zemplén;Abaújszántó;Kossuth tér 9-11.;Hom-Tabak Bt.;48.2827917;21.1874649;Hétfő 05:30-20:00|Kedd 05:30-20:00|Szerda 05:30-20:00|Csütörtök 05:30-20:00|Péntek 05:30-20:00|Szombat 07:00-20:00|Vasárnap 07:00-11:00
2740;Pest;Abony;Kossuth tér 10-11.;Vadas József;47.1877088;20.0048504;Hétfő 06:00-22:00|Kedd 06:00-22:00|Szerda 06:00-22:00|Csütörtök 06:00-22:00|Péntek 06:00-23:59|Szombat 06:00-23:59|Vasárnap 06:00-22:00
2740;Pest;Abony;Vasút utca 2.;Vida Sándor Mátyás;47.1874;20.0044;Hétfő 05:00-20:00|Kedd 05:00-20:00|Szerda 05:00-20:00|Csütörtök 05:00-20:00|Péntek 05:00-20:00|Szombat 05:00-21:00|Vasárnap 05:00-12:00
2941;Komárom-Esztergom;Ács;Fő út 40.;BB Milán Tabak Bt;47.7081;18.0142;Hétfő 06:00-20:00|Kedd 06:00-20:00|Szerda 06:00-20:00|Csütörtök 06:00-20:00|Péntek 06:00-20:00|Szombat 07:00-16:00
2683;Pest;Acsa;Kossuth út 62.;Bobós Gyöngyi;47.7926;19.3857;Hétfő 06:00-18:00|Kedd 06:00-18:00|Szerda 06:00-18:00|Csütörtök 06:00-18:00|Péntek 06:00-18:00|Szombat 06:00-14:00|Vasárnap 08:00-10:00
8400;Veszprém;Ajka;Alkotmány utca 28.;Hamukeszion Bt.;47.1053223;17.5693175;Hétfő 05:00-21:00|Kedd 05:00-21:00|Szerda 05:00-21:00|Csütörtök 05:00-21:00|Péntek 05:00-21:00|Szombat 05:00-21:00|Vasárnap 07:00-21:00
8400;Veszprém;Ajka;Alkotmány utca 9.;CREDOM Dohány- és Italáru Szaküzlet Bt.;47.1061;17.5689;Hétfő 07:00-19:00|Kedd 07:00-19:00|Szerda 07:00-19:00|Csütörtök 07:00-19:00|Péntek 07:00-19:00|Szombat 07:00-15:00|Vasárnap 08:00-12:00
8400;Veszprém;Ajka;Frankel Leó utca 12.;Szivarfüst Filter Bt.;47.1057;17.5524;Hétfő 06:00-16:00|Kedd 06:00-16:00|Szerda 06:00-16:00|Csütörtök 06:00-16:00|Péntek 06:00-16:00|Szombat 06:00-11:00
8400;Veszprém;Ajka;Ifjúság utca 9.;ZOLCSI FILTER Bt.;47.1082282;17.5511825;Hétfő 06:30-20:00|Kedd 06:30-20:00|Szerda 06:30-20:00|Csütörtök 06:30-20:00|Péntek 06:30-20:00|Szombat 06:30-17:00|Vasárnap 07:00-13:00
8400;Veszprém;Ajka;Tűzoltó utca 1.;Hamukeszion Bt;47.1083;17.5667;Hétfő 06:00-14:00|Kedd 06:00-14:00|Szerda 06:00-14:00|Csütörtök 06:00-14:00|Péntek 06:00-14:00|Szombat 06:00-12:00|Vasárnap 06:00-12:00
8400;Veszprém;Ajka;Tűzoltó utca 6-8.;Smoke Bt;47.1087;17.5669;Hétfő 05:00-21:00|Kedd 05:00-21:00|Szerda 05:00-21:00|Csütörtök 05:00-21:00|Péntek 05:00-21:00|Szombat 06:00-21:00|Vasárnap 08:00-20:00
8400;Veszprém;Ajka;Váci Mihály utca 2.;Diamond Lisztes Bt.;47.0944721;17.5314248;Hétfő 06:00-16:00|Kedd 06:00-16:00|Szerda 06:00-16:00|Csütörtök 06:00-16:00|Péntek 06:00-16:00|Szombat 08:00-12:00|Vasárnap 08:00-12:00
6221;Bács-Kiskun;Akasztó;Fő út 63-67.;Király és Király Bt;46.6915;19.2044;Hétfő 05:00-21:00|Kedd 05:00-21:00|Szerda 05:00-21:00|Csütörtök 05:00-21:00|Péntek 05:00-21:00|Szombat 05:00-21:00|Vasárnap 05:00-21:00
5142;Jász-Nagykun-Szolnok;Alattyán;Szent István utca 2-4.;Cigarette-Coop Bt.;47.4241;20.0397;Hétfő 06:15-18:30|Kedd 06:15-18:30|Szerda 06:15-18:30|Csütörtök 06:15-18:30|Péntek 06:15-18:30|Szombat 06:15-13:00|Vasárnap 07:00-12:00
3985;Borsod-Abaúj-Zemplén;Alsóberecki;Rákóczi út 40.;Csomósné Boda Judit;48.340182;21.686577;Hétfő 08:00-21:00|Kedd 08:00-21:00|Szerda 08:00-21:00|Csütörtök 08:00-21:00|Péntek 08:00-21:00|Szombat 08:00-21:00|Vasárnap 08:00-21:00
2351;Pest;Alsónémedi;Fő utca 69.;Pálos Miklós;47.3132;19.1669;Hétfő 07:00-19:00|Kedd 07:00-19:00|Szerda 07:00-19:00|Csütörtök 07:00-19:00|Péntek 07:00-19:00|Szombat 07:00-19:00|Vasárnap 10:00-18:00
2351;Pest;Alsónémedi;Liliom utca 61.;Gábor György;47.311845;19.1546129;Hétfő 06:00-18:00|Kedd 06:00-18:00|Szerda 06:00-18:00|Csütörtök 06:00-18:00|Péntek 06:00-18:00|Szombat 06:00-12:00|Vasárnap 06:00-12:00
2351;Pest;Alsónémedi;Szabadság tér 12/C;Pipavarázs 6668 Bt;47.3112;19.1706;Hétfő 06:00-20:00|Kedd 06:00-20:00|Szerda 06:00-20:00|Csütörtök 06:00-20:00|Péntek 06:00-20:00|Szombat 06:00-16:00|Vasárnap 06:00-14:00
8226;Veszprém;Alsóörs;Endrődi Sándor utca 24/B.;Dobrosi-Sey Patricia Diána;46.9916;17.9753;Hétfő 06:00-23:59|Kedd 06:00-23:59|Szerda 06:00-23:59|Csütörtök 06:00-23:59|Péntek 06:00-23:59|Szombat 06:00-23:59|Vasárnap 06:00-23:59
2529;Komárom-Esztergom;Annavölgy;Fő tér 2.;Ludman Katalin;47.6962733;18.66740470313203;Hétfő 06:00-18:00|Kedd 06:00-18:00|Szerda 06:00-18:00|Csütörtök 06:00-18:00|Péntek 06:00-18:00|Szombat 05:00-13:00|Vasárnap 07:00-11:00
8477;Veszprém;Apácatorna;Kossuth utca 63.;Talabérné Tóth Viktória;47.1114;17.2959;Hétfő 07:00-19:00|Kedd 07:00-19:00|Szerda 07:00-19:00|Csütörtök 07:00-19:00|Péntek 07:00-19:00|Szombat 07:00-20:00|Vasárnap 07:00-20:00
3663;Borsod-Abaúj-Zemplén;Arló;Ady Endre utca 274.;Rásóné Vámos Marietta;48.1729;20.2572;Hétfő 07:00-19:00|Kedd 07:00-19:00|Szerda 07:00-19:00|Csütörtök 07:00-19:00|Péntek 07:00-19:00|Szombat 07:00-15:00
3713;Borsod-Abaúj-Zemplén;Arnót;Alkotmány út 2;Kema Trafik Bt.;48.1297;20.8593;Hétfő 06:00-18:00|Kedd 06:00-18:30|Szerda 06:00-18:30|Csütörtök 06:00-18:30|Péntek 06:00-18:30|Szombat 06:00-14:00|Vasárnap 07:00-11:00
9177;Győr-Moson-Sopron;Ásványráró;Rákóczi utca 23.;Rákász Gábor;47.8292;17.4983;Hétfő 06:00-18:00|Kedd 06:00-18:00|Szerda 06:00-18:00|Csütörtök 06:00-18:00|Péntek 06:00-18:00|Szombat 06:00-14:00
2170;Pest;Aszód;Szabadság tér 3.;TM First Tobacco Bt.;47.6523718;19.474652;Hétfő 05:00-20:00|Kedd 05:00-20:00|Szerda 05:00-20:00|Csütörtök 05:00-20:00|Péntek 05:00-22:00|Szombat 05:00-22:00
2943;Komárom-Esztergom;Bábolna;Mészáros utca 7.;BB Milán Tabak Bt;47.6425454;17.9766357;Hétfő 06:00-20:00|Kedd 06:00-20:00|Szerda 06:00-20:00|Csütörtök 06:00-20:00|Péntek 06:00-20:00|Szombat 06:00-20:00|Vasárnap 07:00-16:00
9351;Győr-Moson-Sopron;Babót;Ady Endre utca 1.;VÖL-COOP Kkt.;47.5764;17.0755;Hétfő 06:30-15:00|Kedd 06:30-17:00|Szerda 06:30-17:00|Csütörtök 06:30-17:00|Péntek 06:30-17:00|Szombat 06:30-12:30
8992;Zala;Bagod;Fő utca 46.;Molnár Imre Sándor;46.9074;16.7035;Hétfő 06:00-21:00|Kedd 06:00-21:00|Szerda 06:00-21:00|Csütörtök 06:00-21:00|Péntek 06:00-21:00|Szombat 06:00-21:00|Vasárnap 07:00-09:00
9145;Győr-Moson-Sopron;Bágyogszovát;Árpád utca 24.;Pongrácz Attila;47.5847;17.3629;Hétfő 08:00-22:00|Kedd 08:00-22:00|Szerda 08:00-22:00|Csütörtök 08:00-22:00|Péntek 08:00-22:00|Szombat 08:00-22:00|Vasárnap 08:00-22:00
8422;Veszprém;Bakonynána;Kossuth Lajos utca 23.;Bajor Zoltánné;47.2822;17.9694;Hétfő 06:00-22:00|Kedd 06:00-22:00|Szerda 06:00-22:00|Csütörtök 06:00-22:00|Péntek 06:00-22:00|Szombat 06:00-22:00|Vasárnap 07:00-22:00
2861;Komárom-Esztergom;Bakonysárkány;Béke utca 84.;Rakó László;47.4514;18.0971;Hétfő 06:00-16:30|Kedd 06:00-16:30|Szerda 06:00-16:30|Csütörtök 06:00-16:30|Péntek 06:00-16:30|Szombat 06:00-11:00
2884;Komárom-Esztergom;Bakonyszombathely;Petőfi Sándor utca 4.;Sally Bt;47.4702;17.9671;Hétfő 08:00-17:00|Kedd 08:00-17:00|Szerda 08:00-17:00|Csütörtök 08:00-17:00|Péntek 08:00-17:00|Szombat 08:00-17:00
3836;Borsod-Abaúj-Zemplén;Baktakék;Rákóczi út 27.;Hirkó Miklósné;48.3727;21.0279;Hétfő 06:30-22:00|Kedd 06:30-22:00|Szerda 06:30-22:00|Csütörtök 06:30-22:00|Péntek 06:30-22:00|Szombat 06:30-22:00|Vasárnap 06:00-22:00
3780;Borsod-Abaúj-Zemplén;Balajt;Borsodi út 11.;Toja Trafik Bt.;48.2961999;20.7439064;Hétfő 06:00-18:00|Kedd 06:00-18:30|Szerda 06:00-18:30|Csütörtök 06:00-18:30|Péntek 06:00-18:30|Szombat 06:00-14:00|Vasárnap 07:00-11:00
3780;Borsod-Abaúj-Zemplén;Balajt;Tóth Árpád út 2.;Lengyel Zsolt;48.295;20.7366;Hétfő 06:00-22:00|Kedd 06:00-22:00|Szerda 06:00-22:00|Csütörtök 06:00-22:00|Péntek 06:00-22:00|Szombat 06:00-22:00|Vasárnap 06:00-22:00
3780;Borsod-Abaúj-Zemplén;Balajt;Tóth Árpád út 4.;Qalitation Bt.;48.2952;20.7366;Hétfő 06:00-20:00|Kedd 06:00-20:00|Szerda 06:00-20:00|Csütörtök 06:00-20:00|Péntek 06:00-20:00|Szombat 06:00-20:00|Vasárnap 07:00-17:00
6764;Csongrád;Balástya;Honvéd utca 1.;Ruzsa Erika;46.4196065;20.01484;Hétfő 06:00-20:00|Kedd 06:00-20:00|Szerda 06:00-20:00|Csütörtök 06:00-20:00|Péntek 06:00-20:00|Szombat 06:00-12:00|Vasárnap 06:00-11:00
8220;Veszprém;Balatonalmádi;Szabolcs utca 15.;Gubicza Fruzsina;47.0405743;18.0195645;Hétfő 07:00-19:00|Kedd 07:00-19:00|Szerda 07:00-19:00|Csütörtök 07:00-19:00|Péntek 07:00-19:00|Szombat 07:00-15:00|Vasárnap 08:00-12:00
8312;Veszprém;Balatonederics;Kossuth utca 163.;Badacsony Coop 2013 Bt;46.8042;17.3818;Hétfő 06:00-17:00|Kedd 06:00-17:00|Szerda 06:00-17:00|Csütörtök 06:00-17:00|Péntek 06:00-17:00|Szombat 06:00-12:00|Vasárnap 06:30-10:00
8164;Veszprém;Balatonfőkajár;Kossuth utca 31.;Pap László;47.0166;18.2075;Hétfő 06:30-21:00|Kedd 06:30-21:00|Szerda 06:30-21:00|Csütörtök 06:30-21:00|Péntek 06:30-21:00|Szombat 07:00-22:00|Vasárnap 07:00-21:00
8230;Veszprém;Balatonfüred;Malom köz 2.;Husvéth Péterné;46.9633;17.8762;Hétfő 06:00-18:00|Kedd 06:00-18:00|Szerda 06:00-18:00|Csütörtök 06:00-18:00|Péntek 06:00-18:00|Szombat 06:00-14:00
8174;Veszprém;Balatonkenese;Fő utca 21.;Gyenge Katalin Terézia;47.0366556;18.1082898;Hétfő 06:00-22:00|Kedd 06:00-22:00|Szerda 06:00-22:00|Csütörtök 06:00-22:00|Péntek 06:00-22:00|Szombat 06:00-22:00|Vasárnap 06:00-20:00
4060;Hajdú-Bihar;Balmazújváros;Nádudvari utca 11.;Kisné Tréki Margit Mária;47.6089;21.3384;Hétfő 08:00-20:00|Kedd 08:00-20:00|Szerda 08:00-20:00|Csütörtök 08:00-20:00|Péntek 08:00-20:00|Szombat 08:00-20:00|Vasárnap 08:00-20:00
3654;Borsod-Abaúj-Zemplén;Bánréve;Kossuth Lajos utca 1/B;Fumare-Dott 2012 Bt.;48.2971;20.3554;Hétfő 07:30-17:30|Kedd 07:30-17:30|Szerda 07:30-17:30|Csütörtök 07:30-17:30|Péntek 07:30-17:30|Szombat 07:30-15:30|Vasárnap 09:30-11:30
4161;Hajdú-Bihar;Báránd;Kossuth út 49/1.;Virág György;47.2922;21.2298;Hétfő 06:00-18:00|Kedd 06:00-18:00|Szerda 06:00-18:00|Csütörtök 06:00-18:00|Péntek 06:00-18:00|Szombat 06:00-14:00|Vasárnap 08:00-12:00
8948;Zala;Barlahida;Petőfi utca 4.;Simon Gyuláné;46.6867;16.6814;Hétfő 05:30-16:30|Kedd 05:30-16:30|Szerda 05:30-16:30|Csütörtök 05:30-16:30|Péntek 05:30-16:30|Szombat 06:00-12:00
8291;Veszprém;Barnag;Kinizsi Pál utca 86.;Karisztl József Ernő;46.9824;17.696;Hétfő 06:00-19:00|Kedd 06:00-19:00|Szerda 06:00-19:00|Csütörtök 06:00-19:00|Péntek 06:00-19:00|Szombat 06:00-19:00|Vasárnap 06:00-19:00
7149;Tolna;Báta;Fő utca 171.;Bát-Trafik Bt;46.1302;18.7794;Hétfő 06:00-18:00|Kedd 06:00-18:00|Szerda 06:00-18:00|Csütörtök 06:00-18:00|Péntek 06:00-18:00|Szombat 07:00-15:00|Vasárnap 07:00-15:00
7140;Tolna;Bátaszék;Szentháromság tér 8.;BÁT-TOBACCO Bt.;46.1871638;18.7237072;Hétfő 06:00-20:00|Kedd 06:00-20:00|Szerda 06:00-20:00|Csütörtök 06:00-20:00|Péntek 06:00-20:00|Szombat 08:00-21:00
6351;Bács-Kiskun;Bátya;Mikes Kelemen utca 11.;Bagó Lászlóné;46.4872;18.9543;Hétfő 07:00-20:00|Kedd 07:00-20:00|Szerda 07:00-20:00|Csütörtök 07:00-20:00|Péntek 07:00-20:00|Szombat 07:00-20:00|Vasárnap 08:00-20:00
3903;Borsod-Abaúj-Zemplén;Bekecs;Honvéd út 8.;Ringer Bence;48.1578;21.1835;Hétfő 06:00-22:00|Kedd 06:00-22:00|Szerda 06:00-22:00|Csütörtök 06:00-22:00|Péntek 06:00-22:00|Szombat 06:00-23:00|Vasárnap 06:00-22:00
5630;Békés;Békés;Széchenyi tér 2.;Dobi Attila István;46.7724;21.132;Hétfő 06:00-20:00|Kedd 06:00-20:00|Szerda 06:00-20:00|Csütörtök 06:00-20:00|Péntek 06:00-20:00|Szombat 06:00-14:00|Vasárnap 06:00-12:00
5600;Békés;Békéscsaba;Andrássy út 19.;Tóth Tibor József;46.6784;21.0944;Hétfő 06:00-22:00|Kedd 06:00-22:00|Szerda 06:00-22:00|Csütörtök 06:00-22:00|Péntek 06:00-23:59|Szombat 06:00-23:59|Vasárnap 06:00-18:00
5600;Békés;Békéscsaba;Andrássy út 50.;Guantanamera Bt.;46.674;21.0868;Hétfő 06:00-22:30|Kedd 06:00-22:30|Szerda 06:00-22:30|Csütörtök 06:00-22:30|Péntek 06:00-23:59|Szombat 00:00-23:59|Vasárnap 00:00-18:00
5600;Békés;Békéscsaba;Lencsési út 114/1.;Csaba Trafik Bt.;46.6659;21.1224;Hétfő 06:00-22:00|Kedd 06:00-22:00|Szerda 06:00-22:00|Csütörtök 06:00-22:00|Péntek 06:00-22:00|Szombat 06:00-22:00|Vasárnap 07:00-21:00
5600;Békés;Békéscsaba;Lencsési út 35-37.;Triann Tabak Bt.;46.6666;21.1181;Hétfő 07:00-19:30|Kedd 07:00-19:30|Szerda 07:00-19:30|Csütörtök 07:00-19:30|Péntek 07:00-19:30|Szombat 07:00-19:30|Vasárnap 08:00-16:00
5309;Jász-Nagykun-Szolnok;Berekfürdő;Berek tér 11.;Buczkó Zoltán Jánosné;47.3851;20.841;Hétfő 08:00-18:00|Kedd 08:00-18:00|Szerda 08:00-18:00|Csütörtök 08:00-18:00|Péntek 08:00-20:00|Szombat 08:00-20:00|Vasárnap 08:00-12:00
3704;Borsod-Abaúj-Zemplén;Berente;Dankó út 2.;Bucsák-Husonyicza Ágnes;48.2322;20.6681;Hétfő 05:00-17:00|Kedd 05:00-17:00|Szerda 05:00-17:00|Csütörtök 05:00-17:00|Péntek 05:00-17:00|Szombat 05:00-13:00|Vasárnap 05:00-12:00
8181;Veszprém;Berhida;Tulipán utca 17/6.;Zafir Tabak Bt;47.1182;18.1061;Hétfő 06:00-18:00|Kedd 06:00-18:00|Szerda 06:00-18:00|Csütörtök 06:00-18:00|Péntek 06:00-18:00|Szombat 06:00-14:00
3373;Heves;Besenyőtelek;Fő út 18.;Bozsik Árpád;47.7081;20.4259;Hétfő 05:00-19:00|Kedd 05:00-19:00|Szerda 05:00-19:00|Csütörtök 05:00-19:00|Péntek 05:00-19:00|Szombat 05:00-19:00|Vasárnap 05:00-19:00
2060;Fejér;Bicske;Szent I. út 40.;Ju-Fe Dohánykereskedelmi Bt;47.4888;18.6309;Hétfő 06:00-22:00|Kedd 06:00-22:00|Szerda 06:00-22:00|Csütörtök 06:00-22:00|Péntek 06:00-22:00|Szombat 07:00-22:00|Vasárnap 07:00-22:00
2060;Fejér;Bicske;Táncsics M. utca 17.;Falusi-Martin Bt.;47.4853;18.6443;Hétfő 06:00-18:00|Kedd 06:00-18:00|Szerda 06:00-18:00|Csütörtök 06:00-18:00|Péntek 06:00-18:00|Szombat 06:00-18:00|Vasárnap 07:00-16:00
3368;Bács-Kiskun;Boconád;Rákóczi Ferenc utca 1.;Kis István;47.6427;20.1884;Hétfő 05:00-17:00|Kedd 05:00-17:00|Szerda 05:00-17:00|Csütörtök 05:00-17:00|Péntek 05:00-17:00|Szombat 06:00-14:00
7394;Somogy;Bodolyabér;Kossuth L. utca 10.;Lajos László;46.1877;18.1523;Hétfő 07:00-20:00|Kedd 07:00-20:00|Szerda 07:00-20:00|Csütörtök 07:00-20:00|Péntek 07:00-20:00|Szombat 07:00-20:00|Vasárnap 07:00-20:00
7836;Hajdú-Bihar;Bogádmindszent;Kossuth L. utca 13.;Lighter And Smoke Bt;45.9061;18.0438;Hétfő 07:00-16:00|Kedd 07:00-16:00|Szerda 07:00-16:00|Csütörtök 07:00-16:00|Péntek 07:00-16:00|Szombat 08:00-12:00|Vasárnap 08:00-12:00
7132;Heves;Bogyiszló;Kossuth utca 16/A;Kecskés Tibor;46.3856;18.8265;Hétfő 06:00-19:00|Kedd 06:00-19:00|Szerda 06:00-19:00|Csütörtök 06:00-19:00|Péntek 06:00-19:00|Szombat 06:00-17:00
7132;Heves;Bogyiszló;Kossuth utca 26.;Puxler Gyuláné;46.3852;18.8254;Hétfő 06:00-20:00|Kedd 06:00-20:00|Szerda 06:00-20:00|Csütörtök 06:00-20:00|Péntek 06:00-20:00|Szombat 06:00-17:00
7025;Zala;Bölcske;Rákóczi utca 50.;Tibai Andrásné;46.7356;18.9587;Hétfő 06:00-18:00|Kedd 06:00-18:00|Szerda 06:00-18:00|Csütörtök 06:00-18:00|Péntek 06:00-18:00|Szombat 06:00-12:00|Vasárnap 07:00-10:00
3794;Csongrád;Boldva;Tompa Mihály út 2.;Szűcsné Kabdebon Krisztina;48.2199;20.7881;Hétfő 06:00-18:00|Kedd 06:00-18:00|Szerda 06:00-18:00|Csütörtök 06:00-18:00|Péntek 06:00-18:00|Szombat 06:00-13:00|Vasárnap 07:00-11:00
7754;Bács-Kiskun;Bóly;Nyárádi utca 2.;Malom Trafik Bt;45.9626;18.5233;Hétfő 05:30-19:00|Kedd 05:30-19:00|Szerda 05:30-19:00|Csütörtök 05:30-19:00|Péntek 05:30-19:00|Szombat 05:30-17:00|Vasárnap 06:00-12:00
7754;Bács-Kiskun;Bóly;Szabadság utca 13.;Tábori Adél Magdolna;45.9703;18.5124;Hétfő 05:00-20:00|Kedd 05:00-20:00|Szerda 05:00-20:00|Csütörtök 05:00-20:00|Péntek 05:00-20:00|Szombat 05:00-20:00|Vasárnap 08:00-12:00
7150;Borsod-Abaúj-Zemplén;Bonyhád;Gyár utca 6.;Mátyás Éva;46.2981;18.5335;Hétfő 04:00-16:00|Kedd 04:00-16:00|Szerda 04:00-16:00|Csütörtök 04:00-16:00|Péntek 04:00-16:00|Szombat 04:00-12:00
7150;Borsod-Abaúj-Zemplén;Bonyhád;Széchenyi tér 11.;Krähling József;46.298;18.5319;Hétfő 05:00-22:00|Kedd 05:00-22:00|Szerda 05:00-22:00|Csütörtök 05:00-22:00|Péntek 05:00-22:00|Szombat 05:00-22:00|Vasárnap 05:00-22:00
3462;Vas;Borsodivánka;Szabadság út 2.;Mező Trafik Bt;47.6998;20.6543;Hétfő 06:30-17:00|Kedd 06:30-17:00|Szerda 06:30-17:00|Csütörtök 06:30-17:00|Péntek 06:30-17:00|Szombat 06:00-12:00
8428;Vas;Borzavár;Diófa utca 1.;Gurdon Lajosné;47.2935;17.8367;Hétfő 06:00-18:00|Kedd 06:00-18:00|Szerda 06:00-18:00|Csütörtök 06:00-18:00|Péntek 06:00-18:00|Szombat 06:00-12:00|Vasárnap 07:00-09:00
9167;Somogy;Bősárkány;Petőfi út 40.;Mmtrafik Dohányértékesítő Kkt;47.6914;17.248;Hétfő 05:00-16:30|Kedd 05:00-16:30|Szerda 05:00-16:30|Csütörtök 05:00-16:30|Péntek 05:00-16:30|Szombat 05:00-12:00|Vasárnap 07:00-10:00
7900;Győr-Moson-Sopron;Botykapeterd;Széchenyi utca 59.;Rajczi Trafik Bt.;46.047;17.7918;Hétfő 07:00-19:00|Kedd 07:00-19:00|Szerda 07:00-19:00|Csütörtök 07:00-19:00|Péntek 07:00-19:00|Szombat 08:00-18:00|Vasárnap 08:00-18:00
5527;Békés;Bucsa;Kossuth utca 35/A.;Ivica Bt.;47.2034;20.9995;Hétfő 06:00-18:00|Kedd 06:00-18:00|Szerda 06:00-18:00|Csütörtök 06:00-18:00|Péntek 06:00-18:00|Szombat 06:00-12:00|Vasárnap 07:00-12:00
2092;Pest;Budakeszi;Fő utca 212.;Dohány-Trend Bt.;47.5090685;18.927664767978676;Hétfő 06:00-20:00|Kedd 06:00-20:00|Szerda 06:00-20:00|Csütörtök 06:00-20:00|Péntek 07:00-21:00|Szombat 07:00-21:00|Vasárnap 07:00-20:00
2040;Pest;Budaörs;Budapesti út 124.;Dostal Józsefné;47.4629314;18.9798661;Hétfő 06:00-22:00|Kedd 06:00-22:00|Szerda 06:00-22:00|Csütörtök 06:00-22:00|Péntek 06:00-22:00|Szombat 06:00-22:00|Vasárnap 06:00-22:00
2040;Pest;Budaörs;Lévai utca 33.;Rozinka-Turcsák Melinda;47.460294;18.943597;Hétfő 07:00-20:00|Kedd 07:00-20:00|Szerda 07:00-20:00|Csütörtök 07:00-20:00|Péntek 07:00-20:00|Szombat 08:00-16:00|Vasárnap 08:00-13:00
2040;Pest;Budaörs;Szabadság út 141-143.;Hajdúk Dohány Bt.;47.4603;18.9416;Hétfő 06:00-20:00|Kedd 06:00-20:00|Szerda 06:00-20:00|Csütörtök 06:00-20:00|Péntek 06:00-20:00|Szombat 08:00-15:00|Vasárnap 08:00-15:00
2040;Pest;Budaörs;Szabadság út 52-54.;Citypont Bt.;47.4612853;18.957234594321463;Hétfő 06:00-21:00|Kedd 06:00-21:00|Szerda 06:00-21:00|Csütörtök 06:00-21:00|Péntek 06:00-21:00|Szombat 06:00-20:00|Vasárnap 07:00-18:00
2040;Pest;Budaörs;Szabadság utca 106.;Dudus Trafik Bt.;47.4609;18.9503;Hétfő 07:00-19:00|Kedd 07:00-19:00|Szerda 07:00-19:00|Csütörtök 07:00-19:00|Péntek 07:00-19:00|Szombat 08:00-16:00
1021;Pest;Budapest;Budenz utca 24.;P-57 Tabak Bt.;47.5203;18.9874;Hétfő 06:30-21:00|Kedd 06:30-21:00|Szerda 06:30-21:00|Csütörtök 06:30-21:00|Péntek 06:30-21:00|Szombat 06:30-17:00|Vasárnap 08:00-17:00
1053;Pest;Budapest;Ferenciek tere 7-8.;Józsa Csaba Trafik Bt.;47.4927281;19.0565437;Hétfő 08:00-22:00|Kedd 08:00-22:00|Szerda 08:00-22:00|Csütörtök 08:00-22:00|Péntek 08:00-22:00|Szombat 08:00-22:00|Vasárnap 08:00-22:00
1065;Pest;Budapest;Hajós utca 23.;MULTI TRAFIK Bt.;47.5037;19.0578;Hétfő 06:00-21:00|Kedd 06:00-21:00|Szerda 06:00-21:00|Csütörtök 06:00-21:00|Péntek 06:00-21:00|Szombat 08:00-21:00|Vasárnap 08:00-21:00
1051;Pest;Budapest;Hercegprímás utca 2.;NORTORF Bt.;47.4992663;19.0532842;Hétfő 09:00-21:00|Kedd 09:00-21:00|Szerda 09:00-21:00|Csütörtök 09:00-22:00|Péntek 09:00-23:00|Szombat 09:00-23:00|Vasárnap 10:00-18:00
1021;Pest;Budapest;Hűvösvölgyi út 138.;Summum Trafik Bt.;47.5376128;18.9666043;Hétfő 07:00-21:00|Kedd 07:00-21:00|Szerda 07:00-21:00|Csütörtök 07:00-21:00|Péntek 07:00-21:00|Szombat 07:00-18:00|Vasárnap 08:00-17:00
1061;Pest;Budapest;Jókai tér 8.;AC TRAFIK Bt.;47.5055397;19.0614093;Hétfő 00:00-23:59|Kedd 00:00-23:59|Szerda 00:00-23:59|Csütörtök 00:00-23:59|Péntek 00:00-23:59|Szombat 00:00-23:59|Vasárnap 00:00-23:59
1087;Pest;Budapest;Kerepesi út 5.;Matusek Mónika Gyöngyi;47.4994315;19.0847796;Hétfő 00:00-23:59|Kedd 00:00-23:59|Szerda 00:00-23:59|Csütörtök 00:00-23:59|Péntek 00:00-23:59|Szombat 00:00-23:59|Vasárnap 00:00-23:59
1013;Pest;Budapest;Krisztina körút 37.;KRISZTINA TABAK-SHOP Bt.;47.4990056;19.0258619;Hétfő 06:00-22:00|Kedd 06:00-22:00|Szerda 06:00-22:00|Csütörtök 06:00-22:00|Péntek 06:00-22:00|Szombat 06:00-22:00|Vasárnap 06:00-22:00
1196;Pest;Budapest;Nádasdy utca 115.;Annamari Trafik Bt.;47.4426;19.1404;Hétfő 06:00-20:00|Kedd 06:00-20:00|Szerda 06:00-20:00|Csütörtök 06:00-20:00|Péntek 06:00-20:00|Szombat 06:00-20:00|Vasárnap 07:00-19:00
1188;Pest;Budapest;Nemes utca 3.;DRSMOKE Bt.;47.4044;19.1872;Hétfő 05:00-20:00|Kedd 05:00-20:00|Szerda 05:00-20:00|Csütörtök 05:00-20:00|Péntek 05:00-20:00|Szombat 07:00-19:00|Vasárnap 07:00-19:00
1034;Pest;Budapest;Szentlélek tér 3.;Tabac 4 You Bt.;47.54051705;19.04571100824176;Hétfő 05:00-23:00|Kedd 05:00-23:00|Szerda 05:00-23:00|Csütörtök 05:00-23:00|Péntek 05:00-10:00|Szombat 05:00-10:00|Vasárnap 05:00-23:00
1066;Pest;Budapest;Zichy Jenő utca 1.;Matusek Mónika Gyöngyi;47.5029844;19.0554128;Hétfő 00:00-23:59|Kedd 00:00-23:59|Szerda 00:00-23:59|Csütörtök 00:00-23:59|Péntek 00:00-23:59|Szombat 00:00-23:59|Vasárnap 00:00-23:59
6114;Bács-Kiskun;Bugac;Béke utca 14.;Csöndike Bt;46.6868;19.6819;Hétfő 06:00-19:00|Kedd 06:00-19:00|Szerda 06:00-19:00|Csütörtök 06:00-19:00|Péntek 06:00-19:00|Szombat 06:00-19:00|Vasárnap 06:00-19:00
3047;Nógrád;Buják;Kossuth út 70/A.;Molnárné Kurunczi Katalin Valéria;47.8803;19.5417;Hétfő 06:00-17:30|Kedd 06:00-17:30|Szerda 06:00-17:30|Csütörtök 06:00-17:30|Péntek 06:00-17:30|Szombat 06:00-12:00|Vasárnap 07:00-11:00
9500;Vas;Celldömölk;Kossuth utca 1.;Végh Szilárd;47.2606;17.1522;Hétfő 05:30-21:30|Kedd 05:30-21:30|Szerda 05:30-21:30|Csütörtök 05:30-21:30|Péntek 05:30-21:30|Szombat 05:30-21:30
9500;Vas;Celldömölk;Sági út 188;Horváth Krisztián;47.2337;17.1474;Hétfő 06:30-17:00|Kedd 06:30-17:00|Szerda 06:30-17:00|Csütörtök 06:30-17:00|Péntek 06:30-17:00|Szombat 06:30-12:00
5551;Békés;Csabacsűd;Szabadság utca 64.;Szilágyiné Jancsó Erzsébet Edit;46.8260518;20.6513059;Hétfő 07:00-20:00|Kedd 07:00-20:00|Szerda 07:00-20:00|Csütörtök 07:00-20:00|Péntek 07:00-20:00|Szombat 07:00-15:00|Vasárnap 07:00-12:00
8474;Veszprém;Csabrendek;Kossuth utca 2.;Könnyid István;47.0125;17.2872;Hétfő 05:30-18:00|Kedd 05:30-18:00|Szerda 05:30-18:00|Csütörtök 05:30-18:00|Péntek 05:30-18:00|Szombat 05:30-14:00
6913;Csongrád;Csanádpalota;Kálmány Lajos utca 2.;Kohajda Zsuzsanna Barbara;46.2439;20.7228;Hétfő 06:00-20:00|Kedd 06:00-20:00|Szerda 06:00-20:00|Csütörtök 06:00-20:00|Péntek 06:00-20:00|Szombat 06:00-12:00|Vasárnap 06:00-12:00
8445;Veszprém;Csehbánya;Kossuth utca 45.;Trafimax Ker. Bt;47.1449;17.6514;Hétfő 05:30-17:30|Kedd 05:30-17:30|Szerda 05:30-17:30|Csütörtök 05:30-17:30|Péntek 05:30-17:30|Szombat 06:30-14:30|Vasárnap 07:00-10:30
2946;Komárom-Esztergom;Csép;Petőfi Sándor utca 17.;Bergendi Zsolt;47.5781;18.0608;Hétfő 06:00-21:00|Kedd 06:00-21:00|Szerda 06:00-21:00|Csütörtök 06:00-21:00|Péntek 06:00-21:00|Szombat 07:00-21:00|Vasárnap 07:00-21:00
7673;Baranya;Cserkút;Újtelep utca 8.;Hadnagy Géza Gábor;46.0787;18.117;Hétfő 06:00-20:00|Kedd 06:00-20:00|Szerda 06:00-20:00|Csütörtök 06:00-20:00|Péntek 06:00-20:00|Szombat 06:00-20:00|Vasárnap 06:00-20:00
2014;Pest;Csobánka;Sport utca 3.;Kárpáti Zoltán Richárd;47.6444;18.9632;Hétfő 07:00-19:00|Kedd 07:00-19:00|Szerda 07:00-19:00|Csütörtök 07:00-19:00|Péntek 07:00-19:00|Szombat 07:00-15:00|Vasárnap 07:00-14:00
8700;Veszprém;Csömend;Rákóczi utca 6-10.;Fekete Zoltán Antal;46.5798;17.4128;Hétfő 06:00-22:00|Kedd 06:00-22:00|Szerda 06:00-22:00|Csütörtök 06:00-22:00|Péntek 06:00-22:00|Szombat 06:00-22:00|Vasárnap 06:00-22:00
7940;Hajdú-Bihar;Csonkamindszent;Erzsébet utca 28.;Gallovich Csabáné;46.0369;17.9848;Hétfő 05:00-20:00|Kedd 05:00-20:00|Szerda 05:00-20:00|Csütörtök 05:00-20:00|Péntek 05:00-20:00|Szombat 06:00-20:00|Vasárnap 06:00-20:00
7940;Hajdú-Bihar;Csonkamindszent;Pécsi út 17.;Moós és Társa Bt;46.0398;17.9888;Hétfő 05:00-21:00|Kedd 05:00-21:00|Szerda 05:00-21:00|Csütörtök 05:00-21:00|Péntek 05:00-21:00|Szombat 07:00-11:00
9300;Zala;Csorna;Mártírok tere 1.;NADO Dohány Bt.;47.6111656;17.2508841;Hétfő 06:00-22:00|Kedd 06:00-22:00|Szerda 06:00-22:00|Csütörtök 06:00-22:00|Péntek 06:00-22:00|Szombat 06:00-22:00|Vasárnap 06:00-22:00
9300;Zala;Csorna;Soproni utca 66/F.;Korsolya Ker. és Szolg. Bt;47.6102;17.2393;Hétfő 05:00-19:00|Kedd 05:00-19:00|Szerda 05:00-19:00|Csütörtök 05:00-19:00|Péntek 05:00-19:00|Szombat 08:00-19:00|Vasárnap 08:00-19:00
9300;Zala;Csorna;Szent István tér 28.;NADO Dohány Bt.;47.6114964;17.2486982;Hétfő 08:00-16:00|Kedd 08:00-16:00|Szerda 08:00-16:00|Csütörtök 08:00-16:00|Péntek 08:00-16:00|Szombat 08:00-12:00
5920;Zala;Csorvás;Bajcsy-Zsilinszky utca 59.;Piros Anita;46.6338597;20.8342096;Hétfő 05:00-17:30|Kedd 05:00-17:30|Szerda 05:00-17:30|Csütörtök 05:00-17:30|Péntek 05:00-17:30|Szombat 07:00-15:30|Vasárnap 07:00-11:00
8122;Vas;Csősz;Kossuth utca 7.;Márkus Lászlóné;47.0372;18.4179;Hétfő 05:00-20:00|Kedd 05:00-20:00|Szerda 05:00-20:00|Csütörtök 05:00-20:00|Péntek 05:00-20:00|Szombat 05:00-20:00|Vasárnap 07:00-12:00
2118;Pest;Dány;Damjanich utca 1.;Kovács András;47.523;19.5485;Hétfő 06:00-21:00|Kedd 06:00-21:00|Szerda 06:00-21:00|Csütörtök 06:00-21:00|Péntek 06:00-21:00|Szombat 06:00-21:00|Vasárnap 06:00-21:00
2118;Pest;Dány;Pesti út 13.;Szabó Márta;47.5196;19.545;Hétfő 06:00-20:00|Kedd 06:00-20:00|Szerda 06:00-20:00|Csütörtök 06:00-20:00|Péntek 06:00-20:00|Szombat 07:00-16:00|Vasárnap 07:00-12:00
4032;Hajdú-Bihar;Debrecen;Böszörményi út 68.;Bodogán Ferenc;47.5429;21.6089;Hétfő 06:00-19:00|Kedd 06:00-19:00|Szerda 06:00-19:00|Csütörtök 06:00-19:00|Péntek 06:00-19:00|Szombat 06:00-14:00|Vasárnap 06:00-12:00
4024;Hajdú-Bihar;Debrecen;Csapó utca 15.;Katonáné Pór Margit;47.531255;21.627281;Hétfő 06:00-22:00|Kedd 06:00-22:00|Szerda 06:00-23:59|Csütörtök 06:00-22:00|Péntek 06:00-23:59|Szombat 06:00-23:59|Vasárnap 07:00-22:00
4032;Hajdú-Bihar;Debrecen;Füredi út 44.;Top-Tabak Bt;47.5413;21.6148;Hétfő 06:00-20:00|Kedd 06:00-20:00|Szerda 06:00-20:00|Csütörtök 06:00-20:00|Péntek 06:00-20:00|Szombat 08:00-20:00|Vasárnap 08:00-20:00
2649;Nógrád;Dejtár;Fő út 3.;Második TabaCoop Bt.;48.0383;19.1707;Hétfő 07:00-11:00|Kedd 07:00-17:00|Szerda 07:00-17:00|Csütörtök 07:00-17:00|Péntek 07:00-17:00|Szombat 07:00-12:00
4130;Hajdú-Bihar;Derecske;Köztársaság utca 85.;VM Trafik Bt;47.3527;21.5705;Hétfő 06:00-20:00|Kedd 06:00-20:00|Szerda 06:00-20:00|Csütörtök 06:00-20:00|Péntek 06:00-20:00|Szombat 06:00-12:00|Vasárnap 08:00-11:00
4130;Hajdú-Bihar;Derecske;Piac utca 11.;Tőzsérné Fórián Éva;47.3486243;21.567742;Hétfő 05:00-21:00|Kedd 05:00-21:00|Szerda 05:00-21:00|Csütörtök 05:00-21:00|Péntek 05:00-21:00|Szombat 05:00-21:00|Vasárnap 05:00-21:00
8460;Veszprém;Devecser;Csokonai utca 45/B.;Mátics Martin Attila;47.097;17.4412;Hétfő 06:00-19:00|Kedd 06:00-19:00|Szerda 06:00-19:00|Csütörtök 06:00-19:00|Péntek 06:00-19:00|Szombat 06:00-19:00|Vasárnap 06:00-19:00
8460;Veszprém;Devecser;Deák tér 4.;Kovács Balázs;47.1036778;17.4357585;Hétfő 05:30-18:30|Kedd 05:30-18:30|Szerda 05:30-18:30|Csütörtök 05:30-18:30|Péntek 05:30-18:30|Szombat 05:30-18:00|Vasárnap 07:00-18:00
2049;Pest;Diósd;Gyár utca 43.;Szerencsesarok Bt;47.4034585;18.9419612;Hétfő 06:30-21:00|Kedd 06:30-21:00|Szerda 06:30-21:00|Csütörtök 06:30-21:00|Péntek 06:30-21:00|Szombat 06:30-21:00
2049;Pest;Diósd;Sashegyi utca 10.;Topezocorp Bt;47.4075;18.9508;Hétfő 06:30-20:00|Kedd 06:30-20:00|Szerda 06:30-20:00|Csütörtök 06:30-20:00|Péntek 06:30-20:00|Szombat 06:30-17:00|Vasárnap 08:00-13:00
5624;Zala;Doboz;Faluhelyi utca 1.;Erdei Tabak Bt.;46.7298669;21.2406965;Hétfő 05:00-21:00|Kedd 05:00-21:00|Szerda 05:00-21:00|Csütörtök 05:00-21:00|Péntek 05:00-21:00|Szombat 05:00-21:00|Vasárnap 05:00-21:00
5624;Zala;Doboz;Kossuth tér 8.;Szivardoboz Bt.;46.7359;21.2443;Hétfő 07:00-19:00|Kedd 07:00-19:00|Szerda 07:00-19:00|Csütörtök 07:00-19:00|Péntek 07:00-19:00|Szombat 07:00-15:00
7200;Komárom-Esztergom;Dombóvár;Ady Endre utca 15.;KK Trafik Bt.;46.37799755;18.128740680081695;Hétfő 06:00-20:00|Kedd 06:00-20:00|Szerda 06:00-20:00|Csütörtök 06:00-20:00|Péntek 06:00-20:00|Szombat 06:00-22:00|Vasárnap 07:00-19:00
7200;Komárom-Esztergom;Dombóvár;Bajcsy-Zsilinszky utca 31.;Nikotikum Bt.;46.3731;18.1414;Hétfő 05:30-20:00|Kedd 05:30-20:00|Szerda 05:30-20:00|Csütörtök 05:30-20:00|Péntek 05:30-20:00|Szombat 05:30-14:00|Vasárnap 06:00-12:00
2344;Tolna;Dömsöd;Kossuth utca 64.;Fábiánné Cser Ilona;47.0955;19.009;Hétfő 05:30-20:00|Kedd 05:30-20:00|Szerda 05:30-20:00|Csütörtök 05:30-20:00|Péntek 05:30-20:00|Szombat 05:30-20:00|Vasárnap 05:30-20:00
2510;Pest;Dorog;Esztergomi út 1.;Szilágyi Szabina;47.7203747;18.7288765;Hétfő 05:00-19:00|Kedd 05:00-19:00|Szerda 05:00-19:00|Csütörtök 05:00-19:00|Péntek 05:00-19:00|Szombat 07:00-12:00
2510;Pest;Dorog;Mária utca 19.;Hosszú Szivar Ker. Bt;47.7181;18.7352;Hétfő 06:00-18:00|Kedd 06:00-18:00|Szerda 06:00-18:00|Csütörtök 06:00-18:00|Péntek 06:00-18:00|Szombat 06:00-14:00
2510;Pest;Dorog;Széchenyi lakótelep 4.;Fedoma Bt.;47.7333835;18.7305896;Hétfő 05:00-20:00|Kedd 05:00-20:00|Szerda 05:00-20:00|Csütörtök 05:00-20:00|Péntek 05:00-20:00|Szombat 06:00-18:00|Vasárnap 08:00-12:00
7960;Baranya;Drávaiványi;Mátyás király utca 54.;KRISZKER 2013 Bt.;45.8726;17.8501;Hétfő 06:00-18:00|Kedd 06:00-18:00|Szerda 06:00-18:00|Csütörtök 06:00-18:00|Péntek 06:00-18:00|Szombat 06:00-18:00|Vasárnap 06:00-18:00
2023;Pest;Dunabogdány;Kossuth Lajos utca 61.;Vazul-Tabac 2013 Bt.;47.7944;19.0352;Hétfő 06:00-18:00|Kedd 06:00-18:00|Szerda 06:00-18:00|Csütörtök 06:00-18:00|Péntek 06:00-18:00|Szombat 06:00-14:00
2330;Pest;Dunaharaszti;Baktay tér 5.;Goslar Bt;47.3492;19.0898;Hétfő 07:00-19:00|Kedd 07:00-19:00|Szerda 07:00-19:00|Csütörtök 07:00-19:00|Péntek 07:00-19:00|Szombat 07:00-15:00
2120;Pest;Dunakeszi;Fillér utca 11.;Habana Hungaro Ker Bt;47.6441;19.1284;Hétfő 05:00-23:00|Kedd 05:00-23:00|Szerda 05:00-23:00|Csütörtök 05:00-23:00|Péntek 05:00-23:00|Szombat 06:00-23:00|Vasárnap 07:00-22:00
2120;Pest;Dunakeszi;Fő út 130.;SKB Dohány Bt;47.6482;19.1301;Hétfő 07:00-19:00|Kedd 07:00-19:00|Szerda 07:00-19:00|Csütörtök 07:00-19:00|Péntek 07:00-19:00|Szombat 07:00-15:00
2120;Pest;Dunakeszi;Janek Géza út 15.;HPDU Bt.;47.6264;19.1527;Hétfő 06:00-21:00|Kedd 06:00-21:00|Szerda 06:00-21:00|Csütörtök 06:00-21:00|Péntek 06:00-21:00|Szombat 06:00-21:00|Vasárnap 07:00-19:00
2120;Pest;Dunakeszi;Toldi utca 1.;Egyegyegy Dohány Bt;47.6325;19.1541;Hétfő 07:00-20:00|Kedd 07:00-20:00|Szerda 07:00-20:00|Csütörtök 07:00-20:00|Péntek 07:00-20:00|Szombat 07:00-20:00|Vasárnap 07:00-20:00
6328;Bács-Kiskun;Dunapataj;Kalocsai út 37.;Horváth Lászlóné;46.6408;19.0018;Hétfő 05:30-20:00|Kedd 05:30-20:00|Szerda 05:30-20:00|Csütörtök 05:30-20:00|Péntek 05:30-20:00|Szombat 07:00-20:00|Vasárnap 08:00-16:00
7135;Tolna;Dunaszentgyörgy;Kossuth L. utca 12.;Tantos Csaba;46.5268;18.8198;Hétfő 06:00-18:00|Kedd 06:00-18:00|Szerda 06:00-18:00|Csütörtök 06:00-18:00|Péntek 06:00-18:00|Szombat 06:00-12:00|Vasárnap 07:00-11:00
2400;Fejér;Dunaújváros;Derkovics utca 5.;Kovács Gábor Jánosné;46.9663;18.9348;Hétfő 06:00-21:00|Kedd 06:00-21:00|Szerda 06:00-21:00|Csütörtök 06:00-21:00|Péntek 06:00-21:00|Szombat 07:00-16:00|Vasárnap 07:00-12:00
2400;Fejér;Dunaújváros;Hajnal utca 3.;Lazixer Bt.;46.9636;18.9199;Hétfő 05:00-21:00|Kedd 05:00-21:00|Szerda 05:00-21:00|Csütörtök 05:00-21:00|Péntek 05:00-21:00|Szombat 07:00-19:00|Vasárnap 07:00-19:00
3013;Heves;Ecséd;Hársfa utca 34.;Zsámba-Coop Bt.;47.7307;19.7656;Hétfő 06:00-20:00|Kedd 06:00-20:00|Szerda 06:00-20:00|Csütörtök 06:00-20:00|Péntek 06:00-20:00|Szombat 06:00-18:00|Vasárnap 07:00-18:00
2233;Pest;Ecser;Arany János utca 25.;Gábor György;47.4462857;19.3090943;Hétfő 06:00-19:00|Kedd 06:00-19:00|Szerda 06:00-14:00|Csütörtök 06:00-19:00|Péntek 06:00-19:00|Szombat 06:00-14:00|Vasárnap 06:00-12:00
3300;Heves;Eger;Kertész út 78/C;Doktor Pipa Bt;47.895339;20.387481;Hétfő 06:00-22:00|Kedd 06:00-22:00|Szerda 06:00-22:00|Csütörtök 06:00-22:00|Péntek 06:00-22:00|Szombat 06:00-22:00|Vasárnap 08:00-20:00
9473;Győr-Moson-Sopron;Egyházasfalu;Ady Endre utca 8.;Derdák Lajos;47.4696;16.7629;Hétfő 07:00-18:00|Kedd 07:00-13:00|Szerda 06:00-10:00|Csütörtök 07:00-16:30|Péntek 07:00-18:00|Szombat 06:00-10:00
3854;Borsod-Abaúj-Zemplén;Encs;Dózsa György út 27.;Kiss Ernő Attila;48.3156513;21.1623196;Hétfő 07:00-19:00|Kedd 07:00-19:00|Szerda 07:00-19:00|Csütörtök 07:00-19:00|Péntek 07:00-19:00|Szombat 07:00-19:00|Vasárnap 07:00-18:00
3860;Borsod-Abaúj-Zemplén;Encs;Petőfi út 11.;Oli-Zé Bt.;48.3313;21.1203;Hétfő 05:30-19:00|Kedd 05:30-19:00|Szerda 05:30-19:00|Csütörtök 05:30-19:00|Péntek 05:30-19:00|Szombat 06:00-15:00|Vasárnap 07:00-14:00
3860;Borsod-Abaúj-Zemplén;Encs;Petőfi út 71-73.;Abaúj Dohányáru Bt.;48.3339;21.1128;Hétfő 06:00-17:30|Kedd 06:00-18:00|Szerda 06:00-18:00|Csütörtök 06:00-18:00|Péntek 06:00-18:00|Szombat 06:00-13:00
9143;Győr-Moson-Sopron;Enese;Rózsa utca 4.;BÖZSOLT Bt.;47.647347999999994;17.423422503391336;Hétfő 06:00-19:00|Kedd 06:00-19:00|Szerda 06:00-19:00|Csütörtök 06:00-19:00|Péntek 06:00-19:00|Szombat 06:00-18:00|Vasárnap 07:00-11:00
2451;Fejér;Ercsi;Fő út 1.;Lőwinger Ildikó Erzsébet;47.2486;18.9029;Hétfő 07:00-21:00|Kedd 07:00-21:00|Szerda 07:00-21:00|Csütörtök 07:00-21:00|Péntek 07:00-21:00|Szombat 07:00-21:00|Vasárnap 07:00-21:00
2030;Pest;Érd;Budai utca 28.;Martonosi Trafik Bt;47.3785;18.9255;Hétfő 06:00-20:00|Kedd 06:00-20:00|Szerda 06:00-20:00|Csütörtök 06:00-20:00|Péntek 06:00-20:00|Szombat 06:00-20:00|Vasárnap 06:00-20:00
7735;Baranya;Erdősmárok;Kossuth L. utca 42.;Mezei Istvánné;46.0822;18.5725;Hétfő 06:00-18:00|Kedd 06:00-18:00|Szerda 06:00-18:00|Csütörtök 06:00-18:00|Péntek 06:00-18:00|Szombat 06:00-13:00|Vasárnap 06:00-11:00
4124;Hajdú-Bihar;Esztár;Felszabadulás utca 6.;Village Tobacco Bt.;47.2841;21.7752;Hétfő 14:00-17:00|Kedd 14:00-17:00|Szerda 14:00-17:00|Csütörtök 14:00-17:00|Péntek 14:00-17:00|Szombat 05:30-13:30
8742;Zala;Esztergályhorváti;Jókai Mór utca 2.;Egyed Tiborné;46.7007;17.109;Hétfő 08:00-12:00|Kedd 08:00-12:00|Szerda 08:00-12:00|Csütörtök 08:00-12:00|Péntek 08:00-12:00
7133;Tolna;Fadd;Templom utca 2.;Merkl Krisztina;46.4649;18.8266;Hétfő 05:30-19:00|Kedd 05:30-19:00|Szerda 05:30-19:00|Csütörtök 05:30-19:00|Péntek 05:30-19:00|Szombat 05:30-19:00|Vasárnap 06:00-12:00
8582;Veszprém;Farkasgyepű;Petőfi utca 45.;Ányos Szabolcs;47.203781;17.630354;Hétfő 07:00-21:00|Kedd 07:00-21:00|Szerda 07:00-21:00|Csütörtök 07:00-21:00|Péntek 07:00-21:00|Szombat 07:00-21:00|Vasárnap 07:00-21:00
2765;Pest;Farmos;Jászberényi út 1.;Farmos Trafik BT;47.3618;19.8474;Hétfő 04:00-22:00|Kedd 04:00-22:00|Szerda 04:00-22:00|Csütörtök 04:00-22:00|Péntek 04:00-22:00|Szombat 14:00-22:00|Vasárnap 12:00-20:00
2765;Pest;Farmos;Jászberényi út 2.;Farmos Dohány Bt;47.3618;19.8466;Hétfő 06:00-18:00|Kedd 06:00-18:00|Szerda 06:00-18:00|Csütörtök 06:00-18:00|Péntek 06:00-18:00|Szombat 06:00-14:00|Vasárnap 06:00-14:00
8086;Fejér;Felcsút;Fő út 197.;Ju-Fe Dohánykereskedelmi Bt;47.4651;18.584;Hétfő 06:00-20:00|Kedd 06:00-20:00|Szerda 06:00-20:00|Csütörtök 06:00-20:00|Péntek 06:00-20:00|Szombat 06:00-15:00|Vasárnap 07:00-12:00
3352;Heves;Feldebrő;Kossuth Lajos út 24.;Dohány-Kooperáció Bt.;47.8133;20.2329;Hétfő 06:00-17:00|Kedd 06:00-17:00|Szerda 06:00-17:00|Csütörtök 06:00-17:00|Péntek 06:00-17:00|Szombat 06:00-11:00
3324;Heves;Felsőtárkány;Fő út 202.;Silver-Vik Trafik Bt;47.9726;20.4153;Hétfő 06:00-19:00|Kedd 06:00-19:00|Szerda 06:00-19:00|Csütörtök 06:00-19:00|Péntek 06:00-19:00|Szombat 06:00-19:00|Vasárnap 07:00-16:00
9431;Győr-Moson-Sopron;Fertőd;Óvoda utca 11.;Viktor Tabak Bt.;47.6194;16.8823;Hétfő 07:00-19:00|Kedd 07:00-19:00|Szerda 07:00-19:00|Csütörtök 07:00-19:00|Péntek 07:00-19:00|Szombat 07:00-19:00|Vasárnap 09:00-19:00
6922;Hajdú-Bihar;Földeák;Szent László tér 18.;Wéber Trafik Bt.;46.3205362;20.4944894;Hétfő 06:00-17:30|Kedd 06:00-17:30|Szerda 06:00-17:30|Csütörtök 06:00-17:30|Péntek 06:00-17:30|Szombat 06:00-12:00|Vasárnap 07:00-11:00
3849;Hajdú-Bihar;Forró;Fő utca 133.;Bezzeg Dohánytár Bt;48.3251;21.0896;Hétfő 06:00-19:00|Kedd 06:00-19:00|Szerda 06:00-19:00|Csütörtök 06:00-19:00|Péntek 06:00-19:00|Szombat 06:00-19:00|Vasárnap 07:00-19:00
3849;Hajdú-Bihar;Forró;Fő utca 56.;Abaúj Dohányáru Bt.;48.3201;21.0854;Hétfő 06:00-14:00|Kedd 06:00-17:00|Szerda 06:00-17:00|Csütörtök 06:00-17:00|Péntek 06:00-17:00|Szombat 06:00-12:00
2151;Somogy;Fót;Móricz Zsigmond utca 10.;Fekete László;47.6178;19.1944;Hétfő 06:00-20:00|Kedd 06:00-20:00|Szerda 06:00-20:00|Csütörtök 06:00-20:00|Péntek 06:00-20:00|Szombat 06:00-14:00|Vasárnap 07:00-12:00
2151;Somogy;Fót;Németh Kálmán utca 59.;Ötvös Tibor;47.6246;19.1857;Hétfő 07:00-18:00|Kedd 07:00-18:00|Szerda 07:00-18:00|Csütörtök 07:00-18:00|Péntek 07:00-18:00|Szombat 07:00-13:00|Vasárnap 07:00-11:00
3864;Fejér;Fulókércs;Fő út 92.;Dudásné Popovics Erika;48.4336;21.1044;Hétfő 07:00-15:30|Kedd 07:00-15:30|Szerda 07:00-15:30|Csütörtök 07:00-15:30|Péntek 07:00-15:30|Szombat 07:00-11:30
3390;Heves;Füzesabony;Baross Gábor tér 11.;FÜZES-SMOKE Kkt.;47.75101695;20.417653513015374;Hétfő 06:00-21:00|Kedd 06:00-21:00|Szerda 06:00-21:00|Csütörtök 06:00-21:00|Péntek 06:00-21:00|Szombat 06:00-21:00|Vasárnap 06:00-12:00
5932;Békés;Gádoros;Bajcsy Zsilinszky utca 122.;Öcskös Bt.;46.671;20.6005;Hétfő 06:00-20:00|Kedd 06:00-20:00|Szerda 06:00-20:00|Csütörtök 06:00-20:00|Péntek 06:00-20:00|Szombat 06:00-12:00|Vasárnap 15:00-19:00
5932;Békés;Gádoros;Kossuth utca 6.;Tóth Józsefné;46.6661;20.598;Hétfő 05:00-19:00|Kedd 05:00-19:00|Szerda 05:00-19:00|Csütörtök 05:00-19:00|Péntek 05:00-19:00|Szombat 05:00-13:00|Vasárnap 07:00-11:00
2686;Nógrád;Galgaguta;Kossuth út 68.;Második TabaCoop Bt.;47.8484;19.3886;Hétfő 07:00-17:00|Kedd 07:00-17:00|Szerda 07:00-17:00|Csütörtök 07:00-17:00|Péntek 07:00-17:00|Szombat 07:00-12:00
2193;Pest;Galgahévíz;Fő út 185.;Ocsovainé Darnyik Ildikó;47.621;19.5594;Hétfő 06:00-18:00|Kedd 06:00-18:00|Szerda 06:00-18:00|Csütörtök 06:00-18:00|Péntek 06:00-18:00|Szombat 06:00-12:00|Vasárnap 08:00-11:00
3752;Borsod-Abaúj-Zemplén;Galvács;Rákóczi út 41.;Beriné Kalocsai Natasa;48.4014;20.7297;Hétfő 05:00-22:00|Kedd 05:00-22:00|Szerda 05:00-22:00|Csütörtök 05:00-22:00|Péntek 00:00-23:59|Szombat 00:00-23:59|Vasárnap 05:00-22:00
3873;Borsod-Abaúj-Zemplén;Garadna;Fő út 55.;Ács Lászlóné;48.4169;21.1742;Hétfő 07:00-21:00|Kedd 07:00-21:00|Szerda 07:00-21:00|Csütörtök 07:00-21:00|Péntek 07:00-21:00|Szombat 07:00-21:00|Vasárnap 07:00-21:00
7134;Tolna;Gerjen;Szent István utca 35.;Merkl Krisztina;46.4941;18.9038;Hétfő 05:30-17:30|Kedd 05:30-17:30|Szerda 05:30-17:30|Csütörtök 05:30-17:30|Péntek 05:30-17:30|Szombat 05:30-12:00|Vasárnap 06:30-11:00
8762;Zala;Gétye;Petőfi utca 8.;Ezüst Szipka Bt.;46.7623297;17.0354305;Hétfő 06:00-18:00|Kedd 06:00-18:00|Szerda 06:00-18:00|Csütörtök 06:00-18:00|Péntek 06:00-18:00|Szombat 06:00-14:00|Vasárnap 07:00-12:00
2100;Pest;Gödöllő;Kossuth Lajos utca 26.;Alhazim Ehsan;47.6001;19.3463;Hétfő 06:00-22:00|Kedd 06:00-22:00|Szerda 06:00-22:00|Csütörtök 06:00-22:00|Péntek 06:00-22:00|Szombat 06:00-22:00|Vasárnap 06:00-22:00
3728;Baranya;Gömörszőlős;Tompa M. út 31.;Juhászné Drahos Anikó;48.3559;20.4289;Hétfő 06:00-16:30|Kedd 06:00-16:30|Szerda 06:00-16:30|Csütörtök 06:00-16:30|Péntek 06:00-16:30|Szombat 06:00-12:00|Vasárnap 06:00-12:00
7833;Győr-Moson-Sopron;Görcsöny;Hársfa utca 33.;Dulkolátusz Bt.;45.9695;18.1361;Hétfő 06:00-18:00|Kedd 06:00-18:00|Szerda 06:00-18:00|Csütörtök 06:00-18:00|Péntek 06:00-18:00|Szombat 06:00-12:00|Vasárnap 07:00-11:00
2360;Pest;Gyál;Széchenyi út 4.;Erdős Attila;47.3896;19.2188;Hétfő 05:00-23:00|Kedd 05:00-23:00|Szerda 05:00-23:00|Csütörtök 05:00-23:00|Péntek 05:00-23:00|Szombat 05:00-23:00|Vasárnap 05:00-23:00
3200;Heves;Gyöngyös;Kossuth Lajos út 39.;Gyöngy Trafik Bt.;47.7828;19.9346;Hétfő 06:00-20:00|Kedd 06:00-20:00|Szerda 06:00-20:00|Csütörtök 06:00-20:00|Péntek 06:00-20:00
3200;Heves;Gyöngyös;Pesti út 1/1.;Pancafé Bt;47.7779;19.9224;Hétfő 06:00-18:00|Kedd 06:00-18:00|Szerda 06:00-18:00|Csütörtök 06:00-18:00|Péntek 06:00-18:00|Szombat 07:00-15:00
3200;Heves;Gyöngyös;Szent Bertalan út 2.;Gyöngy Trafik Bt.;47.7858;19.9255;Hétfő 06:00-18:00|Kedd 06:00-18:00|Szerda 06:00-18:00|Csütörtök 06:00-18:00|Péntek 06:00-18:00|Szombat 06:00-18:00
3036;Heves;Gyöngyöstarján;Hősök útja 11.;Tarna Tabak Bt;47.8105;19.8672;Hétfő 05:00-20:00|Kedd 05:00-20:00|Szerda 05:00-20:00|Csütörtök 05:00-20:00|Péntek 05:00-20:00|Szombat 14:00-20:00
9023;Győr-Moson-Sopron;Győr;Földes Gábor utca 14.;ÉVA-TOBACCO Bt.;47.6757;17.6527;Hétfő 06:00-20:00|Kedd 06:00-20:00|Szerda 06:00-20:00|Csütörtök 06:00-20:00|Péntek 06:00-20:00|Szombat 07:00-20:00|Vasárnap 07:00-20:00
9012;Győr-Moson-Sopron;Győr;Győri utca 65.;Szaszatibi-Tabak Bt;47.6309;17.6086;Hétfő 05:00-21:00|Kedd 05:00-21:00|Szerda 05:00-21:00|Csütörtök 05:00-21:00|Péntek 05:00-21:00|Szombat 06:00-20:00|Vasárnap 07:00-19:00
9023;Győr-Moson-Sopron;Győr;Hermann Ottó utca 24.;Annamari Trafik Bt.;47.6773;17.645;Hétfő 06:00-18:00|Kedd 06:00-18:00|Szerda 06:00-18:00|Csütörtök 06:00-18:00|Péntek 06:00-18:00|Szombat 06:00-14:00|Vasárnap 06:00-12:00
3954;Tolna;Györgytarló;Széchenyi út 18/20;Zivák Józsefné;48.205;21.6335;Hétfő 08:00-18:00|Kedd 08:00-18:00|Szerda 08:00-18:00|Csütörtök 08:00-18:00|Péntek 08:00-18:00|Szombat 08:00-12:00|Vasárnap 08:00-12:00
9084;Győr-Moson-Sopron;Győrság;Öreg út 1.;Pápai Attila;47.5779;17.7519;Hétfő 07:00-21:00|Kedd 07:00-21:00|Szerda 07:00-21:00|Csütörtök 07:00-21:00|Péntek 07:00-23:00|Szombat 07:00-23:59|Vasárnap 07:00-21:00
4752;Szabolcs-Szatmár-Bereg;Győrtelek;Kossuth út 133.;Pesti Anita;47.9263;22.4433;Hétfő 06:00-21:00|Kedd 06:00-21:00|Szerda 06:00-21:00|Csütörtök 06:00-21:00|Péntek 06:00-21:00|Szombat 06:00-21:00|Vasárnap 06:00-21:00
5700;Szabolcs-Szatmár-Bereg;Gyula;Honvéd utca 8.;Erdei Tabak Bt.;46.6418064;21.2692455;Hétfő 06:00-20:00|Kedd 06:00-20:00|Szerda 06:00-20:00|Csütörtök 06:00-20:00|Péntek 06:00-20:00|Szombat 06:00-20:00|Vasárnap 06:00-13:00
5700;Szabolcs-Szatmár-Bereg;Gyula;Vár utca 4.;Görbedi-Györfi Anita;46.647464;21.2872306;Hétfő 06:00-20:00|Kedd 06:00-20:00|Szerda 06:00-20:00|Csütörtök 06:00-20:00|Péntek 06:00-20:00|Szombat 06:00-15:00|Vasárnap 07:00-12:00
5700;Szabolcs-Szatmár-Bereg;Gyula;Zrínyi tér 2.;Piskolty Tibor;46.6397;21.2652;Hétfő 06:00-20:00|Kedd 06:00-20:00|Szerda 06:00-20:00|Csütörtök 06:00-20:00|Péntek 06:00-20:00|Szombat 07:00-20:00|Vasárnap 07:00-12:00
7227;Veszprém;Gyulaj;Dózsa György utca 12.;Fábián Csilla;46.499088;18.295824;Hétfő 06:00-18:00|Kedd 06:00-18:00|Szerda 06:00-18:00|Csütörtök 06:00-18:00|Péntek 06:00-18:00|Szombat 06:00-11:00
8771;Zala;Hahót;Deák Ferenc út 88.;Tóth Attila;46.648;16.9229;Hétfő 06:00-18:00|Kedd 06:00-18:00|Szerda 06:00-18:00|Csütörtök 06:00-18:00|Péntek 06:00-18:00|Szombat 06:00-12:00|Vasárnap 07:00-10:00
4273;Hajdú-Bihar;Hajdúbagos;Nagy utca 93.;GN Trafik Bt;47.3923;21.6648;Hétfő 06:30-18:00|Kedd 06:30-18:00|Szerda 06:30-18:00|Csütörtök 06:30-18:00|Péntek 06:30-18:00|Szombat 07:00-11:30|Vasárnap 07:00-11:00
4200;Hajdú-Bihar;Hajdúszoboszló;Halasi Fekete Péter tér 4.;Lucky Trafik Bt.;47.4467148;21.3923449;Hétfő 06:00-18:00|Kedd 06:00-18:00|Szerda 06:00-18:00|Csütörtök 06:00-18:00|Péntek 06:00-18:00|Szombat 07:00-15:00
2314;Pest;Halásztelek;Rákóczi Ferenc út 94-96.;Topezocorp Bt;47.3657;18.992;Hétfő 06:30-20:00|Kedd 06:30-20:00|Szerda 06:30-20:00|Csütörtök 06:30-20:00|Péntek 06:30-20:00|Szombat 06:30-17:00|Vasárnap 08:00-13:00
2314;Pest;Halásztelek;Somogyi Béla utca 42.;Bükkös Bt.;47.3611;18.9804;Hétfő 06:00-18:00|Kedd 06:00-18:00|Szerda 06:00-18:00|Csütörtök 06:00-18:00|Péntek 06:00-18:00|Szombat 06:00-13:00
3273;Heves;Halmajugra;Kossuth út 166.;Szeva Gold Tabac Bt;47.7658;20.0476;Hétfő 06:00-20:00|Kedd 06:00-20:00|Szerda 06:00-20:00|Csütörtök 06:00-20:00|Péntek 06:00-20:00|Szombat 07:00-20:00|Vasárnap 07:00-20:00
3795;Borsod-Abaúj-Zemplén;Hangács;Szabadság út 28.;Veres Vilmos Istvánné;48.2903;20.8298;Hétfő 08:00-16:30|Kedd 08:00-16:30|Szerda 08:00-16:30|Csütörtök 08:00-16:30|Péntek 08:00-16:30|Szombat 08:00-12:00
7172;Tolna;Harc;Vörösmarty tér 5.;Halász Trafik Bt;46.4036574;18.6193036;Hétfő 06:00-18:00|Kedd 06:00-18:00|Szerda 06:00-18:00|Csütörtök 06:00-18:00|Péntek 06:00-18:00|Szombat 06:00-09:00
3000;Heves;Hatvan;Erzsébet tér 11.;Erzsébet Dohánybolt Bt.;47.6666;19.686;Hétfő 06:00-20:00|Kedd 06:00-20:00|Szerda 06:00-20:00|Csütörtök 06:00-20:00|Péntek 06:00-20:00|Szombat 06:00-20:00
3786;Borsod-Abaúj-Zemplén;Hegymeg;Kossuth út 73.;Gregusné Dernei Gabriella;48.3498;20.8637;Hétfő 06:30-15:00|Kedd 06:30-15:00|Szerda 06:30-15:00|Csütörtök 06:30-15:00|Péntek 06:30-15:00|Szombat 07:00-11:30
2677;Nógrád;Herencsény;Petőfi út 49.;Szalai Ferenc;47.979;19.4776;Hétfő 07:00-19:00|Kedd 07:00-19:00|Szerda 07:00-19:00|Csütörtök 07:00-19:00|Péntek 07:00-19:00|Szombat 07:00-19:00|Vasárnap 07:00-19:00
3874;Borsod-Abaúj-Zemplén;Hernádpetri;Rákóczi út 4.;Dudásné Popovics Erika;48.4413;21.1687;Hétfő 07:00-16:00|Kedd 07:00-16:00|Szerda 07:00-16:00|Csütörtök 07:00-16:00|Péntek 07:00-16:00|Szombat 07:00-12:00
6800;Csongrád;Hódmezővásárhely;Andrássy út 10-12.;Perei János;46.4149;20.3257;Hétfő 05:00-21:00|Kedd 05:00-21:00|Szerda 05:00-21:00|Csütörtök 05:00-21:00|Péntek 05:00-00:00|Szombat 05:00-00:00|Vasárnap 06:00-21:00
6800;Csongrád;Hódmezővásárhely;Andrássy út 5-7.;Daru Árpád Sándor;46.4148;20.3189;Hétfő 00:00-23:59|Kedd 00:00-23:59|Szerda 00:00-23:59|Csütörtök 00:00-23:59|Péntek 00:00-23:59|Szombat 00:00-23:59|Vasárnap 00:00-23:59
6800;Csongrád;Hódmezővásárhely;Bocskai utca 5.;Ternik Bt.;46.4155;20.3285;Hétfő 06:00-18:00|Kedd 06:00-18:00|Szerda 06:00-18:00|Csütörtök 06:00-18:00|Péntek 06:00-18:00|Szombat 06:00-14:00
6800;Csongrád;Hódmezővásárhely;Kistópart utca 1.;Fekete Ferenc;46.4136;20.3376;Hétfő 05:00-20:00|Kedd 05:00-20:00|Szerda 05:00-20:00|Csütörtök 05:00-20:00|Péntek 05:00-20:00|Szombat 05:00-20:00|Vasárnap 05:00-20:00
6800;Csongrád;Hódmezővásárhely;Oldalkosár utca 18.;Kiss Trafik Bt;46.4133;20.3234;Hétfő 06:00-18:00|Kedd 06:00-18:00|Szerda 06:00-18:00|Csütörtök 06:00-18:00|Péntek 06:00-18:00|Szombat 08:00-16:00
7191;Somogy;Hőgyész;Fő utca 2/b;Martin László;46.491172;18.427761;Hétfő 05:30-21:00|Kedd 05:30-21:00|Szerda 05:30-21:00|Csütörtök 05:30-21:00|Péntek 05:30-21:00|Szombat 05:30-21:00|Vasárnap 05:30-21:00
6341;Somogy;Homokmégy;Kossuth utca 38.;Bagó Tibor;46.489;19.0714;Hétfő 05:30-19:00|Kedd 05:30-19:00|Szerda 05:30-19:00|Csütörtök 05:30-19:00|Péntek 05:30-21:00|Szombat 05:30-21:00|Vasárnap 06:30-19:00
3014;Hajdú-Bihar;Hort;Kossuth út 79.;Zsellérker Bt.;47.6868;19.7752;Hétfő 06:00-20:00|Kedd 06:00-20:00|Szerda 06:00-20:00|Csütörtök 06:00-20:00|Péntek 06:00-20:00|Szombat 08:00-20:00|Vasárnap 08:00-20:00
7694;Hajdú-Bihar;Hosszúhetény;Fő utca 109.;Györkös és Társa Bt.;46.1603;18.3536;Hétfő 06:00-18:00|Kedd 06:00-18:00|Szerda 06:00-18:00|Csütörtök 06:00-18:00|Péntek 06:00-18:00|Szombat 07:00-15:00|Vasárnap 07:00-15:00
4274;Vas;Hosszúpályi;Szabadság tér 5;Som Zsolt;47.3917;21.7344;Hétfő 06:30-20:30|Kedd 06:30-20:30|Szerda 06:30-20:30|Csütörtök 06:30-20:30|Péntek 06:30-20:30|Szombat 06:30-20:30|Vasárnap 06:30-20:30
4274;Vas;Hosszúpályi;Szabadság tér 8.;Ad-Zsa-Má Bt;47.3921;21.7337;Hétfő 06:30-20:00|Kedd 06:30-20:00|Szerda 06:30-20:00|Csütörtök 06:30-20:00|Péntek 06:30-20:00|Szombat 06:30-20:00|Vasárnap 06:30-20:00
7275;Somogy;Igal;Szent István utca 113.;Pápai Zoltán József;46.5361;17.9372;Hétfő 06:30-18:30|Kedd 06:30-18:30|Szerda 06:30-18:30|Csütörtök 06:30-18:30|Péntek 06:30-18:30|Szombat 06:30-11:00
2181;Pest;Iklad;Ráday tér 4.;Aszód Trafik Dohánykereskedelmi Bt;47.6589;19.4442;Hétfő 06:00-20:00|Kedd 06:00-20:00|Szerda 06:00-20:00|Csütörtök 06:00-20:00|Péntek 06:00-20:00|Szombat 06:00-16:00|Vasárnap 07:00-13:00
2117;Pest;Isaszeg;Aulich utca 23.;Haselbach és Társa Bt.;47.5369;19.3903;Hétfő 07:00-19:00|Kedd 07:00-19:00|Szerda 07:00-19:00|Csütörtök 07:00-19:00|Péntek 07:00-19:00|Szombat 07:00-16:00
3741;Borsod-Abaúj-Zemplén;Izsófalva;Izsó Miklós utca 121.;Toja Trafik Bt.;48.3052;20.6544;Hétfő 06:00-18:30|Kedd 06:00-18:30|Szerda 06:00-18:30|Csütörtök 06:00-18:30|Péntek 06:00-18:30|Szombat 06:00-14:00|Vasárnap 07:00-11:00
9798;Vas;Ják;Szabadság tér 18.;Némethné Szendrői Tímea;47.139817;16.5814;Hétfő 06:00-19:00|Kedd 06:00-19:00|Szerda 06:00-19:00|Csütörtök 06:00-19:00|Péntek 06:00-19:00|Szombat 08:00-18:00|Vasárnap 08:00-18:00
5143;Jász-Nagykun-Szolnok;Jánoshida;Fő út 33.;TABACCHERIA-COOP Bt.;47.3801;20.0597;Hétfő 06:15-19:00|Kedd 06:15-19:00|Szerda 06:15-19:00|Csütörtök 06:15-19:00|Péntek 06:15-19:00|Szombat 06:15-13:00|Vasárnap 07:00-12:00
9241;Győr-Moson-Sopron;Jánossomorja;Szabadság utca 18;Smuk Csaba;47.7846;17.1339;Hétfő 05:30-18:30|Kedd 05:30-18:30|Szerda 05:30-18:30|Csütörtök 05:30-18:30|Péntek 05:30-18:30|Szombat 08:00-16:00
5124;Jász-Nagykun-Szolnok;Jászágó;Petőfi út 8.;B-Tabaco-OP Bt.;47.5922;19.8582;Hétfő 07:00-17:00|Kedd 07:00-17:00|Szerda 07:00-17:00|Csütörtök 07:00-17:00|Péntek 07:00-17:00|Szombat 06:30-11:00|Vasárnap 07:00-11:00
5054;Jász-Nagykun-Szolnok;Jászalsószentgyörgy;Fő út 60.;Cigarette-Coop Bt.;47.3701;20.0917;Hétfő 06:00-19:00|Kedd 06:00-19:00|Szerda 06:00-19:00|Csütörtök 06:00-19:00|Péntek 06:00-19:00|Szombat 06:00-13:00|Vasárnap 07:00-11:00
5054;Jász-Nagykun-Szolnok;Jászalsószentgyörgy;Mártírok út 1.;Ibuka Tom Bt.;47.3724;20.0924;Hétfő 04:15-18:15|Kedd 04:15-18:15|Szerda 04:15-18:15|Csütörtök 04:15-18:15|Péntek 04:15-18:15|Szombat 05:00-13:30
5123;Jász-Nagykun-Szolnok;Jászárokszállás;Piac tér 5.;Szarvasné Kovács Rozália;47.6432;19.9774;Hétfő 06:00-18:00|Kedd 06:00-18:00|Szerda 06:00-18:00|Csütörtök 06:00-18:00|Péntek 06:00-18:00|Szombat 06:00-14:00|Vasárnap 06:00-12:00
5100;Jász-Nagykun-Szolnok;Jászberény;Apponyi tér 3.;B-Tabaco-OP Bt.;47.4988;19.9105;Hétfő 06:15-19:00|Kedd 06:15-19:00|Szerda 06:15-19:00|Csütörtök 06:15-19:00|Péntek 06:15-19:00|Szombat 06:15-13:00|Vasárnap 07:00-12:00
5100;Jász-Nagykun-Szolnok;Jászberény;Bajnok utca 30.;Pikk-Pakk HNK Trafik Bt;47.5085;19.9149;Hétfő 06:00-19:00|Kedd 06:00-19:00|Szerda 06:00-19:00|Csütörtök 06:00-19:00|Péntek 06:00-19:00|Szombat 06:00-14:00|Vasárnap 06:00-14:00
5100;Jász-Nagykun-Szolnok;Jászberény;Gyöngyösi út 54.;TABACCHERIA-COOP Bt.;47.5073763;19.9099766;Hétfő 05:30-18:00|Kedd 05:30-18:00|Szerda 05:30-18:00|Csütörtök 05:30-18:00|Péntek 05:30-18:00|Szombat 06:15-13:00|Vasárnap 07:00-11:00
5100;Jász-Nagykun-Szolnok;Jászberény;Holló András utca 4.;Holló Trafik Bt.;47.5018;19.9131;Hétfő 06:00-22:00|Kedd 06:00-22:00|Szerda 06:00-22:00|Csütörtök 06:00-22:00|Péntek 06:00-22:00|Szombat 06:00-22:00|Vasárnap 06:00-22:00
5100;Jász-Nagykun-Szolnok;Jászberény;Kossuth Lajos út 10-12.;Gálvölgyiné Sándor Piroska;47.5008;19.911;Hétfő 06:00-21:00|Kedd 06:00-21:00|Szerda 06:00-21:00|Csütörtök 06:00-21:00|Péntek 06:00-21:00|Szombat 06:00-21:00|Vasárnap 06:00-21:00
5100;Jász-Nagykun-Szolnok;Jászberény;Kossuth Lajos út 109.;ZSOLT ÉS TÁRSAI Bt.;47.4921;19.8986;Hétfő 05:00-17:00|Kedd 05:00-17:00|Szerda 05:00-17:00|Csütörtök 05:00-17:00|Péntek 05:00-17:00|Szombat 06:00-14:00
5100;Jász-Nagykun-Szolnok;Jászberény;Serház utca 1.;Szegeda Miklósné;47.502;19.9104;Hétfő 06:00-20:00|Kedd 06:00-20:00|Szerda 06:00-20:00|Csütörtök 06:00-20:00|Péntek 06:00-23:00|Szombat 06:00-23:00|Vasárnap 10:00-18:00
5100;Jász-Nagykun-Szolnok;Jászberény;Szabadság tér 4.;TABACCHERIA-COOP Bt.;47.4998529;19.915831783195504;Hétfő 07:00-20:00|Kedd 07:00-20:00|Szerda 07:00-20:00|Csütörtök 07:00-20:00|Péntek 07:00-20:00|Szombat 07:00-16:00|Vasárnap 07:00-13:00
5100;Jász-Nagykun-Szolnok;Jászberény;Vásár tér 1-3.;Cigarette-Coop Bt.;47.5014;19.922;Hétfő 06:15-19:00|Kedd 06:15-19:00|Szerda 06:15-19:00|Csütörtök 06:15-19:00|Péntek 06:15-19:00|Szombat 06:15-12:00|Vasárnap 07:00-11:00
5111;Jász-Nagykun-Szolnok;Jászfelsőszentgyörgy;Fő út 52.;Tereba Kovács István;47.5096;19.7846;Hétfő 05:00-21:00|Kedd 05:00-21:00|Szerda 05:00-21:00|Csütörtök 05:00-21:00|Péntek 05:00-21:00|Szombat 05:00-21:00|Vasárnap 05:00-21:00
5126;Jász-Nagykun-Szolnok;Jászfényszaru;Szabadság út 19-21.;B-Tabaco-OP Bt.;47.5698;19.7172;Hétfő 05:30-19:00|Kedd 05:30-19:00|Szerda 05:30-19:00|Csütörtök 05:30-19:00|Péntek 05:30-19:00|Szombat 06:00-13:00|Vasárnap 07:00-12:00
5126;Jász-Nagykun-Szolnok;Jászfényszaru;Szabadság út 61.;Fózer-Hungary Bt.;47.5745;19.722;Hétfő 05:00-23:00|Kedd 05:00-23:00|Szerda 05:00-23:00|Csütörtök 05:00-23:00|Péntek 05:00-23:00|Szombat 05:00-23:00|Vasárnap 05:00-23:00
5121;Jász-Nagykun-Szolnok;Jászjákóhalma;Fő út 27/A.;TABACCHERIA-COOP Bt.;47.5206;19.9863;Hétfő 06:15-19:00|Kedd 06:15-19:00|Szerda 06:15-19:00|Csütörtök 06:15-19:00|Péntek 06:15-09:00|Szombat 06:15-13:00|Vasárnap 07:00-11:00
6133;Bács-Kiskun;Jászszentlászló;Alkotmány utca 5.;Hornyákné Szalai Erika;46.5676;19.7596;Hétfő 06:00-20:00|Kedd 06:00-20:00|Szerda 06:00-20:00|Csütörtök 06:00-20:00|Péntek 06:00-20:00|Szombat 06:00-20:00|Vasárnap 06:00-20:00
4183;Hajdú-Bihar;Kaba;Hajdú utca 2.;Zentality Bt.;47.356378;21.277359;Hétfő 06:00-20:00|Kedd 06:00-20:00|Szerda 06:00-20:00|Csütörtök 06:00-20:00|Péntek 06:00-20:00|Szombat 07:00-18:00|Vasárnap 07:00-18:00
9123;Győr-Moson-Sopron;Kajárpéc;Kis utca 11.;Kószás Tibor István;47.4896;17.6375;Hétfő 06:30-18:00|Kedd 06:30-18:00|Szerda 06:30-18:00|Csütörtök 06:30-18:00|Péntek 06:30-18:00|Szombat 07:00-13:00|Vasárnap 07:00-11:00
3350;Heves;Kál;Rózsa utca 17.;Bélkő Tabak Bt.;47.7328;20.2602;Hétfő 05:00-20:00|Kedd 05:00-20:00|Szerda 05:00-20:00|Csütörtök 05:00-20:00|Péntek 05:00-20:00|Szombat 07:00-19:00
4434;Szabolcs-Szatmár-Bereg;Kálmánháza;Dorogi út 54.;Dovital Bt.;47.8815173;21.5766162;Hétfő 08:00-17:00|Kedd 08:00-17:00|Szerda 08:00-17:00|Csütörtök 08:00-17:00|Péntek 08:00-17:00|Szombat 08:00-12:00
6300;Bács-Kiskun;Kalocsa;Szent István Király út 78.;Sumptus Bt;46.524;18.982;Hétfő 06:00-22:00|Kedd 06:00-22:00|Szerda 06:00-22:00|Csütörtök 06:00-22:00|Péntek 06:00-22:00|Szombat 06:00-22:00|Vasárnap 06:00-22:00
4335;Szabolcs-Szatmár-Bereg;Kántorjánosi;Kossuth utca 16.;Anita Coop Bt.;47.935;22.1481;Hétfő 06:00-18:00|Kedd 06:00-18:00|Szerda 06:00-18:00|Csütörtök 06:00-18:00|Péntek 06:00-18:00|Szombat 06:00-14:00|Vasárnap 06:00-10:00
9330;Győr-Moson-Sopron;Kapuvár;Szent István Király út 14.;Ősze és Fiai Bt.;47.5924;17.0222;Hétfő 05:00-21:00|Kedd 05:00-21:00|Szerda 05:00-21:00|Csütörtök 05:00-21:00|Péntek 05:00-21:00|Szombat 06:00-22:00|Vasárnap 07:00-19:00
5300;Jász-Nagykun-Szolnok;Karcag;Baross utca 35.;Szarka Péter;47.3067;20.9269;Hétfő 05:30-21:00|Kedd 05:30-21:00|Szerda 05:30-21:00|Csütörtök 05:30-21:00|Péntek 05:30-21:00|Szombat 05:30-21:00|Vasárnap 05:30-21:00
5300;Jász-Nagykun-Szolnok;Karcag;Dózsa György út 19.;Kovács Szabolcs István;47.3202;20.9259;Hétfő 06:00-18:00|Kedd 06:00-18:00|Szerda 06:00-18:00|Csütörtök 06:00-18:00|Péntek 06:00-18:00|Szombat 06:00-17:00|Vasárnap 07:00-16:00
5300;Jász-Nagykun-Szolnok;Karcag;Kálvin utca 1.;Tóthné Czinege Mária;47.3181;20.9218;Hétfő 06:00-18:00|Kedd 06:00-18:00|Szerda 06:00-18:00|Csütörtök 06:00-18:00|Péntek 06:00-18:00|Szombat 06:00-12:00|Vasárnap 07:00-13:00
3700;Borsod-Abaúj-Zemplén;Kazincbarcika;Babits Mihály utca 1.;Husi  Viktória;48.256;20.6307;Hétfő 06:00-22:00|Kedd 06:00-22:00|Szerda 06:00-22:00|Csütörtök 06:00-22:00|Péntek 06:00-22:00|Szombat 06:00-22:00|Vasárnap 07:00-17:00
3700;Borsod-Abaúj-Zemplén;Kazincbarcika;Csokonai út 14.;Somogyvári Béláné;48.2549;20.6268;Hétfő 06:00-21:00|Kedd 06:00-21:00|Szerda 06:00-21:00|Csütörtök 06:00-21:00|Péntek 06:00-21:00|Szombat 06:00-21:00|Vasárnap 06:00-21:00
3700;Borsod-Abaúj-Zemplén;Kazincbarcika;Egressy Béni út 14.;Ízvilágok Boltja Bt.;48.2477;20.6181;Hétfő 05:00-20:00|Kedd 05:00-20:00|Szerda 05:00-20:00|Csütörtök 05:00-20:00|Péntek 05:00-22:00|Szombat 08:00-22:00|Vasárnap 08:00-20:00
3700;Borsod-Abaúj-Zemplén;Kazincbarcika;Egressy utca 40.;Unió Kertváros Bt.;48.2534;20.6241;Hétfő 06:00-18:00|Kedd 06:00-18:30|Szerda 06:00-18:30|Csütörtök 06:00-18:30|Péntek 06:00-18:30|Szombat 06:00-14:00
6237;Bács-Kiskun;Kecel;Vasút utca 37.;Tuti-Cigi Bt.;46.5282;19.2526;Hétfő 05:30-21:30|Kedd 05:30-21:30|Szerda 05:30-21:30|Csütörtök 05:30-21:30|Péntek 05:30-21:30|Szombat 05:30-12:30|Vasárnap 06:00-11:00
9522;Vas;Kemenesmagasi;Tulok utca 41.;Nagy Mónika;47.331499;17.208046;Hétfő 07:00-17:00|Kedd 07:00-17:00|Szerda 07:00-17:00|Csütörtök 07:00-17:00|Péntek 07:00-17:00|Szombat 08:00-12:00|Vasárnap 08:00-10:00
5331;Jász-Nagykun-Szolnok;Kenderes;Rákóczi út 34.;Farkas Tamás;47.2488;20.6697;Hétfő 06:00-19:00|Kedd 06:00-19:00|Szerda 06:00-19:00|Csütörtök 06:00-19:00|Péntek 06:00-19:00|Szombat 07:00-15:00|Vasárnap 07:00-15:00
2144;Pest;Kerepes;Szabadság út 92.;Oliben és Társa Ker. Bt;47.5528;19.2716;Hétfő 05:00-22:00|Kedd 05:00-22:00|Szerda 05:00-22:00|Csütörtök 05:00-22:00|Péntek 05:00-22:00|Szombat 05:00-22:00|Vasárnap 06:00-22:00
2144;Pest;Kerepes;Szabadság utca 1/A.;Kút-2003Bt;47.5556;19.2756;Hétfő 08:00-17:00|Kedd 08:00-17:00|Szerda 08:00-17:00|Csütörtök 08:00-17:00|Péntek 08:00-17:00|Szombat 08:00-15:00
8360;Zala;Keszthely;Kossuth Lajos utca 3.;Tóth Attila Zoltán;46.7682;17.2422;Hétfő 08:30-18:00|Kedd 08:30-18:00|Szerda 08:30-18:00|Csütörtök 08:30-18:00|Péntek 08:30-18:00|Szombat 08:30-18:00|Vasárnap 08:30-18:00
2517;Komárom-Esztergom;Kesztölc;Szabadság tér 14-16.;Sláger Trafik Bt;47.7118;18.7968;Hétfő 06:00-18:00|Kedd 06:00-19:00|Szerda 06:00-19:00|Csütörtök 06:00-19:00|Péntek 06:00-19:00|Szombat 06:00-15:00|Vasárnap 07:00-12:00
5741;Békés;Kétegyháza;Béke utca 1.;Mottó-Markt Bt;46.5449;21.1899;Hétfő 07:00-19:00|Kedd 07:00-19:00|Szerda 07:00-19:00|Csütörtök 07:00-19:00|Péntek 07:00-19:00|Szombat 07:00-15:00|Vasárnap 07:00-12:00
5674;Békés;Kétsoprony;Kossuth utca 2/1.;Tóth Árpád;46.7211;20.8896;Hétfő 06:00-19:00|Kedd 06:00-19:00|Szerda 06:00-19:00|Csütörtök 06:00-19:00|Péntek 06:00-19:00|Szombat 06:00-16:00|Vasárnap 10:00-12:00
7800;Baranya;Kisharsány;Aradi utca 46.;Krémer György;45.8594;18.282;Hétfő 05:00-21:00|Kedd 05:00-21:00|Szerda 05:00-21:00|Csütörtök 05:00-21:00|Péntek 05:00-21:00|Szombat 06:00-20:00|Vasárnap 06:00-12:00
7800;Baranya;Kisharsány;Pécsi utca 27/A.;Orange694 Trafik Bt;45.8712;18.272;Hétfő 06:00-18:00|Kedd 06:00-18:00|Szerda 06:00-18:00|Csütörtök 06:00-18:00|Péntek 06:00-18:00|Szombat 07:00-15:00|Vasárnap 07:00-12:00
6200;Heves;Kiskőrös;József Attila utca 81.;Vass Family Bt.;46.6161239;19.2862871;Hétfő 06:30-19:30|Kedd 06:30-19:30|Szerda 06:30-19:30|Csütörtök 06:30-19:30|Péntek 06:30-19:30|Szombat 06:30-19:30|Vasárnap 08:00-12:00
6100;Bács-Kiskun;Kiskunfélegyháza;Dr. Holló Lajos utca 5.;Alap Trafik Bt.;46.7146;19.8497;Hétfő 05:00-23:30|Kedd 05:00-23:30|Szerda 05:00-23:30|Csütörtök 05:00-23:30|Péntek 05:00-23:30|Szombat 07:00-23:59|Vasárnap 00:00-17:00
6100;Bács-Kiskun;Kiskunfélegyháza;Dr. Holló Lajos utca 69/108.;Lukács Trafik Bt.;46.7219;19.8471;Hétfő 06:00-18:00|Kedd 06:00-18:00|Szerda 06:00-18:00|Csütörtök 06:00-18:00|Péntek 06:00-18:00|Szombat 08:00-16:00
6100;Bács-Kiskun;Kiskunfélegyháza;Gábor Áron utca 28.;Bazsó Péter Illés;46.7033925;19.8522753;Hétfő 05:00-20:00|Kedd 05:00-20:00|Szerda 05:00-20:00|Csütörtök 05:00-20:00|Péntek 05:00-20:00|Szombat 05:30-14:00|Vasárnap 06:00-12:00
6400;Bács-Kiskun;Kiskunhalas;Keceli út 3.;Cigó Bt.;46.4241;19.4609;Hétfő 06:00-18:00|Kedd 06:00-18:00|Szerda 06:00-18:00|Csütörtök 06:00-18:00|Péntek 06:00-18:00|Szombat 07:00-19:00
6400;Bács-Kiskun;Kiskunhalas;Kisfaludy utca 51.;Szentirmai Péter;46.4395;19.4795;Hétfő 09:00-17:30|Kedd 09:00-17:30|Szerda 09:00-17:30|Csütörtök 09:00-17:30|Péntek 09:00-17:30|Szombat 08:00-12:00
6400;Bács-Kiskun;Kiskunhalas;Mátyás tér 7. 2-7.;Tetra Trafik Bt.;46.4315;19.4837;Hétfő 08:00-18:00|Kedd 08:00-18:00|Szerda 08:00-18:00|Csütörtök 08:00-18:00|Péntek 08:00-18:00|Szombat 08:00-12:00
6400;Bács-Kiskun;Kiskunhalas;Szász Károly utca 2.;Brila-Trafik Bt;46.4302;19.4784;Hétfő 05:00-21:00|Kedd 05:00-21:00|Szerda 05:00-21:00|Csütörtök 05:00-21:00|Péntek 05:00-22:00|Szombat 05:00-22:00|Vasárnap 08:00-20:00
2340;Pest;Kiskunlacháza;Dózsa György út 156.;OTIS Gazdasági Szolgáltató Bt.;47.1827;19.0017;Hétfő 07:00-18:00|Kedd 07:00-18:00|Szerda 07:00-18:00|Csütörtök 07:00-18:00|Péntek 07:00-18:00|Szombat 07:00-12:00
2340;Pest;Kiskunlacháza;Dózsa György út 84.;Moto Grill&Caffee Bt;47.1891;19.0059;Hétfő 05:00-19:00|Kedd 05:00-19:00|Szerda 05:00-19:00|Csütörtök 05:00-19:00|Péntek 05:00-19:00|Szombat 05:00-13:00|Vasárnap 07:00-10:00
6120;Bács-Kiskun;Kiskunmajsa;Csontos Károly utca 17.;Brila-Trafik Bt;46.4939;19.7371;Hétfő 05:00-21:00|Kedd 05:00-21:00|Szerda 05:00-21:00|Csütörtök 05:00-21:00|Péntek 05:00-22:00|Szombat 05:00-22:00|Vasárnap 08:00-20:00
6120;Bács-Kiskun;Kiskunmajsa;Félegyházi út 16.;M-Széd Bt;46.4955;19.7375;Hétfő 07:00-20:00|Kedd 07:00-20:00|Szerda 07:00-20:00|Csütörtök 07:00-20:00|Péntek 07:00-20:00|Szombat 10:00-22:00|Vasárnap 08:00-11:00
6120;Bács-Kiskun;Kiskunmajsa;Fő út 85.;Beke Csaba;46.4902;19.7392;Hétfő 06:00-18:00|Kedd 06:00-18:00|Szerda 06:00-18:00|Csütörtök 06:00-18:00|Péntek 06:00-18:00|Szombat 06:00-14:00
6120;Bács-Kiskun;Kiskunmajsa;Fő utca 125.;Szanyi Trafik Bt;46.4865;19.742;Hétfő 05:00-21:00|Kedd 05:00-21:00|Szerda 05:00-21:00|Csütörtök 05:00-21:00|Péntek 05:00-22:00|Szombat 05:00-22:00|Vasárnap 08:00-20:00
6120;Bács-Kiskun;Kiskunmajsa;Széktósor utca 19.;Dobák József;46.4869;19.7285;Hétfő 06:00-14:00|Kedd 06:00-14:00|Szerda 06:00-14:00|Csütörtök 06:00-14:00|Péntek 06:00-14:00|Szombat 06:00-12:00
6120;Bács-Kiskun;Kiskunmajsa;Szent László utca 32.;Pintérné és Társa Bt.;46.4937;19.7314;Hétfő 05:00-22:00|Kedd 05:00-22:00|Szerda 05:00-22:00|Csütörtök 05:00-22:00|Péntek 05:00-22:00|Szombat 05:00-22:00|Vasárnap 05:00-21:00
8483;Veszprém;Kisszőlős;Kossuth Lajos utca 130.;Vági Imréné;47.17146;17.3588415;Hétfő 06:00-16:30|Kedd 06:00-16:30|Szerda 06:00-16:30|Csütörtök 06:00-16:30|Péntek 06:00-16:30|Szombat 06:00-12:00
2143;Pest;Kistarcsa;Eperjesi út 36.;Király Mihály;47.5394;19.2581;Hétfő 06:00-20:00|Kedd 06:00-20:00|Szerda 06:00-20:00|Csütörtök 06:00-20:00|Péntek 06:00-20:00|Szombat 06:00-20:00|Vasárnap 08:00-13:00
2143;Pest;Kistarcsa;Szabadság út 56/L;Pemila Cigar Bt;47.5483;19.2645;Hétfő 06:00-20:00|Kedd 06:00-20:00|Szerda 06:00-20:00|Csütörtök 06:00-20:00|Péntek 06:00-20:00|Szombat 06:00-20:00|Vasárnap 07:00-14:00
2143;Pest;Kistarcsa;Szabadság utca 54.;Szentesiné Józer Anita;47.5477;19.2636;Hétfő 06:00-22:00|Kedd 06:00-22:00|Szerda 06:00-22:00|Csütörtök 06:00-22:00|Péntek 06:00-22:00|Szombat 06:00-22:00|Vasárnap 06:00-22:00
5310;Jász-Nagykun-Szolnok;Kisújszállás;Nagy Imre utca 7.;Forgácsné Farkas Katalin Mónika;47.2161;20.754;Hétfő 05:00-22:00|Kedd 05:00-22:00|Szerda 05:00-22:00|Csütörtök 05:00-22:00|Péntek 00:00-23:59|Szombat 00:00-23:59|Vasárnap 00:00-23:59
5310;Jász-Nagykun-Szolnok;Kisújszállás;Petőfi utca 1.;Kelemen József;47.2175;20.7497;Hétfő 06:00-20:00|Kedd 06:00-20:00|Szerda 06:00-20:00|Csütörtök 06:00-20:00|Péntek 06:00-23:00|Szombat 06:00-23:00|Vasárnap 06:00-14:00
5310;Jász-Nagykun-Szolnok;Kisújszállás;Piac utca 2.;Csillag Sándor;47.2171;20.7569;Hétfő 06:00-22:00|Kedd 06:00-22:00|Szerda 06:00-22:00|Csütörtök 06:00-22:00|Péntek 06:00-22:00|Szombat 06:00-14:00|Vasárnap 07:00-12:00
4600;Szabolcs-Szatmár-Bereg;Kisvárda;Árpád út 55.;Pisák Beáta;48.2083;22.0878;Hétfő 06:00-20:00|Kedd 06:00-20:00|Szerda 06:00-20:00|Csütörtök 06:00-20:00|Péntek 06:00-22:00|Szombat 07:00-22:00|Vasárnap 08:00-20:00
2243;Veszprém;Kóka;Nagykátai út 9.;HM-Tabaco-op Bt.;47.4890677;19.5813034;Hétfő 06:15-19:00|Kedd 06:15-19:00|Szerda 06:15-19:00|Csütörtök 06:15-19:00|Péntek 06:15-19:00|Szombat 06:15-13:00|Vasárnap 07:00-12:00
4284;Hajdú-Bihar;Kokad;Kossuth utca 53.;GN Trafik Bt;47.4057;21.9327;Hétfő 06:00-17:30|Kedd 06:00-17:30|Szerda 06:00-17:30|Csütörtök 06:00-17:30|Péntek 06:00-17:30|Szombat 06:00-12:00|Vasárnap 07:00-10:00
7717;Baranya;Kölked;Kossuth L. utca 7.;Vörös Csaba;45.9493;18.7089;Hétfő 06:00-20:00|Kedd 06:00-20:00|Szerda 06:00-20:00|Csütörtök 06:00-20:00|Péntek 06:00-20:00|Szombat 06:00-20:00|Vasárnap 06:00-20:00
2900;Szabolcs-Szatmár-Bereg;Komárom;Igmándi út 4.;Tabagold Bt;47.7455;18.1196;Hétfő 05:45-17:45|Kedd 05:45-17:45|Szerda 05:45-17:45|Csütörtök 05:45-17:45|Péntek 05:45-17:45|Szombat 05:45-13:00
2900;Szabolcs-Szatmár-Bereg;Komárom;Igmándi utca 29.;Rácz Trafik Bt.;47.7030537;18.014109;Hétfő 07:00-19:00|Kedd 07:00-19:00|Szerda 07:00-19:00|Csütörtök 07:00-19:00|Péntek 07:00-19:00|Szombat 08:00-16:00
2900;Szabolcs-Szatmár-Bereg;Komárom;Mártírok útja 45.;Olajos Katalin;47.5793594;18.4035966;Hétfő 06:00-21:00|Kedd 06:00-21:00|Szerda 06:00-21:00|Csütörtök 06:00-21:00|Péntek 06:00-21:00|Szombat 08:00-20:00|Vasárnap 08:00-20:00
7300;Vas;Komló;Cserma utca 7-9.;Hegyesi János;46.1894;18.2303;Hétfő 06:00-20:00|Kedd 06:00-20:00|Szerda 06:00-20:00|Csütörtök 06:00-20:00|Péntek 06:00-20:00|Szombat 06:00-20:00|Vasárnap 06:00-20:00
7300;Vas;Komló;Kossuth Lajos utca 75.;Horváth Lászlóné;46.1930683;18.2562658;Hétfő 07:00-17:00|Kedd 07:00-17:00|Szerda 07:00-17:00|Csütörtök 07:00-17:00|Péntek 07:00-17:00|Szombat 07:00-17:00
7300;Vas;Komló;Mikszáth K. utca 4.;Imeliné Wehovszki Brigitta;46.1858;18.2567;Hétfő 06:00-22:00|Kedd 06:00-22:00|Szerda 06:00-22:00|Csütörtök 06:00-22:00|Péntek 06:00-22:00|Szombat 06:00-22:00|Vasárnap 07:00-16:00
7300;Vas;Komló;Pécsi út 1.;Lengyel Hajnalka;46.1902;18.2599;Hétfő 05:00-21:00|Kedd 05:00-21:00|Szerda 05:00-21:00|Csütörtök 05:00-21:00|Péntek 05:00-21:00|Szombat 06:00-16:00|Vasárnap 08:00-16:00
7300;Vas;Komló;Zrínyi tér 4.;Csermák Judit;46.1937;18.2564;Hétfő 08:00-16:00|Kedd 08:00-16:00|Szerda 08:00-16:00|Csütörtök 08:00-16:00|Péntek 08:00-16:00|Szombat 06:00-13:00|Vasárnap 06:00-12:00
6134;Baranya;Kömpöc;Hunyadi utca 2.;Szunyog András;46.4642;19.8689;Hétfő 07:00-21:00|Kedd 07:00-21:00|Szerda 07:00-21:00|Csütörtök 07:00-21:00|Péntek 07:00-21:00|Szombat 07:00-21:00|Vasárnap 07:00-21:00
5553;Baranya;Kondoros;Csabai út 43.;Korona Bt.;46.7588;20.7999;Hétfő 06:00-18:00|Kedd 06:00-18:00|Szerda 06:00-18:00|Csütörtök 06:00-18:00|Péntek 06:00-18:00|Szombat 06:00-14:00
5553;Baranya;Kondoros;Csabai út 49.;Paluska Zoltánné;46.7583;20.8021;Hétfő 06:00-20:00|Kedd 06:00-20:00|Szerda 06:00-20:00|Csütörtök 06:00-20:00|Péntek 06:00-20:00|Szombat 06:00-20:00|Vasárnap 06:00-12:00
9144;Baranya;Kóny;Rákóczi utca 15.;Csonka Katalin Mária;47.6284;17.3589;Hétfő 06:00-15:00|Kedd 06:00-15:00|Szerda 09:00-19:00|Csütörtök 06:00-15:00|Péntek 07:30-19:00|Szombat 07:30-18:00|Vasárnap 08:30-10:30
4133;Borsod-Abaúj-Zemplén;Konyár;Sóstói utca 67.;VM Trafik Bt;47.3203;21.6731;Hétfő 06:00-18:00|Kedd 06:00-18:00|Szerda 06:00-18:00|Csütörtök 06:00-18:00|Péntek 06:00-18:00|Szombat 06:00-12:00|Vasárnap 07:00-10:00
9900;Vas;Körmend;Szabadság tér 12.;Grand Tabak Bt.;47.0089;16.6041;Hétfő 06:00-22:00|Kedd 06:00-22:00|Szerda 06:00-22:00|Csütörtök 06:00-22:00|Péntek 06:00-22:00|Szombat 07:00-22:00|Vasárnap 08:00-20:00
2851;Baranya;Környe;Alkotmány utca 49.;STOFI DOHÁNY KER BT;47.5478;18.332;Hétfő 06:00-18:00|Kedd 06:00-18:00|Szerda 06:00-18:00|Csütörtök 06:00-18:00|Péntek 06:00-18:00|Szombat 06:00-12:00|Vasárnap 07:00-12:00
9113;Szabolcs-Szatmár-Bereg;Koroncó;Győri út 20.;Fodor Andrea;47.5974758;17.5292883;Hétfő 05:30-17:30|Kedd 05:30-17:30|Szerda 05:30-17:30|Csütörtök 05:30-17:30|Péntek 05:30-17:30|Szombat 05:30-12:00|Vasárnap 08:00-10:00
2745;Vas;Kőröstetétlen;Jászkarajenői út 1.;Pásztor Pálné;47.0981;20.0225;Hétfő 06:00-18:00|Kedd 06:00-18:00|Szerda 06:00-18:00|Csütörtök 06:00-18:00|Péntek 06:00-18:00|Szombat 07:00-12:00|Vasárnap 07:00-12:00
5062;Vas;Kőtelek;Szabadság út 8.;Dohány Shop Bt.;47.3312;20.4414;Hétfő 05:00-20:00|Kedd 05:00-20:00|Szerda 05:00-20:00|Csütörtök 05:00-20:00|Péntek 05:00-20:00|Szombat 05:00-20:00|Vasárnap 05:00-20:00
7761;Csongrád;Kozármisleny;Március 15. tér 1-2.;Tankó Gábor;46.0443;18.2852;Hétfő 06:00-21:00|Kedd 06:00-21:00|Szerda 06:00-21:00|Csütörtök 06:00-21:00|Péntek 06:00-21:00|Szombat 06:00-21:00|Vasárnap 06:00-21:00
5340;Jász-Nagykun-Szolnok;Kunhegyes;Kossuth Lajos út 18.;Szilágyiné Jámbor Beáta;47.3751;20.6338;Hétfő 07:00-19:00|Kedd 07:00-19:00|Szerda 07:00-19:00|Csütörtök 07:00-19:00|Péntek 07:00-19:00|Szombat 07:00-19:00|Vasárnap 07:00-19:00
5340;Jász-Nagykun-Szolnok;Kunhegyes;Szabadság tér 6.;Szabó Zoltánné;47.3703;20.6325;Hétfő 06:00-19:00|Kedd 06:00-19:00|Szerda 06:00-19:00|Csütörtök 06:00-19:00|Péntek 06:00-19:00|Szombat 06:00-17:00|Vasárnap 07:00-12:00
5321;Jász-Nagykun-Szolnok;Kunmadaras;Karcagi út 21.;Szarka Ibolya;47.4253;20.7952;Hétfő 05:00-20:00|Kedd 05:00-20:00|Szerda 05:00-20:00|Csütörtök 05:00-20:00|Péntek 05:00-20:00|Szombat 06:00-18:00|Vasárnap 06:00-18:00
3732;Csongrád;Kurityán;Kossuth Lajos út 146.;Zuti György;48.3134;20.6207;Hétfő 07:00-19:00|Kedd 07:00-19:00|Szerda 07:00-19:00|Csütörtök 07:00-19:00|Péntek 07:00-19:00|Szombat 07:00-19:00|Vasárnap 07:00-19:00
2541;Komárom-Esztergom;Lábatlan;Rákóczi utca 83.;Bartos Bence Kálmán;47.7504;18.4852;Hétfő 06:00-18:00|Kedd 06:00-18:00|Szerda 06:00-18:00|Csütörtök 06:00-18:00|Péntek 06:00-18:00|Szombat 06:00-18:00|Vasárnap 06:00-18:00
9155;Győr-Moson-Sopron;Lébény;Fő utca 89.;Hanytrafik ker. és szolg. Bt.;47.7362;17.3904;Hétfő 05:00-21:00|Kedd 05:00-21:00|Szerda 05:00-21:00|Csütörtök 05:00-21:00|Péntek 05:00-21:00|Szombat 05:00-21:00|Vasárnap 05:00-21:00
8196;Veszprém;Litér;Dózsa György utca 37.;Irmes Zsolt Károly;47.0977;18.0096;Hétfő 06:00-18:00|Kedd 06:00-18:00|Szerda 06:00-18:00|Csütörtök 06:00-18:00|Péntek 06:00-18:00|Szombat 07:00-14:00|Vasárnap 07:00-11:00
3021;Baranya;Lőrinci;Szabadság tér 15.;Montay-Burik Éva;47.7376893;19.6802919;Hétfő 07:00-19:00|Kedd 07:00-19:00|Szerda 07:00-19:00|Csütörtök 07:00-19:00|Péntek 07:00-19:00|Szombat 07:00-15:00
7026;Tolna;Madocsa;Paksi utca 13.;Puch Józsefné;46.689;18.9539;Hétfő 08:00-21:00|Kedd 08:00-21:00|Szerda 08:00-21:00|Csütörtök 08:00-21:00|Péntek 08:00-23:00|Szombat 08:00-23:00|Vasárnap 08:00-20:00
2234;Pest;Maglód;Fő utca 2.;Dézsé Dohány Bt.;47.443;19.3494;Hétfő 06:00-18:00|Kedd 06:00-18:00|Szerda 06:00-18:00|Csütörtök 06:00-18:00|Péntek 06:00-18:00|Szombat 06:00-18:00|Vasárnap 07:00-12:00
2234;Pest;Maglód;Fő utca 22.;Bíróné Kelemen Mónika;47.443731;19.35167;Hétfő 06:00-22:00|Kedd 06:00-22:00|Szerda 06:00-22:00|Csütörtök 06:00-22:00|Péntek 06:00-22:00|Szombat 06:00-22:00|Vasárnap 08:00-20:00
8449;Veszprém;Magyarpolány;Táncsics utca 2.;Böröndi Ferenc;47.1695;17.5483;Hétfő 06:00-17:00|Kedd 06:00-17:00|Szerda 06:00-17:00|Csütörtök 06:00-17:00|Péntek 06:00-17:00|Szombat 06:00-12:00
6921;Csongrád;Maroslele;Makói utca 1.;Mencser Bolt Bt.;46.2674;20.3443;Hétfő 06:00-18:00|Kedd 06:00-18:00|Szerda 06:00-18:00|Csütörtök 06:00-18:00|Péntek 06:00-18:00|Szombat 06:00-14:00
5435;Jász-Nagykun-Szolnok;Martfű;Földvári út 1.;Danku Sándor;47.01691745;20.29012106173607;Hétfő 06:00-20:00|Kedd 06:00-20:00|Szerda 06:00-20:00|Csütörtök 06:00-20:00|Péntek 06:00-20:00|Szombat 06:00-20:00|Vasárnap 06:00-20:00
2462;Fejér;Martonvásár;Ady Endre út 6.;Ujvári Trafik Bt.;47.3197;18.7936;Hétfő 06:00-20:00|Kedd 06:00-20:00|Szerda 06:00-20:00|Csütörtök 06:00-20:00|Péntek 06:00-20:00|Szombat 06:00-20:00|Vasárnap 06:00-20:00
4700;Szabolcs-Szatmár-Bereg;Mátészalka;Zöldfa utca 2-4;Salánki Mária;47.9536;22.3229;Hétfő 06:00-22:00|Kedd 06:00-22:00|Szerda 06:00-22:00|Csütörtök 06:00-22:00|Péntek 06:00-00:00|Szombat 06:00-00:00|Vasárnap 06:00-22:00
3077;Nógrád;Mátraverebély;Vasút út 105.;Hegedűs Tiborné;47.97;19.7806;Hétfő 06:00-18:00|Kedd 06:00-18:00|Szerda 06:00-18:00|Csütörtök 06:00-18:00|Péntek 06:00-18:00|Szombat 06:00-18:00
5666;Békés;Medgyesegyháza;Dózsa utca 29.;Tabacum Bt.;46.5062733;21.1024735;Hétfő 06:00-20:00|Kedd 06:00-20:00|Szerda 06:00-20:00|Csütörtök 06:00-20:00|Péntek 06:00-20:00|Szombat 06:00-20:00|Vasárnap 06:00-20:00
7057;Tolna;Medina;Rákóczi utca 38.;Pálfi Csaba;46.4696;18.644;Hétfő 05:30-18:30|Kedd 05:30-18:30|Szerda 05:30-18:30|Csütörtök 05:30-18:30|Péntek 05:30-18:30|Szombat 05:00-12:30|Vasárnap 07:00-09:30
3718;Borsod-Abaúj-Zemplén;Megyaszó;Alkotmány út 4.;Király Péter;48.1879;21.0587;Hétfő 06:00-18:00|Kedd 06:00-18:00|Szerda 06:00-18:00|Csütörtök 06:00-18:00|Péntek 06:00-18:00|Szombat 07:00-15:00
7344;Baranya;Mekényes;Fő utca 119.;Fábián Csilla;46.3895;18.3326;Hétfő 06:00-18:00|Kedd 06:00-18:00|Szerda 06:00-18:00|Csütörtök 06:00-18:00|Péntek 06:00-18:00|Szombat 06:00-12:00
3871;Borsod-Abaúj-Zemplén;Méra;Vasút út 3.;Abaúj Trafikáru Bt.;48.361;21.1485;Hétfő 06:00-17:00|Kedd 06:00-17:00|Szerda 06:00-17:00|Csütörtök 06:00-17:00|Péntek 06:00-17:00|Szombat 06:00-12:00
9136;Győr-Moson-Sopron;Mérges;Deák tér 2.;Szajsz-Coop Kkt.;47.5855;17.4251;Hétfő 07:00-16:00|Kedd 07:00-16:00|Szerda 07:00-16:00|Csütörtök 07:00-16:00|Péntek 07:00-16:00|Szombat 07:00-11:00
5650;Békés;Mezőberény;Csabai út 1-3.;Szivarvilág Bt.;46.8150946;21.0199478;Hétfő 06:00-20:00|Kedd 06:00-20:00|Szerda 06:00-20:00|Csütörtök 06:00-20:00|Péntek 06:00-20:00|Szombat 06:00-20:00|Vasárnap 06:00-20:00
5650;Békés;Mezőberény;Gyomai út 37.;Tarcsai Tabak Bt.;46.8259;21.0197;Hétfő 06:00-20:00|Kedd 06:00-20:00|Szerda 06:00-20:00|Csütörtök 06:00-20:00|Péntek 06:00-20:00|Szombat 08:00-16:00|Vasárnap 08:00-16:00
5650;Békés;Mezőberény;Kossuth tér 13.;Harmati László;46.8241;21.0281;Hétfő 08:00-18:00|Kedd 08:00-18:00|Szerda 08:00-18:00|Csütörtök 08:00-18:00|Péntek 08:00-18:00|Szombat 08:00-14:00|Vasárnap 08:00-11:00
3441;Borsod-Abaúj-Zemplén;Mezőkeresztes;Táncsics út 9.;Oczella Györgyné;47.8312;20.6893;Hétfő 06:00-18:00|Kedd 06:00-18:00|Szerda 06:00-18:00|Csütörtök 06:00-18:00|Péntek 06:00-18:00|Szombat 06:00-18:00|Vasárnap 06:00-18:00
3400;Borsod-Abaúj-Zemplén;Mezőkövesd;Hársfa út 2.;Matyó Dohány Trafik Bt.;47.8093;20.5721;Hétfő 06:00-17:00|Kedd 06:00-17:00|Szerda 06:00-17:00|Csütörtök 06:00-17:00|Péntek 06:00-17:00|Szombat 06:00-12:00
3400;Borsod-Abaúj-Zemplén;Mezőkövesd;Széchenyi utca 44/b.;Matyó Dohány Trafik Bt.;47.8033;20.5678;Hétfő 06:00-18:00|Kedd 06:00-18:00|Szerda 06:00-18:00|Csütörtök 06:00-18:00|Péntek 06:00-18:00|Szombat 07:00-19:00|Vasárnap 07:00-19:00
3400;Borsod-Abaúj-Zemplén;Mezőkövesd;Szegfű utca 2.;Zsel Mária;47.8106;20.5741;Hétfő 06:00-21:00|Kedd 06:00-21:00|Szerda 06:00-21:00|Csütörtök 06:00-21:00|Péntek 06:00-23:00|Szombat 06:00-23:00|Vasárnap 06:00-23:00
3400;Borsod-Abaúj-Zemplén;Mezőkövesd;Szent László tér 8.;MIT ISZOL BT;47.8111;20.5724;Hétfő 08:00-17:00|Kedd 08:00-17:00|Szerda 08:00-17:00|Csütörtök 08:00-17:00|Péntek 08:00-17:00|Szombat 08:00-12:00
3443;Borsod-Abaúj-Zemplén;Mezőnagymihály;Kossuth út 60.;Dél-Borsodi Trafik Bt;47.8063;20.7312;Hétfő 06:00-17:30|Kedd 06:00-17:30|Szerda 06:00-17:30|Csütörtök 06:00-17:30|Péntek 06:00-17:30|Szombat 06:00-11:00|Vasárnap 06:30-10:30
6343;Bács-Kiskun;Miske;Fő utca 25.;Lakner Gábor;46.4422484;19.0260741;Hétfő 07:00-20:00|Kedd 07:00-20:00|Szerda 07:00-20:00|Csütörtök 07:00-20:00|Péntek 07:00-20:00|Szombat 08:00-21:00|Vasárnap 09:00-19:00
3526;Borsod-Abaúj-Zemplén;Miskolc;Szentpéteri kapu 66.;Hegedűs Ferenc;48.1146;20.7899;Hétfő 06:00-22:00|Kedd 06:00-22:00|Szerda 06:00-22:00|Csütörtök 06:00-22:00|Péntek 06:00-22:00|Szombat 06:00-22:00|Vasárnap 06:00-14:00
2911;Komárom-Esztergom;Mocsa;Csillag utca 14.;Bán László;47.6697;18.1848;Hétfő 05:00-20:00|Kedd 05:00-20:00|Szerda 05:00-20:00|Csütörtök 05:00-20:00|Péntek 05:00-20:00|Szombat 05:00-16:00|Vasárnap 07:00-12:00
2911;Komárom-Esztergom;Mocsa;Kocsi utca 1;Popeye és Füstölök Kkt.;47.6714;18.1828;Hétfő 06:00-18:00|Kedd 06:00-18:00|Szerda 06:00-18:00|Csütörtök 06:00-18:00|Péntek 06:00-18:00|Szombat 06:00-12:00|Vasárnap 07:00-11:00
2146;Komárom-Esztergom;Mogyoród;Gödöllői út 24.;Csodák Világa Bt.;47.6016;19.2434;Hétfő 10:00-22:00|Kedd 10:00-22:00|Szerda 10:00-22:00|Csütörtök 10:00-22:00|Péntek 10:00-22:00|Szombat 10:00-22:00|Vasárnap 13:00-21:00
7700;Nógrád;Mohács;Horváth K. utca 5.;Hárich Gábor;45.9911;18.6694;Hétfő 07:00-18:00|Kedd 07:00-18:00|Szerda 07:00-18:00|Csütörtök 07:00-18:00|Péntek 07:00-18:00|Szombat 07:00-12:00|Vasárnap 07:00-12:00
7700;Nógrád;Mohács;Szentháromság utca 2-4/A.;Tabaccologia Bt;45.9918;18.6924;Hétfő 06:00-18:00|Kedd 06:00-18:00|Szerda 06:00-18:00|Csütörtök 06:00-18:00|Péntek 06:00-18:00|Szombat 06:00-14:00
3905;Pest;Monok;Kossuth út 10.;Lubóplasz Trade Bt;48.2104;21.1513;Hétfő 06:00-18:00|Kedd 06:00-18:00|Szerda 06:00-18:00|Csütörtök 06:00-18:00|Péntek 06:00-18:00|Szombat 06:00-14:00|Vasárnap 08:00-12:00
4275;Veszprém;Monostorpályi;Kossuth utca 42.;GN Trafik Bt;47.3972;21.7723;Hétfő 06:00-18:00|Kedd 06:00-18:00|Szerda 06:00-18:00|Csütörtök 06:00-18:00|Péntek 06:00-18:00|Szombat 07:00-11:00|Vasárnap 07:00-10:00
7751;Fejér;Monyoród;Pécsi utca 19.;Bakos Judit;45.9972;18.4562;Hétfő 05:30-18:30|Kedd 05:30-18:30|Szerda 05:30-18:30|Csütörtök 05:30-18:30|Péntek 05:30-18:30|Szombat 05:30-18:30|Vasárnap 06:00-10:00
3744;Borsod-Abaúj-Zemplén;Múcsony;Botond út 2.;Molnár Erzsébet Katalin;48.2784;20.6667;Hétfő 06:00-19:00|Kedd 06:00-09:00|Szerda 06:00-19:00|Csütörtök 06:00-19:00|Péntek 06:00-19:00|Szombat 07:00-18:00|Vasárnap 08:00-17:00
3744;Borsod-Abaúj-Zemplén;Múcsony;Hunyadi út 3.;PÁL BOLTOCSKÁK Bt.;48.2834;20.6606;Hétfő 08:00-12:00|Kedd 08:00-12:00|Szerda 08:00-12:00|Csütörtök 08:00-12:00|Péntek 08:00-12:00|Szombat 08:00-12:00|Vasárnap 08:00-12:00
8145;Fejér;Nádasdladány;Fő utca 52.;Trafimax Bt.;47.138;18.2397;Hétfő 06:00-18:00|Kedd 06:00-18:00|Szerda 06:00-18:00|Csütörtök 06:00-18:00|Péntek 06:00-18:00|Szombat 06:30-14:30|Vasárnap 07:00-12:00
3641;Borsod-Abaúj-Zemplén;Nagybarca;Kossuth utca 18.;Lezák Zoltán;48.2499;20.5304;Hétfő 06:00-18:00|Kedd 06:00-18:00|Szerda 06:00-18:00|Csütörtök 06:00-18:00|Péntek 06:00-18:00|Szombat 06:00-14:00|Vasárnap 07:00-12:00
4355;Szabolcs-Szatmár-Bereg;Nagyecsed;Árpád utca 44.;Szabó-Orbán Nikoletta;47.8629;22.3885;Hétfő 06:00-21:00|Kedd 06:00-21:00|Szerda 06:00-21:00|Csütörtök 06:00-21:00|Péntek 06:00-21:00|Szombat 07:00-21:00|Vasárnap 07:00-21:00
8415;Veszprém;Nagyesztergár;Radnóti utca 1.;Aprócska Szipka Bt.;47.2826;17.9043;Hétfő 06:00-16:30|Kedd 06:00-16:30|Szerda 06:00-16:30|Csütörtök 06:00-16:30|Péntek 06:00-16:30|Szombat 06:00-10:30
3282;Heves;Nagyfüged;Ady Endre út 52.;Szilágyi Bt.;47.6854;20.1113;Hétfő 05:00-21:00|Kedd 05:00-21:00|Szerda 05:00-21:00|Csütörtök 05:00-21:00|Péntek 05:00-21:00|Szombat 05:00-21:00|Vasárnap 05:00-21:00
4320;Szabolcs-Szatmár-Bereg;Nagykálló;Bátori út 76;Sőrés László;47.8783;21.861;Hétfő 05:00-20:00|Kedd 05:00-20:00|Szerda 05:00-20:00|Csütörtök 05:00-20:00|Péntek 05:00-20:00|Szombat 05:00-20:00|Vasárnap 06:00-14:00
2760;Pest;Nagykáta;Petőfi Sándor út 11.;Good Will 2004 Bt.;47.4121;19.7417;Hétfő 06:00-22:00|Kedd 06:00-22:00|Szerda 06:00-22:00|Csütörtök 06:00-22:00|Péntek 06:00-22:00|Szombat 06:00-22:00|Vasárnap 06:00-22:00
7092;Pest;Nagykónyi;Nagy utca 2.;Pipakupak Bt.;46.594;18.2012;Hétfő 05:30-15:00|Kedd 05:30-15:00|Szerda 05:30-15:00|Csütörtök 05:30-15:00|Péntek 05:30-15:00|Szombat 06:00-10:00
2094;Pest;Nagykovácsi;Kossuth Lajos utca 22.;Niko Team Bt;47.575676650000005;18.88761365;Hétfő 07:00-22:00|Kedd 07:00-22:00|Szerda 07:00-22:00|Csütörtök 07:00-22:00|Péntek 07:00-22:00|Szombat 08:00-22:00|Vasárnap 08:00-20:00
7741;Jász-Nagykun-Szolnok;Nagykozár;Ifjúság utca 17.;Gyurák Mátyásné;46.0693;18.3151;Hétfő 05:30-17:45|Kedd 05:30-17:45|Szerda 05:30-17:45|Csütörtök 05:30-17:45|Péntek 05:30-17:45|Szombat 05:30-12:00|Vasárnap 06:30-11:00
2435;Fejér;Nagylók;Hunyadi utca 36.;Horta-Market Bt.;46.9742;18.6479;Hétfő 06:00-18:00|Kedd 06:00-18:00|Szerda 06:00-18:00|Csütörtök 06:00-18:00|Péntek 06:00-18:00|Szombat 06:00-18:00|Vasárnap 06:00-12:00
5931;Békés;Nagyszénás;Zrínyi Miklós utca 17.;Némedi Trafik Bt.;46.6705213;20.6815927;Hétfő 06:00-20:00|Kedd 06:00-20:00|Szerda 06:00-20:00|Csütörtök 06:00-20:00|Péntek 06:00-20:00|Szombat 06:00-20:00|Vasárnap 06:00-20:00
8248;Veszprém;Nemesvámos;Fészek utca 1/1.;Németh Ramóna;47.0518;17.8778;Hétfő 07:00-19:00|Kedd 07:00-19:00|Szerda 07:00-19:00|Csütörtök 07:00-19:00|Péntek 07:00-19:00|Szombat 07:00-15:00
4264;Hajdú-Bihar;Nyírábrány;Jókai utca 46.;Fercsi Dohánybolt Bt;47.5449;22.0152;Hétfő 06:00-20:00|Kedd 06:00-20:00|Szerda 06:00-20:00|Csütörtök 06:00-20:00|Péntek 06:00-20:00|Szombat 06:00-20:00|Vasárnap 08:00-20:00
4262;Hajdú-Bihar;Nyíracsád;Rákóczi utca 1.;Szopkó Erika;47.6016718;21.9716366;Hétfő 06:00-20:00|Kedd 06:00-20:00|Szerda 06:00-20:00|Csütörtök 06:00-20:00|Péntek 06:00-22:00|Szombat 06:00-22:00|Vasárnap 06:00-22:00
4400;Szabolcs-Szatmár-Bereg;Nyíregyháza;Északi körút 1.;West-rex 21 Bt.;47.9656;21.71;Hétfő 00:00-23:59|Kedd 00:00-23:59|Szerda 00:00-23:59|Csütörtök 00:00-23:59|Péntek 00:00-23:59|Szombat 00:00-23:59|Vasárnap 00:00-23:59
4400;Szabolcs-Szatmár-Bereg;Nyíregyháza;Fazekas János tér 11.;Harmónia Gold Bt;47.9603;21.7383;Hétfő 06:00-20:00|Kedd 06:00-20:00|Szerda 06:00-20:00|Csütörtök 06:00-20:00|Péntek 06:00-20:00|Szombat 06:00-20:00|Vasárnap 06:00-20:00
4311;Szabolcs-Szatmár-Bereg;Nyírgyulaj;Mártirok utca 12.;Halász COOP Trafik Bt.;47.8841;22.0886;Hétfő 06:30-17:00|Kedd 06:30-17:00|Szerda 06:30-17:00|Csütörtök 06:30-17:00|Péntek 06:30-17:00|Szombat 06:30-13:00
4564;Szabolcs-Szatmár-Bereg;Nyírmada;Ady E. utca 56.;Kiss Máté Zoltán;48.0694;22.1938;Hétfő 06:00-18:00|Kedd 06:00-18:00|Szerda 06:00-18:00|Csütörtök 06:00-18:00|Péntek 06:00-18:00|Szombat 06:00-15:00|Vasárnap 07:00-11:00
4263;Hajdú-Bihar;Nyírmártonfalva;Széchenyi utca 30.;Nyári Istvánné;47.581751;21.899448;Hétfő 05:00-20:00|Kedd 05:00-20:00|Szerda 05:00-20:00|Csütörtök 05:00-20:00|Péntek 05:00-20:00|Szombat 05:00-11:00|Vasárnap 05:00-11:00
9082;Győr-Moson-Sopron;Nyúl;Kossuth Lajos utca 98.;Paár Ernő;47.5874;17.6929;Hétfő 05:30-18:00|Kedd 05:30-18:00|Szerda 05:30-18:00|Csütörtök 05:30-18:00|Péntek 05:30-18:00|Szombat 05:30-12:00|Vasárnap 06:00-09:30
2364;Baranya;Ócsa;Damjanich utca 31.;2364 Vesz-Ad Bt.;47.3002;19.2333;Hétfő 06:00-20:00|Kedd 06:00-20:00|Szerda 06:00-20:00|Csütörtök 06:00-20:00|Péntek 06:00-20:00|Szombat 06:00-20:00|Vasárnap 07:00-13:00
2364;Baranya;Ócsa;Szabadság tér 1;Nagyiványi Bt;47.2928;19.2279;Hétfő 06:30-20:00|Kedd 06:30-20:00|Szerda 06:30-20:00|Csütörtök 06:30-20:00|Péntek 06:30-20:00|Szombat 06:30-17:00|Vasárnap 08:00-13:00
4558;Békés;Ófehértó;Alkotmány út 87.;Lévai István;47.9301;22.0359;Hétfő 06:00-20:00|Kedd 06:00-20:00|Szerda 06:00-20:00|Csütörtök 06:00-20:00|Péntek 06:00-20:00|Szombat 06:00-20:00|Vasárnap 06:00-20:00
6767;Baranya;Ópusztaszer;Felszabadulás utca 29.;Puszta Trafik Ker. Bt;46.4955;20.0669;Hétfő 06:00-18:00|Kedd 06:00-18:00|Szerda 06:00-18:00|Csütörtök 06:00-18:00|Péntek 06:00-18:00|Szombat 07:00-11:00|Vasárnap 07:00-11:00
6077;Zala;Orgovány;Kossuth Lajos utca 54.;Szabó Imréné;46.7518;19.4748;Hétfő 05:00-19:00|Kedd 05:00-19:00|Szerda 05:00-19:00|Csütörtök 05:00-19:00|Péntek 05:00-19:00|Szombat 05:00-13:00|Vasárnap 05:00-12:00
3743;Borsod-Abaúj-Zemplén;Ormosbánya;Petőfi tér 2.;Abaúj Trafikáru Bt.;48.3305;20.6513;Hétfő 06:00-14:00|Kedd 06:00-16:00|Szerda 06:00-16:00|Csütörtök 06:00-16:00|Péntek 06:00-16:00|Szombat 06:00-12:00
5900;Borsod-Abaúj-Zemplén;Orosháza;Árpád utca 1.;Nagy Marianna;46.5513;20.6737;Hétfő 06:00-20:00|Kedd 06:00-20:00|Szerda 06:00-20:00|Csütörtök 06:00-20:00|Péntek 06:00-20:00|Szombat 06:00-22:00|Vasárnap 06:00-20:00
5900;Borsod-Abaúj-Zemplén;Orosháza;Bajcsy-Zsilinszky utca 2.;Ilyés és Társa Trafik Bt;46.5569;20.6723;Hétfő 06:00-18:00|Kedd 06:00-18:00|Szerda 06:00-18:00|Csütörtök 06:00-18:00|Péntek 06:00-18:00|Szombat 06:00-14:00
5900;Borsod-Abaúj-Zemplén;Orosháza;Rákóczi utca 3-5.;Horváth Andrea Etelka;46.5578;20.6671;Hétfő 06:00-18:00|Kedd 06:00-18:00|Szerda 06:00-18:00|Csütörtök 06:00-18:00|Péntek 06:00-22:00|Szombat 06:00-22:00
2840;Borsod-Abaúj-Zemplén;Oroszlány;Rákóczi Ferenc utca 40.;Antal Róbert;47.4861;18.3136;Hétfő 04:00-22:00|Kedd 04:00-22:00|Szerda 04:00-22:00|Csütörtök 04:00-22:00|Péntek 04:00-22:00|Szombat 04:00-22:00|Vasárnap 04:00-22:00
3600;Veszprém;Ózd;Bolyki főút 67.;Dózsa Trafik Bt.;48.22555215;20.258199808075425;Hétfő 06:00-18:00|Kedd 06:00-18:30|Szerda 06:00-18:30|Csütörtök 06:00-18:30|Péntek 06:00-18:30|Szombat 06:00-14:00|Vasárnap 07:00-11:00
3600;Veszprém;Ózd;József Attila út 33.;Dózsa Trafik Bt.;48.2116;20.2958;Hétfő 06:00-18:00|Kedd 06:00-18:30|Szerda 06:00-18:30|Csütörtök 06:00-18:30|Péntek 06:00-18:30|Szombat 06:00-13:30|Vasárnap 07:00-11:00
3600;Veszprém;Ózd;Mekcsey út 153.;Dózsa Trafik Bt.;48.2286512;20.31495640339629;Hétfő 06:00-18:00|Kedd 06:00-18:30|Szerda 06:00-18:30|Csütörtök 06:00-18:30|Péntek 06:00-18:30|Szombat 06:00-14:00|Vasárnap 07:00-11:00
3600;Veszprém;Ózd;Nagy Imre út 39.;Pecsenye István Béla;48.2276;20.256;Hétfő 07:00-19:00|Kedd 07:00-19:00|Szerda 07:00-19:00|Csütörtök 07:00-19:00|Péntek 07:00-19:00|Szombat 07:00-15:00
3600;Veszprém;Ózd;Petőfi Sándor út 1.;Roskovenszkiné Jergel Noémi Rita;48.2254;20.2978;Hétfő 06:00-22:00|Kedd 06:00-22:00|Szerda 06:00-22:00|Csütörtök 06:00-22:00|Péntek 06:00-22:00|Szombat 06:00-22:00|Vasárnap 06:00-22:00
3600;Veszprém;Ózd;Vasvár út 27-29.;Petrány Éva;48.2146795;20.270838;Hétfő 05:00-23:00|Kedd 05:00-23:00|Szerda 05:00-23:00|Csütörtök 05:00-23:00|Péntek 05:00-23:00|Szombat 05:00-23:00|Vasárnap 06:00-14:00
3600;Veszprém;Ózd;Vasvár út 27/A;Bárdos Géza;48.2191;20.2851;Hétfő 06:00-18:00|Kedd 06:00-18:00|Szerda 06:00-18:00|Csütörtök 06:00-18:00|Péntek 06:00-18:00|Szombat 06:00-14:00
6075;Bács-Kiskun;Páhi;Széchenyi utca 10.;Damásdi Zoltán;46.7131;19.3884;Hétfő 06:00-18:00|Kedd 06:00-18:00|Szerda 06:00-18:00|Csütörtök 06:00-18:00|Péntek 06:00-18:00|Szombat 06:00-14:00|Vasárnap 06:00-10:00
7030;Tolna;Paks;Barátság utca 3.;Éger Tobacco Bt.;46.615;18.844;Hétfő 05:30-22:00|Kedd 05:30-22:00|Szerda 05:30-22:00|Csütörtök 05:30-22:00|Péntek 05:30-23:59|Szombat 06:00-23:59|Vasárnap 07:00-15:00
7030;Tolna;Paks;Dózsa György út 3.;Takács Sándorné;46.6263;18.8648;Hétfő 06:30-18:30|Kedd 06:30-18:30|Szerda 06:30-18:30|Csütörtök 06:30-18:30|Péntek 06:30-18:30|Szombat 06:30-17:00|Vasárnap 06:30-17:00
7027;Tolna;Paks;Építők útja 3.;Laczi Erzsébet Krisztina;46.6171;18.8422;Hétfő 05:00-22:00|Kedd 05:00-22:00|Szerda 05:00-22:00|Csütörtök 05:00-22:00|Péntek 05:00-23:59|Szombat 07:00-20:00|Vasárnap 07:00-20:00
7027;Tolna;Paks;Rosthy utca 6/2;Arány 2013 Bt;46.6248;18.8583;Hétfő 07:00-19:00|Kedd 07:00-19:00|Szerda 07:00-19:00|Csütörtök 07:00-19:00|Péntek 07:00-19:00|Szombat 07:00-15:00
2214;Pest;Pánd;Szabadság utca 2.;Kavipszol Bt.;47.353261;19.6379472;Hétfő 06:00-22:00|Kedd 06:00-22:00|Szerda 06:00-22:00|Csütörtök 06:00-22:00|Péntek 06:00-22:00|Szombat 06:00-22:00|Vasárnap 06:00-22:00
3060;Nógrád;Pásztó;Deák Ferenc utca 7.;Dudás Bertalan;47.9192802;19.6969843;Hétfő 07:00-21:00|Kedd 07:00-21:00|Szerda 07:00-21:00|Csütörtök 07:00-21:00|Péntek 07:00-23:00|Szombat 07:00-23:00|Vasárnap 08:00-21:00
3060;Nógrád;Pásztó;Fő út 28.;Muzsla Trafik Bt;47.9168;19.6975;Hétfő 05:00-21:00|Kedd 05:00-21:00|Szerda 05:00-21:00|Csütörtök 05:00-21:00|Péntek 05:00-21:00|Szombat 05:00-21:00|Vasárnap 08:00-12:00
2071;Pest;Páty;Somogyi Béla utca 3.;KRISZTINA TABAK-SHOP Bt.;47.5164288;18.8323011;Hétfő 06:00-21:00|Kedd 06:00-21:00|Szerda 06:00-21:00|Csütörtök 06:00-21:00|Péntek 06:00-21:00|Szombat 06:00-20:00|Vasárnap 07:00-18:00
2119;Pest;Pécel;Maglódi út 82.;Menkó Bt.;47.4768317;19.3432177;Hétfő 06:00-18:00|Kedd 06:00-18:00|Szerda 06:00-18:00|Csütörtök 06:00-18:00|Péntek 06:00-18:00|Szombat 08:00-14:00
2119;Pest;Pécel;Pesti út 123-125.;Schwarczer László Tamás;47.4901567;19.3363516;Hétfő 08:00-18:00|Kedd 08:00-18:00|Szerda 08:00-18:00|Csütörtök 08:00-18:00|Péntek 08:00-18:00|Szombat 08:00-15:00
7600;Baranya;Pécs;Berek utca 6.;Lolly Shop Bt.;46.0453;18.2198;Hétfő 07:00-19:00|Kedd 07:00-19:00|Szerda 07:00-19:00|Csütörtök 07:00-19:00|Péntek 07:00-19:00|Szombat 07:00-19:00|Vasárnap 08:00-16:00
7600;Baranya;Pécs;Deák F. utca 2.;Ruzsiker Bt.;46.0852;18.2782;Hétfő 08:00-16:30|Kedd 08:00-16:30|Szerda 08:00-16:30|Csütörtök 08:00-16:30|Péntek 08:00-16:30|Szombat 08:00-12:00
7632;Baranya;Pécs;Éva utca 13-15.;Balu-Trafik Bt.;46.0456;18.2194;Hétfő 05:00-23:00|Kedd 05:00-23:00|Szerda 05:00-23:00|Csütörtök 05:00-23:00|Péntek 05:00-23:00|Szombat 05:00-23:00|Vasárnap 05:00-23:00
7600;Baranya;Pécs;Hajnal utca 1.;Gyenis Máté Gergely;46.0842;18.2463;Hétfő 06:00-20:00|Kedd 06:00-20:00|Szerda 06:00-20:00|Csütörtök 06:00-20:00|Péntek 06:00-20:00|Szombat 06:00-20:00|Vasárnap 06:00-20:00
7623;Baranya;Pécs;Indóház tér 2.;MAGMA TABAK Bt.;46.0673;18.2232;Hétfő 06:00-18:00|Kedd 06:00-18:00|Szerda 06:00-18:00|Csütörtök 06:00-18:00|Péntek 06:00-18:00|Szombat 08:00-16:00
7621;Baranya;Pécs;Jókai tér 7.;Szigeti Luca;46.0752;18.2278;Hétfő 08:00-20:00|Kedd 08:00-20:00|Szerda 08:00-20:00|Csütörtök 08:00-20:00|Péntek 08:00-20:00|Szombat 09:00-22:00|Vasárnap 14:00-20:00
7629;Baranya;Pécs;Komlói utca 63.;Huntabak Trafik Bt;46.0924;18.2682;Hétfő 06:00-20:00|Kedd 06:00-20:00|Szerda 06:00-20:00|Csütörtök 06:00-20:00|Péntek 06:00-20:00|Szombat 07:00-19:00
7600;Baranya;Pécs;Lánc utca 2.;Szigeti Luca;46.077;18.2391;Hétfő 06:00-22:00|Kedd 06:00-22:00|Szerda 06:00-22:00|Csütörtök 06:00-22:00|Péntek 06:00-22:00|Szombat 06:00-22:00|Vasárnap 06:00-22:00
2431;Fejér;Perkáta;Szabadság tér 2.;Bazsó Boltok Bt.;47.0509;18.7898;Hétfő 05:00-17:00|Kedd 05:00-17:00|Szerda 05:00-17:00|Csütörtök 05:00-17:00|Péntek 05:00-17:00|Szombat 06:00-14:00|Vasárnap 08:00-12:00
2209;Pest;Péteri;Petőfi Sándor utca 87.;Goldrem Invest Bt.;47.39;19.4093;Hétfő 05:00-22:00|Kedd 05:00-22:00|Szerda 05:00-22:00|Csütörtök 05:00-22:00|Péntek 05:00-22:00|Szombat 05:00-22:00|Vasárnap 06:00-16:00
8105;Veszprém;Pétfürdő;Liszt Ferenc utca 9.;VM Camel Bt.;47.1565;18.1258;Hétfő 06:00-18:30|Kedd 06:00-18:30|Szerda 06:00-18:30|Csütörtök 06:00-18:30|Péntek 06:00-18:30|Szombat 06:00-12:00|Vasárnap 06:00-11:00
8105;Veszprém;Pétfürdő;Temető út 1.;Végh Attila;47.1586;18.119;Hétfő 06:00-22:00|Kedd 06:00-22:00|Szerda 06:00-22:00|Csütörtök 06:00-22:00|Péntek 06:00-22:00|Szombat 06:00-22:00|Vasárnap 06:00-22:00
3023;Heves;Petőfibánya;Bánya út 2.;PETDOHÁNY Bt.;47.7655497;19.7015218;Hétfő 07:00-19:00|Kedd 07:00-19:00|Szerda 07:00-19:00|Csütörtök 07:00-19:00|Péntek 07:00-19:00|Szombat 08:00-19:00|Vasárnap 08:00-14:00
6113;Bács-Kiskun;Petőfiszállás;Kossuth utca 61.;Integrál-Trafik Bt.;46.6229;19.8623;Hétfő 06:00-17:00|Kedd 06:00-18:00|Szerda 06:00-18:00|Csütörtök 06:00-18:00|Péntek 06:00-18:00|Szombat 06:00-13:00|Vasárnap 07:00-11:00
2721;Pest;Pilis;Rákóczi utca 41.;Mani-Trafik Bt.;47.283;19.543;Hétfő 07:00-20:00|Kedd 07:00-20:00|Szerda 07:00-20:00|Csütörtök 07:00-20:00|Péntek 07:00-20:00|Szombat 07:00-20:00|Vasárnap 07:00-20:00
2721;Pest;Pilis;Táncsics Mihály utca 11.;Nagy Odett;47.2710429;19.5433771;Hétfő 07:00-19:00|Kedd 07:00-19:00|Szerda 07:00-19:00|Csütörtök 07:00-19:00|Péntek 07:00-19:00|Szombat 07:00-15:00|Vasárnap 08:00-12:00
2081;Pest;Piliscsaba;Vasút utca 14.;Mátraházi Zsolt József;47.6375;18.8298;Hétfő 05:00-19:00|Kedd 05:00-19:00|Szerda 05:00-19:00|Csütörtök 05:00-19:00|Péntek 05:00-19:00|Szombat 06:00-15:00|Vasárnap 08:00-12:00
2013;Vas;Pomáz;Beniczky utca 74.;ANALYSER Kkt.;47.6508368;19.0071105;Hétfő 06:00-18:00|Kedd 06:00-18:00|Szerda 06:00-18:00|Csütörtök 06:00-18:00|Péntek 06:00-18:00|Szombat 06:00-12:00|Vasárnap 06:00-12:00
2013;Vas;Pomáz;Dobogókői út 12.;Peringer Istvánné;47.6512;19.0012;Hétfő 06:00-20:00|Kedd 06:00-20:00|Szerda 06:00-20:00|Csütörtök 06:00-20:00|Péntek 06:00-20:00|Szombat 06:00-20:00|Vasárnap 06:00-20:00
3388;Somogy;Poroszló;Fő út 19.;Pola Trafik Bt.;47.6409727;20.6468668;Hétfő 06:00-19:00|Kedd 06:00-19:00|Szerda 06:00-19:00|Csütörtök 06:00-19:00|Péntek 06:00-19:00|Szombat 06:00-19:00|Vasárnap 07:00-16:00
5125;Zala;Pusztamonostor;Szabadság út 44.;B-Tabaco-OP Bt.;47.556;19.7928;Hétfő 06:15-18:00|Kedd 06:15-18:00|Szerda 06:15-18:00|Csütörtök 06:15-18:00|Péntek 06:15-18:00|Szombat 06:15-13:00|Vasárnap 07:00-11:00
2490;Fejér;Pusztaszabolcs;Sport utca 6.;ToMa Trafik Bt.;47.1388;18.7602;Hétfő 05:00-21:00|Kedd 05:00-21:00|Szerda 05:00-21:00|Csütörtök 05:00-21:00|Péntek 05:00-21:00|Szombat 07:00-21:00|Vasárnap 07:00-13:00
3630;Pest;Putnok;Kossuth út 32.;Dorogi István;48.2937;20.4388;Hétfő 06:30-18:30|Kedd 06:30-18:30|Szerda 06:30-18:30|Csütörtök 06:30-18:30|Péntek 06:30-18:30|Szombat 06:30-14:30
9142;Győr-Moson-Sopron;Rábapatona;István utca 5.;Makra István;47.624365299999994;17.481029200000002;Hétfő 06:00-18:00|Kedd 06:00-18:00|Szerda 06:00-18:00|Csütörtök 06:00-18:00|Péntek 06:00-18:00|Szombat 06:00-15:00|Vasárnap 06:00-12:00
2300;Pest;Ráckeve;Bajcsy-Zsilinszky utca 9.;Zakariás Lászlóné;47.1574935;18.9429898;Hétfő 06:00-18:00|Kedd 06:00-18:00|Szerda 06:00-18:00|Csütörtök 06:00-18:00|Péntek 06:00-18:00|Szombat 06:00-13:00|Vasárnap 06:00-13:00
3245;Heves;Recsk;Kossuth Lajos út 95.;Bélkő Tabak Bt.;47.932;20.1043;Hétfő 05:00-20:00|Kedd 05:00-20:00|Szerda 05:00-20:00|Csütörtök 05:00-20:00|Péntek 05:00-20:00|Szombat 06:00-14:00
3245;Heves;Recsk;Kossuth Lajos utca 83.;Eged István;47.9308;20.1031;Hétfő 07:00-19:00|Kedd 07:00-19:00|Szerda 07:00-19:00|Csütörtök 07:00-19:00|Péntek 07:00-19:00|Szombat 07:00-15:00
7193;Tolna;Regöly;Hunyadi utca 34.;Huth Bt;46.5788;18.3812;Hétfő 06:30-18:00|Kedd 06:30-18:00|Szerda 06:30-18:00|Csütörtök 06:30-18:00|Péntek 06:30-18:00|Szombat 07:00-11:00
3033;Csongrád;Rózsaszentmárton;Deák Ferenc út 47.;Renáta-Coop Bt.;47.7869;19.7418;Hétfő 06:00-20:00|Kedd 06:00-20:00|Szerda 06:00-20:00|Csütörtök 06:00-20:00|Péntek 06:00-20:00|Szombat 06:00-18:00|Vasárnap 07:00-18:00
3733;Borsod-Abaúj-Zemplén;Rudabánya;Petőfi Sándor út 1/A.;Toja Trafik Bt.;48.3759;20.6197;Hétfő 06:00-18:30|Kedd 06:00-18:30|Szerda 06:00-18:30|Csütörtök 06:00-18:30|Péntek 06:00-18:30|Szombat 06:00-13:30|Vasárnap 07:00-11:00
3792;Borsod-Abaúj-Zemplén;Sajóbábony;Erkel Ferenc út 1/1;Gazda Lajos;48.18;20.7393;Hétfő 05:30-17:30|Kedd 05:30-17:30|Szerda 05:30-17:30|Csütörtök 05:30-17:30|Péntek 05:30-17:30|Szombat 07:00-12:00|Vasárnap 07:00-12:00
3792;Borsod-Abaúj-Zemplén;Sajóbábony;Széchenyi utca 24.;Heltai Vilmos;48.1782;20.7397;Hétfő 06:00-20:00|Kedd 06:00-20:00|Szerda 06:00-20:00|Csütörtök 06:00-20:00|Péntek 06:00-20:00|Szombat 06:00-20:00|Vasárnap 06:00-20:00
3791;Borsod-Abaúj-Zemplén;Sajókeresztúr;Rákóczi út 64.;Páva Trafik Bt.;48.1701;20.7766;Hétfő 06:30-16:30|Kedd 06:30-16:30|Szerda 06:30-16:30|Csütörtök 06:30-16:30|Péntek 06:30-16:30|Szombat 06:30-12:30|Vasárnap 07:00-11:00
3770;Borsod-Abaúj-Zemplén;Sajószentpéter;Bercsényi utca 2.;Dávid Tabak BT;48.2193;20.7111;Hétfő 06:00-20:00|Kedd 06:00-20:00|Szerda 06:00-20:00|Csütörtök 06:00-20:00|Péntek 06:00-20:00|Szombat 06:00-20:00|Vasárnap 08:00-18:00
3770;Borsod-Abaúj-Zemplén;Sajószentpéter;Harica tér 3.;Csibo Bt.;48.2134;20.7085;Hétfő 09:00-17:00|Kedd 09:00-17:00|Szerda 09:00-17:00|Csütörtök 09:00-17:00|Péntek 09:00-17:00|Szombat 09:00-13:00
6762;Csongrád;Sándorfalva;Alkotmány körút 14.;Szél Ferenc Csaba;46.362;20.0978;Hétfő 05:30-21:00|Kedd 05:30-21:00|Szerda 05:30-21:00|Csütörtök 05:30-21:00|Péntek 05:30-21:00|Szombat 05:30-21:00|Vasárnap 06:00-21:00
5720;Békés;Sarkad;Vasút utca 28.;Szabó Éva;46.7407299;21.3918872;Hétfő 06:00-18:30|Kedd 06:00-18:30|Szerda 06:00-18:30|Csütörtök 06:00-18:30|Péntek 06:00-18:30|Szombat 06:00-14:00|Vasárnap 06:30-11:00
8125;Fejér;Sárkeresztúr;Petőfi Sándor utca 23.;Ludányi Jánosné;46.9991;18.5547;Hétfő 06:00-20:00|Kedd 06:00-20:00|Szerda 06:00-20:00|Csütörtök 06:00-20:00|Péntek 06:00-20:00|Szombat 06:00-12:00|Vasárnap 06:00-10:00
8126;Fejér;Sárszentágota;Dózsa György utca 5.;Nagy Győzőné;46.9667;18.5624;Hétfő 08:00-18:00|Kedd 08:00-18:00|Szerda 08:00-18:00|Csütörtök 08:00-18:00|Péntek 08:00-18:00|Szombat 07:00-11:00|Vasárnap 08:00-10:00
8111;Fejér;Seregélyes;Fő út 194.;Alba Trafik Bt;47.1091;18.5827;Hétfő 06:00-18:00|Kedd 06:00-18:00|Szerda 06:00-18:00|Csütörtök 06:00-18:00|Péntek 06:00-18:00|Szombat 06:00-18:00|Vasárnap 06:00-18:00
7171;Tolna;Sióagárd;Rákóczi utca 3.;Manager Trafik Bt.;46.3923;18.6509;Hétfő 06:00-14:00|Kedd 06:00-18:00|Szerda 06:00-18:00|Csütörtök 06:00-18:00|Péntek 06:00-18:00|Szombat 06:00-11:00|Vasárnap 07:00-10:00
8897;Győr-Moson-Sopron;Söjtör;Deák Ferenc utca 185.;Vizsi és Garo Bt.;46.6641864;16.8483366;Hétfő 04:30-19:00|Kedd 04:30-19:00|Szerda 04:30-19:00|Csütörtök 04:30-19:00|Péntek 04:30-22:00|Szombat 07:00-22:00|Vasárnap 07:00-20:00
6230;Veszprém;Soltvadkert;Dr. Gratzer István utca 3.;Kárpáti János Gergő;46.581455;19.393982;Hétfő 05:00-20:00|Kedd 05:00-20:00|Szerda 05:00-20:00|Csütörtök 05:00-20:00|Péntek 05:00-20:00|Szombat 05:00-23:59|Vasárnap 05:00-20:00
2083;Somogy;Solymár;Terstyánszky Ödön utca 94.;2Bacco Bt.;47.597;18.9291;Hétfő 06:00-20:00|Kedd 06:00-20:00|Szerda 06:00-20:00|Csütörtök 06:00-20:00|Péntek 06:00-20:00|Szombat 06:00-19:00|Vasárnap 07:00-18:00
8684;Somogy;Somogybabod;Ady Endre utca 12.;Csek Győzőné;46.6807;17.7731;Hétfő 07:00-21:00|Kedd 07:00-21:00|Szerda 07:00-21:00|Csütörtök 07:00-21:00|Péntek 07:00-21:00|Szombat 07:00-21:00|Vasárnap 07:00-21:00
2241;Zala;Sülysáp;Vasút utca 48.;Dézsé Dohány Bt.;47.4524;19.528;Hétfő 06:00-18:00|Kedd 06:00-18:00|Szerda 06:00-18:00|Csütörtök 06:00-18:00|Péntek 06:00-18:00|Szombat 06:00-18:00|Vasárnap 07:00-12:00
5712;Békés;Szabadkígyós;Ókígyósi út 162.;Perza András;46.599;21.0644;Hétfő 06:00-18:00|Kedd 06:00-18:00|Szerda 06:00-18:00|Csütörtök 06:00-18:00|Péntek 06:00-18:00|Szombat 07:00-12:00|Vasárnap 07:00-10:00
3863;Borsod-Abaúj-Zemplén;Szalaszend;József Attila út 4/A.;Weigert-Tóth Zsuzsanna;48.3851;21.1269;Hétfő 00:00-23:59|Kedd 08:00-21:00|Szerda 08:00-21:00|Csütörtök 08:00-21:00|Péntek 08:00-21:00|Szombat 08:00-21:00|Vasárnap 08:00-21:00
6763;Csongrád;Szatymaz;Vasút utca 7.;Tápai Szilvia;46.3443;20.0442;Hétfő 06:00-20:00|Kedd 06:00-20:00|Szerda 06:00-20:00|Csütörtök 06:00-20:00|Péntek 06:00-20:00|Szombat 06:00-14:00
2440;Pest;Százhalombatta;Kodály Zoltán sétány 32.;Oláh Gábor;47.3136828;18.9071343;Hétfő 06:00-18:00|Kedd 06:00-18:00|Szerda 06:00-18:00|Csütörtök 06:00-18:00|Péntek 06:00-18:00|Szombat 06:00-14:00
2440;Pest;Százhalombatta;Olimpia utca 1.;Crane Tobacco Bt.;47.3156;18.915;Hétfő 04:30-23:00|Kedd 04:30-23:00|Szerda 04:30-23:00|Csütörtök 04:30-23:00|Péntek 04:30-23:00|Szombat 04:30-23:00|Vasárnap 04:30-23:00
6727;Csongrád;Szeged;Gábor Áron utca 24.;Workload Bt;46.2686;20.1768;Hétfő 06:00-22:00|Kedd 06:00-22:00|Szerda 06:00-22:00|Csütörtök 06:00-22:00|Péntek 06:00-22:00|Szombat 06:00-22:00|Vasárnap 06:00-21:00
6722;Csongrád;Szeged;Hajnóczy utca 30.;Körút Trafik BT;46.2552;20.1404;Hétfő 07:00-21:30|Kedd 07:00-21:30|Szerda 07:00-21:30|Csütörtök 07:00-21:30|Péntek 07:00-21:30|Szombat 08:00-18:00|Vasárnap 08:00-14:00
6635;Csongrád;Szegvár;Mindszenti út 14.;Papp Beáta Trafik Bt.;46.5793;20.2238;Hétfő 05:00-21:00|Kedd 05:00-21:00|Szerda 05:00-21:00|Csütörtök 05:00-21:00|Péntek 05:00-23:00|Szombat 06:00-23:00|Vasárnap 06:00-20:00
8000;Fejér;Székesfehérvár;Beregszászi út 2.;Trafik Shop 2013 BT.;47.1958;18.4477;Hétfő 06:00-19:00|Kedd 06:00-19:00|Szerda 06:00-19:00|Csütörtök 06:00-19:00|Péntek 06:00-19:00|Szombat 07:00-15:00|Vasárnap 07:00-13:00
8000;Fejér;Székesfehérvár;Berényi út 3.;Bogyó Tibor;47.1995;18.4193;Hétfő 06:00-22:00|Kedd 06:00-22:00|Szerda 06:00-22:00|Csütörtök 06:00-22:00|Péntek 06:00-22:00|Szombat 08:00-22:00|Vasárnap 08:00-12:00
7100;Tolna;Szekszárd;Béri Balogh Ádám utca 50.;Meko-traffik Bt;46.34083625;18.701368799926037;Hétfő 00:00-23:59|Kedd 00:00-23:59|Szerda 00:00-23:59|Csütörtök 00:00-23:59|Péntek 00:00-23:59|Szombat 00:00-23:59|Vasárnap 00:00-23:59
7100;Tolna;Szekszárd;Rákóczi utca 74-76.;Maxi Tabak Bt.;46.3585551;18.7036026;Hétfő 06:00-18:00|Kedd 06:00-18:00|Szerda 06:00-18:00|Csütörtök 06:00-18:00|Péntek 06:00-18:00|Szombat 06:00-14:00
7100;Tolna;Szekszárd;Wesselényi utca 18.;Merkl Krisztina;46.3444;18.7065;Hétfő 06:00-21:30|Kedd 06:00-21:30|Szerda 06:00-21:30|Csütörtök 06:00-21:30|Péntek 06:00-21:30|Szombat 06:00-21:30|Vasárnap 06:00-17:30
3751;Borsod-Abaúj-Zemplén;Szendrőlád;Fő út 36.;Géber Filter Coop Bt;48.3422;20.7432;Hétfő 07:30-15:30|Kedd 07:30-15:30|Szerda 07:30-15:30|Csütörtök 07:30-15:30|Péntek 07:30-15:30|Szombat 07:30-11:30
2000;Pest;Szentendre;Rózsa utca 2.;Sz3rkafe Bt;47.6549044;19.0717605;Hétfő 06:00-21:00|Kedd 06:00-21:00|Szerda 06:00-21:00|Csütörtök 06:00-21:00|Péntek 06:00-21:00|Szombat 06:00-21:00|Vasárnap 08:00-16:00
8444;Veszprém;Szentgál;Hunyadi utca 51/A.;Deli Henriett;47.1146;17.7395;Hétfő 05:00-20:00|Kedd 05:00-20:00|Szerda 05:00-20:00|Csütörtök 05:00-20:00|Péntek 05:00-20:00|Szombat 06:00-14:00
9970;Vas;Szentgotthárd;Széll Kálmán tér 19.;Serfecz Tibor;46.9535603;16.2740884;Hétfő 05:00-18:00|Kedd 05:00-18:00|Szerda 05:00-18:00|Csütörtök 05:00-18:00|Péntek 05:00-18:00|Szombat 07:00-15:00
9955;Vas;Szentgotthárd;Széll Kálmán tér 20.;Vincze Csaba;46.9531;16.2735;Hétfő 05:00-23:00|Kedd 05:00-23:00|Szerda 05:00-23:00|Csütörtök 05:00-23:00|Péntek 05:00-23:00|Szombat 05:00-23:00|Vasárnap 08:00-20:00
7936;Baranya;Szentlászló;Rákóczi utca 43.;Spanenberger Attiláné;46.148;17.8317;Hétfő 05:30-18:00|Kedd 05:30-18:00|Szerda 05:30-18:00|Csütörtök 05:30-18:00|Péntek 05:30-18:00|Szombat 05:30-12:00
2254;Pest;Szentmártonkáta;Vasútsor utca 1.;Puskás Melinda;47.4331;19.6788;Hétfő 05:00-19:00|Kedd 05:00-19:00|Szerda 05:00-19:00|Csütörtök 05:00-19:00|Péntek 05:00-19:00|Szombat 06:00-14:00|Vasárnap 07:00-12:00
3900;Borsod-Abaúj-Zemplén;Szerencs;Rákóczi utca 104.;Game-Oriental Trade Bt;48.1614;21.206;Hétfő 06:00-18:00|Kedd 06:00-18:00|Szerda 06:00-18:00|Csütörtök 06:00-18:00|Péntek 06:00-18:00|Szombat 06:00-18:00|Vasárnap 07:00-12:00
3900;Borsod-Abaúj-Zemplén;Szerencs;Rákóczi utca 16.;Drexler Trafik Bt;48.1613;21.1924;Hétfő 07:00-19:00|Kedd 07:00-19:00|Szerda 07:00-19:00|Csütörtök 07:00-19:00|Péntek 07:00-19:00|Szombat 07:00-19:00|Vasárnap 08:00-12:00
2315;Pest;Szigethalom;Mű út 152.;ABM ker. szolg. Bt.;47.3226;19.0128;Hétfő 00:00-23:59|Kedd 00:00-23:59|Szerda 00:00-23:59|Csütörtök 00:00-23:59|Péntek 00:00-23:59|Szombat 00:00-23:59|Vasárnap 00:00-23:59
2318;Pest;Szigetszentmárton;Kossuth L. utca 23;ABM ker. szolg. Bt.;47.2285;18.9583;Hétfő 06:00-22:00|Kedd 06:00-22:00|Szerda 06:00-22:00|Csütörtök 06:00-22:00|Péntek 06:00-22:00
2310;Pest;Szigetszentmiklós;Árpád utca 50.;Brucker Plusz Kereskedelmi Bt.;47.3477;19.0449;Hétfő 06:00-19:00|Kedd 06:00-19:00|Szerda 06:00-19:00|Csütörtök 06:00-19:00|Péntek 06:00-19:00|Szombat 07:00-15:00|Vasárnap 07:00-15:00
2310;Pest;Szigetszentmiklós;Bajcsy-Zsilinszky út 24.;TURTABAK Bt.;47.3392;19.036;Hétfő 06:00-18:00|Kedd 06:00-18:00|Szerda 06:00-18:00|Csütörtök 06:00-18:00|Péntek 06:00-18:00|Szombat 08:00-16:00
2310;Pest;Szigetszentmiklós;Gyári út 14.;Szikra Trafik Bt.;47.3379;19.0378;Hétfő 05:00-20:00|Kedd 05:00-20:00|Szerda 05:00-20:00|Csütörtök 05:00-20:00|Péntek 05:00-20:00|Szombat 05:00-20:00|Vasárnap 05:00-20:00
2310;Pest;Szigetszentmiklós;Ősz utca 18.;Szikra Trafik Bt.;47.3518;19.0258;Hétfő 05:00-20:00|Kedd 05:00-20:00|Szerda 05:00-20:00|Csütörtök 05:00-20:00|Péntek 05:00-20:00|Szombat 05:00-20:00|Vasárnap 05:00-20:00
3377;Heves;Szihalom;Kossuth út 67.;Dománné Csicsman Ágnes;47.7788;20.479;Hétfő 06:00-18:00|Kedd 06:00-18:00|Szerda 06:00-18:00|Csütörtök 06:00-18:00|Péntek 06:00-18:00|Szombat 06:00-20:00|Vasárnap 06:00-12:00
3800;Borsod-Abaúj-Zemplén;Szikszó;Miskolci út 83.;Gunyáné Kiss Eleonóra;48.1871;20.9237;Hétfő 06:00-22:00|Kedd 06:00-22:00|Szerda 06:00-22:00|Csütörtök 06:00-22:00|Péntek 06:00-22:00|Szombat 06:00-22:00|Vasárnap 06:00-22:00
9326;Győr-Moson-Sopron;Szil;Város utca 56.;Je-Li 2003 ker. és Szolg. Bt.;47.5037;17.2307;Hétfő 06:00-18:00|Kedd 06:00-18:00|Szerda 06:00-18:00|Csütörtök 06:00-18:00|Péntek 06:00-18:00|Szombat 06:00-14:00|Vasárnap 08:00-10:00
3711;Borsod-Abaúj-Zemplén;Szirmabesenyő;Széchenyi út 52.;Oli-Zé Bt.;48.1474;20.8027;Hétfő 06:00-20:00|Kedd 06:00-20:00|Szerda 06:00-20:00|Csütörtök 06:00-20:00|Péntek 06:00-20:00|Szombat 12:00-21:00|Vasárnap 12:00-20:00
2628;Pest;Szob;Rév utca 625/3;Zombori Edina;47.817;18.8632;Hétfő 06:30-19:00|Kedd 06:30-19:00|Szerda 06:30-19:00|Csütörtök 06:30-19:00|Péntek 06:30-19:00|Szombat 06:30-19:00|Vasárnap 07:00-15:00
2133;Jász-Nagykun-Szolnok;Sződliget;Dunai fasor 1.;Tóth Zsolt;47.728;19.1546;Hétfő 05:00-19:00|Kedd 05:00-19:00|Szerda 05:00-19:00|Csütörtök 05:00-19:00|Péntek 05:00-19:00|Szombat 06:00-18:00|Vasárnap 07:00-13:00
2133;Jász-Nagykun-Szolnok;Sződliget;Meggyfa utca 38.;Sümegi Ipari és Vend. Bt;47.7363;19.1464;Hétfő 08:00-20:00|Kedd 08:00-20:00|Szerda 08:00-20:00|Csütörtök 08:00-20:00|Péntek 08:00-20:00|Szombat 08:00-20:00|Vasárnap 08:00-20:00
5000;Veszprém;Szolnok;Felső Szandai rét 1.;MIN-Team Bt.;47.159;20.1976;Hétfő 06:00-22:00|Kedd 06:00-22:00|Szerda 06:00-22:00|Csütörtök 06:00-22:00|Péntek 06:00-22:00|Szombat 06:00-22:00|Vasárnap 07:00-20:00
5000;Veszprém;Szolnok;Kőrösi út 33.;Balázs Bt.;47.1642;20.1584;Hétfő 06:00-18:00|Kedd 06:00-18:00|Szerda 06:00-18:00|Csütörtök 06:00-18:00|Péntek 06:00-18:00|Szombat 06:00-12:00
5008;Somogy;Szolnok;Krúdy Gyula út 108.;Martin Priest Bt.;47.1228;20.2123;Hétfő 06:00-20:00|Kedd 06:00-20:00|Szerda 06:00-20:00|Csütörtök 06:00-20:00|Péntek 06:00-20:00|Szombat 06:00-20:00|Vasárnap 06:00-20:00
2896;Baranya;Szomód;Fő utca 36.;Horváthné Huczka Mária;47.6847;18.339;Hétfő 05:30-17:30|Kedd 05:30-17:30|Szerda 05:30-17:30|Csütörtök 05:30-17:30|Péntek 05:30-17:30|Szombat 06:30-12:00|Vasárnap 07:00-11:00
2822;Borsod-Abaúj-Zemplén;Szomor;Gyermelyi út 3.;Halász Trafik Bt;47.5919;18.6635;Hétfő 07:00-17:00|Kedd 07:00-17:00|Szerda 07:00-17:00|Csütörtök 07:00-17:00|Péntek 07:00-17:00|Szombat 07:00-11:00|Vasárnap 08:00-11:00
3064;Baranya;Szurdokpüspöki;Szabadság út 169.;Botond-3 Bt;47.8668;19.6969;Hétfő 06:30-18:00|Kedd 06:30-18:00|Szerda 06:30-18:00|Csütörtök 06:30-18:00|Péntek 06:30-18:00|Szombat 06:30-12:00
6224;Bács-Kiskun;Tabdi;Szent István utca 2.;Kurucz Zsolt;46.6845;19.3079;Hétfő 06:30-18:00|Kedd 06:30-18:00|Szerda 06:30-18:00|Csütörtök 06:30-18:00|Péntek 06:30-18:00|Szombat 06:30-12:00|Vasárnap 07:00-11:30
2335;Pest;Taksony;Fő út 32.;He-Gi-Er Dohánykereskedelmi Bt.;47.3359;19.0666;Hétfő 06:00-20:00|Kedd 06:00-20:00|Szerda 06:00-20:00|Csütörtök 06:00-20:00|Péntek 06:00-20:00|Szombat 06:00-20:00|Vasárnap 06:00-20:00
2335;Pest;Taksony;Fő út 41.;Taksonyi Dohány Bt;47.3354;19.0665;Hétfő 06:00-20:00|Kedd 06:00-20:00|Szerda 06:00-20:00|Csütörtök 06:00-20:00|Péntek 06:00-20:00|Szombat 06:00-20:00|Vasárnap 07:00-20:00
7090;Tolna;Tamási;Szabadság utca 56.;Dám Trafik Bt.;46.6956642;18.1873676;Hétfő 07:00-19:00|Kedd 07:00-19:00|Szerda 07:00-19:00|Csütörtök 07:00-19:00|Péntek 07:00-19:00|Szombat 08:00-13:00
7090;Tolna;Tamási;Zrínyi utca 2.;Schwalm József;46.6369;18.2818;Hétfő 06:00-19:00|Kedd 06:00-19:00|Szerda 06:00-19:00|Csütörtök 06:00-19:00|Péntek 06:00-19:00|Szombat 06:00-12:00
2764;Pest;Tápióbicske;Rákóczi út 85.;Túróczi Judith;47.3623;19.6879;Hétfő 05:00-20:00|Kedd 05:00-20:00|Szerda 05:00-20:00|Csütörtök 05:00-20:00|Péntek 05:00-20:00|Szombat 07:00-16:00|Vasárnap 07:00-16:00
2711;Pest;Tápiószentmárton;Sőregi út 1.;Pikk-Pakk HNK Trafik Bt;47.3309;19.7554;Hétfő 06:00-19:00|Kedd 06:00-19:00|Szerda 06:00-19:00|Csütörtök 06:00-19:00|Péntek 06:00-19:00|Szombat 06:00-14:00|Vasárnap 06:00-14:00
2769;Pest;Tápiószőlős;Kossuth Lajos út 42.;Józsáné Molnár Andrea;47.293515;19.837447;Hétfő 06:00-20:00|Kedd 06:00-20:00|Szerda 06:00-20:00|Csütörtök 06:00-20:00|Péntek 06:00-20:00|Szombat 06:00-20:00|Vasárnap 07:00-16:00
8297;Veszprém;Tapolca;Alkotmány utca 11.;Tiamo Grafika Bt.;46.8846;17.428;Hétfő 08:30-17:00|Kedd 08:30-17:00|Szerda 08:30-17:00|Csütörtök 08:30-17:00|Péntek 08:30-17:00|Szombat 08:00-12:00
3416;Borsod-Abaúj-Zemplén;Tard;Béke utca 143.;Mező Trafik Bt;47.876;20.6027;Hétfő 06:00-17:00|Kedd 06:00-17:00|Szerda 06:00-17:00|Csütörtök 06:00-17:00|Péntek 06:00-17:00|Szombat 06:00-12:00|Vasárnap 07:00-11:00
2461;Pest;Tárnok;Rákóczi út 43.;Pécsvári Trafik Bt.;47.3640234;18.862251487208216;Hétfő 06:00-21:00|Kedd 06:00-21:00|Szerda 06:00-21:00|Csütörtök 06:00-21:00|Péntek 06:00-21:00|Szombat 06:00-21:00|Vasárnap 06:00-21:00
6098;Bács-Kiskun;Tass;Jókai utca 2.;Csabai Vivien;47.014;19.0313;Hétfő 05:00-18:00|Kedd 05:00-18:00|Szerda 05:00-18:00|Csütörtök 05:00-18:00|Péntek 05:00-18:00|Szombat 06:00-14:00|Vasárnap 06:00-14:00
2800;Komárom-Esztergom;Tatabánya;Bánhidai lakótelep 108;Kissné Töltési Éva;47.5782;18.3895;Hétfő 06:00-21:00|Kedd 06:00-21:00|Szerda 06:00-21:00|Csütörtök 06:00-21:00|Péntek 06:00-21:00|Szombat 06:00-21:00|Vasárnap 06:00-21:00
2800;Komárom-Esztergom;Tatabánya;Fő tér 14/D;TALIZMÁN TABAK Bt.;47.5843;18.3979;Hétfő 07:00-19:00|Kedd 07:00-19:00|Szerda 07:00-19:00|Csütörtök 07:00-19:00|Péntek 07:00-19:00|Szombat 08:00-16:00
2800;Komárom-Esztergom;Tatabánya;Gál István lakótelep 715;Három-Saller Bt.;47.5607;18.4171;Hétfő 05:00-18:00|Kedd 05:00-18:00|Szerda 05:00-18:00|Csütörtök 05:00-18:00|Péntek 05:00-18:00|Szombat 08:00-16:00|Vasárnap 08:00-12:00
2089;Pest;Telki;Muskátli utca 1/A;Lord Trafik Szolg. Bt;47.5507;18.8205;Hétfő 06:00-22:00|Kedd 06:00-22:00|Szerda 06:00-22:00|Csütörtök 06:00-22:00|Péntek 06:00-22:00|Szombat 06:00-18:00
9100;Győr-Moson-Sopron;Tét;Fő utca 129.;ÉVA-TOBACCO Bt.;47.5140099;17.5150613;Hétfő 07:00-19:00|Kedd 07:00-19:00|Szerda 07:00-19:00|Csütörtök 07:00-19:00|Péntek 07:00-19:00|Szombat 07:00-15:00
3423;Borsod-Abaúj-Zemplén;Tibolddaróc;Kácsi út 4.;Mező Trafik Bt;47.9222;20.6344;Hétfő 06:30-17:30|Kedd 06:30-17:30|Szerda 06:30-17:30|Csütörtök 06:30-17:30|Péntek 06:30-17:30|Szombat 06:30-12:00|Vasárnap 07:00-11:00
5211;Jász-Nagykun-Szolnok;Tiszapüspöki;Fő út 125.;Juhász Krisztina;47.2121;20.324;Hétfő 06:00-20:00|Kedd 06:00-20:00|Szerda 06:00-20:00|Csütörtök 06:00-20:00|Péntek 06:00-20:00|Szombat 08:00-16:00|Vasárnap 08:00-16:00
5234;Jász-Nagykun-Szolnok;Tiszaroff;Szabadság út 41.;Micro-Szűcs-Família Bt.;47.3971;20.4307;Hétfő 06:00-18:00|Kedd 06:00-18:00|Szerda 06:00-18:00|Csütörtök 06:00-18:00|Péntek 06:00-18:00|Szombat 06:00-12:00|Vasárnap 07:00-11:00
5061;Jász-Nagykun-Szolnok;Tiszasüly;Kiséri út 36.;Pollák Tibor Istvánné;47.3923;20.3873;Hétfő 06:00-17:30|Kedd 06:00-17:30|Szerda 06:00-17:30|Csütörtök 06:00-17:30|Péntek 06:00-17:30|Szombat 06:00-12:00|Vasárnap 07:00-10:00
2252;Pest;Tóalmás;Béke utca 41;Magyar Tiborné;47.5085;19.6634;Hétfő 06:00-20:00|Kedd 06:00-20:00|Szerda 06:00-20:00|Csütörtök 06:00-20:00|Péntek 06:00-20:00|Szombat 06:00-14:00|Vasárnap 06:00-14:00
7130;Jász-Nagykun-Szolnok;Tolna;Alkotmány utca 22.;Merkl Krisztina;46.4198;18.7697;Hétfő 05:30-19:30|Kedd 05:30-19:30|Szerda 05:30-19:30|Csütörtök 05:30-19:30|Péntek 05:30-19:30|Szombat 05:30-19:30|Vasárnap 06:30-11:30
7130;Jász-Nagykun-Szolnok;Tolna;Deák F. utca 7.;Tantos Csaba;46.4229;18.7857;Hétfő 05:30-19:30|Kedd 05:30-19:30|Szerda 05:30-19:30|Csütörtök 05:30-19:30|Péntek 05:30-19:30|Szombat 05:30-19:30|Vasárnap 06:00-11:00
9086;Bács-Kiskun;Töltéstava;József Attila utca 22.;Cser Tamás;47.6258;17.7374;Hétfő 07:00-19:00|Kedd 07:00-19:00|Szerda 07:00-19:00|Csütörtök 07:00-19:00|Péntek 07:00-19:00|Szombat 07:00-13:00
5324;Vas;Tomajmonostora;Széchenyi út 61/A.;Kovács Szabolcs István;47.4317;20.7017;Hétfő 06:00-18:00|Kedd 06:00-18:00|Szerda 06:00-18:00|Csütörtök 06:00-18:00|Péntek 06:00-18:00|Szombat 06:00-17:00|Vasárnap 06:00-11:00
2045;Zala;Törökbálint;Munkácsy Mihály utca 27-29.;Bánfi Róbert;47.4329128;18.9190043;Hétfő 05:00-20:00|Kedd 05:00-20:00|Szerda 05:00-20:00|Csütörtök 05:00-20:00|Péntek 05:00-20:00|Szombat 07:00-15:00|Vasárnap 07:00-15:00
5200;Veszprém;Törökszentmiklós;Budai Nagy Antal utca 1.;Krech Tobacco Bt.;47.1784213;20.4116192;Hétfő 08:00-20:00|Kedd 08:00-20:00|Szerda 08:00-20:00|Csütörtök 08:00-20:00|Péntek 08:00-20:00|Szombat 09:00-20:00|Vasárnap 14:00-18:00
5200;Veszprém;Törökszentmiklós;Kossuth Lajos út 280.;Szivar Varázs Bt;47.1758;20.3863;Hétfő 06:00-18:00|Kedd 06:00-18:00|Szerda 06:00-18:00|Csütörtök 06:00-18:00|Péntek 06:00-18:00|Szombat 07:00-15:00
5200;Veszprém;Törökszentmiklós;Kossuth Lajos utca 98-100.;Miklós Trafik Bt.;47.1806;20.4181;Hétfő 06:00-20:00|Kedd 06:00-20:00|Szerda 06:00-20:00|Csütörtök 06:00-20:00|Péntek 06:00-20:00|Szombat 07:00-17:00|Vasárnap 07:00-13:00
5200;Veszprém;Törökszentmiklós;Kossuth út 189.;Takács György;47.1786;20.3991;Hétfő 06:00-21:00|Kedd 06:00-21:00|Szerda 06:00-21:00|Csütörtök 06:00-21:00|Péntek 06:00-21:00|Szombat 06:00-21:00|Vasárnap 07:00-19:00
5200;Veszprém;Törökszentmiklós;Pánthy Endre út 31.;Miklós-Inter Kereskedelmi és Szolgáltató Bt;47.1735;20.405;Hétfő 06:00-21:00|Kedd 06:00-21:00|Szerda 06:00-21:00|Csütörtök 06:00-21:00|Péntek 06:00-22:00|Szombat 06:00-22:00|Vasárnap 07:00-13:00
5091;Vas;Tószeg;Rákóczi út 39.;Szilágyiné Varga Andrea;47.1006;20.1484;Hétfő 06:00-18:00|Kedd 06:00-18:00|Szerda 06:00-18:00|Csütörtök 06:00-18:00|Péntek 06:00-18:00|Szombat 06:00-14:00
5420;Baranya;Túrkeve;István Király utca 3.;Hollósi Imre;47.1113;20.7459;Hétfő 06:00-20:00|Kedd 06:00-20:00|Szerda 06:00-20:00|Csütörtök 06:00-20:00|Péntek 06:00-20:00|Szombat 06:00-18:00|Vasárnap 06:00-16:00
5420;Baranya;Túrkeve;Kenyérmezei út 41.;Katanda Tabak Bt;47.1067;20.742;Hétfő 03:30-20:30|Kedd 03:30-20:30|Szerda 03:30-20:30|Csütörtök 03:30-20:30|Péntek 03:30-20:30|Szombat 06:00-22:00|Vasárnap 06:00-20:00
5420;Baranya;Túrkeve;Széchenyi út 54.;Hollósi Imre;47.1037;20.7414;Hétfő 06:00-20:00|Kedd 06:00-20:00|Szerda 06:00-20:00|Csütörtök 06:00-20:00|Péntek 06:00-20:00|Szombat 06:00-20:00|Vasárnap 06:00-20:00
5661;Békés;Újkígyós;Gyulai út 24.;Bandik Ziccer Bt.;46.5954;21.0304;Hétfő 05:00-21:00|Kedd 05:00-21:00|Szerda 05:00-21:00|Csütörtök 05:00-21:00|Péntek 05:00-21:00|Szombat 05:00-21:00|Vasárnap 05:00-21:00
5052;Jász-Nagykun-Szolnok;Újszász;Dózsa György út 11.;Répási Csaba;47.2908;20.0696;Hétfő 06:00-18:00|Kedd 06:00-18:00|Szerda 06:00-18:00|Csütörtök 06:00-18:00|Péntek 06:00-18:00|Szombat 07:00-12:00|Vasárnap 08:00-11:00
2225;Komárom-Esztergom;Üllő;Pesti út 15.;Saskáné Kadenszki Rozália;47.382;19.3517;Hétfő 06:00-18:00|Kedd 06:00-18:00|Szerda 06:00-18:00|Csütörtök 06:00-18:00|Péntek 06:00-18:00|Szombat 07:00-12:00|Vasárnap 07:00-12:00
2244;Szabolcs-Szatmár-Bereg;Úri;Kossuth utca 19.;Hajdú Krisztina;47.414;19.5256;Hétfő 06:00-16:00|Kedd 06:00-18:00|Szerda 06:00-18:00|Csütörtök 06:00-18:00|Péntek 06:00-18:00|Szombat 06:00-13:00|Vasárnap 07:00-11:00
6332;Pest;Uszód;Szabadság utca 21.;Nit-Trafik Bt;46.5693;18.9049;Hétfő 06:00-20:00|Kedd 06:00-20:00|Szerda 06:00-20:00|Csütörtök 06:00-20:00|Péntek 06:00-20:00|Szombat 06:00-20:00|Vasárnap 06:00-20:00
2600;Pest;Vác;Hársfa utca 2.;Berczelly Balázs;47.789;19.1195;Hétfő 06:00-22:00|Kedd 06:00-22:00|Szerda 06:00-22:00|Csütörtök 06:00-22:00|Péntek 06:00-22:00|Szombat 06:00-22:00|Vasárnap 08:00-17:00
2600;Pest;Vác;Magyar utca 5.;STRAUSZ TRAFIK Bt.;47.7746262;19.1407502;Hétfő 06:00-21:00|Kedd 06:00-21:00|Szerda 06:00-21:00|Csütörtök 06:00-21:00|Péntek 06:00-21:00|Szombat 07:00-15:00|Vasárnap 07:00-15:00
2600;Pest;Vác;Széchenyi utca 33.;Szandi&nóra Bt;47.7813;19.132;Hétfő 07:00-19:00|Kedd 07:00-19:00|Szerda 07:00-19:00|Csütörtök 07:00-19:00|Péntek 07:00-19:00|Szombat 08:00-16:00
2600;Pest;Vác;Széchenyi utca 40.;Hevér Dohány Bt;47.7821;19.1323;Hétfő 05:00-22:00|Kedd 05:00-22:00|Szerda 05:00-22:00|Csütörtök 05:00-22:00|Péntek 05:00-23:59|Szombat 05:00-23:59|Vasárnap 05:00-22:00
2114;Pest;Valkó;Szabadság út 47/A.;Pálma Tabak Bt;47.5642;19.5124;Hétfő 06:00-19:00|Kedd 06:00-19:00|Szerda 06:00-19:00|Csütörtök 06:00-19:00|Péntek 19:00-19:00|Szombat 07:00-15:00|Vasárnap 07:00-12:00
3778;Borsod-Abaúj-Zemplén;Varbó;Rákóczi út 46.;Unió Kertváros Bt.;48.1625;20.6213;Hétfő 06:30-17:00|Kedd 06:30-17:00|Szerda 06:30-17:00|Csütörtök 06:30-17:00|Péntek 06:30-17:00|Szombat 06:30-13:00|Vasárnap 07:00-11:00
8100;Veszprém;Várpalota;Bakony utca 8.;BB- Dohány Bt;47.201;18.1321;Hétfő 06:00-19:00|Kedd 06:00-19:00|Szerda 06:00-19:00|Csütörtök 06:00-19:00|Péntek 06:00-19:00|Szombat 06:00-19:00|Vasárnap 06:00-12:00
8100;Veszprém;Várpalota;Gárdonyi Géza utca 35.;BB- Dohány Bt;47.1991;18.143;Hétfő 06:00-19:00|Kedd 06:00-19:00|Szerda 06:00-19:00|Csütörtök 06:00-19:00|Péntek 06:00-19:00|Szombat 06:00-19:00|Vasárnap 06:00-12:00
4803;Szabolcs-Szatmár-Bereg;Vásárosnamény;Gulácsi út 1.;Salánki Mária;48.1258;22.3418;Hétfő 06:00-22:00|Kedd 06:00-22:00|Szerda 06:00-22:00|Csütörtök 06:00-22:00|Péntek 06:00-00:00|Szombat 06:00-00:00|Vasárnap 06:00-22:00
4800;Szabolcs-Szatmár-Bereg;Vásárosnamény;Szabadság tér 19.;Kiss Máté Zoltán;48.1295;22.3181;Hétfő 06:00-20:00|Kedd 06:00-20:00|Szerda 06:00-20:00|Csütörtök 06:00-20:00|Péntek 06:00-20:00|Szombat 06:00-20:00|Vasárnap 06:00-20:00
2220;Pest;Vecsés;Dózsa György utca 26.;Gedi Trafik Bt;47.4046;19.255;Hétfő 06:00-20:00|Kedd 06:00-20:00|Szerda 06:00-20:00|Csütörtök 06:00-20:00|Péntek 06:00-20:00|Szombat 07:00-15:00
2220;Pest;Vecsés;Fő út 190.;Gedi Trafik Bt;47.4117254;19.2703723;Hétfő 06:00-20:00|Kedd 06:00-20:00|Szerda 06:00-20:00|Csütörtök 06:00-20:00|Péntek 06:00-20:00|Szombat 07:00-15:00
2220;Pest;Vecsés;Iskola utca 24.;Barcsai Jenő;47.4055607;19.279357;Hétfő 06:00-20:00|Kedd 06:00-20:00|Szerda 06:00-20:00|Csütörtök 06:00-20:00|Péntek 06:00-20:00|Szombat 06:00-16:00
2481;Fejér;Velence;Fő utca 16.;Krauter Lilla Mária;47.237;18.6535;Hétfő 06:00-22:00|Kedd 06:00-22:00|Szerda 06:00-22:00|Csütörtök 06:00-22:00|Péntek 06:00-22:00|Szombat 06:00-22:00|Vasárnap 06:00-22:00
2481;Fejér;Velence;Iskola utca 2.;Bazsó Boltok Bt.;47.2231;18.6681;Hétfő 07:00-18:00|Kedd 07:00-18:00|Szerda 07:00-18:00|Csütörtök 07:00-18:00|Péntek 07:00-18:00|Szombat 07:00-13:00|Vasárnap 07:00-12:00
2112;Pest;Veresegyház;Fő út 70.;Süni Dohánybolt Bt.;47.6563;19.2865;Hétfő 05:00-23:00|Kedd 05:00-23:00|Szerda 05:00-23:00|Csütörtök 05:00-23:00|Péntek 05:00-23:59|Szombat 05:00-23:59|Vasárnap 08:00-23:00
3351;Heves;Verpelét;Kossuth Lajos út 71.;Mátraalja Tabak Bt;47.8463;20.2263;Hétfő 05:00-20:00|Kedd 05:00-20:00|Szerda 05:00-20:00|Csütörtök 05:00-20:00|Péntek 05:00-20:00|Szombat 06:00-14:00
8089;Fejér;Vértesacsa;Fő utca 48.;Falusi-Adolf Kereskedelmi BT.;47.3666;18.5786;Hétfő 06:00-19:00|Kedd 06:00-19:00|Szerda 06:00-19:00|Csütörtök 06:00-19:00|Péntek 06:00-19:00|Szombat 06:00-18:00|Vasárnap 07:00-16:00
9352;Győr-Moson-Sopron;Veszkény;Fő utca 67.;VÖL-COOP Kkt.;47.5969;17.0887;Hétfő 06:30-16:00|Kedd 06:30-16:00|Szerda 06:30-16:00|Csütörtök 06:30-16:00|Péntek 06:30-16:00|Szombat 06:00-12:00
8200;Veszprém;Veszprém;Almádi út 21.;Big Trafik Bt.;47.0831647;17.9228704;Hétfő 06:00-22:00|Kedd 06:00-22:00|Szerda 06:00-22:00|Csütörtök 06:00-22:00|Péntek 06:00-22:00|Szombat 06:00-22:00|Vasárnap 08:00-21:00
8200;Veszprém;Veszprém;Bajcsy-Zsilinszky Endre utca 18.;Családi Dohányker Bt.;47.0886;17.9159;Hétfő 07:00-19:00|Kedd 07:00-19:00|Szerda 07:00-19:00|Csütörtök 07:00-19:00|Péntek 07:00-19:00|Szombat 07:00-15:00
8200;Veszprém;Veszprém;Egyetem utca 19.;Hudi-Trafik Bt;47.0858;17.9087;Hétfő 23:59-02:04|Kedd 23:59-02:04|Szerda 23:59-02:04|Csütörtök 23:59-02:04|Péntek 23:59-02:04|Szombat 23:59-02:04|Vasárnap 23:59-02:04
8200;Veszprém;Veszprém;Halle utca 7.;Dual Trafik Bt;47.1039;17.9158;Hétfő 05:00-23:00|Kedd 05:00-23:00|Szerda 05:00-23:00|Csütörtök 05:00-23:00|Péntek 05:00-23:00|Szombat 05:00-23:00|Vasárnap 05:00-23:00
8200;Veszprém;Veszprém;Haszkovó utca 18/D.;Juti Trafik Bt;47.1083;17.9176;Hétfő 05:30-22:00|Kedd 05:30-22:00|Szerda 05:30-22:00|Csütörtök 05:30-22:00|Péntek 05:30-22:00|Szombat 05:30-22:00|Vasárnap 05:30-22:00
8200;Veszprém;Veszprém;Jutasi utca 3.;Profi Trafik Bt;47.0941;17.9144;Hétfő 05:30-22:00|Kedd 05:30-22:00|Szerda 05:30-22:00|Csütörtök 05:30-22:00|Péntek 05:30-22:00|Szombat 05:30-22:00|Vasárnap 05:30-22:00
8412;Veszprém;Veszprém;Zirci utca 14.;Karli Gyuláné;47.142753;17.950216;Hétfő 06:00-20:00|Kedd 06:00-20:00|Szerda 06:00-20:00|Csütörtök 06:00-20:00|Péntek 06:00-20:00|Szombat 06:00-20:00|Vasárnap 07:00-17:00
5051;Jász-Nagykun-Szolnok;Zagyvarékas;Fekete Lajos út 3.;Vízner Gábor;47.2681;20.128;Hétfő 06:00-22:00|Kedd 06:00-22:00|Szerda 06:00-22:00|Csütörtök 06:00-22:00|Péntek 06:00-22:00|Szombat 06:00-22:00|Vasárnap 06:00-13:00
6787;Csongrád;Zákányszék;Dózsa György utca 56.;Papp Vincéné;46.2751;19.8881;Hétfő 06:00-18:00|Kedd 06:00-18:00|Szerda 06:00-18:00|Csütörtök 06:00-18:00|Péntek 06:00-18:00|Szombat 06:00-14:00|Vasárnap 06:00-11:00
8798;Zala;Zalabér;Rákóczi Ferenc utca 25.;Mörk Károlyné;46.9762;17.0276;Hétfő 08:00-16:00|Kedd 08:00-16:00|Szerda 08:00-16:00|Csütörtök 08:00-16:00|Péntek 08:00-16:00|Szombat 07:00-15:00
8900;Zala;Zalaegerszeg;Kovács Károly tér 6-8;Bolla György;46.8436;16.8478;Hétfő 07:00-17:00|Kedd 07:00-17:00|Szerda 07:00-17:00|Csütörtök 07:00-17:00|Péntek 07:00-17:00|Szombat 08:00-12:00
8900;Zala;Zalaegerszeg;Platán sor 17/A;BA-ZSÓ Tabak Bt.;46.8436;16.8313;Hétfő 06:30-19:30|Kedd 06:30-19:30|Szerda 06:30-19:30|Csütörtök 06:30-19:30|Péntek 06:30-19:30|Szombat 07:00-15:00|Vasárnap 08:00-15:00
8349;Veszprém;Zalagyömörő;Kisfaludy utca 7.;Sarvaly-COOP Kereskedelmi Bt.;47.0168;17.226;Hétfő 06:00-15:00|Kedd 06:00-15:00|Szerda 06:00-15:00|Csütörtök 06:00-15:00|Péntek 06:00-15:00|Szombat 06:00-12:00
8752;Zala;Zalakomár;Tavasz utca 5.;Farkas Mónika;46.5276394;17.1857134;Hétfő 06:00-18:00|Kedd 06:00-18:00|Szerda 06:00-18:00|Csütörtök 06:00-18:00|Péntek 06:00-18:00|Szombat 06:00-18:00
8420;Veszprém;Zirc;Alkotmány utca 2.;Humidor Trafik Bt.;47.2641;17.8727;Hétfő 06:30-19:30|Kedd 06:30-19:30|Szerda 06:30-19:30|Csütörtök 06:30-19:30|Péntek 06:30-19:30|Szombat 06:30-14:00|Vasárnap 00:00-12:00
8420;Veszprém;Zirc;Petőfi utca 3.;Dózni Dohány Bt.;47.2612;17.8737;Hétfő 06:30-19:30|Kedd 06:30-19:30|Szerda 06:30-19:30|Csütörtök 06:30-19:30|Péntek 06:30-19:30|Szombat 06:30-14:00|Vasárnap 07:00-12:00
