18.5237;47.0308;Aba;Rákóczi u.  6.;Hétfő-6:00:22:00|Kedd-6:00:22:00|Szerda-6:00:22:00|Csütörtök-6:00:22:00|Péntek-6:00:22:00|Szombat-7:00:2:00|Vasárnap-7:00:13:00
18.5244;47.0311;Aba;Rákóczi u. 4/C;Hétfő-6:00:20:00|Kedd-6:00:20:00|Szerda-6:00:20:00|Csütörtök-6:00:20:00|Péntek-6:00:20:00|Szombat-6:00:20:00|Vasárnap-6:00:20:00
18.5248;47.0317;Aba;Rákóczi utca   13;Hétfő-6:00:21:00|Kedd-6:00:21:00|Szerda-6:00:21:00|Csütörtök-6:00:21:00|Péntek-6:00:21:00|Szombat-6:00:21:00|Vasárnap-6:00:21:00
20.0086;47.803;Abasár;Fő út 205.;Hétfő-6:00:18:00|Kedd-6:00:18:00|Szerda-6:00:18:00|Csütörtök-6:00:18:00|Péntek-6:00:18:00|Szombat-12:00:20:00|Vasárnap-Zárva
21.2002;48.305;Abaújkér;Rákóczi út 17.;Hétfő-7:00:11:00|Kedd-7:00:11:00|Szerda-7:00:11:00|Csütörtök-7:00:11:00|Péntek-7:00:11:00|Szombat-7:00:11:00|Vasárnap-7:00:1:10
21.1874649;48.2827917;Abaújszántó;Kossuth tér 9-11.;Hétfő-5:30:20:00|Kedd-5:30:20:00|Szerda-5:30:20:00|Csütörtök-5:30:20:00|Péntek-5:30:20:00|Szombat-7:00:20:00|Vasárnap-7:00:11:00
17.545488;47.695934;Abda;Bécsi út 66.;Hétfő-04:30:21:00|Kedd-04:30:21:00|Szerda-04:30:21:00|Csütörtök-04:30:22:00|Péntek-04:30:22:00|Szombat-06:00:22:00|Vasárnap-07:00:20:00
17.5504;47.6936;Abda;Bécsi út 24.;Hétfő-4:30:20:00|Kedd-4:30:20:00|Szerda-4:30:20:00|Csütörtök-4:30:20:00|Péntek-4:30:20:00|Szombat-7:00:20:00|Vasárnap-7:00:18:00
19.9974;47.1946;Abony;Szemere Bertalan utca  3.;Hétfő-6:00:21:00|Kedd-6:00:21:00|Szerda-6:00:21:00|Csütörtök-6:00:21:00|Péntek-6:00:21:00|Szombat-6:00:21:00|Vasárnap-7:00:21:00
20.0154;47.1738;Abony;Baross Gábor utca   3;Hétfő-6:00:22:00|Kedd-6:00:22:00|Szerda-6:00:22:00|Csütörtök-6:00:22:00|Péntek-6:00:22:00|Szombat-6:00:22:00|Vasárnap-6:00:22:00
20.0074;47.1883;Abony;Szolnoki út 1.;Hétfő-6:00:20:00|Kedd-6:00:20:00|Szerda-6:00:20:00|Csütörtök-6:00:20:00|Péntek-6:00:20:00|Szombat-6:00:14:00|Vasárnap-Zárva
20.0044;47.1874;Abony;Vasút utca 2.;Hétfő-5:00:20:00|Kedd-5:00:20:00|Szerda-5:00:20:00|Csütörtök-5:00:2:00|Péntek-5:00:20:00|Szombat-5:00:21:00|Vasárnap-5:00:12:00
20.0048504;47.1877088;Abony;Kossuth tér 10-11.;Hétfő-6:00:22:00|Kedd-6:00:22:00|Szerda-6:00:22:00|Csütörtök-6:00:22:00|Péntek-6:00:23:59|Szombat-6:00:23:59|Vasárnap-6:00:22:00
18.0142;47.7081;Ács;Fő út 40.;Hétfő-6:00:20:00|Kedd-6:00:20:00|Szerda-6:00:20:00|Csütörtök-6:00:20:00|Péntek-6:00:20:00|Szombat-7:00:16:00|Vasárnap-Zárva
19.3857;47.7926;Acsa;Kossuth út 62.;Hétfő-6:00:18:00|Kedd-6:00:18:00|Szerda-6:00:18:00|Csütörtök-6:00:18:00|Péntek-6:00:18:00|Szombat-6:00:14:00|Vasárnap-8:00:10:00
19.9742;47.6941;Adács;József Attila út 1.;Hétfő-6:00:18:00|Kedd-6:00:18:00|Szerda-6:00:18:00|Csütörtök-6:00:18:00|Péntek-6:00:18:00|Szombat-6:00:14:00|Vasárnap-6:00:14:00
19.9743;47.6905;Adács;Szabadság tér 9.;Hétfő-5:00:20:00|Kedd-5:00:20:00|Szerda-5:00:20:00|Csütörtök-5:00:20:00|Péntek-5:00:22:00|Szombat-5:00:22:00|Vasárnap-5:00:20:00
18.8654;47.1192;Adony;Rákóczi utca  18.;Hétfő-6:00:20:00|Kedd-6:00:20:00|Szerda-6:00:20:00|Csütörtök-6:00:20:00|Péntek-6:00:20:00|Szombat-6:00:20:00|Vasárnap-6:00:20:00
18.859;47.1221;Adony;Széchenyi utca  4.;Hétfő-6:00:18:00|Kedd-6:00:18:00|Szerda-6:00:18:00|Csütörtök-6:00:18:00|Péntek-6:00:18:00|Szombat-6:00:12:00|Vasárnap-6:00:11:00
20.5029;48.467;Aggtelek;Kossuth út   34.;Hétfő-7:00:12:00|Kedd-7:00:12:00|Szerda-7:00:12:00|Csütörtök-7:00:12:00|Péntek-7:00:12:00|Szombat-7:00:12:00|Vasárnap-Zárva
16.9409;47.6092;Agyagosszergény;Kossuth u.  14/A.;Hétfő-5:30:17:00|Kedd-5:30:17:00|Szerda-5:30:17:00|Csütörtök-5:30:17:00|Péntek-5:30:17:00|Szombat-6:00:12:00|Vasárnap-Zárva
22.0589;48.1796;Ajak;Kiss Ernő  5.;Hétfő-9:00:21:00|Kedd-9:00:21:00|Szerda-9:00:21:00|Csütörtök-9:00:21:00|Péntek-9:00:22:00|Szombat-9:00:22:00|Vasárnap-14:00:20:00
22.0489;48.1839;Ajak;Vasút  71.;Hétfő-5:30:18:30|Kedd-5:30:18:30|Szerda-5:30:18:30|Csütörtök-5:30:18:30|Péntek-5:30:18:30|Szombat-5:30:22:00|Vasárnap-7:00:11:00
17.547715;47.116232;Ajka;1322/10hrsz;Hétfő-5:00:22:00|Kedd-5:00:22:00|Szerda-5:00:22:00|Csütörtök-5:00:22:00|Péntek-5:00:22:00|Szombat-5:00:22:00|Vasárnap-7:00 : 21:00
17.569104;47.10529;Ajka;Alkotmány utca 28;Hétfő-5:00:21:00|Kedd-5:00:21:00|Szerda-5:00:21:00|Csütörtök-5:00:21:00|Péntek-5:00:21:00|Szombat-5:00:21:00|Vasárnap-7:00 : 21:00
17.555986;47.11227;Ajka;Fő utca;Hétfő-5:00:22:00|Kedd-5:00:22:0|Szerda-5:00:22:00|Csütörtök-5:00:22:00|Péntek-5:00:22:00|Szombat-5:00:22:00|Vasárnap-7:00:21:00
17.5693175;47.1053223;Ajka;Alkotmány utca 28.;Hétfő-5:00:21:00|Kedd-5:00:21:00|Szerda-5:00:21:00|Csütörtök-5:00:21:00|Péntek-5:00:21:00|Szombat-5:00:21:00|Vasárnap-7:00:21:00
17.5689;47.1061;Ajka;Alkotmány u. 9.;Hétfő-7:00:19:00|Kedd-7:00:19:00|Szerda-7:00:19:00|Csütörtök-7:00:19:00|Péntek-7:00:19:00|Szombat-7:00:15:00|Vasárnap-8:00:12:00
17.5692;47.0991;Ajka;Csingeri u.  2.;Hétfő-8:00:16:00|Kedd-8:00:16:00|Szerda-8:00:16:00|Csütörtök-8:00:16:00|Péntek-8:00:16:00|Szombat-8:00:12:00|Vasárnap-Zárva
17.5497;47.1148;Ajka;Fő utca 66.;Hétfő-6:00:22:00|Kedd-6:00:22:00|Szerda-6:00:22:00|Csütörtök-6:00:22:00|Péntek-6:00:22:00|Szombat-6:00:22:00|Vasárnap-6:00:22:00
17.5524;47.1057;Ajka;Frankel Leó u. 12.;Hétfő-6:00:16:00|Kedd-6:00:16:00|Szerda-6:00:16:00|Csütörtök-6:00:16:00|Péntek-6:00:16:00|Szombat-6:00:11:00|Vasárnap-Zárva
17.5596;47.1052;Ajka;Petőfi Sándor utca 1503/1.;Hétfő-6:00:18:00|Kedd-6:00:18:00|Szerda-6:00:18:00|Csütörtök-6:00:18:00|Péntek-6:00:18:00|Szombat-7:00:15:00|Vasárnap-7:00:11:00
17.5321;47.0941;Ajka;Szent István u.  112/A;Hétfő-7:00:19:00|Kedd-7:00:19:00|Szerda-7:00:19:00|Csütörtök-7:00:19:00|Péntek-7:00:19:00|Szombat-7:00:13:00|Vasárnap-8:00:12:00
17.5667;47.1083;Ajka;Tűzoltó u. 1.;Hétfő-6:00:14:00|Kedd-6:00:14:00|Szerda-6:00:14:00|Csütörtök-6:00:14:00|Péntek-6:00:14:00|Szombat-6:00:12:00|Vasárnap-6:00:12:00
17.5669;47.1087;Ajka;Tűzoltó utca 6-8.;Hétfő-5:00:21:00|Kedd-5:00:21:00|Szerda-5:00:21:00|Csütörtök-5:00:21:00|Péntek-5:00:21:00|Szombat-6:00:21:00|Vasárnap-8:00:20:00
17.5511825;47.1082282;Ajka;Ifjúság utca 9.;Hétfő-6:30:20:00|Kedd-6:30:20:00|Szerda-6:30:20:00|Csütörtök-6:30:20:00|Péntek-6:30:20:00|Szombat-6:30:17:00|Vasárnap-7:00:13:00
17.5314248;47.0944721;Ajka;Váci Mihály utca 2.;Hétfő-6:00:16:00|Kedd-6:00:16:00|Szerda-6:00:16:00|Csütörtök-6:00:16:00|Péntek-6:00:16:00|Szombat-8:00:12:00|Vasárnap-8:00:12:00
19.2053;46.6903;Akasztó;Fő út   79.;Hétfő-5:00:21:00|Kedd-5:00:21:00|Szerda-5:00:21:00|Csütörtök-5:00:21:00|Péntek-5:00:21:00|Szombat-5:00:21:00|Vasárnap-5:00:21:00
19.2044;46.6915;Akasztó;Fő út 63-67.;Hétfő-5:00:21:00|Kedd-5:00:21:00|Szerda-5:00:21:00|Csütörtök-5:00:21:00|Péntek-5:00:21:00|Szombat-5:00:21:00|Vasárnap-5:00:21:00
20.0397;47.4241;Alattyán;Szent István utca 2-4.;Hétfő-6:15:18:30|Kedd-6:15:18:30|Szerda-6:15:18:30|Csütörtök-6:15:18:30|Péntek-6:15:18:30|Szombat-6:15:13:00|Vasárnap-7:00:12:00
18.602;47.4265;Alcsútdoboz;Szabadság út  108.;Hétfő-6:00:19:00|Kedd-6:00:19:00|Szerda-6:00:19:00|Csütörtök-6:00:19:00|Péntek-6:00:19:00|Szombat-6:00:18:00|Vasárnap-7:00:16:00
20.2364;47.7824;Aldebrő;Arany János út  65.;Hétfő-7:00:11:00|Kedd-7:00:14:00|Szerda-7:00:14:00|Csütörtök-7:00:14:00|Péntek-7:00:14:00|Szombat-7:00:11:30|Vasárnap-Zárva
20.2094;46.3293;Algyő;Kastélykert utca    104.;Hétfő-7:00:19:00|Kedd-7:00:19:00|Szerda-7:00:19:00|Csütörtök-7:00:19:00|Péntek-7:00:19:00|Szombat-7:00:15:00|Vasárnap-Zárva
20.2113;46.3371;Algyő;Kastélykert utca  8.;Hétfő-7:00:19:00|Kedd-7:00:19:00|Szerda-7:00:19:00|Csütörtök-7:00:19:00|Péntek-7:00:19:00|Szombat-7:00:15:00|Vasárnap-Zárva
21.981;47.4174;Álmosd;Bocskai utca 5/A;Hétfő-8:00:16:00|Kedd-8:00:16:00|Szerda-8:00:16:00|Csütörtök-8:00:16:00|Péntek-8:00:16:00|Szombat-6:00:14:00|Vasárnap-Zárva
21.686577;48.340182;Alsóberecki;Rákóczi út 40.;Hétfő-8:00:21:00|Kedd-8:00:21:00|Szerda-8:00:21:00|Csütörtök-8:00:21:00|Péntek-8:00:21:00|Szombat-8:00:21:00|Vasárnap-8:00:21:00
19.1669;47.3132;Alsónémedi;Fő u. 69.;Hétfő-7:00:19:00|Kedd-7:00:19:00|Szerda-7:00:19:00|Csütörtök-7:00:19:00|Péntek-7:00:19:00|Szombat-7:00:19:00|Vasárnap-10:00:18:00
19.1706;47.3112;Alsónémedi;Szabadság tér 12/C;Hétfő-6:00:20:00|Kedd-6:00:20:00|Szerda-6:00:20:00|Csütörtök-6:00:20:00|Péntek-6:00:20:00|Szombat-6:00:16:00|Vasárnap-6:00:14:00
19.1546129;47.311845;Alsónémedi;Liliom utca 61.;Hétfő-6:00:18:00|Kedd-6:00:18:00|Szerda-6:00:18:00|Csütörtök-6:00:18:00|Péntek-6:00:18:00|Szombat-6:00:12:00|Vasárnap-6:00:12:00
18.7378;46.202;Alsónyék;Vasút utca 23.;Hétfő-6:00:21:00|Kedd-6:00:21:00|Szerda-6:00:21:00|Csütörtök-6:00:21:00|Péntek-6:00:21:00|Szombat-16:00:20:00|Vasárnap-Zárva
17.9753;46.9916;Alsóörs;Endrődi Sándor u. 24/B.;Hétfő-6:00:24:00|Kedd-6:00:24:00|Szerda-6:00:24:00|Csütörtök-6:00:24:00|Péntek-6:00:24:00|Szombat-6:00:24:00|Vasárnap-6:00:24:00
17.174;46.7606;Alsópáhok;Keszthelyi  1.;Hétfő-6:00:18:00|Kedd-6:00:18:00|Szerda-6:00:18:00|Csütörtök-6:00:18:00|Péntek-6:00:18:00|Szombat-7:00:12:00|Vasárnap-7:00:11:00
19.2434;47.8753;Alsópetény;Petőfi 16.;Hétfő-7:30:19:30|Kedd-7:30:19:00|Szerda-7:30:19:30|Csütörtök-7:30:19:30|Péntek-7:30:19:30|Szombat-7:30:19:00|Vasárnap-Zárva
22.1004;48.1772;Anarcs;Ady  5;Hétfő-6:00:18:00|Kedd-6:00:18:00|Szerda-6:00:18:00|Csütörtök-6:00:18:00|Péntek-6:00:18:00|Szombat-6:00:13:00|Vasárnap-6:00:10:00
17.9259;46.6504;Andocs;Ady Endre 5.;Hétfő-6:00:14:00|Kedd-6:00:14:00|Szerda-6:00:14:00|Csütörtök-6:00:14:00|Péntek-6:00:14:00|Szombat-8:00:12:00|Vasárnap-Zárva
20.4148;47.8396;Andornaktálya;Rákóczi  út  275.;Hétfő-6:00:17:30|Kedd-6:00:17:30|Szerda-6:00:17:30|Csütörtök-6:00:17:30|Péntek-6:00:17:30|Szombat-6:00:12:00|Vasárnap-Zárva
20.4065;47.8586;Andornaktálya;Rákóczi u. 34.;Hétfő-6:00:19:00|Kedd-6:00:19:00|Szerda-6:00:19:00|Csütörtök-6:00:19:00|Péntek-6:00:19:00|Szombat-6:00:19:00|Vasárnap-7:00:16:00
18.66740470313203;47.6962733;Annavölgy;Fő tér 2.;Hétfő-6:00:18:00|Kedd-6:00:18:00|Szerda-6:00:18:00|Csütörtök-6:00:18:00|Péntek-6:00:18:00|Szombat-5:00:13:00|Vasárnap-7:00:11:00
17.2959;47.1114;Apácatorna;Kossuth utca 63.;Hétfő-7:00:19:00|Kedd-7:00:19:00|Szerda-7:00:19:00|Csütörtök-7:00:19:00|Péntek-7:00:19:00|Szombat-7:00:20:00|Vasárnap-7:00:20:00
21.9316;47.9613;Apagy;Béke utca 17. em: A.;Hétfő-6:00:19:00|Kedd-6:00:19:00|Szerda-6:00:19:00|Csütörtök-6:00:19:00|Péntek-6:00:19:00|Szombat-6:00:19:00|Vasárnap-7:00:19:00
19.6924;47.7969;Apc;Fő út 37;Hétfő-6:00:20:00|Kedd-6:00:20:00|Szerda-6:00:20:00|Csütörtök-6:00:20:00|Péntek-6:00:20:00|Szombat-6:00:18:00|Vasárnap-7:00:18:00
19.691;47.7942;Apc;Petőfi út 4;Hétfő-6:00:18:00|Kedd-6:00:18:00|Szerda-6:00:18:00|Csütörtök-6:00:18:00|Péntek-6:00:18:00|Szombat-6:00:14:00|Vasárnap-Zárva
22.2592;48.2149;Aranyosapáti;Kossuth  44/A;Hétfő-6:00:18:00|Kedd-6:00:18:00|Szerda-6:00:18:00|Csütörtök-6:00:18:00|Péntek-6:00:18:00|Szombat-6:00:14:00|Vasárnap-7:00:11:00
20.2572;48.1729;Arló;Ady Endre u. 274.;Hétfő-7:00:19:00|Kedd-7:00:19:00|Szerda-7:00:19:00|Csütörtök-7:00:19:00|Péntek-7:00:19:00|Szombat-7:00:15:00|Vasárnap-Zárva
20.2572;48.1729;Arló;Ady Endre út 274/A.;Hétfő-6:30:18:30|Kedd-6:30:18:30|Szerda-6:30:18:30|Csütörtök-6:30:18:30|Péntek-6:30:18:30|Szombat-6:00:14:00|Vasárnap-7:00:11:00
20.8593;48.1297;Arnót;Alkotmány út 2;Hétfő-6:00:18:00|Kedd-6:00:18:30|Szerda-6:00:18:30|Csütörtök-6:00:18:30|Péntek-6:00:18:30|Szombat-6:00:14:00|Vasárnap-7:00:11:00
20.5506;46.6175;Árpádhalom;Dózsa György utca   2/A.;Hétfő-4:00:11:00|Kedd-4:00:18:00|Szerda-4:00:18:00|Csütörtök-4:00:18:00|Péntek-4:00:18:00|Szombat-4:00:11:00|Vasárnap-7:00:11:00
17.4983;47.8292;Ásványráró;Rákóczi utca 23.;Hétfő-6:00:18:00|Kedd-6:00:18:00|Szerda-6:00:18:00|Csütörtök-6:00:18:00|Péntek-6:00:18:00|Szombat-6:00:14:00|Vasárnap-Zárva
18.0033;47.5093;Ászár;Győri utca  12.;Hétfő-5:00:17:00|Kedd-5:00:17:00|Szerda-5:00:17:00|Csütörtök-5:00:17:00|Péntek-5:00:17:00|Szombat-5:00:12:00|Vasárnap-8:00:10:00
19.4883;47.6527;Aszód;Kondoros tér 5/3;Hétfő-6:00:20:00|Kedd-6:00:20:00|Szerda-6:00:20:00|Csütörtök-6:00:20:00|Péntek-6:00:20:00|Szombat-6:00:18:00|Vasárnap-7:00:15:00
19.4755;47.6518;Aszód;Kossuth Lajos u.    1.;Hétfő-7:00:18:00|Kedd-7:00:18:00|Szerda-7:00:18:00|Csütörtök-7:00:18:00|Péntek-7:00:18:00|Szombat-8:00:12:00|Vasárnap-Zárva
19.4816;47.6515;Aszód;Kossuth Lajos u. 42.;Hétfő-6:12:13:19|Kedd-6:12:13:19|Szerda-6:12:13:19|Csütörtök-6:12:13:19|Péntek-6:12:13:19|Szombat-7:12:13:16|Vasárnap-7:12:13:16
19.474652;47.6523718;Aszód;Szabadság tér 3.;Hétfő-5:00:20:00|Kedd-5:00:20:00|Szerda-5:00:20:00|Csütörtök-5:00:20:00|Péntek-5:00:22:00|Szombat-5:00:22:00|Vasárnap-Zárva
19.8941;47.7157;Atkár;Fő út 89.;Hétfő-5:00:21:00|Kedd-5:00:21:00|Szerda-5:00:21:00|Csütörtök-5:00:21:00|Péntek-5:00:21:00|Szombat-5:00:21:00|Vasárnap-5:00:21:00
18.0684;46.3766;Attala;Petőfi Sándor u  24.;Hétfő-6:00:18:00|Kedd-6:00:18:00|Szerda-6:00:18:00|Csütörtök-6:00:18:00|Péntek-6:00:18:00|Szombat-6:00:14:00|Vasárnap-8:00:11:00
17.9766357;47.6425454;Bábolna;Mészáros utca 7.;Hétfő-6:00:20:00|Kedd-6:00:20:00|Szerda-6:00:20:00|Csütörtök-6:00:20:00|Péntek-6:00:20:00|Szombat-6:00:20:00|Vasárnap-7:00:16:00
17.0755;47.5764;Babót;Ady Endre u. 1.;Hétfő-6:30:15:00|Kedd-6:30:17:00|Szerda-6:30:17:00|Csütörtök-6:30:17:00|Péntek-6:30:17:00|Szombat-6:30:12:30|Vasárnap-Zárva
19.4741;47.6377;Bag;Dózsa György út 1.;Hétfő-6:00:22:00|Kedd-6:00:22:00|Szerda-6:00:22:00|Csütörtök-6:00:22:00|Péntek-6:00:22:00|Szombat-6:00:23:00|Vasárnap-6:00:16:00
19.482;47.6352;Bag;Szent Imre utca 70.;Hétfő-8:00:18:00|Kedd-8:00:18:00|Szerda-8:00:18:00|Csütörtök-8:00:18:00|Péntek-8:00:18:00|Szombat-8:00:16:00|Vasárnap-9:00:15:00
20.574624;47.449261;Bagamér;BÁTHORI  TÉR  2;Hétfő-06:00:19:00|Kedd-06:00:19:00|Szerda-6:00:19:00|Csütörtök-06:00:19:00|Péntek-6:00:19:00|Szombat-6:00:19:00|Vasárnap-06:00:19:00
21.9894;47.4503;Bagamér;Petőfi Sándor 1.;Hétfő-6:00:18:00|Kedd-6:00:18:00|Szerda-6:00:18:00|Csütörtök-6:00:18:00|Péntek-6:00:18:00|Szombat-6:00:13:00|Vasárnap-7:00:10:00
17.3629;47.5847;Bágyogszovát;Árpád utca 24.;Hétfő-8:00:22:00|Kedd-8:00:22:00|Szerda-8:00:22:00|Csütörtök-8:00:22:00|Péntek-8:00:22:00|Szombat-8:00:22:00|Vasárnap-8:00:22:00
18.364996;47.650861;Baj;Petőfi Sándor u.115;Hétfő-7:00:20:00|Kedd-7:00:20:00|Szerda-7:00:20:00|Csütörtök-7:00:20:00|Péntek-7:00:20:00|Szombat-7:00:20:00|Vasárnap-7:00:20:00
18.3598;47.6468;Baj;Petőfi utca 2;Hétfő-6:00:20:00|Kedd-6:00:20:00|Szerda-6:00:20:00|Csütörtök-6:00:20:00|Péntek-6:00:20:00|Szombat-6:00:20:00|Vasárnap-Zárva
18.5968;47.6562;Bajna;Kossuth Lajos út 34;Hétfő-6:00:18:00|Kedd-6:00:18:00|Szerda-6:00:18:00|Csütörtök-6:00:18:00|Péntek-6:00:18:00|Szombat-6:00:14:00|Vasárnap-Zárva
18.5619;47.7229;Bajót;Petőfi Sándor utca 11.;Hétfő-6:30:18:30|Kedd-6:30:18:30|Szerda-6:30:18:30|Csütörtök-6:30:18:30|Péntek-6:30:18:30|Szombat-6:30:18:30|Vasárnap-Zárva
17.7316;47.2529;Bakonybél;Fő u. 26.;Hétfő-7:30:17:30|Kedd-7:30:17:30|Szerda-7:30:17:30|Csütörtök-7:30:17:30|Péntek-7:30:17:30|Szombat-7:30:17:30|Vasárnap-Zárva
17.5987;47.2254;Bakonyjákó;Rákóczi utca 90.;Hétfő-6:00:10:00|Kedd-6:00:10:00|Szerda-6:00:10:00|Csütörtök-6:00:10:00|Péntek-6:00:10:00|Szombat-6:00:10:00|Vasárnap-Zárva
17.9694;47.2822;Bakonynána;Kossuth Lajos utca 23.;Hétfő-6:00:22:00|Kedd-6:00:22:00|Szerda-6:00:22:00|Csütörtök-6:00:22:00|Péntek-6:00:22:00|Szombat-6:00:22:00|Vasárnap-7:00:22:00
18.0971;47.4514;Bakonysárkány;Béke utca 84.;Hétfő-6:00:16:30|Kedd-6:00:16:30|Szerda-6:00:16:30|Csütörtök-6:00:16:30|Péntek-6:00:16:30|Szombat-6:00:11:00|Vasárnap-Zárva
17.9671;47.4702;Bakonyszombathely;Petőfi Sándor utca 4.;Hétfő-8:00:17:00|Kedd-8:00:17:00|Szerda-8:00:17:00|Csütörtök-8:00:17:00|Péntek-8:00:17:00|Szombat-8:00:17:00|Vasárnap-Zárva
20.1098;46.5533;Baks;Fő utca  109.;Hétfő-6:00:17:00|Kedd-6:00:17:00|Szerda-6:00:17:00|Csütörtök-6:00:17:00|Péntek-6:00:17:00|Szombat-6:00:14:00|Vasárnap-7:00:10:00
18.0934;45.9591;Baksa;Hunyadi u.  47.;Hétfő-6:00:18:00|Kedd-6:00:18:00|Szerda-6:00:18:00|Csütörtök-6:00:18:00|Péntek-6:00:18:00|Szombat-6:00:18:00|Vasárnap-6:00:10:00
21.0279;48.3727;Baktakék;Rákóczi út 27.;Hétfő-6:30:22:00|Kedd-6:30:22:00|Szerda-6:30:22:00|Csütörtök-6:30:22:00|Péntek-6:30:22:00|Szombat-6:30:22:00|Vasárnap-6:00:22:00
22.0772;47.9982;Baktalórántháza;Köztársaság tér      7/B;Hétfő-6:00:20:00|Kedd-6:00:20:00|Szerda-6:00:20:00|Csütörtök-6:00:20:00|Péntek-6:00:20:00|Szombat-6:00:20:00|Vasárnap-6:00:20:00
22.0794;47.9994;Baktalórántháza;Petőfi   13.;Hétfő-6:00:19:00|Kedd-6:00:19:00|Szerda-6:00:19:00|Csütörtök-6:00:19:00|Péntek-6:00:19:00|Szombat-6:00:13:00|Vasárnap-6:00:10:00
19.2833;48.0716;Balassagyarmat;Erdélyi József 8.;Hétfő-6:00:19:00|Kedd-6:00:19:00|Szerda-6:00:19:00|Csütörtök-6:00:19:00|Péntek-6:00:19:00|Szombat-6:00:16:00|Vasárnap-8:00:12:00
19.2974;48.0797;Balassagyarmat;Hunyadi utca 3;Hétfő-7:00:23:00|Kedd-7:00:23:00|Szerda-7:00:23:00|Csütörtök-7:00:23:00|Péntek-7:00:23:00|Szombat-11:00:23:00|Vasárnap-10:00:14:00
19.2968;48.0708;Balassagyarmat;Leiningen K. 8/a.;Hétfő-6:00:21:00|Kedd-6:00:21:00|Szerda-6:00:21:00|Csütörtök-6:00:21:00|Péntek-6:00:21:00|Szombat-6:00:21:00|Vasárnap-6:00:21:00
19.2992;48.0848;Balassagyarmat;Mikszáth 56;Hétfő-9:00:20:00|Kedd-9:00:20:00|Szerda-9:00:20:00|Csütörtök-9:00:20:00|Péntek-9:00:20:00|Szombat-9:00:20:00|Vasárnap-9:00:19:00
19.2952;48.0794;Balassagyarmat;Rákóczi  38;Hétfő-6:00:18:00|Kedd-6:00:18:00|Szerda-6:00:18:00|Csütörtök-6:00:18:00|Péntek-6:00:18:00|Szombat-7:00:15:00|Vasárnap-Zárva
19.3103;48.0801;Balassagyarmat;Rákóczi 136.;Hétfő-6:00:21:00|Kedd-6:00:21:00|Szerda-6:00:21:00|Csütörtök-6:00:21:00|Péntek-6:00:21:00|Szombat-6:00:21:00|Vasárnap-6:00:21:00
19.3011;48.0804;Balassagyarmat;Rákóczi Fejedelem    68;Hétfő-6:00:22:00|Kedd-6:00:22:00|Szerda-6:00:22:00|Csütörtök-6:00:22:00|Péntek-6:00:22:00|Szombat-6:00:22:00|Vasárnap-6:00:22:00
19.2915;48.0786;Balassagyarmat;Szabó Lőrinc út 3.;Hétfő-6:00:22:00|Kedd-6:00:22:00|Szerda-6:00:22:00|Csütörtök-6:00:22:00|Péntek-6:00:24:00|Szombat-6:00:24:00|Vasárnap-7:00:20:00
19.2961;48.0791;Balassagyarmat;Thököly utca 4;Hétfő-6:00:18:00|Kedd-6:00:18:00|Szerda-6:00:18:00|Csütörtök-6:00:18:00|Péntek-6:00:18:00|Szombat-7:00:15:00|Vasárnap-Zárva
20.0132;46.4232;Balástya;Széchenyi utca  7.;Hétfő-6:00:19:00|Kedd-6:00:19:00|Szerda-6:00:19:00|Csütörtök-6:00:19:00|Péntek-6:00:19:00|Szombat-6:00:14:00|Vasárnap-7:00:12:00
20.01484;46.4196065;Balástya;Honvéd utca 1.;Hétfő-6:00:20:00|Kedd-6:00:20:00|Szerda-6:00:20:00|Csütörtök-6:00:20:00|Péntek-6:00:20:00|Szombat-6:00:12:00|Vasárnap-6:00:11:00
18.008573;47.040042;Balatonalmádi;Veszprémi út 60.;Hétfő-6:00:21:00|Kedd-6:00:22:00|Szerda-6:00:22:00|Csütörtök-6:00:22:00|Péntek-6:00:22:00|Szombat-6:00:22:00|Vasárnap-6:00:22:00
18.0127;47.0325;Balatonalmádi;Baross G. út 48;Hétfő-7:00:18:00|Kedd-7:00:18:00|Szerda-7:00:18:00|Csütörtök-7:00:18:00|Péntek-7:00:18:00|Szombat-7:00:15:00|Vasárnap-7:00:12:00
18.0145;47.0288;Balatonalmádi;Baross Gábor út  2;Hétfő-7:00:21:00|Kedd-7:00:21:00|Szerda-7:00:21:00|Csütörtök-7:00:21:00|Péntek-7:00:21:00|Szombat-7:00:21:00|Vasárnap-7:00:21:00
18.0087;47.0401;Balatonalmádi;Veszprémi út  60.;Hétfő-6:00:21:00|Kedd-6:00:21:00|Szerda-6:00:21:00|Csütörtök-6:00:21:00|Péntek-6:00:21:00|Szombat-6:00:21:00|Vasárnap-6:00:21:00
18.0195645;47.0405743;Balatonalmádi;Szabolcs utca 15.;Hétfő-7:00:19:00|Kedd-7:00:19:00|Szerda-7:00:19:00|Csütörtök-7:00:19:00|Péntek-7:00:19:00|Szombat-7:00:15:00|Vasárnap-8:00:12:00
17.319;46.7108;Balatonberény;Kossuth Lajos 36.;Hétfő-7:00:20:00|Kedd-7:00:20:00|Szerda-7:00:20:00|Csütörtök-7:00:20:00|Péntek-7:00:20:00|Szombat-7:00:20:00|Vasárnap-7:00:20:00
17.3818;46.8042;Balatonederics;Kossuth utca 163.;Hétfő-6:00:17:00|Kedd-6:00:17:00|Szerda-6:00:17:00|Csütörtök-6:00:17:00|Péntek-6:00:17:00|Szombat-6:00:12:00|Vasárnap-6:30:10:00
17.4798;46.7117;Balatonfenyves;Vörösmarty 10.;Hétfő-6:30:20:00|Kedd-6:30:20:00|Szerda-6:30:20:00|Csütörtök-6:30:20:00|Péntek-6:30:20:00|Szombat-6:30:20:00|Vasárnap-6:30:20:00
18.2075;47.0166;Balatonfőkajár;Kossuth u. 31.;Hétfő-6:30:21:00|Kedd-6:30:21:00|Szerda-6:30:21:00|Csütörtök-6:30:21:00|Péntek-6:30:21:00|Szombat-7:00:22:00|Vasárnap-7:00:21:00
17.880057;46.956871;Balatonfüred;Köztársaság u. 2/C.;Hétfő-6:00:23:00|Kedd-6:00:23:00|Szerda-6:00:23:00|Csütörtök-6:00:23:00|Péntek-6:00:00:00|Szombat-6:00:00:00|Vasárnap-7:00:23:00
19.072176;47.47562;Balatonfüred;Petőfi S. u. 78.;Hétfő-06:00 : 20:00|Kedd-06:00 : 20:00|Szerda-6:00:20:00|Csütörtök-06:00 : 20:00|Péntek-6:00:20:00|Szombat-6:00:20:00|Vasárnap-06:00 : 20:00
17.8952;46.9553;Balatonfüred;Gyógy tér  3.;Hétfő-9:00:20:00|Kedd-9:00:20:00|Szerda-9:00:20:00|Csütörtök-9:00:20:00|Péntek-9:00:20:00|Szombat-9:00:20:00|Vasárnap-Zárva
17.8794;46.9565;Balatonfüred;Köztársaság u. 6.;Hétfő-6:00:20:00|Kedd-6:00:20:00|Szerda-6:00:20:00|Csütörtök-6:00:20:00|Péntek-6:00:20:00|Szombat-7:00:21:00|Vasárnap-7:00:20:00
17.8762;46.9633;Balatonfüred;Malom köz 2.;Hétfő-6:00:18:00|Kedd-6:00:18:00|Szerda-6:00:18:00|Csütörtök-6:00:18:00|Péntek-6:00:18:00|Szombat-6:00:14:00|Vasárnap-Zárva
18.0242;47.0591;Balatonfűzfő;Kölcsey Ferenc u. 1.;Hétfő-7:00:19:00|Kedd-7:00:19:00|Szerda-7:00:19:00|Csütörtök-7:00:19:00|Péntek-7:00:19:00|Szombat-7:00:15:00|Vasárnap-Zárva
18.0442;47.0627;Balatonfűzfő;Zombor  40.;Hétfő-7:00:19:00|Kedd-7:00:19:00|Szerda-7:00:19:00|Csütörtök-7:00:19:00|Péntek-7:00:19:00|Szombat-7:00:15:00|Vasárnap-Zárva
17.35;46.7577;Balatongyörök;Kossuth Lajos u. 76;Hétfő-6:00:22:00|Kedd-6:00:22:00|Szerda-6:00:22:00|Csütörtök-6:00:22:00|Péntek-6:00:22:00|Szombat-6:00:22:00|Vasárnap-6:00:22:00
18.1082898;47.0366556;Balatonkenese;Fő utca 21.;Hétfő-6:00:22:00|Kedd-6:00:22:00|Szerda-6:00:22:00|Csütörtök-6:00:22:00|Péntek-6:00:22:00|Szombat-6:00:22:00|Vasárnap-6:00:20:00
18.1081;47.0369;Balatonkenese;Fő utca  23.;Hétfő-7:00:19:00|Kedd-7:00:19:00|Szerda-7:00:19:00|Csütörtök-7:00:19:00|Péntek-7:00:19:00|Szombat-7:00:19:00|Vasárnap-7:00:19:00
17.3722;46.7038;Balatonmáriafürdő;Keszeg 12;Hétfő-8:00:22:00|Kedd-8:00:22:00|Szerda-8:00:22:00|Csütörtök-8:00:22:00|Péntek-8:00:22:00|Szombat-8:00:22:00|Vasárnap-8:00:22:00
17.83586;46.824964;Balatonszárszó;Szóládi utca 11.;Hétfő-6:00:18:00|Kedd-6:00:18:00|Szerda-6:00:18:00|Csütörtök-6:00:18:00|Péntek-6:00:18:00|Szombat-6:00:17:00|Vasárnap-7:00:16:00
17.3016;46.6914;Balatonszentgyörgy;Berzsenyi Dániel 4.;Hétfő-7:00:19:00|Kedd-7:00:19:00|Szerda-7:00:19:00|Csütörtök-7:00:19:00|Péntek-7:00:19:00|Szombat-7:00:19:00|Vasárnap-7:00:19:00
17.8273;46.9656;Balatonszőlős;Fő utca 10.;Hétfő-6:30:19:00|Kedd-6:30:19:00|Szerda-6:30:19:00|Csütörtök-6:30:19:00|Péntek-6:30:19:00|Szombat-6:30:11:30|Vasárnap-Zárva
21.3395;47.6106;Balmazújváros;Bocskai utca  1.;Hétfő-6:00:19:00|Kedd-6:00:19:00|Szerda-6:00:19:00|Csütörtök-6:00:19:00|Péntek-6:00:19:00|Szombat-6:00:19:00|Vasárnap-7:00:16:00
21.3434;47.6037;Balmazújváros;Kossuth  46/a;Hétfő-6:00:19:00|Kedd-6:00:19:00|Szerda-6:00:19:00|Csütörtök-6:00:19:00|Péntek-6:00:19:00|Szombat-6:00:19:00|Vasárnap-7:00:16:00
21.3363;47.6039;BALMAZÚJVÁROS;KOSSUTH U 1.;Hétfő-5:00:19:00|Kedd-5:00:19:00|Szerda-5:00:19:00|Csütörtök-5:00:19:00|Péntek-5:00:19:00|Szombat-5:00:14:00|Vasárnap-6:00:14:00
21.3384;47.6089;Balmazújváros;Nádudvari utca 11.;Hétfő-8:00:20:00|Kedd-8:00:20:00|Szerda-8:00:20:00|Csütörtök-8:00:20:00|Péntek-8:00:20:00|Szombat-8:00:20:00|Vasárnap-8:00:20:00
21.3476;47.6079;Balmazújváros;Szoboszlói utca  15/A.;Hétfő-6:00:20:00|Kedd-6:00:20:00|Szerda-6:00:20:00|Csütörtök-6:00:20:00|Péntek-6:00:22:00|Szombat-6:00:22:00|Vasárnap-7:00:19:00
21.3424;47.6225;Balmazújváros;Táncsics Mihály utca  56.;Hétfő-6:00:19:00|Kedd-6:00:19:00|Szerda-6:00:19:00|Csütörtök-6:00:19:00|Péntek-6:00:19:00|Szombat-6:00:19:00|Vasárnap-7:00:16:00
21.3409;47.6137;Balmazújváros;Veres Péter utca  11.;Hétfő-5:00:19:00|Kedd-5:00:19:00|Szerda-5:00:19:00|Csütörtök-5:00:19:00|Péntek-5:00:19:00|Szombat-5:00:14:00|Vasárnap-6:00:14:00
21.5343;48.1724;Balsa;Csáki út   15.;Hétfő-6:00:17:30|Kedd-6:00:17:30|Szerda-6:00:17:30|Csütörtök-6:00:17:30|Péntek-6:00:17:30|Szombat-6:00:12:00|Vasárnap-6:30:9:00
17.9173;47.6487;Bana;Jókai Mór utca 48;Hétfő-7:00:19:00|Kedd-7:00:19:00|Szerda-7:00:19:00|Csütörtök-7:00:19:00|Péntek-7:00:19:00|Szombat-8:00:16:00|Vasárnap-8:00:16:00
20.5013;48.2273;Bánhorváti;Szabadság út 179.;Hétfő-7:15:19:15|Kedd-7:15:19:15|Szerda-7:15:19:15|Csütörtök-7:15:19:15|Péntek-7:15:19:15|Szombat-7:15:19:15|Vasárnap-7:15:19:15
20.3554;48.2971;Bánréve;Kossuth Lajos u. 1/B;Hétfő-7:30:17:30|Kedd-7:30:17:30|Szerda-7:30:17:30|Csütörtök-7:30:17:30|Péntek-7:30:17:30|Szombat-7:30:15:30|Vasárnap-9:30:11:30
18.866246;46.911054;Baracs;Széchenyi út 90.;Hétfő-6:00:23:00|Kedd-6:00:23:00|Szerda-6:00:23:00|Csütörtök-6:00:23:00|Péntek-6:00:23:00|Szombat-6:00:23:00|Vasárnap-7:00:16:00
21.2298;47.2922;Báránd;Kossuth út 49/1.;Hétfő-6:00:18:00|Kedd-6:00:18:00|Szerda-6:00:18:00|Csütörtök-6:00:18:00|Péntek-6:00:18:00|Szombat-6:00:14:00|Vasárnap-8:00:12:00
21.235;47.2994;Báránd;Vörösmarty utca  1.;Hétfő-5:00:22:00|Kedd-5:00:22:00|Szerda-5:00:22:00|Csütörtök-5:00:22:00|Péntek-5:00:22:00|Szombat-5:00:22:00|Vasárnap-5:00:22:00
18.7794;46.1302;Báta;Fő utca 171.;Hétfő-6:00:18:00|Kedd-6:00:18:00|Szerda-6:00:18:00|Csütörtök-6:00:18:00|Péntek-6:00:18:00|Szombat-7:00:15:00|Vasárnap-7:00:15:00
18.7262;46.1972;Bátaszék;Bajai út  3.;Hétfő-6:30:20:00|Kedd-6:30:20:00|Szerda-6:30:20:00|Csütörtök-6:30:20:00|Péntek-6:30:20:00|Szombat-6:30:20:00|Vasárnap-8:00:18:00
18.7248;46.1912;Bátaszék;Budai  38;Hétfő-5:30:18:00|Kedd-5:30:18:00|Szerda-5:30:18:00|Csütörtök-5:30:18:00|Péntek-5:30:18:00|Szombat-5:30:18:00|Vasárnap-6:45:12:00
18.7237072;46.1871638;Bátaszék;Szentháromság tér 8.;Hétfő-6:00:20:00|Kedd-6:00:20:00|Szerda-6:00:20:00|Csütörtök-6:00:20:00|Péntek-6:00:20:00|Szombat-8:00:21:00|Vasárnap-Zárva
19.8284;47.9886;Bátonyterenye;Ózdi 43;Hétfő-5:00:20:00|Kedd-5:00:20:00|Szerda-5:00:20:00|Csütörtök-5:00:20:00|Péntek-5:00:22:00|Szombat-6:30:20:00|Vasárnap-8:00:13:00
18.9543;46.4872;Bátya;Mikes Kelemen utca 11.;Hétfő-7:00:20:00|Kedd-7:00:20:00|Szerda-7:00:20:00|Csütörtök-7:00:20:00|Péntek-7:00:20:00|Szombat-7:00:20:00|Vasárnap-8:00:20:00
19.3772;47.91;Becske;Ady Endre  út 8/A.;Hétfő-7:00:17:00|Kedd-7:00:17:00|Szerda-7:00:17:00|Csütörtök-7:00:17:00|Péntek-7:00:17:00|Szombat-7:00:12:00|Vasárnap-7:00:11:00
16.6836;46.7587;Becsvölgye;Arany János utca 1.   1.;Hétfő-6:30:17:30|Kedd-6:30:17:30|Szerda-6:30:17:30|Csütörtök-6:30:17:30|Péntek-6:30:17:30|Szombat-6:00:12:00|Vasárnap-8:00:10:30
21.1753;48.1526;Bekecs;Honvéd út  100.;Hétfő-6:00:20:00|Kedd-6:00:20:00|Szerda-6:00:20:00|Csütörtök-6:00:20:00|Péntek-6:00:20:00|Szombat-6:00:20:00|Vasárnap-6:00:20:00
21.1835;48.1578;Bekecs;Honvéd út 8.;Hétfő-6:00:22:00|Kedd-6:00:22:00|Szerda-6:00:22:00|Csütörtök-6:00:22:00|Péntek-6:00:22:00|Szombat-6:00:23:00|Vasárnap-6:00:22:00
21.128;46.7708;Békés;Ady 3.;Hétfő-6:00:20:00|Kedd-6:00:20:00|Szerda-6:00:20:00|Csütörtök-6:00:20:00|Péntek-6:00:20:00|Szombat-6:00:20:00|Vasárnap-7:00:11:00
21.1223;46.7806;Békés;Bocskai utca 45.   45.;Hétfő-5:30:19:00|Kedd-5:30:19:00|Szerda-5:30:19:00|Csütörtök-5:30:19:00|Péntek-5:30:19:00|Szombat-7:00:13:00|Vasárnap-7:00:13:00
21.1271;46.7612;Békés;Kölcsey  1.;Hétfő-7:00:19:00|Kedd-7:00:19:00|Szerda-7:00:19:00|Csütörtök-7:00:19:00|Péntek-7:00:2:00|Szombat-7:11:2:00|Vasárnap-10:00:16:00
21.1269;46.7615;Békés;Kölcsey utca 4.;Hétfő-0:00:23:59|Kedd-0:00:23:59|Szerda-0:00:23:59|Csütörtök-0:00:23:59|Péntek-0:00:23:59|Szombat-0:00:23:59|Vasárnap-0:00:23:59
21.1427;46.7666;Békés;Kőrösi Csoma Sándor utca 30.;Hétfő-5:30:19:00|Kedd-5:30:19:00|Szerda-5:30:19:00|Csütörtök-5:30:19:00|Péntek-5:30:19:00|Szombat-7:00:13:00|Vasárnap-7:00:13:00
21.1309;46.7719;Békés;Kossuth út 1.;Hétfő-6:00:20:00|Kedd-6:00:20:00|Szerda-6:00:20:00|Csütörtök-6:00:20:00|Péntek-6:00:20:00|Szombat-6:00:24:00|Vasárnap-7:00:18:00
21.1322;46.771;Békés;Piac tér  6.;Hétfő-6:00:18:00|Kedd-6:00:18:00|Szerda-6:00:18:00|Csütörtök-6:00:18:00|Péntek-6:00:18:00|Szombat-7:00:15:00|Vasárnap-Zárva
21.1342;46.7739;Békés;Rákóczi út  1/A.;Hétfő-5:00:18:00|Kedd-5:00:18:00|Szerda-5:00:18:00|Csütörtök-5:00:18:00|Péntek-5:00:18:00|Szombat-8:00:18:00|Vasárnap-8:00:12:00
21.132;46.7724;Békés;Széchenyi tér 2.;Hétfő-6:00:20:00|Kedd-6:00:20:00|Szerda-6:00:20:00|Csütörtök-6:00:20:00|Péntek-6:00:20:00|Szombat-6:00:14:00|Vasárnap-6:00:12:00
21.1337;46.7712;Békés;Széchenyi tér 8;Hétfő-5:00:20:00|Kedd-5:00:20:00|Szerda-5:00:20:00|Csütörtök-5:00:20:00|Péntek-5:00:20:00|Szombat-7:00:15:30|Vasárnap-7:00:12:00
21.0904;46.6763;Békéscsaba;Andássy út 32.;Hétfő-7:30:20:00|Kedd-7:30:20:00|Szerda-7:30:20:00|Csütörtök-7:30:20:00|Péntek-7:30:20:00|Szombat-7:30:20:00|Vasárnap-8:00:16:00
21.0929;46.6777;Békéscsaba;Andrássy út  29-33.;Hétfő-6:00:19:00|Kedd-6:00:19:00|Szerda-6:00:19:00|Csütörtök-6:00:19:00|Péntek-6:00:19:00|Szombat-8:00:18:00|Vasárnap-8:00:12:00
21.0944;46.6784;Békéscsaba;Andrássy út 19.;Hétfő-6:00:22:00|Kedd-6:00:22:00|Szerda-6:00:22:00|Csütörtök-6:00:22:00|Péntek-6:00:24:00|Szombat-6:00:24:00|Vasárnap-6:00:18:00
21.0912;46.677;Békéscsaba;Andrássy út 37-43.;Hétfő-6:00:22:00|Kedd-6:00:22:00|Szerda-6:00:22:00|Csütörtök-6:00:22:00|Péntek-6:00:22:00|Szombat-6:00:14:00|Vasárnap-7:00:13:00
21.0887;46.6759;Békéscsaba;Andrássy út 49.;Hétfő-7:00:19:00|Kedd-7:00:19:00|Szerda-7:00:19:00|Csütörtök-7:00:19:00|Péntek-7:00:19:00|Szombat-7:00:15:00|Vasárnap-7:00:15:00
21.0868;46.674;Békéscsaba;Andrássy út 50.;Hétfő-6:00:22:30|Kedd-6:00:22:30|Szerda-6:00:22:30|Csütörtök-6:00:22:30|Péntek-6:00:23:59|Szombat-0:00:23:59|Vasárnap-0:00:18:00
21.0882;46.6757;Békéscsaba;Andrássy út 51.;Hétfő-5:00:18:00|Kedd-5:00:18:00|Szerda-5:00:18:00|Csütörtök-5:00:18:00|Péntek-5:00:18:00|Szombat-5:00:14:00|Vasárnap-5:00:12:00
21.0962;46.6791;Békéscsaba;Andrássy út 7,;Hétfő-6:00:22:00|Kedd-6:00:22:00|Szerda-6:00:22:00|Csütörtök-6:00:22:00|Péntek-6:00:23:59|Szombat-6:00:23:59|Vasárnap-6:00:22:00
21.0943;46.6839;Békéscsaba;Baross utca 16.;Hétfő-7:00:19:00|Kedd-7:00:19:00|Szerda-7:00:19:00|Csütörtök-7:00:19:00|Péntek-7:00:19:00|Szombat-7:00:19:00|Vasárnap-7:00:19:00
21.1056;46.6711;Békéscsaba;Corvin utca  31.;Hétfő-6:00:22:00|Kedd-6:00:22:00|Szerda-6:00:22:00|Csütörtök-6:00:22:00|Péntek-6:00:22:00|Szombat-6:00:22:00|Vasárnap-6:00:22:00
21.1067;46.6818;Békéscsaba;Gyulai út  33.;Hétfő-6:00:20:00|Kedd-6:00:20:00|Szerda-6:00:20:00|Csütörtök-6:00:20:00|Péntek-6:00:20:00|Szombat-6:00:20:00|Vasárnap-6:00:20:00
21.0826;46.6754;Békéscsaba;Kazinczy  utca 5.;Hétfő-7:00:19:00|Kedd-7:00:19:00|Szerda-7:00:19:00|Csütörtök-7:00:19:00|Péntek-7:00:19:00|Szombat-6:00:20:00|Vasárnap-8:00:16:00
21.0821;46.6756;Békéscsaba;Kazinczy utca  3203/8.;Hétfő-5:00:20:00|Kedd-5:00:20:00|Szerda-5:00:20:00|Csütörtök-5:00:20:00|Péntek-5:00:20:00|Szombat-5:00:20:00|Vasárnap-5:00:14:00
21.0662;46.6708;Békéscsaba;Kolozsvári utca 55;Hétfő-6:00:22:00|Kedd-6:00:22:00|Szerda-6:00:22:00|Csütörtök-6:00:22:00|Péntek-6:00:22:00|Szombat-6:00:22:00|Vasárnap-6:00:22:00
21.1224;46.6659;Békéscsaba;Lencsési út 114/1.;Hétfő-6:00:22:00|Kedd-6:00:22:00|Szerda-6:00:22:00|Csütörtök-6:00:22:00|Péntek-6:00:22:00|Szombat-6:00:22:00|Vasárnap-7:00:21:00
21.1158;46.6677;Békéscsaba;Lencsési út 24.;Hétfő-7:00:22:00|Kedd-7:00:22:00|Szerda-7:00:22:00|Csütörtök-7:00:22:00|Péntek-7:00:22:00|Szombat-7:00:22:00|Vasárnap-7:00:22:00
21.1181;46.6666;Békéscsaba;Lencsési út 35-37.;Hétfő-7:00:19:30|Kedd-7:00:19:30|Szerda-7:00:19:30|Csütörtök-7:00:19:30|Péntek-7:00:19:30|Szombat-7:00:19:30|Vasárnap-8:00:16:00
21.0973;46.6776;Békéscsaba;Munkácsy utca 15-17.;Hétfő-7:00:22:00|Kedd-7:00:22:00|Szerda-7:00:22:00|Csütörtök-7:00:22:00|Péntek-7:00:3:00|Szombat-7:00:3:00|Vasárnap-8:00:16:00
21.0699;46.6602;Békéscsaba;Orosházi 91.;Hétfő-5:00:21:00|Kedd-5:00:21:00|Szerda-5:00:21:00|Csütörtök-5:00:21:00|Péntek-5:00:21:00|Szombat-5:00:21:00|Vasárnap-5:00:21:00
21.076;46.6622;Békéscsaba;Orosházi út  32.;Hétfő-6:30:18:30|Kedd-6:30:18:30|Szerda-6:30:18:30|Csütörtök-6:30:18:30|Péntek-6:30:18:30|Szombat-6:00:14:30|Vasárnap-7:00:15:00
20.6214;46.4157;Békéssámson;Fő tér 2.;Hétfő-6:00:18:00|Kedd-6:00:18:00|Szerda-6:00:18:00|Csütörtök-6:00:18:00|Péntek-6:00:18:00|Szombat-7:00:19:00|Vasárnap-7:00:11:00
20.6183;46.4254;Békéssámson;Szabadság utca 42/1.;Hétfő-6:00:19:00|Kedd-6:00:19:00|Szerda-6:00:19:00|Csütörtök-6:00:19:00|Péntek-6:00:19:00|Szombat-6:00:19:00|Vasárnap-6:00:19:00
19.5381;47.3573;Bénye;Fő u. 48;Hétfő-6:00:18:00|Kedd-6:00:18:00|Szerda-6:00:18:00|Csütörtök-6:00:18:00|Péntek-6:00:18:00|Szombat-6:00:18:00|Vasárnap-6:00:18:00
19.4014;47.8732;Bercel;Baross út 35.   35.;Hétfő-7:00:17:00|Kedd-7:00:17:00|Szerda-7:00:17:00|Csütörtök-7:00:17:00|Péntek-7:00:17:00|Szombat-7:00:12:00|Vasárnap-7:00:11:00
22.5269;48.1984;Beregdaróc;Szabadság út 45;Hétfő-7:00:21:00|Kedd-7:00:21:00|Szerda-7:00:21:00|Csütörtök-7:00:21:00|Péntek-7:00:21:00|Szombat-15:00:21:00|Vasárnap-15:00:21:00
20.841;47.3851;Berekfürdő;Berek tér 11.;Hétfő-8:00:18:00|Kedd-8:00:18:00|Szerda-8:00:18:00|Csütörtök-8:00:18:00|Péntek-8:00:20:00|Szombat-8:00:20:00|Vasárnap-8:00:12:00
20.6681;48.2322;Berente;Dankó út 2.;Hétfő-5:00:17:00|Kedd-5:00:17:00|Szerda-5:00:17:00|Csütörtök-5:00:17:00|Péntek-5:00:17:00|Szombat-5:00:13:00|Vasárnap-5:00:12:00
18.1061;47.1182;Berhida;Tulipán u. 17/6.;Hétfő-6:00:18:00|Kedd-6:00:18:00|Szerda-6:00:18:00|Csütörtök-6:00:18:00|Péntek-6:00:18:00|Szombat-6:00:14:00|Vasárnap-Zárva
18.4073;46.0788;Berkesd;Alkotmány u. 30.;Hétfő-7:00:19:00|Kedd-7:00:19:00|Szerda-7:00:19:00|Csütörtök-7:00:19:00|Péntek-7:00:19:00|Szombat-7:00:15:00|Vasárnap-Zárva
21.9778;48.092;Berkesz;Rákóczi u.   54.;Hétfő-7:00:18:00|Kedd-7:00:18:00|Szerda-7:00:18:00|Csütörtök-7:00:18:00|Péntek-7:00:18:00|Szombat-8:00:12:00|Vasárnap-Zárva
18.9122;48.0409;Bernecebaráti;Madách út   7.;Hétfő-6:00:18:00|Kedd-6:00:18:00|Szerda-6:00:18:00|Csütörtök-6:00:18:00|Péntek-6:00:18:00|Szombat-6:00:18:00|Vasárnap-6:00:18:00
22.0082;47.9629;Besenyőd;Petőfi u.   6.;Hétfő-8:00:16:00|Kedd-8:00:16:00|Szerda-8:00:16:00|Csütörtök-8:00:16:00|Péntek-8:00:16:00|Szombat-8:00:12:00|Vasárnap-Zárva
20.4259;47.7081;Besenyőtelek;Fő út 18.;Hétfő-5:00:19:00|Kedd-5:00:19:00|Szerda-5:00:19:00|Csütörtök-5:00:19:00|Péntek-5:00:19:00|Szombat-5:00:19:00|Vasárnap-5:00:19:00
20.4278;47.7003;Besenyőtelek;Fő út 79.;Hétfő-6:00:14:00|Kedd-6:00:14:00|Szerda-6:00:14:00|Csütörtök-6:00:14:00|Péntek-6:00:14:00|Szombat-6:00:10:00|Vasárnap-Zárva
20.257;47.2956;Besenyszög;Damjanich út  5/A.;Hétfő-9:00:21:00|Kedd-9:00:21:00|Szerda-9:00:21:00|Csütörtök-9:00:21:00|Péntek-9:00:21:00|Szombat-7:00:15:00|Vasárnap-8:00:12:00
18.7947;47.1919;Besnyő;Fő utca  29.;Hétfő-7:00:12:00|Kedd-7:00:18:00|Szerda-7:00:18:00|Csütörtök-7:00:18:00|Péntek-7:00:18:00|Szombat-7:00:12:00|Vasárnap-7:00:12:00
18.8327;47.4737;Biatorbágy;Kossuth utca  1/A.;Hétfő-6:00:20:00|Kedd-6:00:20:00|Szerda-6:00:20:00|Csütörtök-6:00:20:00|Péntek-6:00:20:00|Szombat-6:00:20:00|Vasárnap-6:00:20:00
18.8103;47.4631;Biatorbágy;Nagy utca  30.;Hétfő-5:00:20:00|Kedd-5:00:20:00|Szerda-5:00:20:00|Csütörtök-5:00:20:00|Péntek-5:00:20:00|Szombat-7:00:20:00|Vasárnap-Zárva
18.809;47.4646;Biatorbágy;Nagy utca  59.;Hétfő-6:30:19:00|Kedd-6:30:19:00|Szerda-6:30:19:00|Csütörtök-6:30:19:00|Péntek-6:30:19:00|Szombat-6:30:16:00|Vasárnap-8:00:14:00
18.8168;47.4676;Biatorbágy;Szabadság út 22.;Hétfő-6:00:20:00|Kedd-6:00:20:00|Szerda-6:00:20:00|Csütörtök-6:00:20:00|Péntek-6:00:20:00|Szombat-6:00:20:00|Vasárnap-6:00:14:00
18.8275;47.4715;Biatorbágy;Szabadság utca   96.;Hétfő-5:00:22:00|Kedd-5:00:22:00|Szerda-5:00:22:00|Csütörtök-5:00:22:00|Péntek-5:00:22:00|Szombat-5:00:23:30|Vasárnap-6:00:20:00
18.8111;47.4664;Biatorbágy;Szabadság utca 19.;Hétfő-6:00:22:00|Kedd-6:00:22:00|Szerda-6:00:22:00|Csütörtök-6:00:22:00|Péntek-6:00:22:00|Szombat-6:00:22:00|Vasárnap-6:00:22:00
18.0734;46.0205;Bicsérd;Ady E. u. 16/A.;Hétfő-6:00:18:00|Kedd-6:00:18:00|Szerda-6:00:18:00|Csütörtök-6:00:18:00|Péntek-6:00:18:00|Szombat-7:00:15:00|Vasárnap-7:00:11:00
18.6341;47.492;Bicske;Kossuth tér 5;Hétfő-7:00:19:00|Kedd-7:00:19:00|Szerda-7:00:19:00|Csütörtök-7:00:19:00|Péntek-7:00:19:00|Szombat-7:00:15:00|Vasárnap-Zárva
18.6341;47.4925;Bicske;Kossuth u. 2;Hétfő-5:30:17:30|Kedd-5:30:17:30|Szerda-5:30:17:30|Csütörtök-5:30:17:30|Péntek-5:30:17:30|Szombat-6:00:18:00|Vasárnap-8:00:12:00
18.6309;47.4888;Bicske;Szent I. út 40.;Hétfő-6:00:22:00|Kedd-6:00:22:00|Szerda-6:00:22:00|Csütörtök-6:00:22:00|Péntek-6:00:22:00|Szombat-7:00:22:00|Vasárnap-7:00:22:00
18.6343;47.4898;Bicske;Szent István út 25.   25.;Hétfő-6:00:22:00|Kedd-6:00:22:00|Szerda-6:00:22:00|Csütörtök-6:00:22:00|Péntek-6:00:22:00|Szombat-8:00:16:00|Vasárnap-Zárva
18.6443;47.4853;Bicske;Táncsics M. utca 17.;Hétfő-6:00:18:00|Kedd-6:00:18:00|Szerda-6:00:18:00|Csütörtök-6:00:18:00|Péntek-6:00:18:00|Szombat-6:00:18:00|Vasárnap-7:00:16:00
18.6448;47.4804;Bicske;Űrhajós u. 3;Hétfő-5:00:19:00|Kedd-5:00:19:00|Szerda-5:00:19:00|Csütörtök-5:00:19:00|Péntek-5:00:19:00|Szombat-6:00:19:00|Vasárnap-7:00:19:00
18.286;46.3321;Bikal;Szabadság u. 4.;Hétfő-5:00:19:00|Kedd-5:00:19:00|Szerda-5:00:19:00|Csütörtök-5:00:19:00|Péntek-5:00:19:00|Szombat-5:00:17:00|Vasárnap-7:00:11:00
17.1883;47.183;Boba;Rákóczi u. 24.;Hétfő-6:00:21:00|Kedd-6:00:21:00|Szerda-6:00:21:00|Csütörtök-6:00:21:00|Péntek-6:00:22:00|Szombat-6:00:23:00|Vasárnap-6:00:21:00
20.1884;47.6427;Boconád;Rákóczi Ferenc u. 1.;Hétfő-5:00:17:00|Kedd-5:00:17:00|Szerda-5:00:17:00|Csütörtök-5:00:17:00|Péntek-5:00:17:00|Szombat-6:00:14:00|Vasárnap-Zárva
21.66;47.6419;Bocskaikert;Baross Gábor út 1.   1.;Hétfő-6:00:20:00|Kedd-6:00:20:00|Szerda-6:00:20:00|Csütörtök-6:00:20:00|Péntek-6:00:20:00|Szombat-6:00:20:00|Vasárnap-6:00:20:00
21.6603;47.6436;Bocskaikert;Debreceni út  60.;Hétfő-6:00:19:30|Kedd-6:00:19:30|Szerda-6:00:19:30|Csütörtök-6:00:19:30|Péntek-6:00:19:30|Szombat-6:00:18:00|Vasárnap-6:00:16:00
17.4072;47.5644;Bodonhely;Dózsa György utca  82.;Hétfő-15:00:19:00|Kedd-15:00:19:00|Szerda-15:00:19:00|Csütörtök-15:00:19:00|Péntek-15:00:19:00|Szombat-15:00:19:00|Vasárnap-8:00:10:00
20.0229;47.9429;Bodony;Árpád  utca 4.;Hétfő-5:00:20:00|Kedd-5:00:20:00|Szerda-5:00:20:00|Csütörtök-5:00:20:00|Péntek-5:00:20:00|Szombat-5:30:20:00|Vasárnap-5:30:20:00
20.5332;47.9023;Bogács;Alkotmány u. 17.;Hétfő-6:00:22:00|Kedd-6:00:22:00|Szerda-6:00:22:00|Csütörtök-6:00:22:00|Péntek-6:00:22:00|Szombat-6:00:22:00|Vasárnap-6:00:22:00
20.5356;47.8969;Bogács;Alkotmány út 102.;Hétfő-6:30:21:00|Kedd-6:30:21:00|Szerda-6:30:21:00|Csütörtök-6:30:21:00|Péntek-6:30:21:00|Szombat-6:30:21:00|Vasárnap-7:00:20:00
18.326;46.0878;Bogád;Kossuth L. u. 34.;Hétfő-7:00:19:00|Kedd-7:00:19:00|Szerda-7:00:19:00|Csütörtök-7:00:19:00|Péntek-7:00:19:00|Szombat-7:00:19:00|Vasárnap-7:00:19:00
18.0438;45.9061;Bogádmindszent;Kossuth L. u. 13.;Hétfő-7:00:16:00|Kedd-7:00:16:00|Szerda-7:00:16:00|Csütörtök-7:00:16:00|Péntek-7:00:16:00|Szombat-8:00:12:00|Vasárnap-8:00:12:00
18.8265;46.3856;Bogyiszló;Kossuth utca 16/A;Hétfő-6:00:19:00|Kedd-6:00:19:00|Szerda-6:00:19:00|Csütörtök-6:00:19:00|Péntek-6:00:19:00|Szombat-6:00:17:00|Vasárnap-Zárva
18.8254;46.3852;Bogyiszló;Kossuth utca 26.;Hétfő-6:00:20:00|Kedd-6:00:20:00|Szerda-6:00:20:00|Csütörtök-6:00:20:00|Péntek-6:00:20:00|Szombat-6:00:17:00|Vasárnap-Zárva
17.3884;46.4065;Böhönye;Fő utca  16.;Hétfő-5:00:18:00|Kedd-5:00:18:00|Szerda-5:00:18:00|Csütörtök-5:00:18:00|Péntek-5:00:18:00|Szombat-4:00:12:00|Vasárnap-6:00:10:00
17.3941;46.4071;Böhönye;Fő utca 47;Hétfő-7:00:19:00|Kedd-7:00:19:00|Szerda-7:00:19:00|Csütörtök-7:00:19:00|Péntek-7:00:19:00|Szombat-7:00:19:00|Vasárnap-7:00:19:00
18.9587;46.7356;Bölcske;Rákóczi utca 50.;Hétfő-6:00:18:00|Kedd-6:00:18:00|Szerda-6:00:18:00|Csütörtök-6:00:18:00|Péntek-6:00:18:00|Szombat-6:00:12:00|Vasárnap-7:00:10:00
18.9691;46.7387;Bölcske;Templom tér 2.;Hétfő-0:06:0:18|Kedd-0:06:0:18|Szerda-0:06:0:18|Csütörtök-0:06:0:18|Péntek-0:06:0:18|Szombat-0:06:0:23|Vasárnap-0:07:0:10
19.6874;47.6025;Boldog;Béke út 36.;Hétfő-7:00:19:00|Kedd-7:00:19:00|Szerda-7:00:19:00|Csütörtök-7:00:19:00|Péntek-7:00:19:00|Szombat-7:00:19:00|Vasárnap-7:00:13:00
19.6943;47.6021;Boldog;Hunyadi János út  341/2.;Hétfő-6:00:20:00|Kedd-6:00:20:00|Szerda-6:00:20:00|Csütörtök-6:00:20:00|Péntek-6:00:20:00|Szombat-6:00:20:00|Vasárnap-7:00:14:00
17.8388;46.1824;Boldogasszonyfa;Kossuth L. u. 39.;Hétfő-6:00:12:00|Kedd-6:00:15:30|Szerda-6:00:15:30|Csütörtök-6:00:15:30|Péntek-6:00:15:30|Szombat-6:00:11:00|Vasárnap-Zárva
20.7881;48.2199;Boldva;Tompa Mihály út 2.;Hétfő-6:00:18:00|Kedd-6:00:18:00|Szerda-6:00:18:00|Csütörtök-6:00:18:00|Péntek-6:00:18:00|Szombat-6:00:13:00|Vasárnap-7:00:11:00
18.5233;45.9626;Bóly;Nyárádi u. 2.;Hétfő-5:30:19:00|Kedd-5:30:19:00|Szerda-5:30:19:00|Csütörtök-5:30:19:00|Péntek-5:30:19:00|Szombat-5:30:17:00|Vasárnap-6:00:12:00
18.5124;45.9703;Bóly;Szabadság u. 13.;Hétfő-5:00:20:00|Kedd-5:00:20:00|Szerda-5:00:20:00|Csütörtök-5:00:20:00|Péntek-5:00:20:00|Szombat-5:00:20:00|Vasárnap-8:00:12:00
18.5197;46.2945;Bonyhád;Fáy lakótelep 2.;Hétfő-5:00:20:00|Kedd-5:00:20:00|Szerda-5:00:20:00|Csütörtök-5:00:20:00|Péntek-5:00:20:00|Szombat-5:00:20:00|Vasárnap-6:00:18:00
18.5335;46.2981;Bonyhád;Gyár utca 6.;Hétfő-4:00:16:00|Kedd-4:00:16:00|Szerda-4:00:16:00|Csütörtök-4:00:16:00|Péntek-4:00:16:00|Szombat-4:00:12:00|Vasárnap-Zárva
18.5308;46.3006;Bonyhád;Rákóczi Ferenc u 8.;Hétfő-6:00:20:00|Kedd-6:00:20:00|Szerda-6:00:20:00|Csütörtök-6:00:20:00|Péntek-6:00:20:00|Szombat-6:00:14:00|Vasárnap-7:00:12:00
18.5319;46.298;Bonyhád;Széchenyi tér 11.;Hétfő-5:00:22:00|Kedd-5:00:22:00|Szerda-5:00:22:00|Csütörtök-5:00:22:00|Péntek-5:00:22:00|Szombat-5:00:22:00|Vasárnap-5:00:22:00
18.5295;46.3002;Bonyhád;Szent Imre utca 2.;Hétfő-6:00:18:30|Kedd-6:00:18:30|Szerda-6:00:18:30|Csütörtök-6:00:18:30|Péntek-6:00:18:30|Szombat-6:00:18:00|Vasárnap-7:00:11:00
18.5375;46.2994;Bonyhád;Völgység u 8.;Hétfő-6:00:22:00|Kedd-6:00:22:00|Szerda-6:00:22:00|Csütörtök-6:00:22:00|Péntek-6:00:22:00|Szombat-6:00:22:00|Vasárnap-6:00:22:00
18.5283;46.3012;Bonyhád;Vörösmarty tér  8.;Hétfő-5:00:17:00|Kedd-5:00:17:00|Szerda-5:00:17:00|Csütörtök-5:00:17:00|Péntek-5:00:17:00|Szombat-4:00:12:00|Vasárnap-6:00:10:00
19.9168;46.3208;Bordány;Honvéd tér 1.;Hétfő-5:30:17:30|Kedd-5:30:17:30|Szerda-5:30:17:30|Csütörtök-5:30:17:30|Péntek-5:30:17:30|Szombat-6:00:14:00|Vasárnap-7:00:12:00
19.9196;46.32;Bordány;Kossuth utca 60.;Hétfő-6:00:18:00|Kedd-6:00:18:00|Szerda-6:00:18:00|Csütörtök-6:00:18:00|Péntek-6:00:18:00|Szombat-5:30:13:30|Vasárnap-Zárva
20.6543;47.6998;Borsodivánka;Szabadság út 2.;Hétfő-6:30:17:00|Kedd-6:30:17:00|Szerda-6:30:17:00|Csütörtök-6:30:17:00|Péntek-6:30:17:00|Szombat-6:00:12:00|Vasárnap-Zárva
20.2454;48.1224;Borsodnádasd;Köztársaság út 13.;Hétfő-6:00:18:30|Kedd-6:00:18:30|Szerda-6:00:18:30|Csütörtök-6:00:18:30|Péntek-6:00:18:30|Szombat-6:00:13:30|Vasárnap-7:00:11:00
20.2027;48.188;Borsodszentgyörgy;Szentgyörgy út  111.;Hétfő-6:30:16:00|Kedd-6:30:16:00|Szerda-6:30:16:00|Csütörtök-6:30:16:00|Péntek-6:30:16:00|Szombat-6:30:13:00|Vasárnap-8:30:12:00
19.1161;47.9765;Borsosberény;Petőfi  171;Hétfő-6:00:18:00|Kedd-6:00:18:00|Szerda-6:00:18:00|Csütörtök-6:00:18:00|Péntek-6:00:18:00|Szombat-7:00:15:00|Vasárnap-7:00:12:00
17.8367;47.2935;Borzavár;Diófa utca 1.;Hétfő-6:00:18:00|Kedd-6:00:18:00|Szerda-6:00:18:00|Csütörtök-6:00:18:00|Péntek-6:00:18:00|Szombat-6:00:12:00|Vasárnap-7:00:9:00
17.248;47.6914;Bősárkány;Petőfi út 40.;Hétfő-5:00:16:30|Kedd-5:00:16:30|Szerda-5:00:16:30|Csütörtök-5:00:16:30|Péntek-5:00:16:30|Szombat-5:00:12:00|Vasárnap-7:00:10:00
17.8503;46.2274;Bőszénfa;Szigetvári 8.;Hétfő-6:30:22:00|Kedd-6:30:22:00|Szerda-6:30:22:00|Csütörtök-6:30:22:00|Péntek-6:30:22:00|Szombat-6:30:22:00|Vasárnap-6:30:22:00
20.9935;47.2065;Bucsa;Kossuth 58;Hétfő-6:00:18:00|Kedd-6:00:18:00|Szerda-6:00:18:00|Csütörtök-6:00:18:00|Péntek-6:00:18:00|Szombat-6:00:14:00|Vasárnap-6:00:14:00
20.9995;47.2034;Bucsa;Kossuth utca 35/A.;Hétfő-6:00:18:00|Kedd-6:00:18:00|Szerda-6:00:18:00|Csütörtök-6:00:18:00|Péntek-6:00:18:00|Szombat-6:00:12:00|Vasárnap-7:00:12:00
16.9309;46.7892;Bucsuszentlászló;Széchenyi u. 2;Hétfő-6:00:18:00|Kedd-6:00:18:00|Szerda-6:00:18:00|Csütörtök-6:00:18:00|Péntek-6:00:18:00|Szombat-6:00:14:00|Vasárnap-7:00:11:00
19.0467;47.6265;Budakalász;Béke sétány   1.;Hétfő-6:00:18:00|Kedd-6:00:18:00|Szerda-6:00:18:00|Csütörtök-6:00:18:00|Péntek-6:00:18:00|Szombat-6:00:14:00|Vasárnap-7:00:12:00
19.0464;47.6207;Budakalász;Budai út  8;Hétfő-6:00:21:00|Kedd-6:00:21:00|Szerda-6:00:21:00|Csütörtök-6:00:21:00|Péntek-6:00:21:00|Szombat-7:00:21:00|Vasárnap-7:00:20:00
19.061;47.6125;Budakalász;Omszk park 1.;Hétfő-6:00:22:00|Kedd-6:00:22:00|Szerda-6:00:22:00|Csütörtök-6:00:22:00|Péntek-6:00:22:00|Szombat-6:00:22:00|Vasárnap-7:00:20:00
19.0619;47.6142;Budakalász;Omszk Park 4.;Hétfő-8:00:20:00|Kedd-8:00:20:00|Szerda-8:00:20:00|Csütörtök-8:00:20:00|Péntek-8:00:20:00|Szombat-8:00:20:00|Vasárnap-8:00:20:00
18.9157;47.4993;Budakeszi;Bianka utca 1.;Hétfő-8:00:20:00|Kedd-8:00:20:00|Szerda-8:00:20:00|Csütörtök-8:00:20:00|Péntek-8:00:20:00|Szombat-8:00:20:00|Vasárnap-9:00:19:00
18.9196;47.5077;Budakeszi;Dózsa György tér  1/A.;Hétfő-6:00:21:00|Kedd-6:00:21:00|Szerda-6:00:21:00|Csütörtök-6:00:21:00|Péntek-6:00:21:00|Szombat-6:00:20:00|Vasárnap-7:00:18:00
18.9323;47.5129;Budakeszi;Fő u. 116.;Hétfő-7:00:19:00|Kedd-7:00:19:00|Szerda-7:00:19:00|Csütörtök-7:00:19:00|Péntek-7:00:22:00|Szombat-7:00:22:00|Vasárnap-8:00:14:00
18.935;47.5165;Budakeszi;Fő utca  53.;Hétfő-6:00:22:00|Kedd-6:00:22:00|Szerda-6:00:22:00|Csütörtök-6:00:22:00|Péntek-6:00:22:00|Szombat-6:00:22:00|Vasárnap-6:00:22:00
18.9361;47.5172;Budakeszi;Fő utca 43-45.;Hétfő-6:30:21:00|Kedd-6:30:21:00|Szerda-6:30:21:00|Csütörtök-6:30:21:00|Péntek-6:30:21:00|Szombat-7:30:16:00|Vasárnap-Zárva
18.9339;47.5167;Budakeszi;Széchenyi  55.;Hétfő-7:00:22:00|Kedd-7:00:22:00|Szerda-7:00:22:00|Csütörtök-7:00:22:00|Péntek-7:00:22:00|Szombat-7:00:22:00|Vasárnap-8:00:21:00
18.927664767978676;47.5090685;Budakeszi;Fő utca 212.;Hétfő-6:00:20:00|Kedd-6:00:20:00|Szerda-6:00:20:00|Csütörtök-6:00:2:00|Péntek-7:00:21:00|Szombat-7:00:21:00|Vasárnap-7:00:2:00
18.943597;47.460294;Budaörs;Lévai u. 33.;Hétfő-7:00:20:00|Kedd-7:00:20:00|Szerda-7:00:20:00|Csütörtök-7:00:20:00|Péntek-7:00:20:00|Szombat-8:00:16:00|Vasárnap-8:00:13:00
18.943654;47.460134;Budaörs;Lévai utca 33.;Hétfő-7:00:20:00|Kedd-7:00:20:00|Szerda-7:00:20:00|Csütörtök-7:00:20:00|Péntek-7:00:20:00|Szombat-8:00:16:00|Vasárnap-8:00:13:00
18.9372;47.4549;Budaörs;Baross utca  167.;Hétfő-6:00:18:00|Kedd-6:00:18:00|Szerda-6:00:18:00|Csütörtök-6:00:18:00|Péntek-6:00:18:00|Szombat-6:00:14:00|Vasárnap-Zárva
18.9697;47.4619;Budaörs;Budapesti út 49.;Hétfő-6:00:22:00|Kedd-6:00:22:00|Szerda-6:00:22:00|Csütörtök-6:00:22:00|Péntek-6:00:22:00|Szombat-6:00:22:00|Vasárnap-Zárva
18.9583;47.4531;Budaörs;Garibaldi utca 2.;Hétfő-8:00:20:00|Kedd-8:00:20:00|Szerda-8:00:20:00|Csütörtök-8:00:20:00|Péntek-8:00:20:00|Szombat-9:00:19:00|Vasárnap-9:00:19:00
18.9604;47.4557;Budaörs;Károly Király    68;Hétfő-7:00:18:00|Kedd-7:00:18:00|Szerda-7:00:18:00|Csütörtök-7:00:18:00|Péntek-7:00:18:00|Szombat-7:00:13:00|Vasárnap-Zárva
18.9629;47.4493;Budaörs;Kinizsi u. 1-3;Hétfő-9:00:20:00|Kedd-9:00:20:00|Szerda-9:00:20:00|Csütörtök-9:00:20:00|Péntek-9:00:20:00|Szombat-9:00:20:00|Vasárnap-9:00:19:00
18.9531;47.4621;Budaörs;Kisfaludy u. 26.;Hétfő-6:00:18:00|Kedd-6:00:18:00|Szerda-6:00:18:00|Csütörtök-6:00:18:00|Péntek-6:00:18:00|Szombat-6:00:10:00|Vasárnap-7:00:10:00
18.9481;47.4562;Budaörs;Sport u. 2-4.;Hétfő-6:00:22:00|Kedd-6:00:22:00|Szerda-6:00:22:00|Csütörtök-6:00:22:00|Péntek-6:00:22:00|Szombat-6:00:22:00|Vasárnap-7:00:20:00
18.9503;47.4609;Budaörs;Szabadság u. 106.;Hétfő-7:00:19:00|Kedd-7:00:19:00|Szerda-7:00:19:00|Csütörtök-7:00:19:00|Péntek-7:00:19:00|Szombat-8:00:16:00|Vasárnap-Zárva
18.9536;47.4604;Budaörs;Szabadság u. 84.;Hétfő-7:00:19:00|Kedd-7:00:19:00|Szerda-7:00:19:00|Csütörtök-7:00:19:00|Péntek-0:70:22:00|Szombat-7:00:22:00|Vasárnap-8:00:14:00
18.9614;47.4614;Budaörs;Szabadság út 14.;Hétfő-6:00:20:00|Kedd-6:00:20:00|Szerda-6:00:20:00|Csütörtök-6:00:20:00|Péntek-6:00:20:00|Szombat-6:00:20:00|Vasárnap-6:00:20:00
18.9416;47.4603;Budaörs;Szabadság út 141-143.;Hétfő-6:00:20:00|Kedd-6:00:20:00|Szerda-6:00:20:00|Csütörtök-6:00:20:00|Péntek-6:00:20:00|Szombat-8:00:15:00|Vasárnap-8:00:15:00
18.9798661;47.4629314;Budaörs;Budapesti út 124.;Hétfő-6:00:22:00|Kedd-6:00:22:00|Szerda-6:00:22:00|Csütörtök-6:00:22:00|Péntek-6:00:22:00|Szombat-6:00:22:00|Vasárnap-6:00:22:00
18.957234594321463;47.4612853;Budaörs;Szabadság út 52-54.;Hétfő-6:00:21:00|Kedd-6:00:21:00|Szerda-6:00:21:00|Csütörtök-6:00:21:00|Péntek-6:00:21:00|Szombat-6:00:20:00|Vasárnap-7:00:18:00
19.259249;47.489065;Budapest;Ferihegyi út 29.;Hétfő-05:00:20:30|Kedd-05:00:20:30|Szerda-05:00:20:30|Csütörtök-05:00:20:30|Péntek-05:00:20:30|Szombat-0:00:24:01|Vasárnap-06:00:12:00
19.171572;47.530692;Budapest;György utca 2.;Hétfő-6:00:22:00|Kedd-6:00:22:00|Szerda-6:00:22:00|Csütörtök-6:00:22:00|Péntek-6:00:22:00|Szombat-6:00:22:00|Vasárnap-7:00:21:00
19.072082;47.475569;Budapest;Haller utca 12-14;Hétfő-8:00:22:00|Kedd-8:00:22:00|Szerda-8:00:22:00|Csütörtök-8:00:22:00|Péntek-8:00:22:00|Szombat-9:00:21:00|Vasárnap-9:00:20:00
19.0316;47.478;Budapest;Karolina út 37/A;Hétfő-06:00:21:00|Kedd-06:00:21:00|Szerda-6:00:21:00|Csütörtök-06:00:21:00|Péntek-6:00:21:00|Szombat-7:00:19:00|Vasárnap-08:00:20:00
19.127885;47.432683;Budapest;Lázár utca 94.;Hétfő-6:30:21:00|Kedd-6:30:21:00|Szerda-6:30:21:00|Csütörtök-6:30:21:00|Péntek-6:30:21:00|Szombat-6:30:21:00|Vasárnap-6:30:21:00
18.994774;47.395889;Budapest;Nagytétényi út 238.;Hétfő-7:00:19:00|Kedd-7:00:19:00|Szerda-7:00:19:00|Csütörtök-7:00:19:00|Péntek-7:00:19:00|Szombat-7:00:19:00|Vasárnap-7:00:15:00
19.18718;47.404848;Budapest;nemes u 10;Hétfő-5:00:18:00|Kedd-Zárva|Szerda-5:00:18:00|Csütörtök-5:00 : 18:00|Péntek-5:00:18:00|Szombat-5:00:18:00|Vasárnap-Zárva
19.001984;47.466768;Budapest;Regős utca 5.;Hétfő-6:00:22:00|Kedd-6:00:22:00|Szerda-6:00:22:00|Csütörtök-6:00:22:00|Péntek-6:00:22:00|Szombat-6:00:22:00|Vasárnap-6:00:22:00
19.001934;47.466769;Budapest;Regős utca 5.;Hétfő-6:00:22:00|Kedd-6:00:22:00|Szerda-6:00:22:00|Csütörtök-6:00:22:00|Péntek-6:00:22:00|Szombat-6:00:22:00|Vasárnap-6:00:22:00
18.990504;47.447256;Budapest;Repuloteri u 3;Hétfő-06:00:18:00|Kedd-06:00:18:00|Szerda-6:00:18:00|Csütörtök-06:00:18:00|Péntek-6:00:18:00|Szombat-6:00:14:00|Vasárnap-Zárva
19.111008;47.514723;Budapest;Róna utca 125;Hétfő-6:00:22:00|Kedd-6:00:22:00|Szerda-6:00:22:00|Csütörtök-6:00:22:00|Péntek-6:00:22:00|Szombat-8:00:16:00|Vasárnap-8:00:16:00
18.998857;47.481248;Budapest;Sasadi út 188.;Hétfő-8:00:19:00|Kedd-8:00:19:00|Szerda-8:00:19:00|Csütörtök-8:00:19:00|Péntek-8:00:19:00|Szombat-8:00:17:00|Vasárnap-8:00:17:00
19.098006;47.56671;Budapest;Szent Imre u.1.;Hétfő-8:00:20:00|Kedd-8:00:20:00|Szerda-8:00:20:00|Csütörtök-8:00:20:00|Péntek-8:00:20:00|Szombat-8:00:17:00|Vasárnap-8:00:15:00
19.018439;47.529662;Budapest;Szépvölgyi út 95.;Hétfő-8:00:22:00|Kedd-8:00:22:00|Szerda-8:00:22:00|Csütörtök-8:00:22:00|Péntek-8:00:22:00|Szombat-9:00:22:00|Vasárnap-9:00:20:00
19.18718;47.482553;Budapest;Ülllői u. 89/a;Hétfő-5:00:23:00|Szerda-5:00:23:00|Csütörtök-5:00:23:00|Péntek-5:00:23:00|Szombat-7:00:23:00|Vasárnap-8:00:23:00
19.10727;47.47218;Budapest;Üllői út 137.;Hétfő-0:00:24:00|Kedd-0:00:24:00|Szerda-0:00:24:00|Csütörtök-0:00:24:00|Péntek-0:00:24:00|Szombat-0:00:24:00|Vasárnap-0:00:24:00
19.023584;47.507893;Budapest;Széll Kálmán tér 3.;Hétfő-6:00:24:00|Kedd-6:00:24:00|Szerda-6:00:24:00|Csütörtök-6:00:24:00|Péntek-6:00:24:00|Szombat-6:00:24:00|Vasárnap-6:00:24:00
18.9666043;47.5376128;Budapest;Hűvösvölgyi út 138.;Hétfő-7:00:21:00|Kedd-7:00:21:00|Szerda-7:00:21:00|Csütörtök-7:00:21:00|Péntek-7:00:21:00|Szombat-7:00:18:00|Vasárnap-8:00:17:00
19.0847796;47.4994315;Budapest;Kerepesi út 5.;Hétfő-0:00:24:00|Kedd-0:00:24:00|Szerda-0:00:24:00|Csütörtök-0:00:24:00|Péntek-0:00:24:00|Szombat-0:00:24:07|Vasárnap-0:00:24:00
19.04571100824176;47.54051705;Budapest;Szentlélek tér 3.;Hétfő-5:00:23:00|Kedd-5:00:23:00|Szerda-5:00:23:00|Csütörtök-5:00:23:00|Péntek-5:00:1:00|Szombat-5:00:1:00|Vasárnap-5:00:23:00
19.0329;47.497;Budapest;Alagút 5;Hétfő-7:00:20:00|Kedd-7:00:20:00|Szerda-7:00:20:00|Csütörtök-7:00:20:00|Péntek-7:00:20:00|Szombat-7:00:17:00|Vasárnap-8:00:14:00
19.0402;47.4934;Budapest;Attila  25.;Hétfő-8:00:16:00|Kedd-8:00:16:00|Szerda-8:00:16:00|Csütörtök-8:00:16:00|Péntek-8:00:16:00|Szombat-8:00:12:00|Vasárnap-Zárva
19.0313;47.507;Budapest;Batthyány u.  28.;Hétfő-6:30:20:30|Kedd-6:30:20:30|Szerda-6:30:20:30|Csütörtök-6:30:20:30|Péntek-6:30:20:30|Szombat-7:00:17:00|Vasárnap-8:00:17:00
19.0341;47.5069;Budapest;Batthyány utca 10.;Hétfő-7:00:20:00|Kedd-7:00:20:00|Szerda-7:00:20:00|Csütörtök-7:00:20:00|Péntek-7:00:20:00|Szombat-8:00:16:00|Vasárnap-8:00:16:00
19.033;47.4927;Budapest;Naphegy tér 1.;Hétfő-7:00:20:00|Kedd-7:00:20:00|Szerda-7:00:20:00|Csütörtök-7:00:20:00|Péntek-7:00:20:00|Szombat-7:00:17:00|Vasárnap-8:00:17:00
19.0337252;47.5012083;Budapest;Tárnok u. 26.,;Hétfő-7:00:2:00|Kedd-7:00:20:00|Szerda-7:00:20:00|Csütörtök-7:00:20:00|Péntek-7:00:20:00|Szombat-8:00:20:00|Vasárnap-9:00:18:00
19.0258619;47.4990056;Budapest;Krisztina körút 37.;Hétfő-6:00:22:00|Kedd-6:00:22:00|Szerda-6:00:22:00|Csütörtök-6:00:22:00|Péntek-6:00:22:00|Szombat-6:00:22:00|Vasárnap-6:00:22:00
19.023584;47.507893;Budapest;Széll Kálmán tér 3.;Hétfő-6:00:24:00|Kedd-6:00:24:00|Szerda-6:00:24:00|Csütörtök-6:00:24:00|Péntek-6:00:24:00|Szombat-6:00:24:00|Vasárnap-6:00:24:00
18.9666043;47.5376128;Budapest;Hűvösvölgyi út 138.;Hétfő-7:00:21:00|Kedd-7:00:21:00|Szerda-7:00:21:00|Csütörtök-7:00:21:00|Péntek-7:00:21:00|Szombat-7:00:18:00|Vasárnap-8:00:17:00
18.9492;47.5518;Budapest;Ábránd u. 2.;Hétfő-7:00:18:00|Kedd-7:00:18:00|Szerda-7:00:18:00|Csütörtök-7:00:18:00|Péntek-7:00:18:00|Szombat-8:00:16:00|Vasárnap-8:00:16:00
19.0378;47.5202;Budapest;Árpád Fejedelem útja    8.;Hétfő-8:00:19:00|Kedd-8:00:19:00|Szerda-8:00:19:00|Csütörtök-8:00:19:00|Péntek-8:00:19:00|Szombat-8:00:16:00|Vasárnap-Zárva
19.0379;47.5117;Budapest;Bem utca  4.;Hétfő-7:00:19:00|Kedd-7:00:19:00|Szerda-7:00:19:00|Csütörtök-7:00:19:00|Péntek-7:00:19:00|Szombat-7:00:15:00|Vasárnap-8:00:12:00
19.0248;47.5166;Budapest;Bimbó utca  45.;Hétfő-6:30:21:00|Kedd-6:30:21:00|Szerda-6:30:21:00|Csütörtök-6:30:21:00|Péntek-6:30:21:00|Szombat-8:00:21:00|Vasárnap-8:00:21:00
18.9874;47.5203;Budapest;Budenz u. 24.;Hétfő-6:30:21:00|Kedd-6:30:21:00|Szerda-6:30:21:00|Csütörtök-6:30:21:00|Péntek-6:30:21:00|Szombat-6:30:17:00|Vasárnap-8:00:17:00
19.0254;47.5096;Budapest;Fény utca 15.;Hétfő-8:00:16:00|Kedd-8:00:16:00|Szerda-8:00:16:00|Csütörtök-8:00:16:00|Péntek-8:00:16:00|Szombat-8:00:12:00|Vasárnap-Zárva
19.0235;47.5086;Budapest;Fillér utca 1.;Hétfő-7:00:21:00|Kedd-7:00:21:00|Szerda-7:00:21:00|Csütörtök-7:00:21:00|Péntek-7:00:21:00|Szombat-7:00:17:00|Vasárnap-8:00:17:00
19.0381;47.5116;Budapest;Fő u. 92.,;Hétfő-7:00:19:00|Kedd-7:00:19:00|Szerda-7:00:19:00|Csütörtök-7:00:19:00|Péntek-7:00:19:00|Szombat-9:00:17:00|Vasárnap-Zárva
19.0152;47.5225;Budapest;Gábor Áron u. 74-78.,;Hétfő-7:00:19:00|Kedd-7:00:19:00|Szerda-7:00:19:00|Csütörtök-7:00:19:00|Péntek-7:00:19:00|Szombat-7:00:19:00|Vasárnap-7:00:19:00
18.9624;47.5631;Budapest;Hidegkúti út 163.;Hétfő-7:00:20:00|Kedd-7:00:20:00|Szerda-7:00:20:00|Csütörtök-7:00:20:00|Péntek-7:00:20:00|Szombat-7:00:15:00|Vasárnap-8:00:14:00
18.9616;47.5639;Budapest;Hidegkúti út 169.,;Hétfő-7:00:19:00|Kedd-7:00:19:00|Szerda-7:00:19:00|Csütörtök-7:00:19:00|Péntek-7:00:19:00|Szombat-7:00:19:00|Vasárnap-7:00:19:00
18.9639;47.5454;Budapest;Hidegkúti út 6.,;Hétfő-7:00:19:00|Kedd-7:00:19:00|Szerda-7:00:19:00|Csütörtök-7:00:19:00|Péntek-7:00:19:00|Szombat-7:00:19:00|Vasárnap-7:00:19:00
19.0346;47.5108;Budapest;Horváth 11-17.;Hétfő-6:00:18:00|Kedd-6:00:18:00|Szerda-6:00:18:00|Csütörtök-6:00:18:00|Péntek-6:00:18:00|Szombat-7:00:15:00|Vasárnap-Zárva
19.0342;47.5111;Budapest;Horváth utca 28-36.;Hétfő-7:00:19:00|Kedd-7:00:19:00|Szerda-7:00:19:00|Csütörtök-7:00:19:00|Péntek-7:00:19:00|Szombat-7:00:14:00|Vasárnap-Zárva
18.9785;47.5309;Budapest;Hűvösvölgyi  135.;Hétfő-7:00:18:00|Kedd-6:30:19:30|Szerda-6:30:19:30|Csütörtök-6:30:19:30|Péntek-6:30:19:30|Szombat-6:30:15:00|Vasárnap-9:00:15:00
18.9738;47.5346;Budapest;Hűvösvölgyi út 118.;Hétfő-7:00:22:00|Kedd-7:00:22:00|Szerda-7:00:22:00|Csütörtök-7:00:22:00|Péntek-7:00:22:00|Szombat-8:00:22:00|Vasárnap-8:00:20:00
19.0272;47.5086;Budapest;Lövőház u. 2-6.;Hétfő-7:00:19:00|Kedd-7:00:19:00|Szerda-7:00:19:00|Csütörtök-7:00:19:00|Péntek-7:00:19:00|Szombat-10:00:18:00|Vasárnap-Zárva
19.0253;47.5091;Budapest;Lövőház utca 12.;Hétfő-8:00:16:00|Kedd-8:00:16:00|Szerda-8:00:16:00|Csütörtök-8:00:16:00|Péntek-8:00:16:00|Szombat-8:00:12:00|Vasárnap-Zárva
19.018439;47.529662;Budapest;Szépvölgyi út 95.;Hétfő-8:00:22:00|Kedd-8:00:22:00|Szerda-8:00:22:00|Csütörtök-8:00:22:00|Péntek-8:00:22:00|Szombat-9:00:22:00|Vasárnap-9:00:20:00
19.04571100824176;47.54051705;Budapest;Szentlélek tér 3.;Hétfő-5:00:23:00|Kedd-5:00:23:00|Szerda-5:00:23:00|Csütörtök-5:00:23:00|Péntek-5:00:1:00|Szombat-5:00:1:00|Vasárnap-5:00:23:00
19.0322;47.5462;Budapest;Ágoston 1;Hétfő-6:00:18:00|Kedd-6:00:18:00|Szerda-6:00:18:00|Csütörtök-6:00:18:00|Péntek-6:00:18:00|Szombat-7:00:15:00|Vasárnap-Zárva
19.038;47.5287;Budapest;Bécsi út  53-55.,;Hétfő-0:00:24:00|Kedd-0:00:24:00|Szerda-0:00:24:00|Csütörtök-0:00:24:00|Péntek-0:00:24:00|Szombat-0:00:24:00|Vasárnap-0:00:24:00
19.0294;47.544;Budapest;Bécsi út 136.;Hétfő-7:00:20:00|Kedd-7:00:20:00|Szerda-7:00:20:00|Csütörtök-7:00:20:00|Péntek-7:00:20:00|Szombat-7:00:20:00|Vasárnap-8:00:18:00
19.0155;47.5735;Budapest;Bécsi út 314.;Hétfő-6:00:22:00|Kedd-6:00:22:00|Szerda-6:00:22:00|Csütörtök-6:00:22:00|Péntek-6:00:23:00|Szombat-6:00:23:00|Vasárnap-6:00:22:00
19.0253;47.5589;Budapest;Bécsi út 319.   319.;Hétfő-7:00:19:00|Kedd-7:00:19:00|Szerda-7:00:19:00|Csütörtök-7:00:19:00|Péntek-7:00:19:00|Szombat-7:00:13:00|Vasárnap-7:00:13:00
19.0166;47.5728;Budapest;Bécsi út 377.,;Hétfő-7:00:19:00|Kedd-7:00:19:00|Szerda-7:00:19:00|Csütörtök-7:00:19:00|Péntek-7:00:19:00|Szombat-8:00:16:00|Vasárnap-Zárva
19.0376;47.5287;Budapest;Bécsi út 38-44.;Hétfő-6:30:2:00|Kedd-6:30:20:00|Szerda-6:30:20:00|Csütörtök-6:30:20:00|Péntek-6:30:20:00|Szombat-6:30:18:00|Vasárnap-8:00:16:00
19.0378;47.5299;Budapest;Bécsi út 56.,;Hétfő-0:00:24:00|Kedd-0:00:24:00|Szerda-0:00:24:00|Csütörtök-0:00:24:00|Péntek-0:00:24:00|Szombat-0:00:24:00|Vasárnap-0:00:24:00
19.0619;47.5963;Budapest;Boglár  utca 5.;Hétfő-6:00:22:00|Kedd-6:00:22:00|Szerda-6:00:22:00|Csütörtök-6:00:22:00|Péntek-6:00:22:00|Szombat-6:00:22:00|Vasárnap-6:00:22:00
19.039;47.5283;Budapest;Evező utca 7.;Hétfő-6:00:20:00|Kedd-6:00:20:00|Szerda-6:00:20:00|Csütörtök-6:00:20:00|Péntek-6:00:20:00|Szombat-8:00:16:00|Vasárnap-8:00:16:00
19.0354;47.543;Budapest;Gyenes utca 2. 16998/11/A;Hétfő-6:30:19:30|Kedd-6:30:19:00|Szerda-6:30:19:00|Csütörtök-6:30:19:00|Péntek-6:30:19:00|Szombat-6:30:14:00|Vasárnap-7:00:13:00
19.0569;47.5975;Budapest;Heltai Jenő tér 7-9.,;Hétfő-7:00:19:00|Kedd-7:00:19:00|Szerda-7:00:19:00|Csütörtök-7:00:19:00|Péntek-7:00:19:00|Szombat-7:00:14:00|Vasárnap-Zárva
19.0401;47.5518;Budapest;Hévízi u. 21-27.,;Hétfő-6:00:19:00|Kedd-6:00:19:00|Szerda-6:00:19:00|Csütörtök-6:00:19:00|Péntek-6:00:19:00|Szombat-7:00:14:00|Vasárnap-Zárva
19.0592;47.5968;Budapest;Hímző utca 12.;Hétfő-6:00:22:00|Kedd-6:00:22:00|Szerda-6:00:22:00|Csütörtök-6:00:22:00|Péntek-6:00:22:00|Szombat-6:00:22:00|Vasárnap-6:00:22:00
19.0484;47.5994;Budapest;Jendrassik 2;Hétfő-6:00:22:00|Kedd-6:00:22:00|Szerda-6:00:22:00|Csütörtök-6:00:22:00|Péntek-6:00:22:00|Szombat-6:00:22:00|Vasárnap-6:00:22:00
19.0605;47.5973;Budapest;Juhász Gyula utca 6;Hétfő-7:00:20:00|Kedd-7:00:20:00|Szerda-7:00:20:00|Csütörtök-7:00:20:00|Péntek-7:00:20:00|Szombat-7:00:16:00|Vasárnap-9:00:14:00
19.0435;47.5581;Budapest;Kaszásdűlő utca 7.;Hétfő-6:00:18:00|Kedd-6:00:18:00|Szerda-6:00:18:00|Csütörtök-6:00:18:00|Péntek-6:00:18:00|Szombat-7:00:15:00|Vasárnap-Zárva
19.0427;47.5487;Budapest;Kerék utca 34.;Hétfő-7:00:19:00|Kedd-7:00:19:00|Szerda-7:00:19:00|Csütörtök-7:00:19:00|Péntek-7:00:19:00|Szombat-7:00:19:00|Vasárnap-Zárva
19.098006;47.56671;Budapest;Szent Imre u.1.;Hétfő-8:00:20:00|Kedd-8:00:20:00|Szerda-8:00:20:00|Csütörtök-8:00:20:00|Péntek-8:00:20:00|Szombat-8:00:17:00|Vasárnap-8:00:15:00
19.088;47.5604;Budapest;Árpád út 57-59.,;Hétfő-7:00:19:00|Kedd-7:00:19:00|Szerda-7:00:19:00|Csütörtök-7:00:19:00|Péntek-7:00:19:00|Szombat-8:00:16:00|Vasárnap-Zárva
19.0874;47.5607;Budapest;Árpád út 62.,;Hétfő-6:00:22:00|Kedd-6:00:22:00|Szerda-6:00:22:00|Csütörtök-6:00:22:00|Péntek-6:00:22:00|Szombat-6:00:22:00|Vasárnap-6:00:22:00
19.089;47.5606;Budapest;Árpád út 70.,;Hétfő-7:00:19:00|Kedd-7:00:19:00|Szerda-7:00:19:00|Csütörtök-7:00:19:00|Péntek-7:00:19:00|Szombat-7:00:15:00|Vasárnap-Zárva
19.0917;47.5603;Budapest;Árpád út 84.;Hétfő-6:00:18:00|Kedd-6:00:18:00|Szerda-6:00:18:00|Csütörtök-6:00:18:00|Péntek-6:00:18:00|Szombat-7:00:15:00|Vasárnap-Zárva
19.0932;47.5601;Budapest;Árpád út 90-92.,;Hétfő-0:00:23:59|Kedd-0:00:23:59|Szerda-0:00:23:59|Csütörtök-0:00:23:59|Péntek-0:00:23:59|Szombat-0:00:23:59|Vasárnap-0:00:23:59
19.0943;47.5597;Budapest;Árpád út 93.;Hétfő-8:00:16:00|Kedd-8:00:16:00|Szerda-8:00:16:00|Csütörtök-8:00:16:00|Péntek-8:00:16:00|Szombat-8:00:12:00|Vasárnap-Zárva
19.0945;47.5597;Budapest;Árpád út 95.,;Hétfő-0:00:24:00|Kedd-0:00:24:00|Szerda-0:00:24:00|Csütörtök-0:00:24:00|Péntek-0:00:24:00|Szombat-0:00:24:00|Vasárnap-0:00:24:00
19.0875;47.5558;Budapest;Berda József utca 50-54.,;Hétfő-0:00:24:00|Kedd-0:00:24:00|Szerda-0:00:24:00|Csütörtök-0:00:24:00|Péntek-0:00:24:00|Szombat-0:00:24:00|Vasárnap-0:00:24:00
19.1136;47.5849;Budapest;Bőröndös utca 9.;Hétfő-6:00:20:00|Kedd-6:00:20:00|Szerda-6:00:20:00|Csütörtök-6:00:20:00|Péntek-6:00:20:00|Szombat-7:00:21:00|Vasárnap-Zárva
19.1209;47.5969;Budapest;Csíkszentiván utca 6.;Hétfő-8:00:16:00|Kedd-8:00:16:00|Szerda-8:00:16:00|Csütörtök-8:00:16:00|Péntek-8:00:16:00|Szombat-8:00:12:00|Vasárnap-Zárva
19.0931;47.5643;Budapest;Deák Ferenc u. 47.,;Hétfő-7:00:19:00|Kedd-7:00:19:00|Szerda-7:00:19:00|Csütörtök-7:00:19:00|Péntek-7:00:19:00|Szombat-7:00:15:00|Vasárnap-Zárva
19.1097;47.5837;Budapest;Dunakeszi utca 6.;Hétfő-7:00:19:00|Kedd-7:00:19:00|Szerda-7:00:19:00|Csütörtök-7:00:19:00|Péntek-7:00:19:00|Szombat-8:00:16:00|Vasárnap-Zárva
19.1032;47.5738;Budapest;Eperjesi u. 1/A.;Hétfő-0:00:23:59|Kedd-0:00:23:59|Szerda-0:00:23:59|Csütörtök-0:00:23:59|Péntek-0:00:23:59|Szombat-0:00:23:59|Vasárnap-0:00:23:59
19.1019;47.573;Budapest;Foti út      117;Hétfő-7:00:18:00|Kedd-7:00:18:00|Szerda-7:00:18:00|Csütörtök-7:00:18:00|Péntek-7:00:18:00|Szombat-7:00:14:00|Vasárnap-Zárva
19.1144;47.5809;Budapest;Galopp u. 8.,;Hétfő-6:00:20:00|Kedd-6:00:20:00|Szerda-6:00:20:00|Csütörtök-6:00:20:00|Péntek-6:00:20:00|Szombat-8:00:16:00|Vasárnap-Zárva
19.079;47.5706;Budapest;Garam u. 3.,;Hétfő-8:00:20:00|Kedd-8:00:20:00|Szerda-8:00:2:00|Csütörtök-8:00:20:00|Péntek-8:00:20:00|Szombat-8:00:18:00|Vasárnap-8:00:16:00
19.0916;47.5608;Budapest;Kassai utca  35.,;Hétfő-7:00:19:00|Kedd-7:00:19:00|Szerda-7:00:19:00|Csütörtök-7:00:19:00|Péntek-7:00:19:00|Szombat-7:00:15:00|Vasárnap-Zárva
19.113;47.5867;Budapest;Kordován tér     13;Hétfő-6:30:22:00|Kedd-6:30:22:00|Szerda-6:30:22:00|Csütörtök-6:30:22:00|Péntek-6:30:22:00|Szombat-6:30:22:00|Vasárnap-6:30:22:00
19.0931;47.5606;Budapest;Lebstück Mária u. 45.;Hétfő-8:00:20:00|Kedd-8:00:20:00|Szerda-8:00:20:00|Csütörtök-8:00:20:00|Péntek-8:00:20:00|Szombat-10:00:18:00|Vasárnap-10:00:18:00
19.072082;47.475569;Budapest;Haller utca 12-14;Hétfő-8:00:22:00|Kedd-8:00:22:00|Szerda-8:00:22:00|Csütörtök-8:00:22:00|Péntek-8:00:22:00|Szombat-9:00:21:00|Vasárnap-9:00:20:00
19.18718;47.482553;Budapest;Ülllői u. 89/a;Hétfő-5:00:23:00|Szerda-5:00:23:00|Csütörtök-5:00:23:00|Péntek-5:00:23:00|Szombat-7:00:23:00|Vasárnap-8:00:23:00
19.10727;47.47218;Budapest;Üllői út 137.;Hétfő-0:00:24:00|Kedd-0:00:24:00|Szerda-0:00:24:00|Csütörtök-0:00:24:00|Péntek-0:00:24:00|Szombat-0:00:24:00|Vasárnap-0:00:24:00
19.0663;47.4828;Budapest;Bakáts tér 2.;Hétfő-7:00:19:00|Kedd-7:00:19:00|Szerda-7:00:19:00|Csütörtök-7:00:19:00|Péntek-7:00:19:00|Szombat-7:00:19:00|Vasárnap-Zárva
19.0607;47.4868;Budapest;Erkel utca 4.;Hétfő-8:00:16:00|Kedd-8:00:16:00|Szerda-8:00:16:00|Csütörtök-8:00:16:00|Péntek-8:00:16:00|Szombat-8:00:12:00|Vasárnap-Zárva
19.0691;47.4843;Budapest;Ferenc körút 34.;Hétfő-6:00:22:00|Kedd-6:00:22:00|Szerda-6:00:0:00|Csütörtök-6:00:0:00|Péntek-0:00:23:59|Szombat-0:00:23:59|Vasárnap-6:00:22:00
19.0685;47.4828;Budapest;Ferenc krt. 18.;Hétfő-6:00:18:00|Kedd-6:00:18:00|Szerda-6:00:18:00|Csütörtök-6:00:18:00|Péntek-6:00:18:00|Szombat-7:00:15:00|Vasárnap-Zárva
19.0694;47.4834;Budapest;Ferenc krt. 27.;Hétfő-6:00:22:00|Kedd-6:00:22:00|Szerda-6:00:22:00|Csütörtök-6:00:22:00|Péntek-6:00:0:00|Szombat-6:00:0:00|Vasárnap-9:00:17:00
19.0696;47.4839;Budapest;Ferenc krt. 33.;Hétfő-6:00:22:00|Kedd-6:00:22:00|Szerda-6:00:22:00|Csütörtök-6:00:22:00|Péntek-6:00:22:00|Szombat-6:00:22:00|Vasárnap-6:00:22:00
19.0699;47.4847;Budapest;Ferenc krt. 41.;Hétfő-8:00:16:00|Kedd-8:00:16:00|Szerda-8:00:16:00|Csütörtök-8:00:16:00|Péntek-8:00:16:00|Szombat-8:00:12:00|Vasárnap-Zárva
19.0789;47.4766;Budapest;Haller u. 56.;Hétfő-6:00:0:00|Kedd-6:00:0:00|Szerda-6:00:0:00|Csütörtök-6:00:0:00|Péntek-6:00:0:00|Szombat-6:00:0:00|Vasárnap-6:00:0:00
19.0708;47.4754;Budapest;Haller u. 8-18.;Hétfő-8:00:16:00|Kedd-8:00:16:00|Szerda-8:00:16:00|Csütörtök-8:00:16:00|Péntek-8:00:16:00|Szombat-8:00:12:00|Vasárnap-Zárva
19.0612;47.4887;Budapest;Kálvin tér 7.;Hétfő-6:30:23:00|Kedd-6:30:23:00|Szerda-6:30:23:00|Csütörtök-6:30:23:00|Péntek-6:30:23:00|Szombat-6:30:23:00|Vasárnap-6:30:23:00
19.0618;47.4888;Budapest;Kálvin tér 9.;Hétfő-7:00:22:00|Kedd-7:00:22:00|Szerda-7:00:22:00|Csütörtök-7:00:22:00|Péntek-7:00:22:00|Szombat-7:00:22:00|Vasárnap-7:00:19:00
19.084;47.47;Budapest;Könyves Kálmán krt. 12-14.;Hétfő-6:00:22:00|Kedd-6:00:22:00|Szerda-6:00:22:00|Csütörtök-6:00:22:00|Péntek-6:00:22:00|Szombat-6:00:22:00|Vasárnap-6:00:22:00
19.0796;47.4656;Budapest;Koppány utca 2-4.;Hétfő-8:00:20:00|Kedd-8:00:20:00|Szerda-8:00:20:00|Csütörtök-8:00:20:00|Péntek-8:00:20:00|Szombat-8:00:20:00|Vasárnap-8:00:19:00
19.0785;47.4756;Budapest;Mester u. 22.;Hétfő-6:30:22:00|Kedd-6:30:22:00|Szerda-6:30:22:00|Csütörtök-6:30:22:00|Péntek-6:30:22:00|Szombat-6:30:22:00|Vasárnap-7:00:19:00
19.0691;47.4817;Budapest;Mester u. 4-6.;Hétfő-8:00:16:00|Kedd-8:00:16:00|Szerda-8:00:16:00|Csütörtök-8:00:16:00|Péntek-8:00:16:00|Szombat-8:00:12:00|Vasárnap-Zárva
19.0739;47.4786;Budapest;Mester utca 46.;Hétfő-8:00:16:00|Kedd-8:00:16:00|Szerda-8:00:16:00|Csütörtök-8:00:16:00|Péntek-8:00:16:00|Szombat-8:00:12:00|Vasárnap-Zárva
19.0594;47.4868;Budapest;Pipa u. 6.;Hétfő-6:00:18:00|Kedd-6:00:18:00|Szerda-6:00:18:00|Csütörtök-6:00:18:00|Péntek-6:00:18:00|Szombat-6:00:18:00|Vasárnap-6:00:18:00
19.0535;47.4895;Budapest;Belgrád rkp. 19.,;Hétfő-7:00:20:00|Kedd-7:00:20:00|Szerda-7:00:20:00|Csütörtök-7:00:20:00|Péntek-7:00:20:00|Szombat-8:00:16:00|Vasárnap-8:00:16:00
19.0523;47.4974;Budapest;Erzsébet tér 7-8.;Hétfő-10:00:19:00|Kedd-10:00:19:00|Szerda-10:00:19:00|Csütörtök-10:00:19:00|Péntek-10:00:19:00|Szombat-10:00:19:00|Vasárnap-10:00:19:00
19.055;47.4932;Budapest;Ferenciek tere 10.;Hétfő-7:00:23:00|Kedd-7:00:23:00|Szerda-7:00:23:00|Csütörtök-7:00:23:00|Péntek-7:00:23:00|Szombat-7:00:23:00|Vasárnap-7:00:23:00
19.0532;47.4994;Budapest;Hercegprímás u. 2.,;Hétfő-0:00:24:00|Kedd-0:00:24:00|Szerda-0:00:24:00|Csütörtök-0:00:24:00|Péntek-0:00:24:00|Szombat-0:00:24:00|Vasárnap-0:00:24:00
19.0517;47.499;Budapest;József Attila utca    16.;Hétfő-6:30:20:30|Kedd-6:30:20:30|Szerda-6:30:20:30|Csütörtök-6:30:20:30|Péntek-6:30:20:30|Szombat-7:00:15:00|Vasárnap-Zárva
19.0592;47.4906;Budapest;Kecskeméti utca 1.,;Hétfő-8:00:20:00|Kedd-8:00:20:00|Szerda-8:00:20:00|Csütörtök-8:00:20:00|Péntek-8:00:22:00|Szombat-10:00:22:00|Vasárnap-Zárva
19.0491;47.501;Budapest;Nádor u. 14.;Hétfő-7:00:20:00|Kedd-7:00:20:00|Szerda-7:00:20:00|Csütörtök-7:00:20:00|Péntek-7:00:20:00|Szombat-8:00:16:00|Vasárnap-8:00:16:00
19.056;47.4941;Budapest;Városház u. 6.,;Hétfő-7:00:20:00|Kedd-7:00:20:00|Szerda-7:00:20:00|Csütörtök-7:00:20:00|Péntek-7:00:20:00|Szombat-8:00:16:00|Vasárnap-8:00:16:00
19.0565437;47.4927281;Budapest;Ferenciek tere 7-8.;Hétfő-8:00:22:00|Kedd-8:00:22:00|Szerda-8:00:22:00|Csütörtök-8:00:22:00|Péntek-8:00:22:00|Szombat-8:00:22:00|Vasárnap-8:00:22:00
19.0532842;47.4992663;Budapest;Hercegprímás utca 2.;Hétfő-9:00:21:00|Kedd-9:00:21:00|Szerda-9:00:21:00|Csütörtök-9:00:22:00|Péntek-9:00:23:00|Szombat-9:00:23:00|Vasárnap-10:00:18:00
19.0554128;47.5029844;Budapest;Zichy Jenő utca 1.;Hétfő-0:00:24:00|Kedd-0:00:24:00|Szerda-0:00:24:00|Csütörtök-0:00:24:00|Péntek-0:00:24:00|Szombat-0:00:24:00|Vasárnap-0:00:24:00
19.0555;47.4981;Budapest;Anker köz 1-3.;Hétfő-6:00:22:00|Kedd-6:00:22:00|Szerda-6:00:22:00|Csütörtök-6:00:22:00|Péntek-6:00:22:00|Szombat-6:30:14:30|Vasárnap-Zárva
19.0665;47.5089;Budapest;Aradi u. 38.;Hétfő-6:00:22:00|Kedd-6:00:22:00|Szerda-6:00:22:00|Csütörtök-6:00:22:00|Péntek-6:00:22:00|Szombat-6:00:22:00|Vasárnap-6:00:22:00
19.0671;47.5093;Budapest;Aradi utca 42. fsz.4.;Hétfő-7:00:19:00|Kedd-7:00:19:00|Szerda-7:00:19:00|Csütörtök-7:00:19:00|Péntek-7:00:19:00|Szombat-7:00:19:00|Vasárnap-Zárva
19.0578;47.5037;Budapest;Hajós u. 23.;Hétfő-6:00:21:00|Kedd-6:00:21:00|Szerda-6:00:21:00|Csütörtök-6:00:21:00|Péntek-6:00:21:00|Szombat-8:00:21:00|Vasárnap-8:00:21:00
19.0628;47.5029;Budapest;Hegedű u. 3.;Hétfő-7:00:22:00|Kedd-7:00:22:00|Szerda-7:00:2:00|Csütörtök-7:00:4:00|Péntek-7:00:4:00|Szombat-7:00:4:00|Vasárnap-7:00:22:00
19.0577;47.4997;Budapest;Káldy Gyula u. 4.;Hétfő-7:00:22:00|Kedd-7:00:22:00|Szerda-7:00:1:00|Csütörtök-7:00:1:00|Péntek-7:00:1:00|Szombat-7:00:1:00|Vasárnap-7:00:22:00
19.0606;47.5006;Budapest;Király u.  38.;Hétfő-9:30:21:30|Kedd-9:30:21:30|Szerda-9:30:21:30|Csütörtök-9:30:23:00|Péntek-9:30:1:30|Szombat-9:30:1:30|Vasárnap-12:00:18:00
19.0588;47.4995;Budapest;Király u. 26.;Hétfő-6:00:22:00|Kedd-6:00:22:00|Szerda-6:00:22:00|Csütörtök-6:00:22:00|Péntek-6:00:22:00|Szombat-6:00:22:00|Vasárnap-6:00:22:00
19.0562;47.5064;Budapest;Nagymező utca  47.;Hétfő-6:00:18:00|Kedd-6:00:18:00|Szerda-6:00:18:00|Csütörtök-6:00:18:00|Péntek-6:00:18:00|Szombat-7:00:15:00|Vasárnap-Zárva
19.0556;47.5071;Budapest;Podmaniczky utca 1-3.;Hétfő-0:00:24:00|Kedd-0:00:24:00|Szerda-0:00:24:00|Csütörtök-0:00:24:00|Péntek-0:00:24:00|Szombat-0:00:24:00|Vasárnap-0:00:24:00
19.0555;47.5009;Budapest;Révay u. 4.;Hétfő-6:00:22:00|Kedd-6:00:22:00|Szerda-6:00:22:00|Csütörtök-6:00:22:00|Péntek-6:00:22:00|Szombat-6:00:22:00|Vasárnap-6:00:22:00
19.0678;47.5126;Budapest;Szondi utca  56.;Hétfő-6:00:22:00|Kedd-6:00:22:00|Szerda-6:00:22:00|Csütörtök-6:00:22:00|Péntek-6:00:22:00|Szombat-7:00:15:00|Vasárnap-7:00:15:00
19.0658;47.5114;Budapest;Szondi utca 44/A;Hétfő-0:00:24:00|Kedd-0:00:24:00|Szerda-0:00:24:00|Csütörtök-0:00:24:00|Péntek-0:00:24:00|Szombat-0:00:24:00|Vasárnap-0:00:24:00
19.0626;47.506;Budapest;Teréz körút  21.;Hétfő-8:00:16:00|Kedd-8:00:16:00|Szerda-8:00:16:00|Csütörtök-8:00:16:00|Péntek-8:00:16:00|Szombat-8:00:12:00|Vasárnap-Zárva
19.0576;47.5123;Budapest;Váci u. 1-3.;Hétfő-8:00:22:00|Kedd-8:00:22:00|Szerda-8:00:22:00|Csütörtök-8:00:22:00|Péntek-8:00:22:00|Szombat-10:00:22:00|Vasárnap-10:00:18:00
19.0553;47.5031;Budapest;Zichy Jenő 1;Hétfő-7:00:23:00|Kedd-7:00:23:00|Szerda-7:00:23:00|Csütörtök-7:00:23:00|Péntek-7:00:23:00|Szombat-7:00:23:00|Vasárnap-Zárva
19.0614093;47.5055397;Budapest;Jókai tér 8.;Hétfő-0:00:24:00|Kedd-0:00:24:00|Szerda-0:00:24:00|Csütörtök-0:00:24:00|Péntek-0:00:24:00|Szombat-0:00:24:00|Vasárnap-0:00:24:00
19.0692;47.4975;Budapest;Akácfa u.  5.;Hétfő-8:00:16:00|Kedd-8:00:16:00|Szerda-8:00:16:00|Csütörtök-8:00:16:00|Péntek-8:00:16:00|Szombat-8:00:12:00|Vasárnap-Zárva
19.0784;47.5079;Budapest;Damjanich utca 32.;Hétfő-6:00:14:00|Kedd-6:00:14:00|Szerda-6:00:14:00|Csütörtök-6:00:14:00|Péntek-6:00:14:00|Szombat-8:00:12:00|Vasárnap-Zárva
19.0681;47.5023;Budapest;Dob u. 68.;Hétfő-7:00:19:00|Kedd-6:00:0:00|Szerda-6:00:0:00|Csütörtök-6:00:0:00|Péntek-6:00:0:00|Szombat-6:00:0:00|Vasárnap-6:00:0:00
19.0603;47.4955;Budapest;Dohány u.  1/B;Hétfő-7:00:22:00|Kedd-7:00:22:00|Szerda-7:00:22:00|Csütörtök-7:00:22:00|Péntek-7:00:22:00|Szombat-7:00:22:00|Vasárnap-7:00:22:00
19.0684;47.4974;Budapest;Dohány u.  39.;Hétfő-6:00:22:00|Kedd-6:00:22:00|Szerda-6:00:22:00|Csütörtök-6:00:22:00|Péntek-6:00:22:00|Szombat-7:00:15:00|Vasárnap-7:00:15:00
19.0696;47.4989;Budapest;Erzsébet krt. 14.;Hétfő-7:00:23:00|Kedd-7:00:23:00|Szerda-7:00:3:00|Csütörtök-7:00:3:00|Péntek-7:00:3:00|Szombat-7:00:3:00|Vasárnap-7:00:22:00
19.085;47.5033;Budapest;Garai utca 50.;Hétfő-6:30:21:00|Kedd-6:30:21:00|Szerda-6:30:21:00|Csütörtök-6:30:21:00|Péntek-6:30:21:00|Szombat-7:00:20:00|Vasárnap-7:00:19:00
19.0853;47.5037;Budapest;Garay tér 20.;Hétfő-8:00:20:00|Kedd-8:00:20:00|Szerda-8:00:20:00|Csütörtök-8:00:20:00|Péntek-8:00:20:00|Szombat-8:00:16:00|Vasárnap-8:00:16:00
19.0711;47.5048;Budapest;Izabella utca 34.;Hétfő-0:00:24:00|Kedd-0:00:24:00|Szerda-0:00:24:00|Csütörtök-0:00:24:00|Péntek-0:00:24:00|Szombat-0:00:24:00|Vasárnap-0:00:24:00
19.0561;47.4974;Budapest;Károly krt. 21.;Hétfő-8:00:22:00|Kedd-8:00:22:00|Szerda-8:00:22:00|Csütörtök-8:00:22:00|Péntek-8:00:22:00|Szombat-10:00:22:00|Vasárnap-10:00:18:00
19.0826;47.5024;Budapest;Nefelejcs utca  9.;Hétfő-6:00:20:00|Kedd-6:00:20:00|Szerda-6:00:20:00|Csütörtök-6:00:20:00|Péntek-6:00:20:00|Szombat-7:00:15:00|Vasárnap-Zárva
19.083;47.5019;Budapest;Nefelejcs utca 5.;Hétfő-6:00:22:00|Kedd-6:00:22:00|Szerda-6:00:22:00|Csütörtök-6:00:22:00|Péntek-6:00:22:00|Szombat-7:00:18:00|Vasárnap-10:00:18:00
19.0829;47.502;Budapest;Nefelejcs utca 7.;Hétfő-6:00:20:00|Kedd-6:00:20:00|Szerda-6:00:20:00|Csütörtök-6:00:20:00|Péntek-6:00:20:00|Szombat-8:00:16:00|Vasárnap-Zárva
19.0709;47.4975;Budapest;Rákóczi u. 48-50.;Hétfő-6:30:21:00|Kedd-6:30:21:00|Szerda-6:30:21:00|Csütörtök-6:30:21:00|Péntek-6:30:21:00|Szombat-7:00:21:00|Vasárnap-8:00:19:00
19.0682;47.4966;Budapest;Rákóczi út  36,;Hétfő-0:00:23:59|Kedd-0:00:23:59|Szerda-0:00:23:59|Csütörtök-0:00:23:59|Péntek-0:00:23:59|Szombat-0:00:23:59|Vasárnap-0:00:23:59
19.0648;47.4957;Budapest;Rákóczi út 20.;Hétfő-6:30:0:00|Kedd-6:30:0:00|Szerda-6:30:0:00|Csütörtök-6:30:0:00|Péntek-6:30:0:00|Szombat-6:30:0:00|Vasárnap-6:30:0:00
19.0717;47.4977;Budapest;Rákóczi út 54.;Hétfő-6:00:22:00|Kedd-6:00:22:00|Szerda-6:00:22:00|Csütörtök-6:00:22:00|Péntek-6:00:23:00|Szombat-7:00:23:00|Vasárnap-9:00:16:00
19.0612;47.4948;Budapest;Rákóczi út 6.;Hétfő-0:00:24:00|Kedd-0:00:24:00|Szerda-0:00:24:00|Csütörtök-0:00:24:00|Péntek-0:00:24:00|Szombat-0:00:24:00|Vasárnap-0:00:24:00
19.0571;47.4982;Budapest;Rumbach Sebestyén u. 20-22.;Hétfő-0:00:0:00|Kedd-0:00:0:00|Szerda-0:00:0:00|Csütörtök-0:00:0:00|Péntek-0:00:0:00|Szombat-Zárva|Vasárnap-Zárva
19.0826;47.5012;Budapest;Thököly út 2.;Hétfő-6:00:18:00|Kedd-6:00:18:00|Szerda-6:00:18:00|Csütörtök-6:00:18:00|Péntek-6:00:18:00|Szombat-7:00:15:00|Vasárnap-Zárva
19.0847796;47.4994315;Budapest;Kerepesi út 5.;Hétfő-0:00:24:00|Kedd-0:00:24:00|Szerda-0:00:24:00|Csütörtök-0:00:24:00|Péntek-0:00:24:00|Szombat-0:00:24:07|Vasárnap-0:00:24:00
19.0831;47.5008;Budapest;Baross tér 11/a.;Hétfő-0:00:24:00|Kedd-0:00:24:00|Szerda-0:00:24:00|Csütörtök-0:00:24:00|Péntek-0:00:24:00|Szombat-0:00:24:00|Vasárnap-0:00:24:00
19.0635;47.4893;Budapest;Baross utca 3.;Hétfő-6:00:22:00|Kedd-6:00:22:00|Szerda-6:00:22:00|Csütörtök-6:00:22:00|Péntek-6:00:22:00|Szombat-10:00:18:00|Vasárnap-10:00:18:00
19.0797;47.4894;Budapest;Baross utca 94.;Hétfő-8:00:16:00|Kedd-8:00:16:00|Szerda-8:00:16:00|Csütörtök-8:00:16:00|Péntek-8:00:16:00|Szombat-8:00:12:00|Vasárnap-Zárva
19.0801;47.4893;Budapest;Baross utca 96.;Hétfő-6:00:21:00|Kedd-6:00:21:00|Szerda-6:00:21:00|Csütörtök-6:00:21:00|Péntek-6:00:21:00|Szombat-7:00:18:00|Vasárnap-7:00:16:00
19.0691;47.4961;Budapest;Blaha Lujza tér 1-2.;Hétfő-8:00:16:00|Kedd-8:00:16:00|Szerda-8:00:16:00|Csütörtök-8:00:16:00|Péntek-8:00:16:00|Szombat-8:00:12:00|Vasárnap-Zárva
19.0675;47.4931;Budapest;Bródy Sándor utca 36.;Hétfő-6:00:22:00|Kedd-6:00:22:00|Szerda-6:00:22:00|Csütörtök-6:00:22:00|Péntek-6:00:22:00|Szombat-10:00:18:00|Vasárnap-10:00:18:00
19.0733;47.4924;Budapest;Déri Miksa utca 1.;Hétfő-8:00:16:00|Kedd-8:00:16:00|Szerda-8:00:16:00|Csütörtök-8:00:16:00|Péntek-8:00:16:00|Szombat-8:00:12:00|Vasárnap-Zárva
19.0713;47.4896;Budapest;Harminckettesek tere 6.;Hétfő-8:00:16:00|Kedd-8:00:16:00|Szerda-8:00:16:00|Csütörtök-8:00:16:00|Péntek-8:00:16:00|Szombat-8:00:12:00|Vasárnap-Zárva
19.07;47.4867;Budapest;József körút 81.;Hétfő-7:00:19:00|Kedd-7:00:19:00|Szerda-7:00:19:00|Csütörtök-7:00:19:00|Péntek-7:00:19:00|Szombat-8:00:16:00|Vasárnap-Zárva
19.0705;47.4864;Budapest;József körút 84.;Hétfő-7:00:21:00|Kedd-0:70:21:00|Szerda-7:00:21:00|Csütörtök-7:00:21:00|Péntek-7:00:21:00|Szombat-8:00:16:00|Vasárnap-8:00:16:00
19.0713;47.4916;Budapest;Jozsef Krt   38.;Hétfő-10:00:18:00|Kedd-10:00:18:00|Szerda-10:00:18:00|Csütörtök-10:00:18:00|Péntek-10:00:18:00|Szombat-8:00:12:00|Vasárnap-Zárva
19.0708;47.4932;Budapest;József krt. 31/A.;Hétfő-6:00:18:00|Kedd-6:00:18:00|Szerda-6:00:18:00|Csütörtök-6:00:18:00|Péntek-6:00:18:00|Szombat-7:00:15:00|Vasárnap-Zárva
19.0707;47.492;Budapest;József krt. 35.;Hétfő-7:00:19:00|Kedd-7:00:19:00|Szerda-7:00:19:00|Csütörtök-7:00:19:00|Péntek-7:00:19:00|Szombat-7:00:15:00|Vasárnap-Zárva
19.0712;47.4909;Budapest;József Krt. 44.;Hétfő-6:00:22:00|Kedd-6:00:22:00|Szerda-6:00:22:00|Csütörtök-6:00:22:00|Péntek-6:00:22:00|Szombat-6:00:22:00|Vasárnap-6:00:22:00
19.0702;47.4886;Budapest;József krt. 63.;Hétfő-8:00:20:00|Kedd-8:00:20:00|Szerda-8:00:20:00|Csütörtök-8:00:20:00|Péntek-8:00:20:00|Szombat-8:00:16:00|Vasárnap-8:00:16:00
19.0773;47.4987;Budapest;Kenyérmező utca   2.;Hétfő-6:00:23:00|Kedd-6:00:23:00|Szerda-6:00:23:00|Csütörtök-6:00:23:00|Péntek-6:00:23:00|Szombat-6:00:23:00|Vasárnap-6:00:23:00
19.0831;47.4993;Budapest;Kerepesi út 1-5.;Hétfő-8:00:16:00|Kedd-8:00:16:00|Szerda-8:00:16:00|Csütörtök-8:00:16:00|Péntek-8:00:16:00|Szombat-8:00:12:00|Vasárnap-Zárva
19.1039;47.4872;Budapest;Kőbányai út  27.;Hétfő-8:00:16:00|Kedd-8:00:16:00|Szerda-8:00:16:00|Csütörtök-8:00:16:00|Péntek-8:00:16:00|Szombat-8:00:16:00|Vasárnap-8:00:12:00
19.085;47.4911;Budapest;Magdolna utca 34.;Hétfő-6:00:20:30|Kedd-6:00:20:30|Szerda-6:00:20:30|Csütörtök-6:00:20:30|Péntek-6:00:20:30|Szombat-6:00:20:30|Vasárnap-6:00:20:30
19.1295;47.4852;Budapest;Állomás u. 19.;Hétfő-6:00:18:00|Kedd-6:00:18:00|Szerda-6:00:18:00|Csütörtök-6:00:18:00|Péntek-6:00:18:00|Szombat-7:00:15:00|Vasárnap-Zárva
19.1282;47.4848;Budapest;Állomás utca 7.;Hétfő-6:00:20:00|Kedd-6:00:20:00|Szerda-6:00:20:00|Csütörtök-6:00:20:00|Péntek-6:00:20:00|Szombat-7:00:20:00|Vasárnap-7:00:13:00
19.1164;47.474;Budapest;Bihari út 7/A.;Hétfő-6:00:20:00|Kedd-6:00:20:00|Szerda-6:00:20:00|Csütörtök-6:00:20:00|Péntek-6:00:20:00|Szombat-8:00:18:00|Vasárnap-8:00:18:00
19.1351;47.4798;Budapest;Gergely utca  2.;Hétfő-6:00:20:00|Kedd-6:00:20:00|Szerda-6:00:20:00|Csütörtök-6:00:20:00|Péntek-6:00:20:00|Szombat-8:00:19:00|Vasárnap-8:00:19:00
19.1575;47.4657;Budapest;Gyömrői út  99.;Hétfő-8:00:16:00|Kedd-8:00:16:00|Szerda-8:00:16:00|Csütörtök-8:00:16:00|Péntek-8:00:16:00|Szombat-8:00:12:00|Vasárnap-Zárva
19.1337;47.4787;Budapest;Ihász u.  5.;Hétfő-6:00:19:00|Kedd-6:00:19:00|Szerda-6:00:19:00|Csütörtök-6:00:19:00|Péntek-6:00:19:00|Szombat-6:00:18:00|Vasárnap-6:00:18:00
19.1534;47.4794;Budapest;Kada utca 122.;Hétfő-6:00:20:00|Kedd-6:00:20:00|Szerda-6:00:20:00|Csütörtök-6:00:20:00|Péntek-6:00:20:00|Szombat-6:30:14:00|Vasárnap-7:00:13:00
19.1368;47.481;Budapest;Kápolna tér 6.;Hétfő-7:00:21:00|Kedd-7:00:21:00|Szerda-7:00:21:00|Csütörtök-7:00:21:00|Péntek-7:00:21:00|Szombat-7:00:20:00|Vasárnap-8:00:20:00
19.1291;47.4819;Budapest;Kápolna u. 1.;Hétfő-7:00:19:00|Kedd-7:00:19:00|Szerda-7:00:19:00|Csütörtök-7:00:19:00|Péntek-7:00:19:00|Szombat-8:00:16:00|Vasárnap-Zárva
19.131;47.4817;Budapest;Kápolna utca 17.;Hétfő-7:00:20:00|Kedd-7:00:20:00|Szerda-7:00:20:00|Csütörtök-7:00:20:00|Péntek-7:00:21:00|Szombat-7:00:15:00|Vasárnap-8:00:14:00
19.137;47.4904;Budapest;Körösi Csoma Sándor u. 40.;Hétfő-7:00:19:00|Kedd-7:00:19:00|Szerda-7:00:19:00|Csütörtök-7:00:19:00|Péntek-7:00:19:00|Szombat-8:00:16:00|Vasárnap-Zárva
19.1307;47.4835;Budapest;Kőrösi Csoma Sándor út  6/E;Hétfő-6:00:22:00|Kedd-6:00:22:00|Szerda-6:00:22:00|Csütörtök-6:00:22:00|Péntek-6:00:22:00|Szombat-6:00:22:00|Vasárnap-6:00:20:00
19.137;47.4904;Budapest;Kőrösi Csoma Sándor út 40;Hétfő-8:00:20:00|Kedd-8:00:20:00|Szerda-8:00:20:00|Csütörtök-8:00:20:00|Péntek-8:00:20:00|Szombat-8:00:18:00|Vasárnap-8:00:16:00
19.1372;47.4899;Budapest;Kőrösi Csoma Sándor út 43.;Hétfő-6:00:22:00|Kedd-6:00:22:00|Szerda-6:00:22:00|Csütörtök-6:00:22:00|Péntek-6:00:22:00|Szombat-6:00:22:00|Vasárnap-6:00:22:00
19.1295;47.4838;Budapest;Kőrösi Csoma sétány 2.;Hétfő-6:00:20:00|Kedd-6:00:20:00|Szerda-6:00:20:00|Csütörtök-6:00:20:00|Péntek-6:00:20:00|Szombat-7:00:19:00|Vasárnap-7:00:19:00
19.1337;47.4894;Budapest;Liget u. 40.;Hétfő-5:00:20:00|Kedd-5:00:20:00|Szerda-5:00:20:00|Csütörtök-5:00:20:00|Péntek-5:00:20:00|Szombat-6:00:20:00|Vasárnap-6:00:20:00
19.1553;47.4792;Budapest;Mádi utca 124.;Hétfő-6:00:22:00|Kedd-6:00:22:00|Szerda-6:00:22:00|Csütörtök-6:00:22:00|Péntek-6:00:22:00|Szombat-7:00:22:00|Vasárnap-8:00:20:00
19.1529;47.4808;Budapest;Mádi utca 98.;Hétfő-6:00:22:00|Kedd-6:00:22:00|Szerda-6:00:22:00|Csütörtök-6:00:22:00|Péntek-6:00:22:00|Szombat-6:00:22:00|Vasárnap-6:00:22:00
19.1585;47.4825;Budapest;Maglódi út  53.;Hétfő-5:30:18:00|Kedd-5:30:18:00|Szerda-5:30:18:00|Csütörtök-5:30:18:00|Péntek-5:30:18:00|Szombat-8:00:12:00|Vasárnap-Zárva
19.1342;47.4897;Budapest;Ónodi u. 10.;Hétfő-7:00:22:00|Kedd-7:00:22:00|Szerda-7:00:22:00|Csütörtök-7:00:22:00|Péntek-7:00:22:00|Szombat-7:00:16:00|Vasárnap-Zárva
19.0316;47.478;Budapest;Karolina út 37/A;Hétfő-06:00:21:00|Kedd-06:00:21:00|Szerda-6:00:21:00|Csütörtök-06:00:21:00|Péntek-6:00:21:00|Szombat-7:00:19:00|Vasárnap-08:00:20:00
19.001984;47.466768;Budapest;Regős utca 5.;Hétfő-6:00:22:00|Kedd-6:00:22:00|Szerda-6:00:22:00|Csütörtök-6:00:22:00|Péntek-6:00:22:00|Szombat-6:00:22:00|Vasárnap-6:00:22:00
19.001934;47.466769;Budapest;Regős utca 5.;Hétfő-6:00:22:00|Kedd-6:00:22:00|Szerda-6:00:22:00|Csütörtök-6:00:22:00|Péntek-6:00:22:00|Szombat-6:00:22:00|Vasárnap-6:00:22:00
18.990504;47.447256;Budapest;Repuloteri u 3;Hétfő-06:00:18:00|Kedd-06:00:18:00|Szerda-6:00:18:00|Csütörtök-06:00:18:00|Péntek-6:00:18:00|Szombat-6:00:14:00|Vasárnap-Zárva
18.998857;47.481248;Budapest;Sasadi út 188.;Hétfő-8:00:19:00|Kedd-8:00:19:00|Szerda-8:00:19:00|Csütörtök-8:00:19:00|Péntek-8:00:19:00|Szombat-8:00:17:00|Vasárnap-8:00:17:00
19.0387;47.4558;Budapest;Andor utca 2.;Hétfő-6:30:22:00|Kedd-6:30:22:00|Szerda-6:30:22:00|Csütörtök-6:30:22:00|Péntek-6:30:22:00|Szombat-6:30:22:00|Vasárnap-6:30:22:00
18.9353;47.3846;Budapest;Balotoni út 756/17;Hétfő-6:00:22:00|Kedd-6:00:22:00|Szerda-6:00:22:00|Csütörtök-6:00:0:00|Péntek-0:00:23:59|Szombat-0:00:23:59|Vasárnap-0:00:22:00
19.0509;47.4797;Budapest;Bartók Béla út 29.;Hétfő-6:00:21:00|Kedd-6:00:21:00|Szerda-6:00:21:00|Csütörtök-6:00:21:00|Péntek-6:00:21:00|Szombat-7:00:19:00|Vasárnap-8:00:16:00
19.0508;47.4791;Budapest;Bartók Béla út 36-38.;Hétfő-6:30:20:00|Kedd-6:30:20:00|Szerda-6:30:20:00|Csütörtök-6:30:20:00|Péntek-6:30:23:00|Szombat-6:30:23:00|Vasárnap-7:00:14:00
19.0531;47.4825;Budapest;Bartók Béla út 8.;Hétfő-6:00:22:00|Kedd-6:00:22:00|Szerda-6:00:22:00|Csütörtök-6:00:22:00|Péntek-6:00:22:00|Szombat-7:00:18:00|Vasárnap-7:00:14:00
19.0395;47.4747;Budapest;Bartók Béla út 86;Hétfő-6:00:22:00|Kedd-6:00:22:00|Szerda-6:00:22:00|Csütörtök-6:00:22:00|Péntek-6:00:22:00|Szombat-7:00:15:00|Vasárnap-7:00:15:00
19.0529;47.4797;Budapest;Bertalan Lajos u. 17.;Hétfő-6:00:18:00|Kedd-6:00:18:00|Szerda-6:00:18:00|Csütörtök-6:00:18:00|Péntek-6:00:18:00|Szombat-8:00:16:00|Vasárnap-Zárva
19.0536;47.4796;Budapest;Bertalan Lajos utca 11.;Hétfő-7:00:19:00|Kedd-7:00:19:00|Szerda-7:00:19:00|Csütörtök-7:00:19:00|Péntek-7:00:19:00|Szombat-8:00:16:00|Vasárnap-Zárva
19.0388;47.476;Budapest;Bocskai u. 33.;Hétfő-6:00:18:00|Kedd-6:00:18:00|Szerda-6:00:18:00|Csütörtök-6:00:18:00|Péntek-6:00:18:00|Szombat-7:00:15:00|Vasárnap-Zárva
19.0526;47.464;Budapest;Budafoki út 111-113.;Hétfő-8:00:16:00|Kedd-8:00:16:00|Szerda-8:00:16:00|Csütörtök-8:00:16:00|Péntek-8:00:16:00|Szombat-8:00:12:00|Vasárnap-Zárva
19.0537;47.4826;Budapest;Budafoki út 5.;Hétfő-0:00:23:59|Kedd-0:00:23:59|Szerda-0:00:23:59|Csütörtök-0:00:23:59|Péntek-0:00:23:59|Szombat-0:00:23:59|Vasárnap-0:00:23:59
19.0245;47.4856;Budapest;Budaörsi út  1.;Hétfő-8:00:16:00|Kedd-8:00:16:00|Szerda-8:00:16:00|Csütörtök-8:00:16:00|Péntek-8:00:8:00|Szombat-8:00:12:00|Vasárnap-Zárva
19.0139;47.4653;Budapest;Budaörsi út 112.;Hétfő-8:00:16:00|Kedd-8:00:16:00|Szerda-8:00:16:00|Csütörtök-8:00:16:00|Péntek-8:00:16:00|Szombat-8:00:12:00|Vasárnap-Zárva
19.0167;47.4674;Budapest;Budaörsi út 115.;Hétfő-10:00:18:00|Kedd-10:00:18:00|Szerda-10:00:18:00|Csütörtök-10:00:18:00|Péntek-10:00:18:00|Szombat-8:00:12:00|Vasárnap-Zárva
19.0323;47.4535;Budapest;Csurgói utca 22/A  F/4;Hétfő-6:00:21:30|Kedd-6:00:21:30|Szerda-6:00:21:30|Csütörtök-6:00:21:30|Péntek-6:00:21:30|Szombat-6:00:21:30|Vasárnap-6:00:21:30
19.0238;47.4995;Budapest;Alkotás u. 9.;Hétfő-0:00:23:59|Kedd-0:00:23:59|Szerda-0:00:23:59|Csütörtök-0:00:23:59|Péntek-0:00:23:59|Szombat-0:00:23:59|Vasárnap-0:00:23:59
19.0125;47.491;Budapest;Apor Vilmos tér  11.;Hétfő-7:00:22:00|Kedd-7:00:22:00|Szerda-7:00:22:00|Csütörtök-7:00:22:00|Péntek-7:00:22:00|Szombat-7:00:22:00|Vasárnap-8:00:16:00
19.0201;47.4966;Budapest;Böszörményi út 5/A.;Hétfő-7:00:22:00|Kedd-7:00:22:00|Szerda-7:00:22:00|Csütörtök-7:00:22:00|Péntek-7:00:22:00|Szombat-8:00:22:00|Vasárnap-10:00:18:00
19.0217;47.5054;Budapest;Csaba u. 12.;Hétfő-7:00:19:00|Kedd-7:00:19:00|Szerda-7:00:19:00|Csütörtök-7:00:19:00|Péntek-7:00:19:00|Szombat-7:00:15:00|Vasárnap-Zárva
19.0261;47.49;Budapest;Csörsz utca 23-25.;Hétfő-6:30:20:00|Kedd-6:30:20:00|Szerda-6:30:20:00|Csütörtök-6:30:20:00|Péntek-6:30:20:00|Szombat-7:00:20:00|Vasárnap-Zárva
18.9721;47.4995;Budapest;Eötvös út 38/B;Hétfő-7:00:22:00|Kedd-7:00:22:00|Szerda-7:00:22:00|Csütörtök-7:00:22:00|Péntek-7:00:22:00|Szombat-7:00:22:00|Vasárnap-8:00:16:00
19.0038;47.4955;Budapest;Fodor utca 31.;Hétfő-8:00:16:00|Kedd-8:00:16:00|Szerda-8:00:16:00|Csütörtök-8:00:16:00|Péntek-8:00:16:00|Szombat-8:00:12:00|Vasárnap-Zárva
19.0161;47.492;Budapest;Kiss János altbgy. u. 50/a.;Hétfő-8:00:16:00|Kedd-8:00:16:00|Szerda-8:00:16:00|Csütörtök-8:00:16:00|Péntek-8:00:16:00|Szombat-8:00:12:00|Vasárnap-Zárva
19.0227;47.5068;Budapest;Krisztina krt. 2-4.;Hétfő-7:00:22:00|Kedd-7:00:22:00|Szerda-7:00:22:00|Csütörtök-7:00:22:00|Péntek-7:00:22:00|Szombat-8:00:22:00|Vasárnap-10:00:18:00
19.0229;47.506;Budapest;Krisztina krt. 7.;Hétfő-6:00:22:00|Kedd-6:00:22:00|Szerda-6:00:22:00|Csütörtök-6:00:22:00|Péntek-6:00:22:00|Szombat-6:00:22:00|Vasárnap-7:00:20:00
19.0003;47.5123;Budapest;Kútvölgyi út  12.;Hétfő-7:00:21:00|Kedd-7:00:21:00|Szerda-7:00:21:00|Csütörtök-7:00:21:00|Péntek-7:00:21:00|Szombat-7:00:17:00|Vasárnap-7:00:17:00
18.9898;47.5112;Budapest;Kútvölgyi út 50.;Hétfő-8:00:16:00|Kedd-8:00:16:00|Szerda-8:00:16:00|Csütörtök-8:00:16:00|Péntek-8:00:16:00|Szombat-8:00:12:00|Vasárnap-Zárva
19.0237;47.5012;Budapest;Magyar jakobinusok tere 7.;Hétfő-6:00:22:00|Kedd-6:00:22:00|Szerda-6:00:22:00|Csütörtök-6:00:22:00|Péntek-6:00:22:00|Szombat-7:00:15:00|Vasárnap-7:00:15:00
19.0214;47.4947;Budapest;Márvány utca 46;Hétfő-7:00:20:00|Kedd-7:00:20:00|Szerda-7:00:20:00|Csütörtök-7:00:20:00|Péntek-7:00:20:00|Szombat-7:00:22:00|Vasárnap-7:00:20:00
19.0234;47.4987;Budapest;Nagyenyed u. 1.;Hétfő-6:00:23:00|Kedd-6:00:23:00|Szerda-6:00:23:00|Csütörtök-6:00:23:00|Péntek-6:00:23:00|Szombat-6:00:23:00|Vasárnap-6:00:23:00
19.0216;47.498;Budapest;Nagyenyed u. 16.;Hétfő-6:00:21:00|Kedd-6:00:21:00|Szerda-6:00:21:00|Csütörtök-6:00:21:00|Péntek-6:00:21:00|Szombat-8:00:20:00|Vasárnap-Zárva
19.0235;47.4983;Budapest;Nagyenyed u. 2.;Hétfő-7:00:19:00|Kedd-7:00:19:00|Szerda-7:00:19:00|Csütörtök-7:00:19:00|Péntek-7:00:19:00|Szombat-8:00:16:00|Vasárnap-Zárva
19.0025;47.5028;Budapest;Nógrádi utca 39.;Hétfő-6:30:20:00|Kedd-6:30:20:00|Szerda-6:30:20:00|Csütörtök-6:30:20:00|Péntek-6:30:20:00|Szombat-7:00:20:00|Vasárnap-Zárva
19.0212;47.4919;Budapest;Tartsay Vilmos út 16.;Hétfő-7:00:19:00|Kedd-7:00:19:00|Szerda-7:00:19:00|Csütörtök-7:00:19:00|Péntek-7:00:19:00|Szombat-8:00:16:00|Vasárnap-Zárva
18.9836;47.5176;Budapest;Zugligeti út  58.;Hétfő-6:30:21:00|Kedd-6:30:21:00|Szerda-6:30:21:00|Csütörtök-6:30:21:00|Péntek-6:30:21:00|Szombat-7:00:20:00|Vasárnap-8:00:20:00
19.0861;47.5398;Budapest;Béke út   69/f20;Hétfő-6:00:21:00|Kedd-6:00:21:00|Szerda-6:00:21:00|Csütörtök-6:00:21:00|Péntek-6:00:21:00|Szombat-6:00:21:00|Vasárnap-7:00:21:00
19.0819;47.533;Budapest;Béke út 13-19.;Hétfő-6:00:22:00|Kedd-6:00:22:00|Szerda-6:00:22:00|Csütörtök-6:00:22:00|Péntek-6:00:22:00|Szombat-6:00:22:00|Vasárnap-6:00:22:00
19.0582;47.516;Budapest;Csanády utca  4/B.,;Hétfő-6:00:18:00|Kedd-6:00:18:00|Szerda-6:00:18:00|Csütörtök-6:00:18:00|Péntek-6:00:18:00|Szombat-8:00:12:00|Vasárnap-Zárva
19.0581;47.5256;Budapest;Dráva utca 22.;Hétfő-7:00:23:00|Kedd-7:00:23:00|Szerda-7:00:23:00|Csütörtök-7:00:23:00|Péntek-7:00:23:00|Szombat-7:00:23:00|Vasárnap-7:00:23:00
19.0618;47.5348;Budapest;Dunavirág u. 2.;Hétfő-7:00:21:00|Kedd-7:00:21:00|Szerda-7:00:21:00|Csütörtök-7:00:21:00|Péntek-7:00:21:00|Szombat-7:00:21:00|Vasárnap-7:00:21:00
19.0618;47.5348;Budapest;Dunavirág utca 2.;Hétfő-7:00:23:00|Kedd-7:00:23:00|Szerda-7:00:23:00|Csütörtök-7:00:23:00|Péntek-7:00:23:00|Szombat-7:00:23:00|Vasárnap-7:00:23:00
19.0688;47.5284;Budapest;Dunyov István u. 9.;Hétfő-6:00:21:00|Kedd-6:00:21:00|Szerda-6:00:21:00|Csütörtök-6:00:21:00|Péntek-6:00:21:00|Szombat-6:00:21:00|Vasárnap-8:00:20:00
19.0773;47.5444;Budapest;Fiastyúk 23-25.;Hétfő-6:00:22:00|Kedd-6:00:22:00|Szerda-6:00:22:00|Csütörtök-6:00:22:00|Péntek-6:00:22:00|Szombat-7:00:14:00|Vasárnap-7:00:14:00
19.0786;47.5567;Budapest;Gács u. 3.;Hétfő-0:00:23:59|Kedd-0:00:23:59|Szerda-0:00:23:59|Csütörtök-0:00:23:59|Péntek-0:00:23:59|Szombat-0:00:23:59|Vasárnap-0:00:23:59
19.0529;47.5131;Budapest;Hegedűs  Gyula u.   8.;Hétfő-7:00:19:00|Kedd-7:00:19:00|Szerda-7:00:19:00|Csütörtök-7:00:19:00|Péntek-7:00:19:00|Szombat-7:00:15:00|Vasárnap-Zárva
19.0542;47.5144;Budapest;Hegedűs Gyula u. 23.,;Hétfő-6:00:18:00|Kedd-6:00:18:00|Szerda-6:00:18:00|Csütörtök-6:00:18:00|Péntek-6:00:18:00|Szombat-7:00:15:00|Vasárnap-Zárva
19.0542;47.5149;Budapest;Hegedűs Gyula utca 20/A.   20/A.;Hétfő-7:00:23:00|Kedd-7:00:23:00|Szerda-7:00:23:00|Csütörtök-7:00:23:00|Péntek-7:00:23:00|Szombat-7:00:23:00|Vasárnap-8:00:22:00
19.0496;47.5133;Budapest;Hollán Ernő utca 3.;Hétfő-6:00:23:00|Kedd-6:00:23:00|Szerda-6:00:23:00|Csütörtök-6:00:23:00|Péntek-6:00:23:00|Szombat-6:00:23:00|Vasárnap-8:00:21:00
19.0493;47.5134;Budapest;Hollán Ernő utca 4.;Hétfő-6:00:22:00|Kedd-6:00:22:00|Szerda-6:00:22:00|Csütörtök-6:00:22:00|Péntek-6:00:24:00|Szombat-8:00:24:00|Vasárnap-10:00:18:00
19.0534;47.5202;Budapest;Ipoly 3.;Hétfő-6:00:21:00|Kedd-6:00:21:00|Szerda-6:00:21:00|Csütörtök-6:00:21:00|Péntek-6:00:21:00|Szombat-6:00:21:00|Vasárnap-6:00:21:00
19.0575;47.5195;Budapest;Ipoly u. 16.;Hétfő-7:00:21:00|Kedd-7:00:21:00|Szerda-7:00:21:00|Csütörtök-7:00:21:00|Péntek-7:00:21:00|Szombat-7:00:21:00|Vasárnap-7:00:21:00
19.0482;47.5141;Budapest;Jászai Mari tér 5.;Hétfő-6:30:23:00|Kedd-6:30:23:00|Szerda-6:30:23:00|Csütörtök-6:30:23:00|Péntek-6:30:23:00|Szombat-6:30:23:00|Vasárnap-8:00:22:00
19.056;47.5125;Budapest;Katona József  5;Hétfő-6:30:22:30|Kedd-6:30:22:30|Szerda-6:30:22:30|Csütörtök-6:30:22:30|Péntek-6:30:22:30|Szombat-6:30:22:30|Vasárnap-7:30:20:30
19.0829;47.5259;Budapest;Kisgömb 14-16.;Hétfő-7:00:20:00|Kedd-7:00:20:00|Szerda-7:00:20:00|Csütörtök-7:00:20:00|Péntek-7:00:20:00|Szombat-8:00:14:00|Vasárnap-Zárva
19.0689;47.5207;Budapest;Lehel út   33.,;Hétfő-5:30:19:00|Kedd-5:30:19:00|Szerda-5:30:19:00|Csütörtök-5:30:19:00|Péntek-5:30:19:00|Szombat-7:00:16:00|Vasárnap-8:00:14:00
19.111008;47.514723;Budapest;Róna utca 125;Hétfő-6:00:22:00|Kedd-6:00:22:00|Szerda-6:00:22:00|Csütörtök-6:00:22:00|Péntek-6:00:22:00|Szombat-8:00:16:00|Vasárnap-8:00:16:00
19.1285;47.5176;Budapest;Adria sétány 10/B.;Hétfő-7:00:20:00|Kedd-7:00:20:00|Szerda-7:00:20:00|Csütörtök-7:00:20:00|Péntek-7:00:20:00|Szombat-7:00:20:00|Vasárnap-7:00:20:00
19.1266;47.5179;Budapest;Adria sétány 5/F.;Hétfő-6:00:18:00|Kedd-6:00:18:00|Szerda-6:00:18:00|Csütörtök-6:00:18:00|Péntek-6:00:18:00|Szombat-8:00:16:00|Vasárnap-Zárva
19.1124;47.52;Budapest;Bosnyák tér 15.;Hétfő-6:00:20:00|Kedd-6:00:20:00|Szerda-6:00:20:00|Csütörtök-6:00:20:00|Péntek-6:00:20:00|Szombat-6:00:14:00|Vasárnap-8:00:14:00
19.1468;47.5123;Budapest;Csertő  5-7;Hétfő-6:00:18:00|Kedd-6:00:18:00|Szerda-6:00:18:00|Csütörtök-6:00:18:00|Péntek-6:00:18:00|Szombat-7:00:15:00|Vasárnap-Zárva
19.1212;47.5262;Budapest;Csömöri utca 27/A;Hétfő-6:00:22:00|Kedd-6:00:22:00|Szerda-6:00:22:00|Csütörtök-6:00:22:00|Péntek-6:00:22:00|Szombat-8:00:22:00|Vasárnap-11:00:19:00
19.0861;47.5066;Budapest;Dózsa György u.  29.;Hétfő-6:00:19:00|Kedd-6:00:19:00|Szerda-6:00:19:00|Csütörtök-6:00:19:00|Péntek-6:00:19:00|Szombat-7:00:18:00|Vasárnap-8:00:16:00
19.1186;47.5141;Budapest;Egressy út 108/D;Hétfő-6:00:21:00|Kedd-6:00:21:00|Szerda-6:00:21:00|Csütörtök-6:00:21:00|Péntek-6:00:21:00|Szombat-6:30:16:00|Vasárnap-7:00:12:00
19.1088;47.5083;Budapest;Egressy út 27-29.;Hétfő-6:00:20:00|Kedd-6:00:20:00|Szerda-6:00:20:00|Csütörtök-6:00:20:00|Péntek-6:00:20:00|Szombat-7:00:18:00|Vasárnap-8:00:16:00
19.1052;47.5262;Budapest;Erzsébet királyné út 63/A;Hétfő-6:00:19:30|Kedd-6:00:19:30|Szerda-6:00:19:30|Csütörtök-6:00:19:30|Péntek-6:00:19:30|Szombat-6:30:15:30|Vasárnap-7:00:12:00
19.1027;47.5238;Budapest;Erzsébet Királyné útja 40/a.;Hétfő-6:30:19:30|Kedd-6:30:19:30|Szerda-6:30:19:30|Csütörtök-6:30:19:30|Péntek-6:30:19:30|Szombat-8:00:16:00|Vasárnap-Zárva
19.1027;47.5233;Budapest;Erzsébet királyné útja 43/E/1;Hétfő-8:00:16:00|Kedd-8:00:16:00|Szerda-8:00:16:00|Csütörtök-8:00:16:00|Péntek-8:00:16:00|Szombat-8:00:12:00|Vasárnap-Zárva
19.0923;47.5166;Budapest;Erzsébet királyné útja 6/a.;Hétfő-0:00:24:00|Kedd-0:00:24:00|Szerda-0:00:24:00|Csütörtök-0:00:24:00|Péntek-0:00:24:00|Szombat-0:00:24:00|Vasárnap-0:00:24:00
19.1061;47.5272;Budapest;Erzsébet Királyné útja 71/b.;Hétfő-10:00:18:00|Kedd-10:00:18:00|Szerda-10:00:18:00|Csütörtök-10:00:18:00|Péntek-10:00:18:00|Szombat-8:00:12:00|Vasárnap-Zárva
19.1173;47.5029;Budapest;Fogarasi u.  18.;Hétfő-7:00:19:00|Kedd-7:00:19:00|Szerda-7:00:19:00|Csütörtök-7:00:19:00|Péntek-7:00:19:00|Szombat-8:00:16:00|Vasárnap-Zárva
19.1205;47.5048;Budapest;Fogarasi u.  56/A;Hétfő-6:00:22:00|Kedd-6:00:22:00|Szerda-6:00:22:00|Csütörtök-6:00:0:00|Péntek-0:00:0:00|Szombat-Zárva|Vasárnap-0:00:22:00
19.1267;47.5073;Budapest;Fogarasi út 47-51.;Hétfő-6:30:22:00|Kedd-6:30:22:00|Szerda-6:30:22:00|Csütörtök-6:30:22:00|Péntek-6:30:22:00|Szombat-7:00:22:00|Vasárnap-7:00:22:00
19.1158;47.5295;Budapest;Gervay utca 90.;Hétfő-6:30:19:30|Kedd-6:30:19:30|Szerda-6:30:19:30|Csütörtök-6:30:19:30|Péntek-6:30:19:30|Szombat-6:30:15:30|Vasárnap-Zárva
19.0978;47.5119;Budapest;Hungária krt.   140-146.;Hétfő-6:30:20:00|Kedd-6:30:20:00|Szerda-6:30:20:00|Csütörtök-6:30:20:00|Péntek-6:30:20:00|Szombat-7:00:15:00|Vasárnap-7:00:15:00
19.1019;47.5085;Budapest;Hungária krt. 116.;Hétfő-6:00:22:00|Kedd-6:00:22:00|Szerda-6:00:22:00|Csütörtök-6:00:22:00|Péntek-6:00:22:00|Szombat-8:00:16:00|Vasárnap-8:00:16:00
19.130379;47.462928;Budapest;Üllői út 201.;Hétfő-7:00:21:00|Kedd-7:00:21:00|Szerda-7:00:21:00|Csütörtök-7:00:21:00|Péntek-7:00:21:00|Szombat-7:00:21:00|Vasárnap-10:00:18:00
19.1521;47.4463;Budapest;Ady E. u. 184.;Hétfő-6:00:18:00|Kedd-6:00:18:00|Szerda-6:00:18:00|Csütörtök-6:00:18:00|Péntek-6:00:18:00|Szombat-6:00:18:00|Vasárnap-6:00:18:00
19.1455;47.4505;Budapest;Ady Endre utca 77.;Hétfő-7:00:19:00|Kedd-7:00:19:00|Szerda-7:00:19:00|Csütörtök-7:00:19:00|Péntek-7:00:19:00|Szombat-8:00:16:00|Vasárnap-Zárva
19.1445;47.4572;Budapest;Báthory utca 1.;Hétfő-6:00:20:00|Kedd-6:00:20:00|Szerda-6:00:20:00|Csütörtök-6:00:20:00|Péntek-6:00:20:00|Szombat-8:00:16:00|Vasárnap-8:00:16:00
19.1429;47.4592;Budapest;Eötvös u. 1-3.;Hétfő-7:00:20:00|Kedd-7:00:20:00|Szerda-7:00:20:00|Csütörtök-7:00:20:00|Péntek-7:00:20:00|Szombat-7:00:20:00|Vasárnap-7:00:20:00
19.1375;47.4534;Budapest;Hunyadi u.  89.;Hétfő-6:00:20:00|Kedd-6:00:20:00|Szerda-6:00:20:00|Csütörtök-6:00:20:00|Péntek-6:00:20:00|Szombat-6:00:13:00|Vasárnap-6:00:13:00
19.142;47.4561;Budapest;József Attila utca 57-63;Hétfő-6:00:0:00|Kedd-6:00:0:00|Szerda-6:00:0:00|Csütörtök-6:00:0:00|Péntek-6:00:0:00|Szombat-6:00:0:00|Vasárnap-6:00:0:00
19.1274;47.4562;Budapest;Kós Károly tér 1.;Hétfő-6:00:21:00|Kedd-6:00:21:00|Szerda-6:00:21:00|Csütörtök-6:00:21:00|Péntek-6:00:21:00|Szombat-6:00:21:00|Vasárnap-7:00:21:00
19.146;47.4603;Budapest;Kossuth tér 23;Hétfő-0:00:23:59|Kedd-0:00:23:59|Szerda-0:00:23:59|Csütörtök-0:00:23:59|Péntek-0:00:23:59|Szombat-0:00:23:59|Vasárnap-0:00:23:59
19.1404;47.4426;Budapest;Nádasdy u. 115.;Hétfő-6:00:20:00|Kedd-6:00:20:00|Szerda-6:00:20:00|Csütörtök-6:00:20:00|Péntek-6:00:20:00|Szombat-6:00:20:00|Vasárnap-7:00:19:00
19.1299;47.4498;Budapest;Nádasdy utca 31.;Hétfő-6:30:20:00|Kedd-6:30:20:00|Szerda-6:30:20:00|Csütörtök-6:30:20:00|Péntek-6:30:20:00|Szombat-7:00:20:00|Vasárnap-7:00:17:00
19.1513;47.4604;Budapest;Simonyi Zsigmond utca 31.;Hétfő-0:00:23:59|Kedd-0:00:23:59|Szerda-0:00:23:59|Csütörtök-0:00:23:59|Péntek-0:00:23:59|Szombat-0:00:23:59|Vasárnap-0:00:23:59
19.142;47.4535;Budapest;Templom tér 21.;Hétfő-6:00:21:00|Kedd-6:00:21:00|Szerda-6:00:21:00|Csütörtök-6:00:21:00|Péntek-6:00:21:00|Szombat-6:00:14:00|Vasárnap-6:00:14:00
19.1569;47.4529;Budapest;Üllői út  266.;Hétfő-6:30:21:00|Kedd-6:30:21:00|Szerda-6:30:21:00|Csütörtök-6:30:21:00|Péntek-6:30:21:00|Szombat-6:30:17:00|Vasárnap-6:30:17:00
19.1427;47.459;Budapest;Üllői út 216/9.;Hétfő-6:00:22:00|Kedd-6:00:22:00|Szerda-6:00:22:00|Csütörtök-6:00:22:00|Péntek-6:00:22:00|Szombat-8:00:22:00|Vasárnap-8:00:20:00
19.1525;47.4549;Budapest;Üllői út 248/4.;Hétfő-7:00:19:00|Kedd-7:00:19:00|Szerda-7:00:19:00|Csütörtök-7:00:19:00|Péntek-7:00:19:00|Szombat-8:00:16:00|Vasárnap-8:00:16:00
19.1479;47.4556;Budapest;Üllői út 275/6.;Hétfő-6:00:18:00|Kedd-6:00:18:00|Szerda-6:00:18:00|Csütörtök-6:00:18:00|Péntek-6:00:18:00|Szombat-6:00:13:00|Vasárnap-Zárva
19.1487;47.4554;Budapest;Üllői út 277/6.;Hétfő-5:00:21:00|Kedd-5:00:21:00|Szerda-5:00:21:00|Csütörtök-5:00:21:00|Péntek-5:00:21:00|Szombat-6:00:22:00|Vasárnap-8:00:20:00
19.1483;47.4467;Budapest;Vas Gereben utca 42.;Hétfő-7:00:18:00|Kedd-7:00:18:00|Szerda-7:00:18:00|Csütörtök-7:00:18:00|Péntek-7:00:18:00|Szombat-8:00:14:00|Vasárnap-Zárva
19.1335;47.5519;Budapest;Bánkút u.  108.;Hétfő-8:00:20:00|Kedd-8:00:20:00|Szerda-8:00:20:00|Csütörtök-8:00:20:00|Péntek-8:00:20:00|Szombat-8:00:18:00|Vasárnap-8:00:16:00
19.1175;47.5503;Budapest;Bezerédj Pál utca 136.;Hétfő-7:00:19:00|Kedd-7:00:19:00|Szerda-7:00:19:00|Csütörtök-7:00:19:00|Péntek-7:00:19:00|Szombat-8:00:16:00|Vasárnap-Zárva
19.1333;47.5354;Budapest;Drégelyvár utca  57-63.;Hétfő-6:00:21:00|Kedd-6:00:21:00|Szerda-6:00:21:00|Csütörtök-6:00:21:00|Péntek-6:00:21:00|Szombat-7:00:21:00|Vasárnap-7:00:21:00
19.1507;47.5412;Budapest;Erdőkerülő u. 36.;Hétfő-7:00:19:00|Kedd-7:00:19:00|Szerda-7:00:19:00|Csütörtök-7:00:19:00|Péntek-7:00:19:00|Szombat-7:00:15:00|Vasárnap-7:00:15:00
19.1463;47.5394;Budapest;Erdőkerülő út  1-7.;Hétfő-0:00:24:00|Kedd-0:00:24:00|Szerda-0:00:24:00|Csütörtök-0:00:24:00|Péntek-0:00:24:00|Szombat-0:00:24:00|Vasárnap-0:00:24:00
19.1175;47.564;Budapest;Fő út 61. Fsz.1.;Hétfő-6:30:19:30|Kedd-6:30:18:30|Szerda-6:30:18:30|Csütörtök-6:30:18:30|Péntek-6:30:18:30|Szombat-8:00:16:00|Vasárnap-Zárva
19.1175;47.5614;Budapest;Illés Gyula u. 18-22/b;Hétfő-6:00:22:00|Kedd-6:00:22:00|Szerda-6:00:22:00|Csütörtök-6:00:22:00|Péntek-6:00:22:00|Szombat-6:00:22:00|Vasárnap-6:00:22:00
19.1175;47.5614;Budapest;Illyés Gyula u. 12-16.;Hétfő-0:00:24:00|Kedd-0:00:24:00|Szerda-0:00:24:00|Csütörtök-0:00:24:00|Péntek-0:00:24:00|Szombat-0:00:24:00|Vasárnap-0:00:24:00
19.1164;47.562;Budapest;Illyés Gyula utca 2-4.;Hétfő-6:00:22:00|Kedd-6:00:22:00|Szerda-6:00:22:00|Csütörtök-6:00:22:00|Péntek-6:00:22:00|Szombat-6:00:22:00|Vasárnap-6:00:20:00
19.139;47.5433;Budapest;Nyírpalota u.  40-46.;Hétfő-7:00:19:00|Kedd-7:00:19:00|Szerda-7:00:19:00|Csütörtök-7:00:19:00|Péntek-7:00:19:00|Szombat-7:00:15:00|Vasárnap-Zárva
19.1211;47.5641;Budapest;Öregfalusi utca  2.;Hétfő-6:00:20:00|Kedd-6:00:20:00|Szerda-6:00:20:00|Csütörtök-6:00:20:00|Péntek-6:00:20:00|Szombat-7:00:14:00|Vasárnap-7:00:12:00
19.1375;47.5451;Budapest;Páskomliget utca 10;Hétfő-6:00:22:00|Kedd-6:00:22:00|Szerda-6:00:22:00|Csütörtök-6:00:22:00|Péntek-6:00:22:00|Szombat-6:00:22:00|Vasárnap-6:00:22:00
19.1383;47.5449;Budapest;Páskomliget utca 6.;Hétfő-6:00:18:00|Kedd-6:00:18:00|Szerda-6:00:18:00|Csütörtök-6:00:18:00|Péntek-6:00:18:00|Szombat-6:00:16:00|Vasárnap-7:00:15:00
19.1119;47.5616;Budapest;Pázmány Péter út 1.;Hétfő-8:00:16:00|Kedd-8:00:16:00|Szerda-8:00:16:00|Csütörtök-8:00:16:00|Péntek-8:00:16:00|Szombat-8:00:12:00|Vasárnap-Zárva
19.1196;47.5564;Budapest;Rákos u. 41.;Hétfő-6:00:22:00|Kedd-6:00:22:00|Szerda-6:00:22:00|Csütörtök-6:00:22:00|Péntek-6:00:22:00|Szombat-6:00:22:00|Vasárnap-6:00:22:00
19.1199;47.5572;Budapest;Rákos út  31.;Hétfő-6:00:21:00|Kedd-6:00:21:00|Szerda-6:00:21:00|Csütörtök-6:00:21:00|Péntek-6:00:21:00|Szombat-6:00:21:00|Vasárnap-8:00:20:00
19.1272;47.5644;Budapest;Régifóti út 30.;Hétfő-5:30:20:00|Kedd-5:30:20:00|Szerda-5:30:20:00|Csütörtök-5:30:20:00|Péntek-5:30:20:00|Szombat-5:30:18:00|Vasárnap-Zárva
19.121;47.5606;Budapest;Széchenyi tér 1.;Hétfő-8:00:16:00|Kedd-8:00:16:00|Szerda-8:00:16:00|Csütörtök-8:00:16:00|Péntek-8:00:16:00|Szombat-8:00:12:00|Vasárnap-Zárva
19.1388;47.5515;Budapest;Szentmihályi u. 131.;Hétfő-9:00:22:00|Kedd-9:00:22:00|Szerda-9:00:22:00|Csütörtök-9:00:22:00|Péntek-9:00:22:00|Szombat-9:00:22:00|Vasárnap-9:00:22:00
19.1397;47.5506;Budapest;Szentmihályi u. 137.;Hétfő-8:00:20:00|Kedd-8:00:20:00|Szerda-8:00:20:00|Csütörtök-8:00:20:00|Péntek-8:00:20:00|Szombat-10:00:22:00|Vasárnap-10:00:20:00
19.171572;47.530692;Budapest;György utca 2.;Hétfő-6:00:22:00|Kedd-6:00:22:00|Szerda-6:00:22:00|Csütörtök-6:00:22:00|Péntek-6:00:22:00|Szombat-6:00:22:00|Vasárnap-7:00:21:00
19.2012;47.5316;Budapest;Állás utca   45.;Hétfő-6:00:21:00|Kedd-6:00:21:00|Szerda-6:00:21:00|Csütörtök-6:00:21:00|Péntek-6:00:21:00|Szombat-6:00:21:00|Vasárnap-6:00:21:00
19.1948;47.5123;Budapest;Baross Gábor u.  1.;Hétfő-6:00:22:00|Kedd-6:00:22:00|Szerda-6:00:22:00|Csütörtök-6:00:22:00|Péntek-6:00:22:00|Szombat-6:00:22:00|Vasárnap-6:00:22:00
19.1768;47.5116;Budapest;Batsányi János utca 27.;Hétfő-5:00:23:00|Kedd-5:00:23:00|Szerda-5:00:23:00|Csütörtök-5:00:23:00|Péntek-5:00:23:00|Szombat-5:00:23:00|Vasárnap-5:00:23:00
19.1797;47.5197;Budapest;Budapesti út  119/D;Hétfő-6:00:22:00|Kedd-6:00:22:00|Szerda-6:00:22:00|Csütörtök-6:00:22:00|Péntek-6:00:22:00|Szombat-7:00:22:00|Vasárnap-8:00:20:00
19.1849;47.5168;Budapest;Centenárium sétány 16-24.;Hétfő-6:00:20:00|Kedd-6:00:20:00|Szerda-6:00:20:00|Csütörtök-6:00:20:00|Péntek-6:00:20:00|Szombat-6:00:14:00|Vasárnap-Zárva
19.1661;47.5277;Budapest;Csömöri  u. 161.;Hétfő-6:00:18:00|Kedd-6:00:18:00|Szerda-6:00:18:00|Csütörtök-6:00:18:00|Péntek-6:00:18:00|Szombat-7:00:15:00|Vasárnap-Zárva
19.1622;47.5259;Budapest;Csömöri út  139.;Hétfő-6:00:20:00|Kedd-6:00:20:00|Szerda-6:00:20:00|Csütörtök-6:00:20:00|Péntek-6:00:20:00|Szombat-10:00:22:00|Vasárnap-9:00:13:00
19.1722;47.5309;Budapest;Csömöri út 188.;Hétfő-8:00:16:00|Kedd-8:00:16:00|Szerda-8:00:16:00|Csütörtök-8:00:16:00|Péntek-8:00:16:00|Szombat-8:00:12:00|Vasárnap-Zárva
19.1756;47.5322;Budapest;Csömöri utca  229. em: A;Hétfő-7:00:19:00|Kedd-7:00:19:00|Szerda-7:00:19:00|Csütörtök-7:00:19:00|Péntek-7:00:19:00|Szombat-7:00:19:00|Vasárnap-8:00:19:00
19.1716;47.5307;Budapest;György u. 2.;Hétfő-0:07:19:00|Kedd-0:07:19:00|Szerda-0:07:19:00|Csütörtök-0:07:19:00|Péntek-0:07:19:00|Szombat-0:08:16:00|Vasárnap-Zárva
19.2002;47.5133;Budapest;Imre u. 1.;Hétfő-6:00:21:00|Kedd-6:00:21:00|Szerda-6:00:21:00|Csütörtök-6:00:21:00|Péntek-6:00:21:00|Szombat-6:00:21:00|Vasárnap-6:00:21:00
19.2009;47.5129;Budapest;Imre utca 4.;Hétfő-6:00:20:00|Kedd-6:00:20:00|Szerda-6:00:20:00|Csütörtök-6:00:20:00|Péntek-6:00:20:00|Szombat-7:00:20:00|Vasárnap-8:00:18:00
19.1887;47.5163;Budapest;Margit u.  115.;Hétfő-7:30:20:00|Kedd-7:30:20:00|Szerda-7:30:20:00|Csütörtök-7:30:20:00|Péntek-7:30:20:00|Szombat-8:00:16:00|Vasárnap-Zárva
19.1888;47.5166;Budapest;Margit u. 102.;Hétfő-0:00:24:00|Kedd-0:00:24:00|Szerda-0:00:24:00|Csütörtök-0:00:24:00|Péntek-0:00:24:00|Szombat-0:00:24:00|Vasárnap-0:00:24:00
19.1807;47.5276;Budapest;Mátyás király út 58.;Hétfő-6:00:19:00|Kedd-6:00:19:00|Szerda-6:00:19:00|Csütörtök-6:00:19:00|Péntek-6:00:19:00|Szombat-6:00:16:00|Vasárnap-8:00:13:00
19.2147;47.5219;Budapest;Ostoros utca    8.;Hétfő-6:00:20:00|Kedd-6:00:20:00|Szerda-6:00:20:00|Csütörtök-6:00:20:00|Péntek-6:00:20:00|Szombat-6:00:20:00|Vasárnap-7:00:16:00
19.1741;47.5314;Budapest;Párta utca 126.;Hétfő-0:00:24:00|Kedd-0:00:24:00|Szerda-0:00:24:00|Csütörtök-0:00:24:00|Péntek-0:00:24:00|Szombat-0:00:24:00|Vasárnap-0:00:24:00
19.1655;47.5202;Budapest;Rákosi u.  103.;Hétfő-0:00:24:00|Kedd-0:00:24:00|Szerda-0:00:24:00|Csütörtök-0:00:24:00|Péntek-0:00:24:00|Szombat-0:00:24:00|Vasárnap-0:00:24:00
19.1725;47.5237;Budapest;Rákosi út 142-146.;Hétfő-6:30:21:00|Kedd-6:30:21:00|Szerda-6:30:21:00|Csütörtök-6:30:21:00|Péntek-6:30:21:00|Szombat-6:30:21:00|Vasárnap-8:00:13:00
19.259249;47.489065;Budapest;Ferihegyi út 29.;Hétfő-05:00:20:30|Kedd-05:00:20:30|Szerda-05:00:20:30|Csütörtök-05:00:20:30|Péntek-05:00:20:30|Szombat-0:00:24:01|Vasárnap-06:00:12:00
19.283909;47.471607;Budapest;Kispajtás u.1.;Hétfő-5:00:22:00|Kedd-5:00:22:00|Szerda-5:00:22:00|Csütörtök-5:00:22:00|Péntek-5:00:22:00|Szombat-7:00:22:00|Vasárnap-7:00:22:00
19.2441;47.4678;Budapest;Baross utca 2.;Hétfő-5:00:21:00|Kedd-5:00:21:00|Szerda-5:00:21:00|Csütörtök-5:00:21:00|Péntek-5:00:21:00|Szombat-5:00:21:00|Vasárnap-6:00:20:00
19.2326;47.4794;Budapest;Borsó utca  64/B;Hétfő-6:00:21:00|Kedd-6:00:21:00|Szerda-6:00:21:00|Csütörtök-6:00:21:00|Péntek-6:00:22:00|Szombat-6:00:22:00|Vasárnap-7:00:18:00
19.2395;47.4973;Budapest;Cinkotai u. 51.;Hétfő-6:00:23:00|Kedd-6:00:23:00|Szerda-6:00:23:00|Csütörtök-6:00:23:00|Péntek-6:00:23:00|Szombat-6:00:23:00|Vasárnap-6:00:23:00
19.2561;47.479;Budapest;Ferihegyi u.  93/c.;Hétfő-7:00:19:00|Kedd-7:00:19:00|Szerda-7:00:19:00|Csütörtök-7:00:19:00|Péntek-7:00:19:00|Szombat-7:00:15:00|Vasárnap-7:00:15:00
19.2589;47.4874;Budapest;Ferihegyi út  39.;Hétfő-6:30:22:00|Kedd-6:30:22:00|Szerda-6:30:22:00|Csütörtök-6:30:22:00|Péntek-6:30:22:00|Szombat-6:30:22:00|Vasárnap-6:30:22:00
19.2388;47.4754;Budapest;Flamingó utca 19.;Hétfő-9:00:21:00|Kedd-9:00:21:00|Szerda-9:00:21:00|Csütörtök-9:00:21:00|Péntek-9:00:21:00|Szombat-9:00:21:00|Vasárnap-9:00:21:00
19.2391;47.4825;Budapest;Kis u.  3.;Hétfő-6:00:18:00|Kedd-6:00:18:00|Szerda-6:00:18:00|Csütörtök-6:00:18:00|Péntek-6:00:18:00|Szombat-6:00:14:00|Vasárnap-Zárva
19.2771;47.4839;Budapest;Péceli út  126.;Hétfő-8:00:21:00|Kedd-8:00:21:00|Szerda-8:00:21:00|Csütörtök-8:00:21:00|Péntek-8:00:21:00|Szombat-8:00:21:00|Vasárnap-8:00:21:00
19.2334;47.4839;Budapest;Pesti út  19.;Hétfő-6:00:22:00|Kedd-6:00:22:00|Szerda-6:00:22:00|Csütörtök-6:00:22:00|Péntek-6:00:22:00|Szombat-6:00:22:00|Vasárnap-6:00:22:00
19.2384;47.4842;Budapest;Pesti út  30.;Hétfő-8:00:16:00|Kedd-8:00:16:00|Szerda-8:00:16:00|Csütörtök-8:00:16:00|Péntek-8:00:16:00|Szombat-8:00:12:00|Vasárnap-Zárva
19.2382;47.4832;Budapest;Pesti út  39. I.em.8;Hétfő-6:00:18:00|Kedd-6:00:18:00|Szerda-6:00:18:00|Csütörtök-6:00:18:00|Péntek-6:00:18:00|Szombat-6:00:14:00|Vasárnap-8:00:13:00
19.2416;47.4831;Budapest;Pesti út  70/10.;Hétfő-6:00:18:00|Kedd-6:00:18:00|Szerda-6:00:18:00|Csütörtök-6:00:18:00|Péntek-6:00:18:00|Szombat-6:00:14:00|Vasárnap-Zárva
19.252;47.4801;Budapest;Pesti út 159.;Hétfő-7:00:20:00|Kedd-7:00:20:00|Szerda-7:00:20:00|Csütörtök-7:00:20:00|Péntek-7:00:20:00|Szombat-7:00:15:00|Vasárnap-8:00:14:00
19.2354;47.4841;Budapest;Pesti út 18.;Hétfő-6:00:22:00|Kedd-6:00:22:00|Szerda-6:00:22:00|Csütörtök-6:00:22:00|Péntek-6:00:22:00|Szombat-6:00:22:00|Vasárnap-7:00:19:00
19.2374;47.4844;Budapest;Pesti út 20/3.;Hétfő-8:00:16:00|Kedd-8:00:16:00|Szerda-8:00:16:00|Csütörtök-8:00:16:00|Péntek-8:00:16:00|Szombat-8:00:12:00|Vasárnap-Zárva
19.2633;47.4775;Budapest;Pesti út 216.;Hétfő-6:00:18:00|Kedd-6:00:18:00|Szerda-6:00:18:00|Csütörtök-6:00:18:00|Péntek-6:00:18:00|Szombat-7:00:15:00|Vasárnap-Zárva
19.2395;47.4841;Budapest;Pesti út 40.;Hétfő-6:00:20:00|Kedd-6:00:20:00|Szerda-6:00:20:00|Csütörtök-6:00:20:00|Péntek-6:00:20:00|Szombat-7:00:17:00|Vasárnap-7:00:14:00
19.2395;47.4841;Budapest;Pesti út 40/9.;Hétfő-7:00:20:00|Kedd-7:00:20:00|Szerda-7:00:20:00|Csütörtök-7:00:20:00|Péntek-7:00:20:00|Szombat-7:00:20:00|Vasárnap-7:00:20:00
19.18718;47.404848;Budapest;nemes u 10;Hétfő-5:00:18:00|Kedd-Zárva|Szerda-5:00:18:00|Csütörtök-5:00 : 18:00|Péntek-5:00:18:00|Szombat-5:00:18:00|Vasárnap-Zárva
19.1849;47.4418;Budapest;Balassa u. 2-10.;Hétfő-6:00:20:00|Kedd-6:00:20:00|Szerda-6:00:20:00|Csütörtök-6:00:20:00|Péntek-6:00:20:00|Szombat-6:00:14:00|Vasárnap-Zárva
19.1762;47.4436;Budapest;Baross u. 1/A.;Hétfő-6:30:21:00|Kedd-6:30:21:00|Szerda-6:30:21:00|Csütörtök-6:30:21:00|Péntek-6:30:21:00|Szombat-6:30:17:00|Vasárnap-6:30:17:00
19.1716;47.4383;Budapest;Baross u. 50.;Hétfő-6:00:20:00|Kedd-6:00:20:00|Szerda-6:00:20:00|Csütörtök-6:00:20:00|Péntek-6:00:20:00|Szombat-10:00:18:00|Vasárnap-12:00:18:00
19.1621;47.4405;Budapest;Csapó u.  16.;Hétfő-8:00:16:00|Kedd-8:00:16:00|Szerda-8:00:16:00|Csütörtök-8:00:16:00|Péntek-8:00:16:00|Szombat-8:00:12:00|Vasárnap-Zárva
19.1684;47.4386;Budapest;Csontváry u. 23.;Hétfő-8:00:16:00|Kedd-8:00:16:00|Szerda-8:00:16:00|Csütörtök-8:00:16:00|Péntek-8:00:16:00|Szombat-8:00:12:00|Vasárnap-Zárva
19.186;47.4036;Budapest;Dózsa György u. 2.;Hétfő-6:00:18:00|Kedd-6:00:18:00|Szerda-6:00:18:00|Csütörtök-6:00:18:00|Péntek-6:00:18:00|Szombat-6:00:14:00|Vasárnap-Zárva
19.1745;47.4306;Budapest;Goroszló utca 4.;Hétfő-6:30:21:00|Kedd-6:30:21:00|Szerda-6:30:21:00|Csütörtök-6:30:21:00|Péntek-6:30:21:00|Szombat-6:30:21:00|Vasárnap-8:15:17:00
19.2028;47.4275;Budapest;Halomi út 31-33.;Hétfő-7:00:20:00|Kedd-7:00:20:00|Szerda-7:00:20:00|Csütörtök-7:00:20:00|Péntek-7:00:20:00|Szombat-7:00:18:00|Vasárnap-7:00:18:00
19.2113;47.4228;Budapest;Halomi út 96.;Hétfő-6:00:20:00|Kedd-6:00:20:00|Szerda-6:00:20:00|Csütörtök-6:00:20:00|Péntek-6:00:20:00|Szombat-7:00:20:00|Vasárnap-7:00:20:00
19.1673;47.4424;Budapest;Havanna utca 13.;Hétfő-7:00:19:00|Kedd-7:00:19:00|Szerda-7:00:19:00|Csütörtök-7:00:19:00|Péntek-7:00:19:00|Szombat-8:00:16:00|Vasárnap-8:00:16:00
19.2113;47.422;Budapest;Királyhágó út 73.;Hétfő-6:00:2:00|Kedd-6:00:20:00|Szerda-6:00:20:00|Csütörtök-6:00:20:00|Péntek-6:00:20:00|Szombat-6:00:20:00|Vasárnap-6:00:20:00
19.1741;47.4362;Budapest;Margó Tivadar u. 106.;Hétfő-8:00:16:00|Kedd-8:00:16:00|Szerda-8:00:16:00|Csütörtök-8:00:16:00|Péntek-8:00:16:00|Szombat-8:00:12:00|Vasárnap-Zárva
19.1872;47.4044;Budapest;Nemes utca 3.;Hétfő-5:00:20:00|Kedd-5:00:20:00|Szerda-5:00:20:00|Csütörtök-5:00:20:00|Péntek-5:00:20:00|Szombat-7:00:19:00|Vasárnap-7:00:19:00
19.1868;47.4045;Budapest;Nemes utca 6.;Hétfő-6:00:22:00|Kedd-6:00:22:00|Szerda-6:00:22:00|Csütörtök-6:00:22:00|Péntek-6:00:22:00|Szombat-6:00:22:00|Vasárnap-6:00:22:00
19.1835;47.4366;Budapest;Petőfi u. 15.;Hétfő-6:00:20:00|Kedd-6:00:20:00|Szerda-6:00:20:00|Csütörtök-6:00:20:00|Péntek-6:00:20:00|Szombat-6:00:20:00|Vasárnap-6:00:20:00
19.1949;47.4517;Budapest;Ráday Gedeon utca 93.;Hétfő-6:00:22:00|Kedd-6:00:22:00|Szerda-6:00:22:00|Csütörtök-6:00:22:00|Péntek-6:00:22:00|Szombat-6:00:22:00|Vasárnap-6:00:22:00
19.1679;47.4479;Budapest;Üllői út 346.;Hétfő-8:00:16:00|Kedd-8:00:16:00|Szerda-8:00:16:00|Csütörtök-8:00:16:00|Péntek-8:00:16:00|Szombat-8:00:12:00|Vasárnap-Zárva
19.175;47.4444;Budapest;Üllői út 415.;Hétfő-8:00:16:00|Kedd-8:00:16:00|Szerda-8:00:16:00|Csütörtök-8:00:16:00|Péntek-8:00:16:00|Szombat-8:00:12:00|Vasárnap-Zárva
19.1856;47.44;Budapest;Üllői út 519.;Hétfő-8:00:16:00|Kedd-8:00:16:00|Szerda-8:00:16:00|Csütörtök-8:00:16:00|Péntek-8:00:16:00|Szombat-8:00:12:00|Vasárnap-Zárva
19.127885;47.432683;Budapest;Lázár utca 94.;Hétfő-6:30:21:00|Kedd-6:30:21:00|Szerda-6:30:21:00|Csütörtök-6:30:21:00|Péntek-6:30:21:00|Szombat-6:30:21:00|Vasárnap-6:30:21:00
19.0963;47.4409;Budapest;Baross utca   5/A;Hétfő-6:00:20:00|Kedd-6:00:20:00|Szerda-6:00:2:00|Csütörtök-6:00:20:00|Péntek-6:00:20:00|Szombat-6:00:20:00|Vasárnap-10:00:20:00
19.1135;47.4545;Budapest;Határ út  95;Hétfő-6:00:20:00|Kedd-6:00:20:00|Szerda-6:00:20:00|Csütörtök-6:00:20:00|Péntek-6:00:20:00|Szombat-8:00:16:00|Vasárnap-Zárva
19.1171;47.4401;Budapest;Jókai Mór u. 105.;Hétfő-6:00:20:00|Kedd-6:00:20:00|Szerda-6:00:20:00|Csütörtök-6:00:20:00|Péntek-6:00:20:00|Szombat-6:00:18:00|Vasárnap-Zárva
19.1113;47.4407;Budapest;Kende Kanuth utca 88.;Hétfő-6:00:18:00|Kedd-6:00:18:00|Szerda-6:00:18:00|Csütörtök-6:00:18:00|Péntek-6:00:18:00|Szombat-6:00:14:00|Vasárnap-Zárva
19.1014;47.4374;Budapest;Kossuth Lajos u. 31/B.;Hétfő-8:00:16:00|Kedd-8:00:16:00|Szerda-8:00:16:00|Csütörtök-8:00:16:00|Péntek-8:00:16:00|Szombat-8:00:12:00|Vasárnap-Zárva
19.1085;47.4411;Budapest;Kossuth Lajos u. 65.;Hétfő-8:00:16:00|Kedd-8:00:16:00|Szerda-8:00:16:00|Csütörtök-8:00:16:00|Péntek-8:00:16:00|Szombat-8:00:12:00|Vasárnap-Zárva
19.1115;47.4431;Budapest;Kossuth Lajos u. 99/B.;Hétfő-6:00:18:00|Kedd-6:00:18:00|Szerda-6:00:18:00|Csütörtök-6:00:18:00|Péntek-6:00:18:00|Szombat-6:00:18:00|Vasárnap-8:00:16:00
19.1231;47.4437;Budapest;Nagysándor J. u. 170.;Hétfő-8:00:16:00|Kedd-8:00:16:00|Szerda-8:00:16:00|Csütörtök-8:00:16:00|Péntek-8:00:16:00|Szombat-8:00:12:00|Vasárnap-Zárva
19.1214;47.4405;Budapest;Pirók Gyula utca 17.;Hétfő-6:00:20:00|Kedd-6:00:20:00|Szerda-6:00:20:00|Csütörtök-6:00:20:00|Péntek-6:00:20:00|Szombat-7:00:20:00|Vasárnap-7:00:19:00
19.1011;47.4397;Budapest;Széchenyi utca 2.;Hétfő-7:00:21:00|Kedd-7:00:21:00|Szerda-7:00:21:00|Csütörtök-7:00:21:00|Péntek-7:00:21:00|Szombat-7:00:21:00|Vasárnap-8:30:20:30
19.1016;47.4393;Budapest;Széchenyi utca 5.;Hétfő-6:00:20:00|Kedd-6:00:20:00|Szerda-6:00:20:00|Csütörtök-6:00:20:00|Péntek-6:00:20:00|Szombat-7:00:16:00|Vasárnap-Zárva
19.1068;47.4407;Budapest;Szent Erzsébet tér 9.;Hétfő-6:00:18:00|Kedd-6:00:18:00|Szerda-6:00:18:00|Csütörtök-6:00:18:00|Péntek-6:00:18:00|Szombat-7:00:15:00|Vasárnap-Zárva
19.1121;47.4426;Budapest;Tátra tér 1.;Hétfő-6:00:18:00|Kedd-6:00:18:00|Szerda-6:00:18:00|Csütörtök-6:00:18:00|Péntek-6:00:18:00|Szombat-6:00:14:00|Vasárnap-Zárva
19.093;47.4349;Budapest;Téglagyár tér  7-9.;Hétfő-8:00:20:00|Kedd-8:00:20:00|Szerda-8:00:20:00|Csütörtök-8:00:20:00|Péntek-8:00:20:00|Szombat-8:00:16:00|Vasárnap-Zárva
19.1239;47.4234;Budapest;Török Flóris u. 240.;Hétfő-6:00:20:00|Kedd-6:00:20:00|Szerda-6:00:20:00|Csütörtök-6:00:20:00|Péntek-6:00:20:00|Szombat-6:00:18:00|Vasárnap-8:00:18:00
19.1092;47.4366;Budapest;Török Flóris utca 107.;Hétfő-8:00:16:00|Kedd-8:00:16:00|Szerda-8:00:16:00|Csütörtök-8:00:16:00|Péntek-8:00:16:00|Szombat-8:00:12:00|Vasárnap-Zárva
19.1111;47.4242;Budapest;Vágóhíd u.  44.;Hétfő-6:30:20:00|Kedd-6:30:20:00|Szerda-6:30:20:00|Csütörtök-6:30:20:00|Péntek-6:30:20:00|Szombat-7:00:15:00|Vasárnap-7:00:15:00
19.1194;47.421;Budapest;Vörösmarty 178;Hétfő-6:00:21:00|Kedd-6:00:21:00|Szerda-6:00:21:00|Csütörtök-6:00:21:00|Péntek-6:00:21:00|Szombat-6:00:21:00|Vasárnap-7:00:21:00
19.1087;47.4308;Budapest;Vörösmarty utca 72-76.;Hétfő-6:00:20:00|Kedd-6:00:20:00|Szerda-6:00:20:00|Csütörtök-6:00:20:00|Péntek-6:00:20:00|Szombat-7:00:20:00|Vasárnap-7:00:20:00
19.0752;47.4341;Budapest;Csete Balázs u. 6.;Hétfő-6:00:21:00|Kedd-6:00:21:00|Szerda-6:00:21:00|Csütörtök-6:00:21:00|Péntek-6:00:21:00|Szombat-7:00:19:00|Vasárnap-7:00:19:00
19.07;47.4227;Budapest;Görgey A. tér 1/a;Hétfő-8:00:16:00|Kedd-8:00:16:00|Szerda-8:00:16:00|Csütörtök-8:00:16:00|Péntek-8:00:16:00|Szombat-8:00:12:00|Vasárnap-Zárva
19.0589;47.4147;Budapest;II. Rákóczi F. út 189;Hétfő-5:00:22:00|Kedd-5:00:22:00|Szerda-5:00:22:00|Csütörtök-5:00:22:00|Péntek-5:00:22:00|Szombat-5:00:22:00|Vasárnap-5:00:22:00
19.0521;47.403;Budapest;II. Rákóczi F. út 277.;Hétfő-8:00:16:00|Kedd-8:00:16:00|Szerda-8:00:16:00|Csütörtök-8:00:16:00|Péntek-8:00:16:00|Szombat-8:00:12:00|Vasárnap-Zárva
19.0658;47.422;Budapest;II. Rákóczi Ferenc u. 167.;Hétfő-4:00:20:00|Kedd-4:00:20:00|Szerda-4:00:20:00|Csütörtök-4:00:20:00|Péntek-4:00:20:00|Szombat-4:00:20:00|Vasárnap-4:00:20:00
19.0649;47.4203;Budapest;II. Rákóczi Ferenc út 182.;Hétfő-0:00:23:59|Kedd-0:00:23:59|Szerda-0:00:23:59|Csütörtök-0:00:23:59|Péntek-0:00:23:59|Szombat-0:00:23:59|Vasárnap-0:00:23:59
19.096;47.4087;Budapest;Juharos u. 34.;Hétfő-8:00:16:00|Kedd-8:00:16:00|Szerda-8:00:16:00|Csütörtök-8:00:16:00|Péntek-8:00:16:00|Szombat-8:00:12:00|Vasárnap-Zárva
19.0689;47.4269;Budapest;Karácson Sándor u.  10/A.;Hétfő-6:00:21:30|Kedd-6:00:21:30|Szerda-6:00:21:30|Csütörtök-6:00:21:30|Péntek-6:00:21:30|Szombat-6:00:15:00|Vasárnap-8:00:13:00
19.0673;47.4268;Budapest;Karácsony Sándor u. 19.;Hétfő-6:00:21:00|Kedd-6:00:21:00|Szerda-6:00:21:00|Csütörtök-6:00:21:00|Péntek-6:00:21:00|Szombat-7:00:14:00|Vasárnap-Zárva
19.0689;47.4269;Budapest;Karácsony Sándor utca 10/a;Hétfő-8:00:16:00|Kedd-8:00:16:00|Szerda-8:00:16:00|Csütörtök-8:00:16:00|Péntek-8:00:16:00|Szombat-8:00:12:00|Vasárnap-Zárva
19.0718;47.4307;Budapest;Kiss János altábornagy utca 44.;Hétfő-6:00:18:00|Kedd-6:00:18:00|Szerda-6:00:18:00|Csütörtök-6:00:18:00|Péntek-6:00:18:00|Szombat-6:00:18:00|Vasárnap-6:00:18:00
19.0672;47.4207;Budapest;Kossuth L. u. 117.;Hétfő-8:00:16:00|Kedd-8:00:16:00|Szerda-8:00:16:00|Csütörtök-8:00:16:00|Péntek-8:00:16:00|Szombat-8:00:12:00|Vasárnap-Zárva
19.0698;47.4259;Budapest;Kossuth Lajos u. 89.;Hétfő-6:00:21:00|Kedd-6:00:21:00|Szerda-6:00:21:00|Csütörtök-6:00:21:00|Péntek-6:00:21:00|Szombat-7:00:15:00|Vasárnap-Zárva
19.0669;47.4196;Budapest;Kossuth Lajos utca 142.;Hétfő-5:00:20:00|Kedd-5:00:20:00|Szerda-5:00:20:00|Csütörtök-5:00:20:00|Péntek-5:00:20:00|Szombat-6:00:20:00|Vasárnap-6:00:20:00
19.0659;47.4188;Budapest;Kossuth Lajos utca 144-152.;Hétfő-6:00:20:00|Kedd-6:00:20:00|Szerda-6:00:20:00|Csütörtök-6:00:20:00|Péntek-6:00:20:00|Szombat-8:00:16:00|Vasárnap-Zárva
19.0701;47.4293;Budapest;Kossuth Lajos utca 67-69.;Hétfő-6:30:18:30|Kedd-6:30:18:30|Szerda-6:30:18:30|Csütörtök-6:30:18:30|Péntek-6:30:18:30|Szombat-9:00:17:00|Vasárnap-Zárva
19.0635;47.4215;Budapest;Posztógyár u. 6.;Hétfő-5:30:17:30|Kedd-5:30:17:30|Szerda-5:30:17:30|Csütörtök-5:30:17:30|Péntek-5:30:17:30|Szombat-9:00:17:00|Vasárnap-Zárva
19.0577;47.4132;Budapest;Rákóczi út 191.;Hétfő-0:00:24:00|Kedd-0:00:24:00|Szerda-0:00:24:00|Csütörtök-0:00:24:00|Péntek-0:00:24:00|Szombat-0:00:24:00|Vasárnap-0:00:24:00
19.087;47.4223;Budapest;Széchenyi utca 85;Hétfő-6:00:22:00|Kedd-6:00:22:00|Szerda-6:00:22:00|Csütörtök-6:00:22:00|Péntek-6:00:22:00|Szombat-6:00:22:00|Vasárnap-6:00:22:00
19.0845;47.4361;Budapest;Védgát u. 47.;Hétfő-8:00:16:00|Kedd-8:00:16:00|Szerda-8:00:16:00|Csütörtök-8:00:16:00|Péntek-8:00:16:00|Szombat-8:00:12:00|Vasárnap-Zárva
18.994774;47.395889;Budapest;Nagytétényi út 238.;Hétfő-7:00:19:00|Kedd-7:00:19:00|Szerda-7:00:19:00|Csütörtök-7:00:19:00|Péntek-7:00:19:00|Szombat-7:00:19:00|Vasárnap-7:00:15:00
19.0224;47.441;Budapest;Ady Endre út 99.;Hétfő-6:00:20:00|Kedd-6:00:20:00|Szerda-6:00:20:00|Csütörtök-6:00:20:00|Péntek-6:00:20:00|Szombat-7:00:15:00|Vasárnap-7:00:15:00
19.0204;47.4297;Budapest;Arany János u. 55.;Hétfő-7:00:19:00|Kedd-7:00:19:00|Szerda-7:00:19:00|Csütörtök-7:00:19:00|Péntek-7:00:19:00|Szombat-7:00:16:00|Vasárnap-7:00:16:00
19.0278;47.4262;Budapest;Árpád utca 54.;Hétfő-6:00:20:00|Kedd-6:00:20:00|Szerda-6:00:20:00|Csütörtök-6:00:20:00|Péntek-6:00:20:00|Szombat-6:00:20:00|Vasárnap-6:00:14:00
19.001;47.4043;Budapest;Dózsa György út 29;Hétfő-8:00:20:00|Kedd-8:00:20:00|Szerda-8:00:20:00|Csütörtök-8:00:20:00|Péntek-8:00:20:00|Szombat-8:00:20:00|Vasárnap-8:00:20:00
19.0385;47.4297;Budapest;Duna u. 2.;Hétfő-8:00:20:00|Kedd-8:00:20:00|Szerda-8:00:20:00|Csütörtök-8:00:20:00|Péntek-8:00:20:00|Szombat-8:00:20:00|Vasárnap-Zárva
19.0152;47.4253;Budapest;Gádor utca 128.;Hétfő-7:00:19:00|Kedd-7:00:19:00|Szerda-7:00:19:00|Csütörtök-7:00:19:00|Péntek-7:00:19:00|Szombat-7:00:19:00|Vasárnap-7:30:13:00
19.0141;47.4204;Budapest;Háros út 105;Hétfő-7:00:19:00|Kedd-7:00:19:00|Szerda-7:00:19:00|Csütörtök-7:00:19:00|Péntek-7:00:19:00|Szombat-8:00:12:00|Vasárnap-Zárva
19.0396;47.4277;Budapest;Játék utca 1-3.;Hétfő-6:00:18:00|Kedd-6:00:18:00|Szerda-6:00:18:00|Csütörtök-6:00:18:00|Péntek-6:00:18:00|Szombat-7:00:17:00|Vasárnap-8:00:14:00
19.0175;47.4133;Budapest;Jókai Mór utca 38;Hétfő-6:30:19:30|Kedd-6:30:19:30|Szerda-6:30:19:30|Csütörtök-6:30:19:30|Péntek-6:30:19:30|Szombat-6:30:14:30|Vasárnap-6:30:14:30
19.0377;47.429;Budapest;Kossuth Lajos u. 2;Hétfő-7:00:19:00|Kedd-7:00:19:00|Szerda-7:00:19:00|Csütörtök-7:00:19:00|Péntek-7:00:19:00|Szombat-8:00:16:00|Vasárnap-Zárva
19.0385;47.4265;Budapest;Kossuth Lajos utca 25-29.;Hétfő-6:00:18:00|Kedd-6:00:18:00|Szerda-6:00:18:00|Csütörtök-6:00:18:00|Péntek-6:00:18:00|Szombat-7:00:15:00|Vasárnap-8:00:12:00
19.0368;47.4328;Budapest;Leányka utca 13.;Hétfő-6:00:22:00|Kedd-6:00:22:00|Szerda-6:00:22:00|Csütörtök-6:00:22:00|Péntek-6:00:22:00|Szombat-6:00:20:00|Vasárnap-7:00:18:00
19.0211;47.4105;Budapest;Nagytétényi út 136-138.;Hétfő-0:00:24:00|Kedd-0:00:24:00|Szerda-0:00:24:00|Csütörtök-0:00:24:00|Péntek-0:00:24:00|Szombat-0:00:24:00|Vasárnap-0:00:24:00
19.0158;47.4081;Budapest;Nagytétényi út 172/a.;Hétfő-6:00:22:00|Kedd-6:00:22:00|Szerda-6:00:22:00|Csütörtök-6:00:22:00|Péntek-6:00:22:00|Szombat-6:00:22:00|Vasárnap-6:00:22:00
18.9936;47.3954;Budapest;Nagytétényi út 242.;Hétfő-6:00:19:00|Kedd-6:00:19:00|Szerda-6:00:19:00|Csütörtök-6:00:19:00|Péntek-6:00:19:00|Szombat-6:00:14:00|Vasárnap-Zárva
18.9829;47.3917;Budapest;Nagytétényi út 293.   293.;Hétfő-6:00:20:00|Kedd-6:00:20:00|Szerda-6:00:20:00|Csütörtök-6:00:20:00|Péntek-6:00:20:00|Szombat-6:00:20:00|Vasárnap-7:00:15:00
19.0234;47.4107;Budapest;Nagytétényi út 37-43.;Hétfő-7:00:19:00|Kedd-7:00:19:00|Szerda-7:00:19:00|Csütörtök-7:00:19:00|Péntek-7:00:19:00|Szombat-7:00:16:00|Vasárnap-7:00:16:00
19.0064;47.4048;Budapest;Rózsakert u. 19/a.;Hétfő-7:00:19:00|Kedd-7:00:19:00|Szerda-7:00:19:00|Csütörtök-7:00:19:00|Péntek-7:00:19:00|Szombat-8:00:16:00|Vasárnap-8:00:14:00
19.0363;47.4223;Budapest;Tóth József utca 49.;Hétfő-7:00:19:00|Kedd-7:00:19:00|Szerda-7:00:19:00|Csütörtök-7:00:19:00|Péntek-7:00:19:00|Szombat-7:00:19:00|Vasárnap-7:30:13:00
19.1563;47.4209;Budapest;Bevásárló 2;Hétfő-6:00:22:00|Kedd-6:00:22:00|Szerda-6:00:22:00|Csütörtök-6:00:22:00|Péntek-6:00:22:00|Szombat-6:00:22:00|Vasárnap-7:00:20:00
19.1119;47.4108;Budapest;Grassalkovich u. 27.;Hétfő-6:00:18:30|Kedd-6:00:18:30|Szerda-6:00:18:30|Csütörtök-6:00:18:30|Péntek-6:00:18:30|Szombat-6:00:18:00|Vasárnap-7:30:11:00
19.1152;47.3983;Budapest;Grassalkovich út 171;Hétfő-5:00:19:00|Kedd-5:00:19:00|Szerda-5:00:19:00|Csütörtök-5:00:19:00|Péntek-5:00:19:00|Szombat-8:00:16:00|Vasárnap-Zárva
19.1134;47.4018;Budapest;Grassalkovich utca 134.;Hétfő-6:00:20:00|Kedd-6:00:20:00|Szerda-6:00:20:00|Csütörtök-6:00:20:00|Péntek-6:00:20:00|Szombat-7:00:15:00|Vasárnap-Zárva
19.1134;47.3901;Budapest;Haraszti út 26.;Hétfő-7:00:19:00|Kedd-7:00:19:00|Szerda-7:00:19:00|Csütörtök-7:00:19:00|Péntek-7:00:19:00|Szombat-7:00:15:00|Vasárnap-Zárva
19.1596;47.3906;Budapest;Majori út 10.;Hétfő-8:00:16:00|Kedd-8:00:16:00|Szerda-8:00:16:00|Csütörtök-8:00:16:00|Péntek-8:00:16:00|Szombat-8:00:12:00|Vasárnap-Zárva
19.6819;46.6868;Bugac;Béke utca 14.;Hétfő-6:00:19:00|Kedd-6:00:19:00|Szerda-6:00:19:00|Csütörtök-6:00:19:00|Péntek-6:00:19:00|Szombat-6:00:19:00|Vasárnap-6:00:19:00
19.6796;46.6872;Bugac;Szabadság tér 4/A/1.;Hétfő-6:00:18:00|Kedd-6:00:18:00|Szerda-6:00:18:00|Csütörtök-6:00:18:00|Péntek-6:00:18:00|Szombat-6:00:14:00|Vasárnap-6:00:14:00
21.654;48.1066;Buj;Kossuth 18.;Hétfő-6:00:18:00|Kedd-6:00:18:00|Szerda-6:00:18:00|Csütörtök-6:00:18:00|Péntek-6:00:18:00|Szombat-6:00:18:00|Vasárnap-7:00:11:00
21.6471;48.0991;Buj;Rákóczi   37.;Hétfő-7:00:19:00|Kedd-7:00:19:00|Szerda-7:00:19:00|Csütörtök-7:00:19:00|Péntek-7:00:19:00|Szombat-7:00:15:00|Vasárnap-7:00:15:00
19.5428;47.8832;Buják;Kossuth 33.;Hétfő-6:00:18:00|Kedd-6:00:18:00|Szerda-6:00:18:00|Csütörtök-6:00:18:00|Péntek-6:00:18:00|Szombat-6:00:14:00|Vasárnap-Zárva
19.5417;47.8803;Buják;Kossuth út 70/A.;Hétfő-6:00:17:30|Kedd-6:00:17:30|Szerda-6:00:17:30|Csütörtök-6:00:17:30|Péntek-6:00:17:30|Szombat-6:00:12:00|Vasárnap-7:00:11:00
20.6801;47.891;Bükkábrány;Béke u. 29.;Hétfő-7:00:21:00|Kedd-7:00:21:00|Szerda-7:00:21:00|Csütörtök-7:00:21:00|Péntek-7:00:21:00|Szombat-7:00:21:00|Vasárnap-7:00:21:00
17.9914;46.1051;Bükkösd;Kossuth L. u. 53.;Hétfő-6:00:18:00|Kedd-6:00:18:00|Szerda-6:00:18:00|Csütörtök-6:00:18:00|Péntek-6:00:18:00|Szombat-6:00:12:00|Vasárnap-7:00:11:00
20.1748;47.9882;Bükkszék;Egri út 1.;Hétfő-6:00:18:00|Kedd-6:00:18:00|Szerda-6:00:18:00|Csütörtök-6:00:18:00|Péntek-6:00:18:00|Szombat-6:00:18:00|Vasárnap-8:00:12:00
18.631055;46.770868;Cece;Kossuth L. u. 1.;Hétfő-6:00:23:00|Kedd-6:00:23:00|Szerda-6:00:23:00|Csütörtök-6:00:23:00|Péntek-6:00:24:00|Szombat-6:00:24:00|Vasárnap-6:00:23:00
17.1515;47.2571;Celldömölk;Dr. Géffin L tér  7.;Hétfő-6:00:18:00|Kedd-6:00:18:00|Szerda-6:00:18:00|Csütörtök-6:00:18:00|Péntek-6:00:18:00|Szombat-6:00:12:00|Vasárnap-Zárva
17.1522;47.2606;Celldömölk;Kossuth u. 1.;Hétfő-5:30:21:30|Kedd-5:30:21:30|Szerda-5:30:21:30|Csütörtök-5:30:21:30|Péntek-5:30:21:30|Szombat-5:30:21:30|Vasárnap-Zárva
17.1523;47.2523;Celldömölk;Sági  43.;Hétfő-6:00:20:00|Kedd-6:00:20:00|Szerda-6:00:20:00|Csütörtök-6:00:20:00|Péntek-6:00:20:00|Szombat-6:00:20:00|Vasárnap-Zárva
17.1474;47.2337;Celldömölk;Sági út 188;Hétfő-6:30:17:00|Kedd-6:30:17:00|Szerda-6:30:17:00|Csütörtök-6:30:17:00|Péntek-6:30:17:00|Szombat-6:30:12:00|Vasárnap-Zárva
17.0285;47.4788;Cirák;Csapodi utca  2.;Hétfő-6:00:22:00|Kedd-6:00:22:00|Szerda-6:00:22:00|Csütörtök-6:00:22:00|Péntek-6:00:0:00|Szombat-6:00:0:00|Vasárnap-6:00:22:00
20.6513059;46.8260518;Csabacsűd;Szabadság utca 64.;Hétfő-7:00:20:00|Kedd-7:00:20:00|Szerda-7:00:20:00|Csütörtök-7:00:20:00|Péntek-7:00:20:00|Szombat-7:00:15:00|Vasárnap-7:00:12:00
17.2872;47.0125;Csabrendek;Kossuth utca 2.;Hétfő-5:30:18:00|Kedd-5:30:18:00|Szerda-5:30:18:00|Csütörtök-5:30:18:00|Péntek-5:30:18:00|Szombat-5:30:14:00|Vasárnap-Zárva
18.1844;47.0474;Csajág;Kossuth u. 59.;Hétfő-6:30:17:30|Kedd-6:30:17:30|Szerda-6:30:17:30|Csütörtök-6:30:17:30|Péntek-6:30:17:30|Szombat-6:30:11:30|Vasárnap-7:00:11:00
20.703247;46.325271;Csanádalberti;Fő ut 15;Hétfő-06:00:22:00|Kedd-06:00:22:00|Szerda-06:00:22:00|Csütörtök-06:00:22:00|Péntek-06:00:22:00|Szombat-06:00:22:00|Vasárnap-06:00:22:00
20.8839;46.543;Csanádapáca;Kossuth Lajos tér 8.;Hétfő-6:00:18:00|Kedd-6:00:18:00|Szerda-6:00:18:00|Csütörtök-6:00:18:00|Péntek-6:00:18:00|Szombat-7:00:19:00|Vasárnap-7:00:11:00
20.8853;46.5412;Csanádapáca;Szent Gellért út 42.;Hétfő-6:00:19:00|Kedd-6:00:19:00|Szerda-6:00:19:00|Csütörtök-6:00:19:00|Péntek-6:00:19:00|Szombat-6:00:19:00|Vasárnap-6:00:19:00
20.7228;46.2439;Csanádpalota;Kálmány Lajos utca 2.;Hétfő-6:00:20:00|Kedd-6:00:20:00|Szerda-6:00:20:00|Csütörtök-6:00:20:00|Péntek-6:00:20:00|Szombat-6:00:12:00|Vasárnap-6:00:12:00
20.7287;46.2386;Csanádpalota;Kossuth utca 4.;Hétfő-5:30:17:30|Kedd-5:30:18:30|Szerda-5:30:18:30|Csütörtök-5:30:18:30|Péntek-5:30:18:30|Szombat-6:00:14:00|Vasárnap-Zárva
19.8282;47.6478;Csány;Malom út 2.;Hétfő-6:00:21:00|Kedd-6:00:21:00|Szerda-6:00:21:00|Csütörtök-6:00:21:00|Péntek-6:00:21:00|Szombat-6:00:21:00|Vasárnap-6:00:21:00
19.8289;47.6487;Csány;Petőfi Sándor út  4.;Hétfő-6:00:19:00|Kedd-6:00:19:00|Szerda-6:00:19:00|Csütörtök-6:00:19:00|Péntek-6:00:19:00|Szombat-7:00:19:00|Vasárnap-7:00:19:00
17.9117;45.8799;Csányoszró;Petőfi Sándor utca 9.;Hétfő-6:00:17:00|Kedd-6:00:17:00|Szerda-6:00:17:00|Csütörtök-6:00:17:00|Péntek-6:00:17:00|Szombat-6:00:17:00|Vasárnap-7:00:11:00
19.1759;46.4209;Császártöltés;Bajai utca 84.;Hétfő-5:30:20:30|Kedd-5:30:20:30|Szerda-5:30:20:30|Csütörtök-5:30:20:30|Péntek-5:30:21:00|Szombat-7:00:22:00|Vasárnap-8:00:19:00
19.1764;46.4216;Császártöltés;Keceli út  3.;Hétfő-7:00:20:00|Kedd-7:00:20:00|Szerda-7:00:20:00|Csütörtök-7:00:20:00|Péntek-7:00:20:00|Szombat-8:00:21:00|Vasárnap-9:00:19:00
16.955;47.0468;Csehimindszent;Fő utca  44.;Hétfő-6:00:17:00|Kedd-6:00:17:00|Szerda-6:00:17:00|Csütörtök-6:00:17:00|Péntek-6:00:17:00|Szombat-6:00:10:00|Vasárnap-7:00:10:00
18.086017;47.681044;Csém;Béke út 67.;Hétfő-06:00:18:00|Kedd-06:00:18:00|Szerda-06:00:18:00|Csütörtök-06:00:18:00|Péntek-06:00:18:00|Szombat-07:12:00|Vasárnap-Zárva
19.2684;46.7156;Csengőd;Dózsa György 44.;Hétfő-5:00:18:00|Kedd-5:00:18:00|Szerda-5:00:18:00|Csütörtök-5:00:18:00|Péntek-5:00:18:00|Szombat-6:00:14:00|Vasárnap-7:00:11:00
19.2632;46.7139;Csengőd;Dózsa György utca 69.;Hétfő-6:30:18:00|Kedd-6:30:18:00|Szerda-6:30:18:00|Csütörtök-6:30:18:00|Péntek-6:30:18:00|Szombat-6:30:12:00|Vasárnap-7:00:11:30
16.8706;47.2351;Csénye;Ady u. 20.;Hétfő-9:00:22:00|Kedd-9:00:22:00|Szerda-9:00:22:00|Csütörtök-9:00:22:00|Péntek-9:00:22:00|Szombat-9:00:22:00|Vasárnap-9:00:22:00
18.0608;47.5781;Csép;Petőfi Sándor utca 17.;Hétfő-6:00:21:00|Kedd-6:00:21:00|Szerda-6:00:21:00|Csütörtök-6:00:21:00|Péntek-6:00:21:00|Szombat-7:00:21:00|Vasárnap-7:00:21:00
20.5326;47.9469;Cserépfalu;Petőfi út 44.;Hétfő-7:00:19:00|Kedd-7:00:19:00|Szerda-7:00:19:00|Csütörtök-7:00:19:00|Péntek-7:00:19:00|Szombat-7:00:19:00|Vasárnap-7:00:12:00
19.4236;47.9807;Cserhátsurány;Bocskai út 20.;Hétfő-5:30:18:30|Kedd-5:30:18:30|Szerda-5:30:18:30|Csütörtök-5:30:18:30|Péntek-5:30:18:30|Szombat-5:30:18:30|Vasárnap-6:30:12:00
17.229;46.8068;Cserszegtomaj;Búzavirág  6.;Hétfő-6:30:17:30|Kedd-6:30:17:30|Szerda-6:30:17:30|Csütörtök-6:30:17:30|Péntek-6:30:17:30|Szombat-6:30:11:30|Vasárnap-Zárva
17.2569;46.7878;Cserszegtomaj;Porkoláb utca 1.;Hétfő-6:00:21:00|Kedd-6:00:21:00|Szerda-6:00:21:00|Csütörtök-6:00:21:00|Péntek-6:00:21:00|Szombat-7:00:21:00|Vasárnap-7:00:21:00
16.5141;46.7161;Csesztreg;Petőfi Sándor u. 3.;Hétfő-8:00:22:00|Kedd-8:00:22:00|Szerda-8:00:22:00|Csütörtök-8:00:22:00|Péntek-8:00:22:00|Szombat-8:00:12:00|Vasárnap-8:00:12:00
19.4237;47.2944;Csévharaszt;József Attila utca 32.;Hétfő-6:00:18:00|Kedd-6:00:18:00|Szerda-6:00:18:00|Csütörtök-6:00:18:00|Péntek-6:00:18:00|Szombat-6:00:14:00|Vasárnap-7:00:12:00
16.9414;47.0748;Csipkerek;Rákóczi utca    65.;Hétfő-10:00:22:00|Kedd-10:00:22:00|Szerda-10:00:22:00|Csütörtök-10:00:22:00|Péntek-10:00:22:00|Szombat-10:00:22:00|Vasárnap-10:00:22:00
18.968284;47.644224;csobánka;fő út 19;Hétfő-6:30:20:00|Kedd-6:30:20:00|Szerda-6:30:20:00|Csütörtök-6:30:20:00|Péntek-6:30:20:00|Szombat-6:30:20:00|Vasárnap-7:00:17:00
18.9682;47.6446;Csobánka;Fő u. 19.;Hétfő-7:00:19:00|Kedd-7:00:19:00|Szerda-7:00:19:00|Csütörtök-0:70:19:00|Péntek-7:00:19:00|Szombat-7:00:15:00|Vasárnap-7:00:14:00
18.9632;47.6444;Csobánka;Sport u. 3.;Hétfő-7:00:19:00|Kedd-7:00:19:00|Szerda-7:00:19:00|Csütörtök-7:00:19:00|Péntek-7:00:19:00|Szombat-7:00:15:00|Vasárnap-7:00:14:00
18.7168;47.6911;Csolnok;Rákóczi tér 2.;Hétfő-5:00:19:00|Kedd-5:00:19:00|Szerda-5:00:19:00|Csütörtök-5:00:19:00|Péntek-5:00:19:00|Szombat-7:00:12:00|Vasárnap-7:00:12:00
19.8314;46.4229;Csólyospálos;Kossuth utca 2.;Hétfő-8:00:17:00|Kedd-8:00:17:00|Szerda-8:00:17:00|Csütörtök-8:00:17:00|Péntek-8:00:17:00|Szombat-8:00:12:00|Vasárnap-Zárva
19.2244;47.5401;Csömör;Szabadság út  41.;Hétfő-7:00:19:00|Kedd-7:00:19:00|Szerda-7:00:19:00|Csütörtök-7:00:19:00|Péntek-7:00:19:00|Szombat-7:00:15:00|Vasárnap-Zárva
19.2248;47.5525;Csömör;Széchenyi utca  50.;Hétfő-6:00:23:00|Kedd-6:00:23:00|Szerda-6:00:23:00|Csütörtök-6:00:23:00|Péntek-6:00:23:00|Szombat-7:00:23:00|Vasárnap-7:00:23:00
17.9216;46.9818;Csopak;Kossuth utca 120.;Hétfő-7:00:19:00|Kedd-7:00:19:00|Szerda-7:00:19:00|Csütörtök-7:00:19:00|Péntek-7:00:19:00|Szombat-7:00:15:00|Vasárnap-7:00:13:00
18.2576;47.2054;Csór;Fő utca 3.;Hétfő-5:00:20:00|Kedd-5:00:20:00|Szerda-5:00:20:00|Csütörtök-5:00:20:00|Péntek-5:00:20:00|Szombat-6:00:14:00|Vasárnap-6:00:14:00
17.2445;47.6074;Csorna;Bartók Béla u. 3/c.;Hétfő-6:00:22:00|Kedd-6:00:22:00|Szerda-6:00:22:00|Csütörtök-6:00:22:00|Péntek-6:00:22:00|Szombat-6:00:22:00|Vasárnap-6:00:22:00
17.2393;47.6102;Csorna;Soproni utca 66/F.;Hétfő-5:00:19:00|Kedd-5:00:19:00|Szerda-5:00:19:00|Csütörtök-5:00:19:00|Péntek-5:00:19:00|Szombat-8:00:19:00|Vasárnap-8:00:19:00
17.248;47.6114;Csorna;Soproni utca 71.;Hétfő-8:00:18:00|Kedd-8:00:18:00|Szerda-8:00:18:00|Csütörtök-8:00:18:00|Péntek-8:00:18:00|Szombat-8:00:18:00|Vasárnap-Zárva
17.2508841;47.6111656;Csorna;Mártírok tere 1.;Hétfő-6:00:22:00|Kedd-6:00:22:00|Szerda-6:00:22:00|Csütörtök-6:00:22:00|Péntek-6:00:22:00|Szombat-6:00:22:00|Vasárnap-6:00:22:00
17.2486982;47.6114964;Csorna;Szent István tér 28.;Hétfő-8:00:16:00|Kedd-8:00:16:00|Szerda-8:00:16:00|Csütörtök-8:00:16:00|Péntek-8:00:16:00|Szombat-8:00:12:00|Vasárnap-Zárva
16.3614;46.9518;Csörötnek;Fő út   3.;Hétfő-7:00:15:00|Kedd-7:00:15:00|Szerda-7:00:15:00|Csütörtök-7:00:15:00|Péntek-7:00:15:00|Szombat-8:00:12:00|Vasárnap-Zárva
20.8338;46.6348;Csorvás;Bajcsy-Zsilinszky utca 3.;Hétfő-5:00:17:30|Kedd-5:00:17:30|Szerda-5:00:17:30|Csütörtök-5:00:17:30|Péntek-5:00:17:30|Szombat-7:00:19:30|Vasárnap-Zárva
20.8241;46.632;Csorvás;Rákóczi utca 30.;Hétfő-6:00:18:00|Kedd-6:00:18:00|Szerda-6:00:18:00|Csütörtök-6:00:18:00|Péntek-6:00:18:00|Szombat-6:00:18:00|Vasárnap-7:00:13:00
20.8342096;46.6338597;Csorvás;Bajcsy-Zsilinszky utca 59.;Hétfő-5:00:17:30|Kedd-5:00:17:30|Szerda-5:00:17:30|Csütörtök-5:00:17:30|Péntek-5:00:17:30|Szombat-7:00:15:30|Vasárnap-7:00:11:00
18.4179;47.0372;Csősz;Kossuth utca 7.;Hétfő-5:00:20:00|Kedd-5:00:20:00|Szerda-5:00:20:00|Csütörtök-5:00:20:00|Péntek-5:00:20:00|Szombat-5:00:20:00|Vasárnap-7:00:12:00
17.1678;47.0307;Dabronc;Kossuth utca   51.;Hétfő-6:00:13:00|Kedd-6:00:17:00|Szerda-6:00:17:00|Csütörtök-6:00:17:00|Péntek-16:00:17:00|Szombat-6:00:11:00|Vasárnap-7:00:10:00
18.2305;47.5174;Dad;Kossuth utca 11.;Hétfő-6:00:18:00|Kedd-6:00:18:00|Szerda-6:00:18:00|Csütörtök-6:00:18:00|Péntek-6:00:18:00|Szombat-6:00:11:00|Vasárnap-7:00:10:00
18.1907;46.4943;Dalmand;Felszabadulás utca 7.;Hétfő-6:00:18:00|Kedd-6:00:18:00|Szerda-6:00:18:00|Csütörtök-6:00:18:00|Péntek-6:00:18:00|Szombat-16:00:18:00|Vasárnap-7:00:11:00
19.5485;47.523;Dány;Damjanich utca 1.;Hétfő-6:00:21:00|Kedd-6:00:21:00|Szerda-6:00:21:00|Csütörtök-6:00:21:00|Péntek-6:00:21:00|Szombat-6:00:21:00|Vasárnap-6:00:21:00
19.545;47.5196;Dány;Pesti út 13.;Hétfő-6:00:20:00|Kedd-6:00:20:00|Szerda-6:00:20:00|Csütörtök-6:00:20:00|Péntek-6:00:20:00|Szombat-7:00:16:00|Vasárnap-7:00:12:00
19.5452;47.5188;Dány;Zöld utca  6.;Hétfő-6:00:20:00|Kedd-6:00:20:00|Szerda-6:00:20:00|Csütörtök-6:00:20:00|Péntek-6:00:20:00|Szombat-6:00:20:00|Vasárnap-7:00:20:00
21.6023;47.5233;Debrecen;Angyalföld tér  10.;Hétfő-6:00:22:00|Kedd-6:00:22:00|Szerda-6:00:22:00|Csütörtök-6:00:22:00|Péntek-6:00:22:00|Szombat-8:00:18:00|Vasárnap-8:00:18:00
21.627281;47.531255;Debrecen;Csapó utca 15.;Hétfő-6:00:22:00|Kedd-6:00:22:00|Szerda-6:00 :24:00|Csütörtök-6:00:22:00|Péntek-6:00 :24:00|Szombat-6:00 :24:00|Vasárnap-7:00 :22:00
21.628095;47.522644;Debrecen;Petőfi tér 17-18;Hétfő-5:00:22:00|Kedd-5:00:22:00|Szerda-5:00:22:00|Csütörtök-5:00:22:00|Péntek-5:00:22:00|Szombat-6:00:22:00|Vasárnap-6:00:22:00
21.6396;47.5382;DEBRECEN;ÁRPÁD TÉR 19.;Hétfő-8:00:20:00|Kedd-8:00:20:00|Szerda-10:00:22:00|Csütörtök-8:00:20:00|Péntek-10:00:0:00|Szombat-10:00:0:00|Vasárnap-8:00:14:00
21.6217;47.5361;Debrecen;Bethlen utca 46.;Hétfő-6:00:20:00|Kedd-6:00:20:00|Szerda-6:00:20:00|Csütörtök-6:00:20:00|Péntek-6:00:20:00|Szombat-6:00:14:00|Vasárnap-6:30:12:00
21.6107;47.5524;Debrecen;Borbíró tér    8.;Hétfő-6:00:18:00|Kedd-6:00:18:00|Szerda-6:00:18:00|Csütörtök-6:00:18:00|Péntek-6:00:18:00|Szombat-7:00:15:00|Vasárnap-Zárva
21.6089;47.5429;Debrecen;Böszörményi út 68.;Hétfő-6:00:19:00|Kedd-6:00:19:00|Szerda-6:00:19:00|Csütörtök-6:00:19:00|Péntek-6:00:19:00|Szombat-6:00:14:00|Vasárnap-6:00:12:00
21.6378;47.5314;DEBRECEN;CEGLÉD UTCA 20;Hétfő-6:00:18:00|Kedd-6:00:18:00|Szerda-6:00:18:00|Csütörtök-6:00:18:00|Péntek-6:00:18:00|Szombat-7:00:15:00|Vasárnap-Zárva
21.6377;47.5372;Debrecen;Csapó  106.;Hétfő-7:00:19:00|Kedd-7:00:19:00|Szerda-7:00:19:00|Csütörtök-7:00:19:00|Péntek-7:00:19:00|Szombat-7:00:19:00|Vasárnap-8:00:16:00
21.6372;47.537;Debrecen;Csapó utca  102.;Hétfő-6:00:18:00|Kedd-6:00:18:00|Szerda-6:00:18:00|Csütörtök-6:00:18:00|Péntek-6:00:18:00|Szombat-7:00:15:00|Vasárnap-Zárva
21.6347;47.5354;Debrecen;Csapó utca  78.;Hétfő-6:00:19:00|Kedd-6:00:19:00|Szerda-6:00:19:00|Csütörtök-6:00:19:00|Péntek-6:00:19:00|Szombat-6:00:17:00|Vasárnap-6:00:12:00
21.6316;47.5337;Debrecen;Csapó utca 54.;Hétfő-6:00:22:00|Kedd-6:00:22:00|Szerda-6:00:22:00|Csütörtök-6:00:22:00|Péntek-6:00:22:00|Szombat-6:00:22:00|Vasárnap-8:00:12:00
21.6361;47.5362;Debrecen;Csapó utca 92.;Hétfő-6:00:20:00|Kedd-6:00:20:00|Szerda-6:00:20:00|Csütörtök-6:00:20:00|Péntek-6:00:20:00|Szombat-6:00:14:00|Vasárnap-6:00:14:00
21.6175;47.536;Debrecen;Csemete utca  36-38.;Hétfő-7:00:19:00|Kedd-7:00:19:00|Szerda-7:00:19:00|Csütörtök-7:00:19:00|Péntek-7:00:19:00|Szombat-7:00:15:00|Vasárnap-8:00:13:00
21.6241;47.5345;Debrecen;Darabos  19.;Hétfő-7:00:19:00|Kedd-7:00:19:00|Szerda-7:00:19:00|Csütörtök-7:00:19:00|Péntek-7:00:19:00|Szombat-8:00:16:00|Vasárnap-Zárva
21.5988;47.5262;Debrecen;Derék utca  16477/14.;Hétfő-6:30:18:30|Kedd-6:30:18:30|Szerda-6:30:18:30|Csütörtök-6:30:18:30|Péntek-6:30:18:30|Szombat-8:00:16:00|Vasárnap-Zárva
21.6194;47.5415;Debrecen;Füredi út  27.;Hétfő-8:00:19:00|Kedd-8:00:19:00|Szerda-8:00:19:00|Csütörtök-8:00:19:00|Péntek-8:00:19:00|Szombat-7:00:18:00|Vasárnap-7:00:18:00
21.6148;47.5413;Debrecen;Füredi út 44.;Hétfő-6:00:20:00|Kedd-6:00:20:00|Szerda-6:00:20:00|Csütörtök-6:00:20:00|Péntek-6:00:20:00|Szombat-8:00:20:00|Vasárnap-8:00:20:00
21.6194;47.5415;Debrecen;Füredi utca  27.;Hétfő-0:00:24:00|Kedd-0:00:24:00|Szerda-0:00:24:00|Csütörtök-0:00:24:00|Péntek-0:00:24:00|Szombat-0:00:24:00|Vasárnap-0:00:24:00
21.625;47.5113;Debrecen;Gázvezeték utca  14.;Hétfő-6:00:19:00|Kedd-6:00:19:00|Szerda-6:00:19:00|Csütörtök-6:00:19:00|Péntek-6:00:19:00|Szombat-7:00:14:00|Vasárnap-7:00:13:00
21.579;47.5955;Debrecen-Józsa;Szentgyörgyfalvi utca 9;Hétfő-6:00:19:00|Kedd-6:00:19:00|Szerda-6:00:19:00|Csütörtök-6:00:19:00|Péntek-6:00:19:00|Szombat-6:00:14:00|Vasárnap-8:00:12:00
18.7564;46.2871;Decs;Szövetkezeti u. 1.;Hétfő-6:00:18:00|Kedd-6:00:18:00|Szerda-6:00:18:00|Csütörtök-6:00:18:00|Péntek-6:00:18:00|Szombat-6:00:18:00|Vasárnap-6:00:12:00
20.4804;48.1861;Dédestapolcsány;Kossuth utca 2 .;Hétfő-6:30:21:00|Kedd-6:30:21:00|Szerda-6:30:21:00|Csütörtök-6:30:21:00|Péntek-6:30:21:00|Szombat-7:00:21:00|Vasárnap-7:00:12:00
19.1707;48.0383;Dejtár;Fő út 3.;Hétfő-7:00:11:00|Kedd-7:00:17:00|Szerda-7:00:17:00|Csütörtök-7:00:17:00|Péntek-7:00:17:00|Szombat-7:00:12:00|Vasárnap-Zárva
21.9242;48.1191;Demecser;Béke u. 48;Hétfő-8:00:17:00|Kedd-8:00:17:00|Szerda-8:00:17:00|Csütörtök-8:00:17:00|Péntek-8:00:17:00|Szombat-8:00:12:00|Vasárnap-Zárva
21.9186;48.113;Demecser;Kossuth Lajos út   8;Hétfő-9:00:13:00|Kedd-9:00:13:00|Szerda-9:00:13:00|Csütörtök-9:00:13:00|Péntek-9:00:13:00|Szombat-Zárva|Vasárnap-Zárva
21.9185;48.1131;Demecser;Kossuth Lajos út 6.   6.;Hétfő-8:00:20:00|Kedd-8:00:20:00|Szerda-8:00:20:00|Csütörtök-8:00:20:00|Péntek-8:00:20:00|Szombat-8:00:17:00|Vasárnap-10:00:12:00
21.5667;47.3491;Derecske;Köztársaság út  136.;Hétfő-6:00:18:00|Kedd-6:00:18:00|Szerda-6:00:18:00|Csütörtök-6:00:18:00|Péntek-6:00:18:00|Szombat-6:00:14:00|Vasárnap-Zárva
21.5674;47.3503;Derecske;Köztársaság út 128. A/2;Hétfő-5:00:21:00|Kedd-5:00:21:00|Szerda-5:00:21:00|Csütörtök-5:00:21:00|Péntek-5:00:21:00|Szombat-5:00:21:00|Vasárnap-5:00:21:00
21.5705;47.3527;Derecske;Köztársaság utca 85.;Hétfő-6:00:20:00|Kedd-6:00:20:00|Szerda-6:00:20:00|Csütörtök-6:00:20:00|Péntek-6:00:20:00|Szombat-6:00:12:00|Vasárnap-8:00:11:00
21.5721;47.3454;Derecske;Szegfű utca 1.;Hétfő-6:00:21:00|Kedd-6:00:21:00|Szerda-6:00:21:00|Csütörtök-6:00:21:00|Péntek-6:00:21:00|Szombat-6:00:21:00|Vasárnap-6:00:21:00
21.567742;47.3486243;Derecske;Piac utca 11.;Hétfő-5:00:21:00|Kedd-5:00:21:00|Szerda-5:00:21:00|Csütörtök-5:00:21:00|Péntek-5:00:21:00|Szombat-5:00:21:00|Vasárnap-5:00:21:00
20.3571;46.5825;DEREKEGYHÁZ;KOSSUTH UTCA 8.;Hétfő-6:00:18:00|Kedd-6:00:18:00|Szerda-6:00:18:00|Csütörtök-6:00:18:00|Péntek-6:00:18:00|Szombat-6:00:14:00|Vasárnap-7:00:11:00
17.4412;47.097;Devecser;Csokonai utca 45/B.;Hétfő-6:00:19:00|Kedd-6:00:19:00|Szerda-6:00:19:00|Csütörtök-6:00:19:00|Péntek-6:00:19:00|Szombat-6:00:19:00|Vasárnap-6:00:19:00
17.4324;47.0987;Devecser;Deák Ferenc tér 7.;Hétfő-6:00:21:50|Kedd-6:00:21:50|Szerda-6:00:21:50|Csütörtök-6:00:21:50|Péntek-6:00:21:50|Szombat-6:00:21:50|Vasárnap-7:00:21:50
17.4357585;47.1036778;Devecser;Deák tér 4.;Hétfő-5:30:18:30|Kedd-5:30:18:30|Szerda-5:30:18:30|Csütörtök-5:30:18:30|Péntek-5:30:18:30|Szombat-5:30:18:00|Vasárnap-7:00:18:00
18.9511;47.4083;Diósd;Bartók Béla út 4/C.;Hétfő-6:30:20:00|Kedd-6:30:20:00|Szerda-6:30:20:00|Csütörtök-6:30:20:00|Péntek-6:30:20:00|Szombat-8:00:20:00|Vasárnap-8:00:20:00
18.9578;47.4106;Diósd;Tétényi út 2;Hétfő-6:00:22:00|Kedd-6:00:22:00|Szerda-6:00:22:00|Csütörtök-6:00:22:00|Péntek-6:00:22:00|Szombat-6:00:22:00|Vasárnap-6:00:22:00
18.9419612;47.4034585;Diósd;Gyár utca 43.;Hétfő-6:30:21:00|Kedd-6:30:21:00|Szerda-6:30:21:00|Csütörtök-6:30:21:00|Péntek-6:30:21:00|Szombat-6:30:21:00|Vasárnap-Zárva
18.9508;47.4075;Diósd;Sashegyi utca 10.;Hétfő-6:30:20:00|Kedd-6:30:20:00|Szerda-6:30:20:00|Csütörtök-6:30:20:00|Péntek-6:30:20:00|Szombat-6:30:17:00|Vasárnap-8:00:13:00
19.0418;47.9434;Diósjenő;Dózsa György  28/b.;Hétfő-6:00:18:00|Kedd-6:00:18:00|Szerda-6:00:18:00|Csütörtök-6:00:18:00|Péntek-6:00:18:00|Szombat-7:00:19:00|Vasárnap-7:00:19:00
19.0441;47.9429;Diósjenő;Szabadság 51;Hétfő-7:00:17:00|Kedd-7:00:17:00|Szerda-7:00:17:00|Csütörtök-7:00:17:00|Péntek-7:00:17:00|Szombat-7:00:12:00|Vasárnap-7:00:11:00
17.3784;47.1665;Doba;Kossuth utca 2.;Hétfő-6:00:20:00|Kedd-6:00:20:00|Szerda-6:00:20:00|Csütörtök-6:00:20:00|Péntek-6:00:20:00|Szombat-6:00:20:00|Vasárnap-6:00:20:00
21.2443;46.7359;Doboz;Kossuth tér 8.;Hétfő-7:00:19:00|Kedd-7:00:19:00|Szerda-7:00:19:00|Csütörtök-7:00:19:00|Péntek-7:00:19:00|Szombat-7:00:15:00|Vasárnap-Zárva
21.2513;46.735;Doboz;Vöröshadsereg utca 8.;Hétfő-5:00:20:00|Kedd-5:00:20:00|Szerda-5:00:20:00|Csütörtök-5:00:20:00|Péntek-5:00:20:00|Szombat-6:00:19:00|Vasárnap-7:00:17:00
21.2406965;46.7298669;Doboz;Faluhelyi utca 1.;Hétfő-5:00:21:00|Kedd-5:00:21:00|Szerda-5:00:21:00|Csütörtök-5:00:21:00|Péntek-5:00:21:00|Szombat-5:00:21:00|Vasárnap-5:00:21:00
18.2552;46.4203;Döbrököz;Újtelep utca 99/1.;Hétfő-6:00:18:00|Kedd-6:00:18:00|Szerda-6:00:18:00|Csütörtök-6:00:18:00|Péntek-6:00:18:00|Szombat-6:00:14:00|Vasárnap-10:00:12:00
19.9917;46.2431;Domaszék;Bojárhalmi utca 15.;Hétfő-6:00:18:00|Kedd-6:00:18:00|Szerda-6:00:18:00|Csütörtök-6:00:18:00|Péntek-6:00:18:00|Szombat-7:00:15:00|Vasárnap-7:00:12:00
20.0029;46.2449;Domaszék;Petőfi  utca 1/M;Hétfő-7:00:19:00|Kedd-7:00:19:00|Szerda-7:00:19:00|Csütörtök-7:00:19:00|Péntek-7:00:19:00|Szombat-7:00:15:00|Vasárnap-7:00:11:00
18.1414;46.3731;Dombóvár;Bajcsy-Zsilinszky utca 31.;Hétfő-5:30:20:00|Kedd-5:30:20:00|Szerda-5:30:20:00|Csütörtök-5:30:20:00|Péntek-5:30:20:00|Szombat-5:30:14:00|Vasárnap-6:00:12:00
18.1453;46.3924;Dombóvár;Köztársaság u 7.;Hétfő-8:00:20:00|Kedd-8:00:20:00|Szerda-8:00:20:00|Csütörtök-8:00:20:00|Péntek-8:00:20:00|Szombat-8:00:20:00|Vasárnap-8:00:20:00
18.1325;46.3787;Dombóvár;Népköztársaság útja 37.;Hétfő-8:00:20:00|Kedd-8:00:20:00|Szerda-8:00:20:00|Csütörtök-8:00:20:00|Péntek-8:00:20:00|Szombat-8:00:20:00|Vasárnap-8:00:20:00
18.1025;46.3759;Dombóvár;Rákóczi u. 64.;Hétfő-6:00:18:00|Kedd-6:00:18:00|Szerda-6:00:18:00|Csütörtök-6:00:18:00|Péntek-6:00:18:00|Szombat-8:00:14:00|Vasárnap-Zárva
18.128740680081695;46.37799755;Dombóvár;Ady Endre utca 15.;Hétfő-6:00:20:00|Kedd-6:00:20:00|Szerda-6:00:20:00|Csütörtök-6:00:20:00|Péntek-6:00:20:00|Szombat-6:00:22:00|Vasárnap-7:00:19:00
18.9124;47.7636;Dömös;Kossuth Lajos utca 16/A.;Hétfő-6:00:18:00|Kedd-6:00:18:00|Szerda-6:00:18:00|Csütörtök-6:00:18:00|Péntek-6:00:18:00|Szombat-6:00:14:00|Vasárnap-Zárva
20.1147;47.826;Domoszló;Kossuth Lajos út 18/1.;Hétfő-5:00:20:00|Kedd-5:00:20:00|Szerda-5:00:20:00|Csütörtök-5:00:20:00|Péntek-5:00:20:00|Szombat-6:00:14:00|Vasárnap-Zárva
19.0045;47.0885;Dömsöd;Kossuth Lajos 118;Hétfő-5:00:19:00|Kedd-5:00:19:00|Szerda-5:00:19:00|Csütörtök-5:00:19:00|Péntek-5:00:19:00|Szombat-6:00:19:00|Vasárnap-Zárva
19.0072;47.093;Dömsöd;Kossuth Lajos u. 92.;Hétfő-5:00:19:00|Kedd-5:00:19:00|Szerda-5:00:19:00|Csütörtök-5:00:19:00|Péntek-5:00:19:00|Szombat-6:00:19:00|Vasárnap-8:00:12:00
19.009;47.0955;Dömsöd;Kossuth utca 64.;Hétfő-5:30:20:00|Kedd-5:30:20:00|Szerda-5:30:20:00|Csütörtök-5:30:20:00|Péntek-5:30:20:00|Szombat-5:30:20:00|Vasárnap-5:30:20:00
18.7351;47.7155;Dorog;Bécsi út 1722/2;Hétfő-5:00:20:00|Kedd-5:00:20:00|Szerda-5:00:20:00|Csütörtök-5:00:20:00|Péntek-5:00:20:00|Szombat-7:00:15:00|Vasárnap-8:00:12:00
18.7303;47.7192;Dorog;Bécsi út 57.;Hétfő-7:00:17:00|Kedd-7:00:17:00|Szerda-7:00:17:00|Csütörtök-7:00:17:00|Péntek-7:00:17:00|Szombat-8:00:12:00|Vasárnap-Zárva
18.735;47.7261;Dorog;Köztársaság út 118;Hétfő-5:00:23:00|Kedd-5:00:23:00|Szerda-5:00:23:00|Csütörtök-5:00:23:00|Péntek-5:00:23:00|Szombat-5:00:23:00|Vasárnap-5:00:23:00
18.7352;47.7181;Dorog;Mária utca 19.;Hétfő-6:00:18:00|Kedd-6:00:18:00|Szerda-6:00:18:00|Csütörtök-6:00:18:00|Péntek-6:00:18:00|Szombat-6:00:14:00|Vasárnap-Zárva
18.7288765;47.7203747;Dorog;Esztergomi út 1.;Hétfő-5:00:19:00|Kedd-5:00:19:00|Szerda-5:00:19:00|Csütörtök-5:00:19:00|Péntek-5:00:19:00|Szombat-7:00:12:00|Vasárnap-Zárva
18.7305896;47.7333835;Dorog;Széchenyi lakótelep 4.;Hétfő-5:00:20:00|Kedd-5:00:20:00|Szerda-5:00:20:00|Csütörtök-5:00:20:00|Péntek-5:00:20:00|Szombat-6:00:18:00|Vasárnap-8:00:12:00
19.9002;47.988;Dorogháza;Szent István út   3;Hétfő-7:00:21:00|Kedd-7:00:21:00|Szerda-7:00:21:00|Csütörtök-7:00:21:00|Péntek-7:00:21:00|Szombat-7:00:21:00|Vasárnap-7:00:21:00
19.0476;48.052;Drégelypalánk;Fő 79.;Hétfő-7:00:17:00|Kedd-7:00:17:00|Szerda-7:00:17:00|Csütörtök-7:00:17:00|Péntek-7:00:17:00|Szombat-7:00:12:00|Vasárnap-Zárva
20.4952;48.2832;Dubicsány;Kossuth L. út 10.;Hétfő-6:00:16:00|Kedd-6:00:16:00|Szerda-6:00:16:00|Csütörtök-6:00:16:00|Péntek-6:00:16:00|Szombat-6:00:12:00|Vasárnap-Zárva
18.3379;47.7334;Dunaalmás;Almási utca  15;Hétfő-7:00:19:00|Kedd-7:00:19:00|Szerda-7:00:19:00|Csütörtök-7:00:19:00|Péntek-7:00:19:00|Szombat-6:00:12:00|Vasárnap-13:00:18:00
19.0352;47.7944;Dunabogdány;Kossuth Lajos u. 61.;Hétfő-6:00:18:00|Kedd-6:00:18:00|Szerda-6:00:18:00|Csütörtök-6:00:18:00|Péntek-6:00:18:00|Szombat-6:00:14:00|Vasárnap-Zárva
19.086186;47.358934;Dunaharaszti;Fő út 102.;Hétfő-0:00:24:00|Kedd-0:00:24:00|Szerda-0:00:24:00|Csütörtök-0:00:24:00|Péntek-0:00:24:00|Szombat-0:00:24:00|Vasárnap-0:00:24:00
19.0898;47.3492;Dunaharaszti;Baktay tér 5.;Hétfő-7:00:19:00|Kedd-7:00:19:00|Szerda-7:00:19:00|Csütörtök-7:00:19:00|Péntek-7:00:19:00|Szombat-7:00:15:00|Vasárnap-Zárva
19.0848;47.3552;Dunaharaszti;Dózsa György út    3.;Hétfő-7:00:23:00|Kedd-7:00:23:00|Szerda-7:00:23:00|Csütörtök-7:00:23:00|Péntek-7:00:23:00|Szombat-7:00:23:00|Vasárnap-7:00:22:00
19.091;47.354;Dunaharaszti;Dózsa György út 47.;Hétfő-6:00:18:00|Kedd-6:00:18:00|Szerda-6:00:18:00|Csütörtök-6:00:18:00|Péntek-6:00:18:00|Szombat-8:00:16:00|Vasárnap-Zárva
19.0809;47.3506;Dunaharaszti;Fő út 192.   192.;Hétfő-6:00:18:00|Kedd-6:00:18:00|Szerda-6:00:18:00|Csütörtök-6:00:18:00|Péntek-6:00:18:00|Szombat-7:00:15:00|Vasárnap-Zárva
19.0868;47.3599;Dunaharaszti;Fő út 78.;Hétfő-5:00:19:00|Kedd-5:00:19:00|Szerda-5:00:19:00|Csütörtök-5:00:19:00|Péntek-5:00:19:00|Szombat-6:00:19:00|Vasárnap-7:00:19:00
19.0865;47.3593;Dunaharaszti;Fő utca 92;Hétfő-6:00:22:00|Kedd-6:00:22:00|Szerda-6:00:22:00|Csütörtök-6:00:22:00|Péntek-6:00:22:00|Szombat-7:00:22:00|Vasárnap-Zárva
19.1063;47.3498;Dunaharaszti;Némedi út  54.;Hétfő-6:00:19:00|Kedd-6:00:19:00|Szerda-6:00:19:00|Csütörtök-6:00:19:00|Péntek-6:00:19:00|Szombat-7:00:15:00|Vasárnap-Zárva
19.1191;47.3451;Dunaharaszti;Némedi út 69.;Hétfő-5:30:21:00|Kedd-5:30:21:00|Szerda-5:30:21:00|Csütörtök-5:30:21:00|Péntek-5:00:23:00|Szombat-5:00:23:00|Vasárnap-5:30:21:00
19.0927;47.3468;Dunaharaszti;Somogyváry Gyula utca 2.;Hétfő-8:00:21:00|Kedd-8:00:21:00|Szerda-8:00:21:00|Csütörtök-8:00:21:00|Péntek-8:00:21:00|Szombat-8:00:21:00|Vasárnap-8:00:21:00
19.1253;47.6427;Dunakeszi;Barátság út 14.;Hétfő-5:00:21:00|Kedd-5:00:21:00|Szerda-5:00:21:00|Csütörtök-5:00:21:00|Péntek-5:00:21:00|Szombat-5:00:21:00|Vasárnap-5:00:21:00
19.131;47.6436;Dunakeszi;Béke u 3/A;Hétfő-6:00:21:00|Kedd-6:00:21:00|Szerda-6:00:21:00|Csütörtök-6:00:21:00|Péntek-6:00:21:00|Szombat-6:00:21:00|Vasárnap-6:00:21:00
19.1269;47.6416;Dunakeszi;Casalgrande tér  5.;Hétfő-6:00:20:00|Kedd-6:00:20:00|Szerda-6:00:20:00|Csütörtök-6:00:20:00|Péntek-6:00:20:00|Szombat-6:00:16:00|Vasárnap-7:00:12:00
19.1298;47.6314;Dunakeszi;Dózsa György tér 15.;Hétfő-5:30:21:00|Kedd-5:30:21:00|Szerda-5:30:21:00|Csütörtök-5:30:21:00|Péntek-5:30:21:00|Szombat-7:00:21:00|Vasárnap-Zárva
19.1284;47.6441;Dunakeszi;Fillér utca 11.;Hétfő-5:00:23:00|Kedd-5:00:23:00|Szerda-5:00:23:00|Csütörtök-5:00:23:00|Péntek-5:00:23:00|Szombat-6:00:23:00|Vasárnap-7:00:22:00
19.1308;47.6548;Dunakeszi;Fő u. 190;Hétfő-8:00:20:00|Kedd-8:00:20:00|Szerda-8:00:20:00|Csütörtök-8:00:20:00|Péntek-8:00:20:00|Szombat-8:00:20:00|Vasárnap-9:00:18:00
19.1294;47.6375;Dunakeszi;Fő u. 66-70;Hétfő-6:00:18:00|Kedd-6:00:18:00|Szerda-6:00:18:00|Csütörtök-6:00:18:00|Péntek-6:00:18:00|Szombat-7:00:15:00|Vasárnap-Zárva
19.1294;47.6385;Dunakeszi;Fő út  70..;Hétfő-7:00:20:00|Kedd-7:00:20:00|Szerda-7:00:20:00|Csütörtök-7:00:20:00|Péntek-7:00:20:00|Szombat-7:00:20:00|Vasárnap-7:00:16:00
19.1301;47.6482;Dunakeszi;Fő út 130.;Hétfő-7:00:19:00|Kedd-7:00:19:00|Szerda-7:00:19:00|Csütörtök-7:00:19:00|Péntek-7:00:19:00|Szombat-7:00:15:00|Vasárnap-Zárva
19.139;47.6299;Dunakeszi;Kossuth L.ajos utca 1.;Hétfő-5:00:22:00|Kedd-5:00:22:00|Szerda-5:00:22:00|Csütörtök-5:00:22:00|Péntek-5:00:22:00|Szombat-5:00:22:00|Vasárnap-5:00:22:00
19.1383;47.6449;Dunakeszi;Madách utca  1/A;Hétfő-6:00:20:00|Kedd-6:00:20:00|Szerda-6:00:20:00|Csütörtök-6:00:20:00|Péntek-6:00:20:00|Szombat-8:00:14:00|Vasárnap-Zárva
19.1412;47.6397;Dunakeszi;Mányoki Ádám tér 4.;Hétfő-6:00:20:00|Kedd-6:00:20:00|Szerda-6:00:20:00|Csütörtök-6:00:20:00|Péntek-6:00:20:00|Szombat-6:00:20:00|Vasárnap-6:00:20:00
19.1139;47.6117;Dunakeszi;Nádas utca 6.;Hétfő-6:00:22:00|Kedd-6:00:22:00|Szerda-6:00:22:00|Csütörtök-6:00:22:00|Péntek-6:00:22:00|Szombat-6:00:22:00|Vasárnap-7:00:20:00
19.1573;47.6337;Dunakeszi;Szabadka u. 26.;Hétfő-7:00:21:00|Kedd-7:00:21:00|Szerda-7:00:21:00|Csütörtök-7:00:21:00|Péntek-7:00:21:00|Szombat-8:00:14:00|Vasárnap-Zárva
19.1432;47.6407;Dunakeszi;Tábor utca 54.;Hétfő-7:00:19:00|Kedd-7:00:19:00|Szerda-7:00:19:00|Csütörtök-7:00:19:00|Péntek-7:00:19:00|Szombat-7:00:15:00|Vasárnap-Zárva
19.1541;47.6325;Dunakeszi;Toldi u. 1.;Hétfő-7:00:20:00|Kedd-7:00:20:00|Szerda-7:00:20:00|Csütörtök-7:00:20:00|Péntek-7:00:20:00|Szombat-7:00:20:00|Vasárnap-7:00:20:00
19.1527;47.6264;Dunakeszi;Janek Géza út 15.;Hétfő-6:00:21:00|Kedd-6:00:21:00|Szerda-6:00:21:00|Csütörtök-6:00:21:00|Péntek-6:00:21:00|Szombat-6:00:21:00|Vasárnap-7:00:19:00
19.001464;46.641219;Dunapataj;Kalocsai u. 27.;Hétfő-6:00:22:00|Kedd-6:00:22:00|Szerda-6:00:22:00|Csütörtök-6:00:22:00|Péntek-6:00:22:00|Szombat-6:00:22:00|Vasárnap-6:00:22:00
19.0018;46.6408;Dunapataj;Kalocsai út 37.;Hétfő-5:30:20:00|Kedd-5:30:20:00|Szerda-5:30:20:00|Csütörtök-5:30:20:00|Péntek-5:30:20:00|Szombat-7:00:20:00|Vasárnap-8:00:16:00
18.7581;46.0855;Dunaszekcső;Kossuth u. 23.;Hétfő-5:30:17:00|Kedd-5:30:17:00|Szerda-5:30:17:00|Csütörtök-5:30:17:00|Péntek-5:30:17:00|Szombat-5:30:10:30|Vasárnap-Zárva
18.8198;46.5268;Dunaszentgyörgy;Kossuth L. u. 12.;Hétfő-6:00:18:00|Kedd-6:00:18:00|Szerda-6:00:18:00|Csütörtök-6:00:18:00|Péntek-6:00:18:00|Szombat-6:00:12:00|Vasárnap-7:00:11:00
18.8126;46.5287;Dunaszentgyörgy;Várdomb utca 28.;Hétfő-8:00:18:00|Kedd-8:00:18:00|Szerda-8:00:18:00|Csütörtök-8:00:18:00|Péntek-8:00:18:00|Szombat-7:00:11:00|Vasárnap-Zárva
18.9171;46.9612;Dunaújváros;Béke krt. 1.;Hétfő-8:00:20:00|Kedd-8:00:20:00|Szerda-8:00:20:00|Csütörtök-8:00:20:00|Péntek-8:00:20:00|Szombat-8:00:20:00|Vasárnap-8:00:19:00
18.931;46.9671;Dunaújváros;Bercsényi út  4.;Hétfő-6:00:18:00|Kedd-6:00:18:00|Szerda-6:00:18:00|Csütörtök-6:00:18:00|Péntek-6:00:18:00|Szombat-6:00:18:00|Vasárnap-6:00:12:00
18.9348;46.9663;Dunaújváros;Derkovics utca 5.;Hétfő-6:00:21:00|Kedd-6:00:21:00|Szerda-6:00:21:00|Csütörtök-6:00:21:00|Péntek-6:00:21:00|Szombat-7:00:16:00|Vasárnap-7:00:12:00
18.9348;46.9624;Dunaújváros;Dózsa György út  25/A.;Hétfő-6:00:18:00|Kedd-6:00:18:00|Szerda-6:00:18:00|Csütörtök-6:00:18:00|Péntek-6:00:18:00|Szombat-6:00:14:00|Vasárnap-6:00:14:00
18.9385;46.9647;Dunaújváros;Dózsa György út  4/D.;Hétfő-6:00:18:00|Kedd-6:00:18:00|Szerda-6:00:18:00|Csütörtök-6:00:18:00|Péntek-6:00:18:00|Szombat-6:00:14:00|Vasárnap-Zárva
18.9385;46.9647;Dunaújváros;Dózsa György út 4/C;Hétfő-9:00:18:00|Kedd-9:00:18:00|Szerda-9:00:18:00|Csütörtök-9:00:18:00|Péntek-9:00:18:00|Szombat-9:00:12:00|Vasárnap-Zárva
18.9199;46.9636;Dunaújváros;Hajnal utca 3.;Hétfő-5:00:21:00|Kedd-5:00:21:00|Szerda-5:00:21:00|Csütörtök-5:00:21:00|Péntek-5:00:21:00|Szombat-7:00:19:00|Vasárnap-7:00:19:00
18.9379;46.965;Dunaújváros;Károlyi Mihály sor 42/4/C.;Hétfő-4:45:23:00|Kedd-4:45:23:00|Szerda-4:45:23:00|Csütörtök-4:45:23:00|Péntek-4:45:23:00|Szombat-4:45:23:00|Vasárnap-4:45:20:00
18.9383;46.9639;Dunaújváros;Kőműves utca  1.;Hétfő-7:00:21:00|Kedd-7:00:21:00|Szerda-7:00:21:00|Csütörtök-7:00:21:00|Péntek-7:00:22:00|Szombat-7:00:22:00|Vasárnap-Zárva
18.9416;46.964;Dunaújváros;Korányi S. u. 1.;Hétfő-5:00:20:00|Kedd-5:00:20:00|Szerda-5:00:20:00|Csütörtök-5:00:20:00|Péntek-5:00:23:00|Szombat-8:00:23:00|Vasárnap-8:00:20:00
18.9177;46.9667;Dunaújváros;Lobogó utca  1.;Hétfő-6:00:21:00|Kedd-6:00:21:00|Szerda-6:00:21:00|Csütörtök-6:00:21:00|Péntek-6:00:21:00|Szombat-6:00:21:00|Vasárnap-6:00:21:00
18.9306;46.9632;Dunaújváros;Munkácsy Mihály út  1;Hétfő-5:00:21:00|Kedd-5:00:21:00|Szerda-5:00:21:00|Csütörtök-5:00:21:00|Péntek-5:00:21:00|Szombat-7:00:19:00|Vasárnap-7:00:19:00
18.933;46.9723;Dunaújváros;Római körút 30;Hétfő-5:00:21:00|Kedd-5:00:21:00|Szerda-5:00:21:00|Csütörtök-5:00:21:00|Péntek-5:00:21:00|Szombat-7:00:19:00|Vasárnap-7:00:19:00
18.9169;46.9673;Dunaújváros;Szabadság u. 3. fsz. 1.;Hétfő-5:00:20:00|Kedd-5:00:20:00|Szerda-5:00:20:00|Csütörtök-5:00:20:00|Péntek-5:00:23:00|Szombat-8:00:23:00|Vasárnap-8:00:20:00
18.9358;46.9597;Dunaújváros;Szórád M. 6/A;Hétfő-5:00:17:00|Kedd-5:00:17:00|Szerda-5:00:17:00|Csütörtök-5:00:17:00|Péntek-5:00:17:00|Szombat-5:00:17:00|Vasárnap-5:00:12:00
18.9329;46.9629;Dunaújváros;Táncsics Mihály u.  3/B;Hétfő-6:00:18:00|Kedd-6:00:18:00|Szerda-6:00:18:00|Csütörtök-6:00:18:00|Péntek-6:00:18:00|Szombat-6:00:14:00|Vasárnap-Zárva
18.9331;46.9636;Dunaújváros;Táncsics Mihály utca  8/A.;Hétfő-0:00:23:59|Kedd-0:00:23:59|Szerda-0:00:23:59|Csütörtök-0:00:23:59|Péntek-0:00:23:59|Szombat-0:00:23:59|Vasárnap-0:00:23:59
18.9342;46.9707;Dunaújváros;Váci M. u. 5.;Hétfő-4:45:23:00|Kedd-4:45:23:00|Szerda-4:45:23:00|Csütörtök-4:45:23:00|Péntek-4:45:23:00|Szombat-4:45:23:00|Vasárnap-4:45:20:00
18.9369;46.9689;Dunaújváros;Vasmű u. 69. fsz.1.;Hétfő-5:00:20:00|Kedd-5:00:20:00|Szerda-5:00:20:00|Csütörtök-5:00:20:00|Péntek-5:00:23:00|Szombat-8:00:23:00|Vasárnap-8:00:20:00
18.9416;46.9627;Dunaújváros;Vasmű út  33.;Hétfő-5:00:21:00|Kedd-5:00:21:00|Szerda-5:00:21:00|Csütörtök-5:00:21:00|Péntek-5:00:21:00|Szombat-7:00:19:00|Vasárnap-7:00:19:00
19.0309;47.2917;Dunavarsány;Béke utca  8.;Hétfő-6:00:18:00|Kedd-6:00:18:00|Szerda-6:00:18:00|Csütörtök-6:00:18:00|Péntek-6:00:18:00|Szombat-7:00:15:00|Vasárnap-9:00:15:00
19.0664;47.2751;Dunavarsány;Gyóni Géza u. 4.;Hétfő-6:00:21:00|Kedd-6:00:21:00|Szerda-6:00:21:00|Csütörtök-6:00:21:00|Péntek-6:00:21:00|Szombat-8:00:22:00|Vasárnap-8:00:16:00
19.066;47.2759;Dunavarsány;Kossuth Lajos u. 1.;Hétfő-6:00:22:00|Kedd-6:00:22:00|Szerda-6:00:22:00|Csütörtök-6:00:22:00|Péntek-6:00:22:00|Szombat-6:00:22:00|Vasárnap-6:00:22:00
19.0657;47.2811;Dunavarsány;Vasút sor   42.;Hétfő-6:00:19:00|Kedd-6:00:19:00|Szerda-6:00:19:00|Csütörtök-6:00:19:00|Péntek-6:00:19:00|Szombat-7:00:16:00|Vasárnap-8:00:14:00
21.4887;47.475;Ebes;Fő utca 67-69;Hétfő-6:00:18:00|Kedd-6:00:18:00|Szerda-6:00:18:00|Csütörtök-6:00:18:00|Péntek-6:00:18:00|Szombat-7:00:14:00|Vasárnap-7:00:14:00
21.4921;47.4671;Ebes;Rákóczi utca  28.;Hétfő-5:00:21:00|Kedd-5:00:21:00|Szerda-5:00:21:00|Csütörtök-5:00:21:00|Péntek-5:00:21:00|Szombat-5:30:21:00|Vasárnap-5:30:21:00
21.4912;47.4692;Ebes;Rákóczi utca 6. em: 4 Üz.  6. em: 4 Ü;Hétfő-6:00:20:00|Kedd-6:00:20:00|Szerda-6:00:20:00|Csütörtök-6:00:20:00|Péntek-6:00:20:00|Szombat-6:00:18:00|Vasárnap-6:00:16:00
17.718649;47.55778;Écs;Fő út 49.;Hétfő-06:00:21:00|Kedd-06:00:21:00|Szerda-06:00:21:00|Csütörtök-06:00:21:00|Péntek-06:00:21:00|Szombat-06:00:21:00|Vasárnap-06:00:21:00
19.7656;47.7307;Ecséd;Hársfa u. 34.;Hétfő-6:00:20:00|Kedd-6:00:20:00|Szerda-6:00:20:00|Csütörtök-6:00:20:00|Péntek-6:00:20:00|Szombat-6:00:18:00|Vasárnap-7:00:18:00
19.7733;47.7276;Ecséd;Szabadság utca   38.;Hétfő-6:00:18:00|Kedd-6:00:18:00|Szerda-6:00:18:00|Csütörtök-6:00:18:00|Péntek-6:00:18:00|Szombat-6:00:14:00|Vasárnap-6:00:12:00
20.9267;47.15;Ecsegfalva;Bocskai utca 1/a.;Hétfő-6:00:18:30|Kedd-6:00:18:30|Szerda-6:00:18:30|Csütörtök-6:00:18:30|Péntek-6:00:18:30|Szombat-6:00:14:00|Vasárnap-8:00:12:00
19.3196;47.4439;Ecser;Széchenyi utca 32.;Hétfő-6:00:18:00|Kedd-6:00:18:00|Szerda-6:00:18:00|Csütörtök-6:00:18:00|Péntek-6:00:18:00|Szombat-6:00:12:00|Vasárnap-6:00:12:00
19.3090943;47.4462857;Ecser;Arany János utca 25.;Hétfő-6:00:19:00|Kedd-6:00:19:00|Szerda-6:00:14:00|Csütörtök-6:00:19:00|Péntek-6:00:19:00|Szombat-6:00:14:00|Vasárnap-6:00:12:00
20.7465;48.3068;Edelény;Borsodi út  142/A.;Hétfő-6:00:18:00|Kedd-6:00:18:00|Szerda-6:00:18:00|Csütörtök-6:00:18:00|Péntek-6:00:18:00|Szombat-6:00:18:00|Vasárnap-8:00:16:00
20.7366;48.295;Edelény;Hősök tere 8/A;Hétfő-7:00:19:00|Kedd-7:00:19:00|Szerda-7:00:19:00|Csütörtök-7:00:19:00|Péntek-7:00:19:00|Szombat-7:00:15:00|Vasárnap-7:00:11:00
20.7366;48.295;Edelény;Tóth Árpád út 2.;Hétfő-6:00:22:00|Kedd-6:00:22:00|Szerda-6:00:22:00|Csütörtök-6:00:22:00|Péntek-6:00:22:00|Szombat-6:00:22:00|Vasárnap-6:00:22:00
20.7366;48.2952;Edelény;Tóth Árpád út 4.;Hétfő-6:00:20:00|Kedd-6:00:20:00|Szerda-6:00:20:00|Csütörtök-6:00:20:00|Péntek-6:00:20:00|Szombat-6:00:20:00|Vasárnap-7:00:17:00
20.7439064;48.2961999;Edelény;Borsodi út 11.;Hétfő-6:00:18:00|Kedd-6:00:18:30|Szerda-6:00:18:30|Csütörtök-6:00:18:30|Péntek-6:00:18:30|Szombat-6:00:14:00|Vasárnap-7:00:11:00
20.387481;47.895339;Eger;Kertész út 78/C;Hétfő-06:00:22:00|Kedd-06:00:22:00|Szerda-06:00:22:00|Csütörtök-06:00:22:00|Péntek-06:00:22:00|Szombat-06:00:22:00|Vasárnap-08:00:20:00
20.383702;47.87088;Eger;Kőlyuk út 2.;Hétfő-06:00:20:00|Kedd-06:00:20:00|Szerda-6:00:20:00|Csütörtök-06:00:20:00|Péntek-6:00:22:00|Szombat-6:00:22:00|Vasárnap-08:00:20:00
20.3816;47.9017;Eger;Almagyar utca  7.;Hétfő-6:00:19:00|Kedd-6:00:19:00|Szerda-6:00:19:00|Csütörtök-6:00:19:00|Péntek-6:00:19:00|Szombat-6:00:19:00|Vasárnap-7:00:16:00
20.3726;47.921;Eger;Cifrakapu út 158.;Hétfő-6:00:19:00|Kedd-6:00:19:00|Szerda-6:00:19:00|Csütörtök-6:00:19:00|Péntek-6:00:19:00|Szombat-6:00:15:00|Vasárnap-6:00:12:00
20.3755;47.8957;Eger;Deák Ferenc út  19.;Hétfő-7:00:20:00|Kedd-7:00:20:00|Szerda-7:00:20:00|Csütörtök-7:00:20:00|Péntek-7:00:20:00|Szombat-7:00:20:00|Vasárnap-8:00:17:00
20.3784;47.9033;Eger;Dobó utca   26.;Hétfő-8:00:22:00|Kedd-8:00:22:00|Szerda-8:00:22:00|Csütörtök-8:00:22:00|Péntek-8:00:22:00|Szombat-8:00:22:00|Vasárnap-8:00:22:00
20.3811;47.9022;Eger;Dózsa György út 2.;Hétfő-7:00:19:30|Kedd-7:00:19:30|Szerda-7:00:19:30|Csütörtök-7:00:19:30|Péntek-7:00:19:30|Szombat-7:00:19:30|Vasárnap-7:00:19:00
20.3697;47.9133;Eger;II. Rákóczi Ferenc út  43.;Hétfő-6:00:20:00|Kedd-6:00:20:00|Szerda-6:00:20:00|Csütörtök-6:00:20:00|Péntek-6:00:20:00|Szombat-8:00:17:00|Vasárnap-8:00:16:00
20.3677;47.9142;Eger;Iskola út 2.;Hétfő-7:00:21:00|Kedd-7:00:21:00|Szerda-7:00:21:00|Csütörtök-7:00:21:00|Péntek-7:00:21:00|Szombat-7:00:21:00|Vasárnap-7:00:21:00
20.3705;47.9012;Eger;Kacsapart u. 1;Hétfő-6:00:20:00|Kedd-6:00:20:00|Szerda-6:00:20:00|Csütörtök-6:00:20:00|Péntek-6:00:20:00|Szombat-6:00:18:00|Vasárnap-6:00:18:00
20.3946;47.8922;Eger;Kertész út 145/A.;Hétfő-7:00:20:00|Kedd-7:00:20:00|Szerda-7:00:20:00|Csütörtök-7:00:20:00|Péntek-7:00:20:00|Szombat-7:00:20:00|Vasárnap-8:00:17:00
20.3749;47.9058;Eger;Knézich Károly utca 26.;Hétfő-7:00:19:00|Kedd-7:00:19:00|Szerda-7:00:19:00|Csütörtök-7:00:19:00|Péntek-7:00:19:00|Szombat-7:00:19:00|Vasárnap-Zárva
20.3694;47.8949;Eger;Koháry István utca 19.;Hétfő-7:00:20:00|Kedd-7:00:20:00|Szerda-7:00:20:00|Csütörtök-7:00:20:00|Péntek-7:00:20:00|Szombat-7:00:20:00|Vasárnap-8:00:17:00
20.3817;47.8791;Eger;Mátyás Király 108.;Hétfő-6:00:18:00|Kedd-6:00:18:00|Szerda-6:00:18:00|Csütörtök-6:00:18:00|Péntek-6:00:18:00|Szombat-6:00:14:00|Vasárnap-7:00:12:00
20.3801;47.8896;Eger;Mátyás Király u. 12.;Hétfő-6:00:20:00|Kedd-6:00:20:00|Szerda-6:00:20:00|Csütörtök-6:00:20:00|Péntek-6:00:20:00|Szombat-8:00:17:00|Vasárnap-8:00:16:00
20.3819;47.8807;Eger;Mátyás Király út 81.;Hétfő-7:00:19:30|Kedd-7:00:19:30|Szerda-7:00:19:30|Csütörtök-7:00:19:30|Péntek-7:00:19:30|Szombat-7:00:19:30|Vasárnap-7:00:19:00
20.3794;47.8906;Eger;Mátyás király utca 2.;Hétfő-0:00:24:00|Kedd-0:00:24:00|Szerda-0:00:24:00|Csütörtök-0:00:24:00|Péntek-0:00:24:00|Szombat-0:00:24:00|Vasárnap-0:00:24:00
20.3691;47.9218;Eger;Rákóczi Ferenc út 100.;Hétfő-6:00:22:00|Kedd-6:00:22:00|Szerda-6:00:22:00|Csütörtök-6:00:22:00|Péntek-6:00:22:00|Szombat-6:00:22:00|Vasárnap-6:00:22:00
20.37;47.9113;Eger;Rákóczi u. 15/A.;Hétfő-6:00:18:00|Kedd-6:00:18:00|Szerda-6:00:18:00|Csütörtök-6:00:18:00|Péntek-6:00:18:00|Szombat-8:00:16:00|Vasárnap-Zárva
20.3695;47.9169;Eger;Rákóczi út 61.;Hétfő-6:00:19:00|Kedd-6:00:19:00|Szerda-6:00:19:00|Csütörtök-6:00:19:00|Péntek-6:00:19:00|Szombat-6:00:15:00|Vasárnap-7:00:12:00
18.304;45.9799;Egerág;Ipolyság u. 1.;Hétfő-6:00:19:00|Kedd-6:00:19:00|Szerda-6:00:19:00|Csütörtök-6:00:19:00|Péntek-6:00:19:00|Szombat-7:00:11:00|Vasárnap-Zárva
17.24;47.239;Egeralja;Fő utca 3.;Hétfő-9:00:22:00|Kedd-9:00:22:00|Szerda-9:00:22:00|Csütörtök-9:00:22:00|Péntek-9:00:22:00|Szombat-9:00:22:00|Vasárnap-9:00:22:00
20.325362;47.871977;Egerszalók;Kossuth u. 27.;Hétfő-5:30:21:30|Kedd-5:30:21:30|Szerda-5:30:21:30|Csütörtök-5:30:21:30|Péntek-5:30:21:30|Szombat-5:30:21:30|Vasárnap-5:30:21:30
20.3254;47.872;Egerszalók;Kossuth út  27.;Hétfő-6:00:20:00|Kedd-6:00:20:00|Szerda-6:00:20:00|Csütörtök-6:00:20:00|Péntek-6:00:20:00|Szombat-6:00:20:00|Vasárnap-6:00:20:00
16.8532;46.9356;Egervár;Széchenyi utca 3.;Hétfő-7:00:22:00|Kedd-7:00:22:00|Szerda-7:00:22:00|Csütörtök-7:00:22:00|Péntek-7:00:22:00|Szombat-7:00:22:00|Vasárnap-7:00:22:00
17.3378;47.5211;Egyed;Fő út 1;Hétfő-7:00:20:00|Kedd-7:00:20:00|Szerda-7:00:20:00|Csütörtök-7:00:20:00|Péntek-7:00:20:00|Szombat-7:00:20:00|Vasárnap-7:00:20:00
16.7629;47.4696;Egyházasfalu;Ady Endre utca 8.;Hétfő-7:00:18:00|Kedd-7:00:13:00|Szerda-6:00:10:00|Csütörtök-7:00:16:30|Péntek-7:00:18:00|Szombat-6:00:10:00|Vasárnap-Zárva
17.121;47.1704;Egyházashetye;Berzsenyi utca  45.;Hétfő-6:00:11:00|Kedd-6:00:17:00|Szerda-6:00:17:00|Csütörtök-6:00:17:00|Péntek-6:00:17:00|Szombat-7:00:11:00|Vasárnap-8:00:11:00
16.6046;47.0809;Egyházasrádóc;Kossuth Lajos utca  190.;Hétfő-5:30:17:30|Kedd-5:30:17:30|Szerda-5:30:17:30|Csütörtök-5:30:17:30|Péntek-5:30:17:30|Szombat-5:30:13:30|Vasárnap-7:00:10:00
21.2523;46.5289;Elek;Lőkösházi út 4;Hétfő-7:00:19:00|Kedd-7:00:19:00|Szerda-7:00:19:00|Csütörtök-7:00:19:00|Péntek-7:00:19:00|Szombat-7:00:15:00|Vasárnap-7:00:15:00
21.2505;46.5241;Elek;Lökösházi utca 46.;Hétfő-6:30:18:30|Kedd-6:30:18:30|Szerda-6:30:18:30|Csütörtök-6:30:18:30|Péntek-6:30:18:30|Szombat-7:00:11:00|Vasárnap-7:00:11:00
21.2427;46.532;Elek;Rákóczi utca 2.;Hétfő-6:45:18:45|Kedd-6:45:18:45|Szerda-6:45:18:45|Csütörtök-6:45:18:45|Péntek-6:45:18:45|Szombat-7:15:11:15|Vasárnap-7:15:11:15
21.1203;48.3313;Encs;Petőfi út 11.;Hétfő-5:30:19:00|Kedd-5:30:19:00|Szerda-5:30:19:00|Csütörtök-5:30:19:00|Péntek-5:30:19:00|Szombat-6:00:15:00|Vasárnap-7:00:14:00
21.1128;48.3339;Encs;Petőfi út 71-73.;Hétfő-6:00:17:30|Kedd-6:00:18:00|Szerda-6:00:18:00|Csütörtök-6:00:18:00|Péntek-6:00:18:00|Szombat-6:00:13:00|Vasárnap-Zárva
17.423422503391336;47.647347999999994;Enese;Rózsa utca 4.;Hétfő-6:00:19:00|Kedd-6:00:19:00|Szerda-6:00:19:00|Csütörtök-6:00:19:00|Péntek-6:00:19:00|Szombat-6:00:18:00|Vasárnap-7:00:11:00
18.2294;46.9422;Enying;Váci M. 2754/26;Hétfő-6:00:20:00|Kedd-6:00:20:00|Szerda-6:00:20:00|Csütörtök-6:00:20:00|Péntek-6:00:20:00|Szombat-6:00:20:00|Vasárnap-6:00:20:00
18.8823;47.25;Ercsi;Dózsa György út 106.;Hétfő-6:00:18:00|Kedd-6:00:18:00|Szerda-6:00:18:00|Csütörtök-6:00:18:00|Péntek-6:00:18:00|Szombat-6:00:18:00|Vasárnap-6:00:12:00
18.9029;47.2486;Ercsi;Fő út 1.;Hétfő-7:00:21:00|Kedd-7:00:21:00|Szerda-7:00:21:00|Csütörtök-7:00:21:00|Péntek-7:00:21:00|Szombat-7:00:21:00|Vasárnap-7:00:21:00
18.9007;47.2498;Ercsi;Szent István út  5.;Hétfő-6:00:18:00|Kedd-6:00:18:00|Szerda-6:00:18:00|Csütörtök-6:00:18:00|Péntek-6:00:18:00|Szombat-6:00:18:00|Vasárnap-6:00:12:00
18.939515;47.378777;Érd;Budafoki út 6.;Hétfő-07:00:21:00|Kedd-07:00:21:00|Szerda-7:00:21:00|Csütörtök-07:00:21:00|Péntek-7:00:21:00|Szombat-7:00:21:00|Vasárnap-08:00:21:00
18.884195;47.406329;Érd;Szovátai út 89.;Hétfő-00:00:24:00|Kedd-00:00:24:00|Szerda-0:00:24:00|Csütörtök-00:00:24:00|Péntek-0:00:24:00|Szombat-0:00:24:00|Vasárnap-00:00:24:00
18.9003;47.4109;Érd;Áfonya Utca    36-38.;Hétfő-7:00:19:00|Kedd-7:00:19:00|Szerda-7:00:19:00|Csütörtök-7:00:19:00|Péntek-7:00:19:00|Szombat-7:00:15:00|Vasárnap-8:00:12:00
18.8912;47.4072;Érd;Bajcsy Zs. u. 125-127.;Hétfő-6:00:21:00|Kedd-6:00:21:00|Szerda-6:00:21:00|Csütörtök-6:00:21:00|Péntek-6:00:21:00|Szombat-6:00:20:00|Vasárnap-7:00:18:00
18.8915;47.407;Érd;Bajcsy Zsilinszky u. 117.;Hétfő-6:00:22:00|Kedd-6:00:22:00|Szerda-6:00:22:00|Csütörtök-6:00:22:00|Péntek-6:00:22:00|Szombat-6:00:22:00|Vasárnap-8:00:20:00
18.893;47.4058;Érd;Bajcsy-Zsilinszky u. 105;Hétfő-7:00:19:00|Kedd-7:00:19:00|Szerda-7:00:19:00|Csütörtök-7:00:19:00|Péntek-7:00:19:00|Szombat-7:00:19:00|Vasárnap-7:00:19:00
18.9095;47.3964;Érd;Bajcsy-Zsilinszky út   6.;Hétfő-6:00:22:00|Kedd-6:00:22:00|Szerda-6:00:22:00|Csütörtök-6:00:22:00|Péntek-6:00:22:00|Szombat-7:00:22:00|Vasárnap-8:00:20:00
18.9362;47.3927;Érd;Balatoni u. 66.;Hétfő-6:00:20:00|Kedd-6:00:20:00|Szerda-6:00:20:00|Csütörtök-6:00:20:00|Péntek-6:00:20:00|Szombat-6:00:20:00|Vasárnap-6:00:20:00
18.8833;47.4128;Érd;Bem tér 1.;Hétfő-6:00:19:00|Kedd-6:00:19:00|Szerda-6:00:19:00|Csütörtök-6:00:19:00|Péntek-16:00:19:00|Szombat-7:00:15:00|Vasárnap-Zárva
18.9255;47.3785;Érd;Budai u. 28.;Hétfő-6:00:20:00|Kedd-6:00:20:00|Szerda-6:00:20:00|Csütörtök-6:00:20:00|Péntek-6:00:20:00|Szombat-6:00:20:00|Vasárnap-6:00:20:00
18.9208;47.378;Érd;Budai út  11.;Hétfő-7:00:17:30|Kedd-7:00:17:30|Szerda-7:00:17:30|Csütörtök-7:00:17:30|Péntek-7:00:17:30|Szombat-7:00:12:00|Vasárnap-Zárva
18.9234;47.3783;Érd;Budai út 22.;Hétfő-6:00:18:00|Kedd-6:00:18:00|Szerda-6:00:18:00|Csütörtök-6:00:18:00|Péntek-6:00:18:00|Szombat-8:00:16:00|Vasárnap-Zárva
18.9241;47.3922;Érd;Csaba utca    26.;Hétfő-7:00:19:00|Kedd-7:00:19:00|Szerda-7:00:19:00|Csütörtök-7:00:19:00|Péntek-7:00:19:00|Szombat-7:00:15:00|Vasárnap-Zárva
18.9223;47.3804;Érd;Diósdi út 19;Hétfő-5:30:19:30|Kedd-5:30:19:30|Szerda-5:30:19:30|Csütörtök-5:30:19:30|Péntek-5:30:19:30|Szombat-6:00:16:00|Vasárnap-8:00:12:00
18.9226;47.3793;Érd;Diósdi út 2-4.;Hétfő-7:00:21:00|Kedd-7:00:21:00|Szerda-7:00:21:00|Csütörtök-7:00:21:00|Péntek-7:00:21:00|Szombat-7:00:21:00|Vasárnap-7:00:21:00
18.9226;47.3795;Érd;Diósdi út 4/A/3;Hétfő-7:00:21:00|Kedd-7:00:21:00|Szerda-7:00:21:00|Csütörtök-7:00:21:00|Péntek-7:00:21:00|Szombat-7:00:21:00|Vasárnap-7:00:21:00
18.9369;47.3881;Érd;Duna u. 71.;Hétfő-6:00:19:00|Kedd-6:00:19:00|Szerda-6:00:19:00|Csütörtök-6:00:19:00|Péntek-6:00:19:00|Szombat-7:00:13:00|Vasárnap-Zárva
18.8921;47.3715;Érd;Fehérvári út  42.;Hétfő-6:30:18:30|Kedd-6:30:18:30|Szerda-6:30:18:30|Csütörtök-6:30:18:30|Péntek-6:30:18:30|Szombat-7:00:15:00|Vasárnap-Zárva
18.8936;47.3719;Érd;Fehérvári út 34;Hétfő-6:00:18:00|Kedd-6:00:18:00|Szerda-6:00:18:00|Csütörtök-6:00:18:00|Péntek-6:00:18:00|Szombat-6:00:18:00|Vasárnap-6:00:18:00
18.8802;47.4163;Érd;Iparos u. 42.;Hétfő-5:00:23:00|Kedd-5:00:23:00|Szerda-5:00:23:00|Csütörtök-5:00:24:00|Péntek-5:00:24:00|Szombat-5:00:24:00|Vasárnap-5:00:24:00
19.5406;47.7624;Erdőtarcsa;Iskola utca 1.;Hétfő-6:00:17:00|Kedd-6:00:17:00|Szerda-6:00:17:00|Csütörtök-6:00:17:00|Péntek-6:00:17:00|Szombat-6:00:18:00|Vasárnap-Zárva
19.1984;47.9971;Érsekvadkert;Rákóczi utca  118.;Hétfő-7:00:17:00|Kedd-7:00:17:00|Szerda-7:00:17:00|Csütörtök-17:00:17:00|Péntek-7:00:17:00|Szombat-7:00:13:30|Vasárnap-7:00:11:00
21.7752;47.2841;Esztár;Felszabadulás utca 6.;Hétfő-14:00:17:00|Kedd-14:00:17:00|Szerda-14:00:17:00|Csütörtök-14:00:17:00|Péntek-14:00:17:00|Szombat-5:30:13:30|Vasárnap-Zárva
17.109;46.7007;Esztergályhorváti;Jókai Mór utca 2.;Hétfő-8:00:12:00|Kedd-8:00:12:00|Szerda-8:00:12:00|Csütörtök-8:00:12:00|Péntek-8:00:12:00|Szombat-Zárva|Vasárnap-Zárva
18.739;47.7965;Esztergom;Bajcsy-Zsilinszky út 26;Hétfő-0:70:19:00|Kedd-7:00:19:00|Szerda-7:00:19:00|Csütörtök-7:00:19:00|Péntek-7:00:19:00|Szombat-8:00:16:00|Vasárnap-Zárva
18.7436;47.7797;Esztergom;Baross Gábor út 32;Hétfő-5:00:21:00|Kedd-5:00:21:00|Szerda-5:00:21:00|Csütörtök-5:00:21:00|Péntek-5:00:21:00|Szombat-6:00:16:00|Vasárnap-6:00:14:00
18.7253;47.7364;Esztergom;Damjanich u. 125;Hétfő-5:30:20:00|Kedd-5:30:20:00|Szerda-5:30:20:00|Csütörtök-5:30:20:00|Péntek-5:30:20:00|Szombat-6:00:20:00|Vasárnap-Zárva
18.7521;47.78;Esztergom;Galagonyás 4;Hétfő-0:00:24:00|Kedd-0:00:24:00|Szerda-0:00:24:00|Csütörtök-0:00:24:00|Péntek-0:00:24:00|Szombat-0:00:24:00|Vasárnap-0:00:24:00
18.7447;47.7853;Esztergom;Honvéd u. 60.;Hétfő-6:00:18:00|Kedd-6:00:18:00|Szerda-6:00:18:00|Csütörtök-6:00:18:00|Péntek-6:00:18:00|Szombat-7:00:16:00|Vasárnap-8:00:14:00
18.7458;47.7926;Esztergom;Irinyi út 11;Hétfő-6:00:18:00|Kedd-6:00:18:00|Szerda-6:00:18:00|Csütörtök-6:00:18:00|Péntek-6:00:18:00|Szombat-6:00:14:00|Vasárnap-Zárva
18.74;47.783;Esztergom;Kiss János altábornagy utca 16;Hétfő-5:30:20:00|Kedd-5:30:20:00|Szerda-5:30:20:00|Csütörtök-5:30:20:00|Péntek-5:30:20:00|Szombat-6:30:14:30|Vasárnap-7:00:13:00
18.7418;47.7927;Esztergom;Kossuth Lajos utca  2;Hétfő-6:00:18:00|Kedd-6:00:18:00|Szerda-6:00:18:00|Csütörtök-6:00:18:00|Péntek-6:00:18:00|Szombat-6:00:14:00|Vasárnap-Zárva
18.7409;47.7873;Esztergom;Kossuth Lajos utca 64.;Hétfő-7:00:19:00|Kedd-7:00:19:00|Szerda-7:00:19:00|Csütörtök-7:00:19:00|Péntek-7:00:19:00|Szombat-7:00:15:00|Vasárnap-Zárva
18.7423;47.8009;Esztergom;Várfok út 2;Hétfő-7:00:19:00|Kedd-7:00:19:00|Szerda-7:00:19:00|Csütörtök-7:00:19:00|Péntek-7:00:19:00|Szombat-8:00:16:00|Vasárnap-Zárva
18.7523;47.4458;Etyek;Kossuth út  3.;Hétfő-6:00:19:00|Kedd-6:00:19:00|Szerda-6:00:19:00|Csütörtök-6:00:19:00|Péntek-6:00:19:00|Szombat-6:00:18:00|Vasárnap-7:00:16:00
18.7397;46.446;Fácánkert;Jókai 1;Hétfő-5:00:17:00|Kedd-5:00:17:00|Szerda-5:00:17:00|Csütörtök-5:00:17:00|Péntek-5:00:17:00|Szombat-6:00:10:00|Vasárnap-6:00:10:00
18.8245;46.4648;Fadd;Mátyás Király u 7.;Hétfő-5:00:20:00|Kedd-5:00:20:00|Szerda-5:00:20:00|Csütörtök-5:00:20:00|Péntek-5:00:20:00|Szombat-5:00:20:00|Vasárnap-Zárva
18.8266;46.4649;Fadd;Templom utca 2.;Hétfő-5:30:19:00|Kedd-5:30:19:00|Szerda-5:30:19:00|Csütörtök-5:30:19:00|Péntek-5:30:19:00|Szombat-5:30:19:00|Vasárnap-6:00:12:00
17.2;47.6056;Farád;Fenyőfa utca 5;Hétfő-5:00:17:00|Kedd-5:00:17:00|Szerda-5:00:17:00|Csütörtök-5:00:17:00|Péntek-5:00:17:00|Szombat-5:30:12:00|Vasárnap-7:30:11:00
17.630354;47.203781;Farkasgyepű;Petőfi utca 45.;Hétfő-7:00:21:00|Kedd-7:00:21:00|Szerda-7:00:21:00|Csütörtök-7:00:21:00|Péntek-7:00:21:00|Szombat-7:00:21:00|Vasárnap-7:00:21:00
19.8474;47.3618;Farmos;Jászberényi út 1.;Hétfő-4:00:22:00|Kedd-4:00:22:00|Szerda-4:00:22:00|Csütörtök-4:00:22:00|Péntek-4:00:22:00|Szombat-14:00:22:00|Vasárnap-12:00:20:00
19.8466;47.3618;Farmos;Jászberényi út 2.;Hétfő-6:00:18:00|Kedd-6:00:18:00|Szerda-6:00:18:00|Csütörtök-6:00:18:00|Péntek-6:00:18:00|Szombat-6:00:14:00|Vasárnap-6:00:14:00
20.5246;47.2615;Fegyvernek;Dózsa György út 4.;Hétfő-5:00:18:00|Kedd-5:00:18:00|Szerda-5:00:18:00|Csütörtök-5:00:18:00|Péntek-5:00:18:00|Szombat-5:00:12:00|Vasárnap-5:00:12:00
20.5232;47.2592;Fegyvernek;Felszabadulás út 143.;Hétfő-6:00:18:00|Kedd-6:00:18:00|Szerda-6:00:18:00|Csütörtök-6:00:18:00|Péntek-6:00:18:00|Szombat-6:00:12:00|Vasárnap-Zárva
20.5277;47.2482;Fegyvernek;Felszabadulás út 46.;Hétfő-5:00:17:00|Kedd-5:00:17:00|Szerda-5:00:17:00|Csütörtök-5:00:17:00|Péntek-5:00:17:00|Szombat-5:00:13:00|Vasárnap-5:00:13:00
22.5154;47.9894;Fehérgyarmat;Móricz Zsigmond u. 13;Hétfő-5:30:20:00|Kedd-5:30:20:00|Szerda-5:30:20:00|Csütörtök-5:30:20:00|Péntek-6:30:20:00|Szombat-6:30:15:00|Vasárnap-7:00:11:00
18.2759;47.2854;Fehérvárcsurgó;Dózsa György utca 158.;Hétfő-7:00:19:00|Kedd-7:00:19:00|Szerda-7:00:19:00|Csütörtök-7:00:19:00|Péntek-7:00:19:00|Szombat-7:00:16:30|Vasárnap-Zárva
20.14066;46.258846;Felsőtárkány;Felsőtárkány  Fő u. 5.;Hétfő-Zárva|Kedd-Zárva|Szerda-Zárva|Csütörtök-Zárva|Péntek-Zárva|Szombat-Zárva|Vasárnap-Zárva
18.584;47.4651;Felcsút;Fő út 197.;Hétfő-6:00:20:00|Kedd-6:00:20:00|Szerda-6:00:20:00|Csütörtök-6:00:20:00|Péntek-6:00:20:00|Szombat-6:00:15:00|Vasárnap-7:00:12:00
20.2329;47.8133;Feldebrő;Kossuth Lajos út 24.;Hétfő-6:00:17:00|Kedd-6:00:17:00|Szerda-6:00:17:00|Csütörtök-6:00:17:00|Péntek-6:00:17:00|Szombat-6:00:11:00|Vasárnap-Zárva
21.0747;48.2535;Felsődobsza;Kossuth u. 39.;Hétfő-5:30:18:30|Kedd-5:30:18:30|Szerda-5:30:18:30|Csütörtök-5:30:18:30|Péntek-5:30:18:30|Szombat-5:30:15:30|Vasárnap-7:00:12:00
20.6005;48.3281;Felsőnyárád;Dózsa György út 12.;Hétfő-6:00:18:00|Kedd-6:00:18:00|Szerda-6:00:18:00|Csütörtök-6:00:18:00|Péntek-6:00:18:00|Szombat-6:00:13:00|Vasárnap-7:00:12:00
17.9611;47.0121;Felsőörs;Alsóörsi út  13.;Hétfő-6:00:20:00|Kedd-6:00:20:00|Szerda-6:00:20:00|Csütörtök-6:00:20:00|Péntek-6:00:20:00|Szombat-6:00:20:00|Vasárnap-6:00:20:00
19.2309;47.342;Felsőpakony;Kossuth utca 1.;Hétfő-5:00:21:00|Kedd-5:00:21:00|Szerda-5:00:21:00|Csütörtök-5:00:21:00|Péntek-5:00:21:00|Szombat-8:00:22:00|Vasárnap-9:00:13:00
19.2358;47.3429;Felsőpakony;Petőfi Sándor utca 13;Hétfő-5:00:20:00|Kedd-5:00:20:00|Szerda-5:00:20:00|Csütörtök-5:00:20:00|Péntek-5:00:20:00|Szombat-5:00:20:00|Vasárnap-5:00:20:00
16.9903;46.6711;Felsőrajk;Szabadság  98.;Hétfő-6:00:18:00|Kedd-6:00:18:00|Szerda-6:00:18:00|Csütörtök-6:00:18:00|Péntek-6:00:18:00|Szombat-6:00:14:00|Vasárnap-7:00:10:00
20.4133;47.9715;Felsőtárkány;Fő út  176.;Hétfő-6:00:20:00|Kedd-6:00:20:00|Szerda-6:00:20:00|Csütörtök-6:00:20:00|Péntek-6:00:20:00|Szombat-6:00:18:00|Vasárnap-7:00:14:00
20.4153;47.9726;Felsőtárkány;Fő út 202.;Hétfő-6:00:19:00|Kedd-6:00:19:00|Szerda-6:00:19:00|Csütörtök-6:00:19:00|Péntek-6:00:19:00|Szombat-6:00:19:00|Vasárnap-7:00:16:00
20.9155;48.3702;Felsővadász;Ady Endre utca 2.;Hétfő-6:00:18:00|Kedd-6:00:18:00|Szerda-6:00:18:00|Csütörtök-6:00:18:00|Péntek-6:00:18:00|Szombat-6:00:18:00|Vasárnap-10:00:18:00
20.859;48.1121;Felsőzsolca;Bólyai János u. 1591/6/A/2;Hétfő-6:00:18:00|Kedd-6:00:18:00|Szerda-6:00:18:00|Csütörtök-6:00:18:00|Péntek-6:00:18:00|Szombat-6:00:18:00|Vasárnap-6:00:18:00
20.35828;46.215284;Ferencszállás;Szegedi út 51;Hétfő-06:00:20:00|Kedd-06:00:20:00|Szerda-6:00:20:00|Csütörtök-06:00:20:00|Péntek-6:00:20:00|Szombat-6:00:20:00|Vasárnap-14:00:20:00
16.8625;47.6192;Fertőd;Fő u. 7.;Hétfő-5:00:21:00|Kedd-5:00:21:00|Szerda-5:00:21:00|Csütörtök-5:00:21:00|Péntek-5:00:21:00|Szombat-7:00:21:00|Vasárnap-7:00:21:00
16.8823;47.6194;Fertőd;Óvoda u. 11.;Hétfő-7:00:19:00|Kedd-7:00:19:00|Szerda-7:00:19:00|Csütörtök-7:00:19:00|Péntek-7:00:19:00|Szombat-7:00:19:00|Vasárnap-9:00:19:00
16.8704;47.5932;Fertőszentmiklós;Rákóczi F. u.  81.;Hétfő-7:00:19:00|Kedd-7:00:19:00|Szerda-7:00:19:00|Csütörtök-7:00:19:00|Péntek-7:00:19:00|Szombat-7:00:19:00|Vasárnap-9:00:19:00
16.8741;47.5905;Fertőszentmiklós;Szerdahelyi u. 1.;Hétfő-5:30:18:00|Kedd-5:30:18:00|Szerda-5:30:18:00|Csütörtök-5:30:18:00|Péntek-5:30:18:00|Szombat-5:30:13:30|Vasárnap-7:00:11:00
18.9139;46.5263;Foktő;Fő út 86.;Hétfő-6:00:18:00|Kedd-6:00:18:00|Szerda-6:00:18:00|Csütörtök-6:00:18:00|Péntek-6:00:18:00|Szombat-6:00:14:00|Vasárnap-7:00:11:00
20.4911;46.3203;Földeák;Vásárhelyi utca 9.;Hétfő-4:30:20:00|Kedd-4:30:20:00|Szerda-4:30:20:00|Csütörtök-4:30:20:00|Péntek-4:30:20:00|Szombat-6:00:17:00|Vasárnap-7:00:17:00
20.4944894;46.3205362;Földeák;Szent László tér 18.;Hétfő-6:00:17:30|Kedd-6:00:17:30|Szerda-6:00:17:30|Csütörtök-6:00:17:30|Péntek-6:00:17:30|Szombat-6:00:12:00|Vasárnap-7:00:11:00
21.3607;47.2875;Földes;Fő út 25.;Hétfő-6:00:18:00|Kedd-6:00:18:00|Szerda-6:00:18:00|Csütörtök-6:00:18:00|Péntek-6:00:18:00|Szombat-6:00:12:00|Vasárnap-6:00:11:30
21.0896;48.3251;Forró;Fő u. 133.;Hétfő-6:00:19:00|Kedd-6:00:19:00|Szerda-6:00:19:00|Csütörtök-6:00:19:00|Péntek-6:00:19:00|Szombat-6:00:19:00|Vasárnap-7:00:19:00
21.0854;48.3201;Forró;Fő u. 56.;Hétfő-6:00:14:00|Kedd-6:00:17:00|Szerda-6:00:17:00|Csütörtök-6:00:17:00|Péntek-6:00:17:00|Szombat-6:00:12:00|Vasárnap-Zárva
19.1965;47.6142;Fót;Dózsa György u 43;Hétfő-7:00:19:00|Kedd-7:00:19:00|Szerda-7:00:19:00|Csütörtök-7:00:19:00|Péntek-7:00:19:00|Szombat-7:00:15:00|Vasárnap-Zárva
19.1654;47.5812;Fót;Fehérkő utca 1.;Hétfő-6:00:22:00|Kedd-6:00:22:00|Szerda-6:00:22:00|Csütörtök-6:00:22:00|Péntek-6:00:22:00|Szombat-6:00:22:00|Vasárnap-7:00:20:00
19.1968;47.606;Fót;Károlyi István utca  8/A.;Hétfő-8:00:20:00|Kedd-8:00:20:00|Szerda-8:00:20:00|Csütörtök-8:00:20:00|Péntek-8:00:2:00|Szombat-8:00:16:00|Vasárnap-Zárva
19.1931;47.6094;Fót;Kossuth utca 33/1.;Hétfő-6:00:18:00|Kedd-6:00:18:00|Szerda-6:00:18:00|Csütörtök-6:00:18:00|Péntek-6:00:18:00|Szombat-8:00:16:00|Vasárnap-8:00:16:00
19.1944;47.6178;Fót;Móricz Zsigmond utca 10.;Hétfő-6:00:20:00|Kedd-6:00:20:00|Szerda-6:00:20:00|Csütörtök-6:00:20:00|Péntek-6:00:20:00|Szombat-6:00:14:00|Vasárnap-7:00:12:00
19.1818;47.6273;Fót;Németh K. utca 41;Hétfő-0:00:24:00|Kedd-0:00:24:00|Szerda-0:00:24:00|Csütörtök-0:00:24:00|Péntek-0:00:24:00|Szombat-0:00:24:00|Vasárnap-0:00:24:00
19.1825;47.6265;Fót;Németh Kálmán u. 62;Hétfő-6:00:21:00|Kedd-6:00:21:00|Szerda-6:00:21:00|Csütörtök-6:00:21:00|Péntek-6:00:21:00|Szombat-6:00:21:00|Vasárnap-6:00:21:00
19.1857;47.6246;Fót;Németh Kálmán utca 59.;Hétfő-7:00:18:00|Kedd-7:00:18:00|Szerda-7:00:18:00|Csütörtök-7:00:18:00|Péntek-7:00:18:00|Szombat-7:00:13:00|Vasárnap-7:00:11:00
19.1974;47.607;Fót;Vörösmarty tér 5;Hétfő-7:00:19:00|Kedd-7:00:19:00|Szerda-7:00:19:00|Csütörtök-7:00:19:00|Péntek-7:00:19:00|Szombat-7:00:15:00|Vasárnap-Zárva
21.1044;48.4336;Fulókércs;Fő út 92.;Hétfő-7:00:15:30|Kedd-7:00:15:30|Szerda-7:00:15:30|Csütörtök-7:00:15:30|Péntek-7:00:15:30|Szombat-7:00:11:30|Vasárnap-Zárva
22.0565;47.6013;Fülöp;Arany János utca 3.;Hétfő-6:00:18:00|Kedd-6:00:18:00|Szerda-6:00:18:00|Csütörtök-6:00:18:00|Péntek-6:00:18:00|Szombat-6:00:14:00|Vasárnap-Zárva
19.7222;46.7419;Fülöpjakab;Felszabadulás utca 8.;Hétfő-6:00:18:00|Kedd-6:00:18:00|Szerda-6:00:18:00|Csütörtök-6:00:18:00|Péntek-6:00:18:00|Szombat-7:00:15:00|Vasárnap-Zárva
18.884195;47.406329;Füzesabony;Baross tér 11;Hétfő-5:30:21:00|Kedd-5:30:21:00|Szerda-5:30:21:00|Csütörtök-5:30:21:00|Péntek-5:30:21:00|Szombat-5:30:21:00|Vasárnap-8:00:21:00
20.4173;47.7503;Füzesabony;Arany János út   3.;Hétfő-6:00:20:00|Kedd-6:00:20:00|Szerda-6:00:20:00|Csütörtök-6:00:20:00|Péntek-6:00:20:00|Szombat-6:00:20:00|Vasárnap-6:00:18:00
20.4102;47.7475;Füzesabony;Hunyadi János u. 35.;Hétfő-6:00:19:00|Kedd-6:00:19:00|Szerda-6:00:19:00|Csütörtök-6:00:19:00|Péntek-6:00:19:00|Szombat-6:00:19:00|Vasárnap-7:00:16:00
20.4178;47.7492;Füzesabony;Rákóczi út    71.;Hétfő-6:00:18:00|Kedd-6:00:18:00|Szerda-6:00:18:00|Csütörtök-6:00:18:00|Péntek-6:00:18:00|Szombat-6:00:14:00|Vasárnap-Zárva
20.417653513015374;47.75101695;Füzesabony;Baross Gábor tér 11.;Hétfő-6:00:21:00|Kedd-6:00:21:00|Szerda-6:00:21:00|Csütörtök-6:00:21:00|Péntek-6:00:21:00|Szombat-6:00:21:00|Vasárnap-6:00:12:00
20.6005;46.671;Gádoros;Bajcsy Zsilinszky utca 122.;Hétfő-6:00:20:00|Kedd-6:00:20:00|Szerda-6:00:20:00|Csütörtök-6:00:20:00|Péntek-6:00:20:00|Szombat-6:00:12:00|Vasárnap-15:00:19:00
20.598;46.6661;Gádoros;Kossuth utca 6.;Hétfő-5:00:19:00|Kedd-5:00:19:00|Szerda-5:00:19:00|Csütörtök-5:00:19:00|Péntek-5:00:19:00|Szombat-5:00:13:00|Vasárnap-7:00:11:00
17.123227;46.518544;Galambok;Somogyi Béla u.1;Hétfő-6:00:20:00|Kedd-6:00:20:00|Szerda-6:00:20:00|Csütörtök-6:00:20:00|Péntek-6:00:20:00|Szombat-6:00:20:00|Vasárnap-6:00:20:00
17.1237;46.5198;Galambok;Somogyi Béla 1;Hétfő-6:00:22:00|Kedd-6:00:22:00|Szerda-6:00:22:00|Csütörtök-6:00:22:00|Péntek-6:00:22:00|Szombat-6:00:22:00|Vasárnap-6:00:22:00
19.3886;47.8484;Galgaguta;Kossuth út 68.;Hétfő-7:00:17:00|Kedd-7:00:17:00|Szerda-7:00:17:00|Csütörtök-7:00:17:00|Péntek-7:00:17:00|Szombat-7:00:12:00|Vasárnap-Zárva
19.5594;47.621;Galgahévíz;Fő út 185.;Hétfő-6:00:18:00|Kedd-6:00:18:00|Szerda-6:00:18:00|Csütörtök-6:00:18:00|Péntek-6:00:18:00|Szombat-6:00:12:00|Vasárnap-8:00:11:00
17.7626;46.6229;Gamás;Fő utca 71.;Hétfő-8:00:22:00|Kedd-8:00:22:00|Szerda-8:00:22:00|Csütörtök-8:00:22:00|Péntek-8:00:22:00|Szombat-8:00:22:00|Vasárnap-8:00:22:00
17.1224;46.5873;Garabonc;Fő  56.;Hétfő-8:00:20:00|Kedd-8:00:20:00|Szerda-8:00:20:00|Csütörtök-8:00:20:00|Péntek-8:00:20:00|Szombat-8:00:20:00|Vasárnap-8:00:20:00
21.1742;48.4169;Garadna;Fő út 55.;Hétfő-7:00:21:00|Kedd-7:00:21:00|Szerda-7:00:21:00|Csütörtök-7:00:21:00|Péntek-7:00:21:00|Szombat-7:00:21:00|Vasárnap-7:00:21:00
18.633;47.2074;Gárdony;- 2369/5/E.;Hétfő-7:30:19:30|Kedd-7:30:19:30|Szerda-7:30:19:30|Csütörtök-7:30:19:30|Péntek-7:30:19:30|Szombat-7:30:19:30|Vasárnap-8:00:13:00
18.6071;47.1877;Gárdony;Bethlen Gábor utca  49.;Hétfő-6:00:18:00|Kedd-6:00:18:00|Szerda-6:00:18:00|Csütörtök-6:00:18:00|Péntek-6:00:18:00|Szombat-6:00:12:00|Vasárnap-6:00:12:00
21.5642;48.169;Gávavencsellő;Rákóczi utca    48.;Hétfő-5:30:21:30|Kedd-5:30:21:30|Szerda-5:30:21:30|Csütörtök-5:30:21:30|Péntek-5:30:21:30|Szombat-5:30:21:30|Vasárnap-5:30:21:30
22.4593;47.9352;Géberjén;Móricz Zsigmond  4;Hétfő-6:00:18:00|Kedd-6:00:18:00|Szerda-6:00:18:00|Csütörtök-6:00:18:00|Péntek-6:00:18:00|Szombat-6:00:17:00|Vasárnap-7:00:12:00
21.9482;48.1493;Gégény;Dombrádi út 11.   11.;Hétfő-6:00:20:00|Kedd-6:00:20:00|Szerda-6:00:20:00|Csütörtök-6:00:20:00|Péntek-6:00:20:00|Szombat-6:00:20:00|Vasárnap-7:00:20:00
22.4461;48.1988;Gelénes;Kossuth u. 48;Hétfő-6:00:18:00|Kedd-6:00:18:00|Szerda-6:00:18:00|Csütörtök-6:00:18:00|Péntek-6:00:18:00|Szombat-6:00:16:00|Vasárnap-7:00:11:00
16.7865;46.7655;Gellénháza;Olajbányás körút 3.;Hétfő-6:00:19:00|Kedd-6:00:19:00|Szerda-6:00:19:00|Csütörtök-6:00:19:00|Péntek-6:00:19:00|Szombat-7:00:18:00|Vasárnap-7:00:13:00
16.990275;46.605388;Gelse;Kossuth 95 /b;Hétfő-6:00:20:00|Kedd-6:00:20:00|Szerda-6:00:20:00|Csütörtök-6:00:20:00|Péntek-6:00:20:00|Szombat-6:00:20:00|Vasárnap-6:00:12:00
16.9885;46.6027;Gelse;Dózsa György u. 1.;Hétfő-6:00:18:00|Kedd-6:00:18:00|Szerda-6:00:18:00|Csütörtök-6:00:18:00|Péntek-6:00:18:00|Szombat-6:00:14:00|Vasárnap-7:00:11:00
17.0198;47.2112;Gérce;Kossuth 150.;Hétfő-6:30:14:30|Kedd-6:30:14:30|Szerda-6:30:14:30|Csütörtök-6:30:14:30|Péntek-6:30:14:30|Szombat-6:30:10:30|Vasárnap-6:30:10:30
20.855987;46.6001974;Gerendás;Ady Endre utca 15.;Hétfő-5:00:17:30|Kedd-5:00:17:30|Szerda-5:00:17:30|Csütörtök-5:00:17:30|Péntek-5:00:17:30|Szombat-6:00:18:30|Vasárnap-Zárva
18.9038;46.4941;Gerjen;Szent István utca 35.;Hétfő-5:30:17:30|Kedd-5:30:17:30|Szerda-5:30:17:30|Csütörtök-5:30:17:30|Péntek-5:30:17:30|Szombat-5:30:12:00|Vasárnap-6:30:11:00
16.7445;46.9681;Gersekarát;Petőfi Sándor utca   4..;Hétfő-5:30:17:30|Kedd-5:30:17:30|Szerda-5:30:17:30|Csütörtök-5:30:17:30|Péntek-5:30:17:30|Szombat-8:00:16:00|Vasárnap-9:00:10:00
21.1623196;48.3156513;Gibárt;Dózsa György út 27.;Hétfő-07:00:19:00|Kedd-07:00:19:00|Szerda-7:00:19:00|Csütörtök-07:00:19:00|Péntek-7:00:19:00|Szombat-7:00:19:00|Vasárnap-Zárva
19.3475;47.5988;Gödöllő;Dózsa György u. 2.;Hétfő-6:00:22:00|Kedd-6:00:22:00|Szerda-6:00:22:00|Csütörtök-6:00:22:00|Péntek-6:00:22:00|Szombat-6:00:14:00|Vasárnap-Zárva
19.3461;47.5999;Gödöllő;Dózsa György út 12;Hétfő-5:00:18:00|Kedd-5:00:18:00|Szerda-5:00:18:00|Csütörtök-5:00:18:00|Péntek-5:00:18:00|Szombat-5:00:14:00|Vasárnap-6:00:12:00
19.3605;47.591;Gödöllő;Egyetem tér  1.;Hétfő-6:00:18:00|Kedd-6:00:18:00|Szerda-6:00:18:00|Csütörtök-6:00:18:00|Péntek-6:00:18:00|Szombat-7:00:16:00|Vasárnap-7:00:16:00
19.3491;47.5999;Gödöllő;Gábor Áron utca  2-10.;Hétfő-6:00:18:00|Kedd-6:00:18:00|Szerda-6:00:18:00|Csütörtök-6:00:18:00|Péntek-6:00:18:00|Szombat-7:00:15:00|Vasárnap-Zárva
19.3534;47.6097;Gödöllő;Hunyadi János út 33.;Hétfő-5:30:21:00|Kedd-5:30:21:00|Szerda-5:30:21:00|Csütörtök-5:30:21:00|Péntek-5:30:21:00|Szombat-6:30:21:00|Vasárnap-6:30:21:00
19.3463;47.6001;Gödöllő;Kossuth Lajos u. 26.;Hétfő-6:00:22:00|Kedd-6:00:22:00|Szerda-6:00:22:00|Csütörtök-6:00:22:00|Péntek-6:00:22:00|Szombat-6:00:22:00|Vasárnap-6:00:22:00
19.3442;47.5987;Gödöllő;Kossuth Lajos utca   44.;Hétfő-6:00:21:00|Kedd-6:00:21:00|Szerda-6:00:21:00|Csütörtök-6:00:21:00|Péntek-6:00:23:00|Szombat-6:00:22:00|Vasárnap-7:00:21:00
19.3435;47.5979;Gödöllő;Kossuth Lajos utca 31-33;Hétfő-7:00:19:00|Kedd-7:00:19:00|Szerda-7:00:19:00|Csütörtök-7:00:19:00|Péntek-7:00:19:00|Szombat-8:00:14:00|Vasárnap-Zárva
19.3502;47.6;Gödöllő;Patak tér  1.;Hétfő-5:00:18:00|Kedd-5:00:18:00|Szerda-5:00:18:00|Csütörtök-5:00:18:00|Péntek-5:00:22:00|Szombat-7:00:22:00|Vasárnap-Zárva
19.328;47.5908;Gödöllő;Pattantyús Ábrahám körút 4.;Hétfő-6:00:22:00|Kedd-6:00:22:00|Szerda-6:00:22:00|Csütörtök-6:00:22:00|Péntek-6:00:22:00|Szombat-6:00:22:00|Vasárnap-6:00:22:00
19.3443;47.5883;Gödöllő;Repülőtéri út  9.;Hétfő-6:00:20:00|Kedd-6:00:20:00|Szerda-6:00:20:00|Csütörtök-6:00:20:00|Péntek-6:00:20:00|Szombat-6:00:20:00|Vasárnap-6:00:20:00
19.348;47.5979;Gödöllő;Szabadság tér 1.;Hétfő-6:00:22:00|Kedd-6:00:22:00|Szerda-6:00:22:00|Csütörtök-6:00:22:00|Péntek-6:00:22:00|Szombat-6:00:23:00|Vasárnap-6:00:16:00
19.3514;47.6134;Gödöllő;Szilágyi Erzsébet utca  25.;Hétfő-7:00:19:00|Kedd-7:00:19:00|Szerda-7:00:19:00|Csütörtök-7:00:19:00|Péntek-7:00:19:00|Szombat-7:00:19:00|Vasárnap-Zárva
19.3473;47.6056;Gödöllő;Szőlő utca  10.;Hétfő-6:00:24:00|Kedd-6:00:24:00|Szerda-6:00:24:00|Csütörtök-6:00:24:00|Péntek-6:00:24:00|Szombat-6:00:24:00|Vasárnap-6:00:24:00
17.1857;47.0209;Gógánfa;Deák Ferenc u. 60.;Hétfő-5:00:19:00|Kedd-5:00:19:00|Szerda-5:00:19:00|Csütörtök-5:00:19:00|Péntek-5:00:19:00|Szombat-6:00:18:00|Vasárnap-8:00:12:00
21.1931;48.2359;Golop;Kossuth tér 2.   16.;Hétfő-7:00:20:00|Kedd-7:00:20:00|Szerda-7:00:2:00|Csütörtök-7:00:20:00|Péntek-7:00:20:00|Szombat-7:00:20:00|Vasárnap-7:00:20:00
19.5277;47.3616;Gomba;Bartók Béla út  6.;Hétfő-8:00:20:00|Kedd-8:00:20:00|Szerda-8:00:20:00|Csütörtök-8:00:20:00|Péntek-8:00:20:00|Szombat-8:00:16:00|Vasárnap-Zárva
19.528;47.3629;Gomba;Bényei út 2.;Hétfő-5:30:19:00|Kedd-5:30:19:00|Szerda-5:30:19:00|Csütörtök-5:30:19:00|Péntek-5:30:19:00|Szombat-6:00:14:00|Vasárnap-7:00:14:00
18.1361;45.9695;Görcsöny;Hársfa u. 33.;Hétfő-6:00:18:00|Kedd-6:00:18:00|Szerda-6:00:18:00|Csütörtök-6:00:18:00|Péntek-6:00:18:00|Szombat-6:00:12:00|Vasárnap-7:00:11:00
19.2144;47.3871;Gyál;Ady Endre utca 20.;Hétfő-6:30:20:00|Kedd-6:30:20:00|Szerda-6:30:20:00|Csütörtök-6:30:20:00|Péntek-6:30:20:00|Szombat-7:00:15:00|Vasárnap-7:00:15:00
19.2131;47.3819;Gyál;Déryné utca 1-3..;Hétfő-8:00:19:00|Kedd-8:00:19:00|Szerda-8:00:19:00|Csütörtök-8:00:19:00|Péntek-8:00:19:00|Szombat-8:00:18:00|Vasárnap-8:00:18:00
19.2211;47.3771;Gyál;Kőrösi u. 168.;Hétfő-6:30:20:00|Kedd-6:30:20:00|Szerda-6:30:20:00|Csütörtök-6:30:20:00|Péntek-6:30:20:00|Szombat-7:00:15:00|Vasárnap-7:00:15:00
19.2097;47.3862;Gyál;Kőrösi út 84-86.;Hétfő-0:00:24:00|Kedd-0:00:24:00|Szerda-0:00:24:00|Csütörtök-0:00:24:00|Péntek-0:00:24:00|Szombat-0:00:24:00|Vasárnap-0:00:24:00
19.2074;47.3884;Gyál;Kőrösi utca 38.;Hétfő-5:00:23:00|Kedd-5:00:23:00|Szerda-5:00:23:00|Csütörtök-5:00:23:00|Péntek-5:00:23:00|Szombat-5:00:23:00|Vasárnap-5:00:23:00
19.2137;47.3929;Gyál;Pesti u. 70.;Hétfő-6:00:19:00|Kedd-6:00:19:00|Szerda-6:00:19:00|Csütörtök-6:00:19:00|Péntek-6:00:19:00|Szombat-6:00:19:00|Vasárnap-7:00:12:00
19.2179;47.3902;Gyál;Pesti út  116.;Hétfő-5:00:23:00|Kedd-5:00:23:00|Szerda-5:00:23:00|Csütörtök-5:00:23:00|Péntek-5:00:23:00|Szombat-5:00:23:00|Vasárnap-5:00:23:00
19.2189;47.3892;Gyál;Széchenyi u.    7.;Hétfő-6:00:18:00|Kedd-6:00:18:00|Szerda-6:00:18:00|Csütörtök-6:00:18:00|Péntek-6:00:18:00|Szombat-7:00:15:00|Vasárnap-7:00:12:00
19.2188;47.3896;Gyál;Széchenyi út 4.;Hétfő-5:00:23:00|Kedd-5:00:23:00|Szerda-5:00:23:00|Csütörtök-5:00:23:00|Péntek-5:00:23:00|Szombat-5:00:23:00|Vasárnap-5:00:23:00
19.231;47.3814;Gyál;Széchenyi utca  93.;Hétfő-5:00:21:00|Kedd-5:00:21:00|Szerda-5:00:21:00|Csütörtök-5:00:21:00|Péntek-5:00:21:00|Szombat-5:00:21:00|Vasárnap-6:00:20:00
17.2852;46.7726;Gyenesdiás;Kossuth Lajos utca  90.;Hétfő-6:00:19:00|Kedd-6:00:19:00|Szerda-6:00:19:00|Csütörtök-6:00:19:00|Péntek-6:00:19:00|Szombat-6:00:13:00|Vasárnap-6:00:12:00
17.2892;46.7694;Gyenesdiás;Madách utca  728/15;Hétfő-6:30:18:30|Kedd-6:30:18:30|Szerda-6:30:18:30|Csütörtök-6:30:18:30|Péntek-6:30:18:30|Szombat-6:30:13:30|Vasárnap-Zárva
17.3281;47.0445;Gyepükaján;Kossuth u. 5.;Hétfő-6:30:11:00|Kedd-6:30:15:00|Szerda-6:30:15:00|Csütörtök-6:30:15:00|Péntek-6:30:16:00|Szombat-6:30:11:00|Vasárnap-10:00:11:00
19.3989;47.4118;Gyömrő;Bajcsy Zsilinszky utca 77.;Hétfő-6:00:21:00|Kedd-6:00:21:00|Szerda-6:00:21:00|Csütörtök-6:00:21:00|Péntek-6:00:21:00|Szombat-6:00:21:00|Vasárnap-8:00:16:00
19.4099;47.4227;Gyömrő;Liszt Ferenc út 60.;Hétfő-5:00:22:00|Kedd-5:00:22:00|Szerda-5:00:22:00|Csütörtök-5:00:22:00|Péntek-5:00:22:00|Szombat-5:00:22:00|Vasárnap-5:00:22:00
19.4095;47.4192;Gyömrő;Mendei u. 27.;Hétfő-5:00:21:00|Kedd-5:00:21:00|Szerda-5:00:21:00|Csütörtök-5:00:21:00|Péntek-5:00:21:00|Szombat-7:00:23:00|Vasárnap-8:00:18:00
19.3933;47.4199;Gyömrő;Munkás utca 18.;Hétfő-10:00:23:00|Kedd-10:00:23:00|Szerda-10:00:23:00|Csütörtök-10:00:23:00|Péntek-10:00:23:00|Szombat-10:00:23:00|Vasárnap-10:00:22:00
19.4022;47.4301;Gyömrő;Szent Imre út  36.;Hétfő-6:00:20:00|Kedd-6:00:20:00|Szerda-6:00:20:00|Csütörtök-6:00:20:00|Péntek-6:00:20:00|Szombat-6:00:15:00|Vasárnap-6:00:13:00
19.3938;47.429;Gyömrő;Wesselényi utca  1.;Hétfő-6:00:19:00|Kedd-6:00:19:00|Szerda-6:00:19:00|Csütörtök-6:00:19:00|Péntek-6:00:19:00|Szombat-7:00:13:00|Vasárnap-7:00:12:00
19.9269;47.7824;Gyöngyös;Barátok tere 8.;Hétfő-6:00:20:00|Kedd-6:00:20:00|Szerda-6:00:20:00|Csütörtök-6:00:20:00|Péntek-6:00:20:00|Szombat-6:00:20:00|Vasárnap-6:00:12:00
19.932;47.774;Gyöngyös;Jászsági utca 3/3.;Hétfő-5:30:19:00|Kedd-5:30:19:00|Szerda-5:30:19:00|Csütörtök-5:30:19:00|Péntek-5:30:19:00|Szombat-7:00:19:00|Vasárnap-7:00:14:00
19.9395;47.7727;Gyöngyös;Karácsondi út 9.;Hétfő-5:00:20:00|Kedd-5:00:20:00|Szerda-5:00:20:00|Csütörtök-5:00:20:00|Péntek-5:00:20:00|Szombat-5:00:20:00|Vasárnap-5:00:20:00
19.9304;47.7835;Gyöngyös;Koháry út 5.;Hétfő-5:30:20:00|Kedd-5:30:20:00|Szerda-5:30:20:00|Csütörtök-5:30:20:00|Péntek-5:30:20:00|Szombat-6:00:20:00|Vasárnap-Zárva
19.9346;47.7828;Gyöngyös;Kossuth Lajos út 39.;Hétfő-6:00:20:00|Kedd-6:00:20:00|Szerda-6:00:20:00|Csütörtök-6:00:20:00|Péntek-6:00:20:00|Szombat-Zárva|Vasárnap-Zárva
19.9295;47.7849;Gyöngyös;Kossuth út 21.;Hétfő-6:00:18:00|Kedd-6:00:18:00|Szerda-6:00:18:00|Csütörtök-6:00:18:00|Péntek-6:00:18:00|Szombat-6:00:14:00|Vasárnap-Zárva
19.9251;47.7826;Gyöngyös;Köztársaság tér  5.;Hétfő-5:30:18:00|Kedd-5:30:18:00|Szerda-5:30:18:00|Csütörtök-5:30:18:00|Péntek-5:30:18:00|Szombat-5:30:14:00|Vasárnap-5:30:12:00
19.9326;47.7856;Gyöngyös;Orczy út  1.;Hétfő-6:00:21:00|Kedd-6:00:21:00|Szerda-6:00:21:00|Csütörtök-6:00:21:00|Péntek-6:00:23:00|Szombat-6:00:23:00|Vasárnap-Zárva
19.9274;47.7828;Gyöngyös;Páter Kiss Szaléz utca 22.;Hétfő-6:00:19:00|Kedd-6:00:19:00|Szerda-6:00:19:00|Csütörtök-6:00:19:00|Péntek-6:00:20:00|Szombat-6:00:19:00|Vasárnap-7:00:17:00
19.9224;47.7779;Gyöngyös;Pesti út 1/1.;Hétfő-6:00:18:00|Kedd-6:00:18:00|Szerda-6:00:18:00|Csütörtök-6:00:18:00|Péntek-6:00:18:00|Szombat-7:00:15:00|Vasárnap-Zárva
19.9223;47.775;Gyöngyös;Pesti út 38.;Hétfő-6:00:18:00|Kedd-6:00:18:00|Szerda-6:00:18:00|Csütörtök-6:00:18:00|Péntek-6:00:18:00|Szombat-6:00:14:00|Vasárnap-Zárva
19.9255;47.7858;Gyöngyös;Szent Bertalan út 2.;Hétfő-6:00:18:00|Kedd-6:00:18:00|Szerda-6:00:18:00|Csütörtök-6:00:18:00|Péntek-6:00:18:00|Szombat-6:00:18:00|Vasárnap-Zárva
19.911;47.7689;Gyöngyös;Vásár út 2.;Hétfő-8:00:20:00|Kedd-8:00:20:00|Szerda-8:00:20:00|Csütörtök-8:00:20:00|Péntek-8:00:20:00|Szombat-8:00:20:00|Vasárnap-8:00:20:00
19.9127;47.744;Gyöngyöshalász;Szent Györgyi Albert utca  1.;Hétfő-7:00:19:00|Kedd-7:00:19:00|Szerda-7:00:19:00|Csütörtök-7:00:19:00|Péntek-7:00:19:00|Szombat-7:00:19:00|Vasárnap-7:00:19:00
19.9248;47.7394;Gyöngyöshalász;Temető út  4.;Hétfő-5:00:21:00|Kedd-5:00:21:00|Szerda-5:00:21:00|Csütörtök-5:00:21:00|Péntek-5:00:21:00|Szombat-6:00:21:00|Vasárnap-7:00:13:00
19.7853;47.8171;Gyöngyöspata;Fő út 89.;Hétfő-6:00:18:00|Kedd-6:00:18:00|Szerda-6:00:18:00|Csütörtök-6:00:18:00|Péntek-6:00:18:00|Szombat-12:00:20:00|Vasárnap-Zárva
19.9353;47.8189;Gyöngyössolymos;Bartók Béla u. 11.;Hétfő-6:00:18:00|Kedd-6:00:18:00|Szerda-6:00:18:00|Csütörtök-6:00:18:00|Péntek-6:00:18:00|Szombat-6:00:20:00|Vasárnap-Zárva
19.9302;47.8185;Gyöngyössolymos;Szabadság út 141.;Hétfő-5:00:20:00|Kedd-5:00:20:00|Szerda-5:00:20:00|Csütörtök-5:00:20:00|Péntek-5:00:20:00|Szombat-6:00:14:00|Vasárnap-Zárva
19.8634;47.8123;Gyöngyöstarján;Dobó út 23.;Hétfő-6:00:18:00|Kedd-6:00:18:00|Szerda-6:00:18:00|Csütörtök-6:00:18:00|Péntek-6:00:18:00|Szombat-6:00:14:00|Vasárnap-Zárva
19.8672;47.8105;Gyöngyöstarján;Hősök útja 11.;Hétfő-5:00:20:00|Kedd-5:00:20:00|Szerda-5:00:20:00|Csütörtök-5:00:20:00|Péntek-5:00:20:00|Szombat-14:00:20:00|Vasárnap-Zárva
17.6335;47.6841;Győr;Aradi Vértanúk Útja 18.;Hétfő-6:00:22:00|Kedd-6:00:22:00|Szerda-6:00:22:00|Csütörtök-6:00:22:00|Péntek-6:00:22:00|Szombat-7:00:22:00|Vasárnap-7:00:22:00
17.6337;47.6868;Győr;Arany János u. 25.;Hétfő-6:00:22:00|Kedd-6:00:22:00|Szerda-6:00:22:00|Csütörtök-6:00:22:00|Péntek-6:00:22:00|Szombat-6:00:22:00|Vasárnap-6:00:22:00
17.6326;47.6865;Győr;Arany János utca 9.;Hétfő-7:00:19:30|Kedd-7:00:19:30|Szerda-7:00:19:30|Csütörtök-7:00:19:30|Péntek-7:00:19:30|Szombat-7:00:15:00|Vasárnap-8:00:13:00
17.6371;47.6858;Győr;Árpád utca 51/A;Hétfő-6:00:18:00|Kedd-6:00:18:00|Szerda-6:00:18:00|Csütörtök-6:00:18:00|Péntek-6:00:18:00|Szombat-6:00:14:00|Vasárnap-Zárva
17.6329;47.6877;Győr;Baross Gábor u.  5;Hétfő-5:30:22:00|Kedd-5:30:22:00|Szerda-5:30:22:00|Csütörtök-5:30:22:00|Péntek-5:30:22:00|Szombat-5:30:22:00|Vasárnap-5:30:22:00
17.6338;47.686;Győr;Baross Gábor u. 22.;Hétfő-7:00:2:00|Kedd-7:00:20:00|Szerda-7:00:20:00|Csütörtök-7:00:20:00|Péntek-7:00:20:00|Szombat-7:00:17:00|Vasárnap-8:00:17:00
17.6347;47.6848;Győr;Baross Gábor utca  32.;Hétfő-7:00:21:30|Kedd-7:00:21:30|Szerda-7:00:21:30|Csütörtök-7:00:21:30|Péntek-7:00:21:30|Szombat-7:00:21:30|Vasárnap-7:00:21:30
17.6388;47.6811;Győr;Bartók Béla út 10/A;Hétfő-5:00:20:00|Kedd-5:00:20:00|Szerda-5:00:20:00|Csütörtök-5:00:20:00|Péntek-5:00:20:00|Szombat-5:00:20:00|Vasárnap-5:00:20:00
17.6446;47.6889;Győr;Budai út 1.;Hétfő-6:00:22:00|Kedd-6:00:22:00|Szerda-6:00:22:00|Csütörtök-6:00:22:00|Péntek-6:00:22:00|Szombat-6:00:22:00|Vasárnap-6:00:22:00
17.6337;47.666;Győr;Déry Tibor utca  5-9;Hétfő-5:30:22:00|Kedd-5:30:22:00|Szerda-5:30:22:00|Csütörtök-5:30:22:00|Péntek-5:30:22:00|Szombat-5:30:22:00|Vasárnap-5:30:22:00
17.7414;47.6937;Győr;Déryné u. 21.;Hétfő-6:00:18:00|Kedd-6:00:18:00|Szerda-6:00:18:00|Csütörtök-6:00:18:00|Péntek-6:00:18:00|Szombat-7:00:15:00|Vasárnap-Zárva
17.6578;47.676;Győr;Földes Gábor u. 12;Hétfő-5:30:20:30|Kedd-5:30:20:30|Szerda-5:30:20:30|Csütörtök-5:30:20:30|Péntek-5:30:20:30|Szombat-5:30:20:30|Vasárnap-5:30:20:30
17.6527;47.6757;Győr;Földes Gábor u. 14.;Hétfő-6:00:20:00|Kedd-6:00:20:00|Szerda-6:00:20:00|Csütörtök-6:00:20:00|Péntek-6:00:20:00|Szombat-7:00:20:00|Vasárnap-7:00:20:00
17.6086;47.6309;Győr;Győri u. 65.;Hétfő-5:00:21:00|Kedd-5:00:21:00|Szerda-5:00:21:00|Csütörtök-5:00:21:00|Péntek-5:00:21:00|Szombat-6:00:20:00|Vasárnap-7:00:19:00
17.6298;47.6979;Győr;Hédervári utca 30/E;Hétfő-6:00:20:00|Kedd-6:00:20:00|Szerda-6:00:20:00|Csütörtök-6:00:20:00|Péntek-6:00:20:00|Szombat-6:00:20:00|Vasárnap-Zárva
17.6109;47.6337;Győr;Hegyalja út 1;Hétfő-5:00:20:00|Kedd-5:00:20:00|Szerda-5:00:20:00|Csütörtök-5:00:20:00|Péntek-5:00:20:00|Szombat-5:00:20:00|Vasárnap-7:00:19:00
17.645;47.6773;Győr;Hermann Ottó u. 24.;Hétfő-6:00:18:00|Kedd-6:00:18:00|Szerda-6:00:18:00|Csütörtök-6:00:18:00|Péntek-6:00:18:00|Szombat-6:00:14:00|Vasárnap-6:00:12:00
17.6452;47.6773;Győr;Hermann Ottó u. 26.;Hétfő-6:00:18:00|Kedd-6:00:18:00|Szerda-6:00:18:00|Csütörtök-6:00:18:00|Péntek-6:00:18:00|Szombat-8:00:16:00|Vasárnap-Zárva
17.6375;47.6813;Győr;Hunyadi u 13;Hétfő-4:30:20:00|Kedd-4:30:20:00|Szerda-4:30:20:00|Csütörtök-4:30:20:00|Péntek-4:30:20:00|Szombat-4:30:20:00|Vasárnap-4:30:20:00
17.6392;47.6655;Győr;Ikva út 51.;Hétfő-5:00:20:00|Kedd-5:00:20:00|Szerda-5:00:20:00|Csütörtök-5:00:20:00|Péntek-5:00:20:00|Szombat-5:00:20:00|Vasárnap-5:00:20:00
21.6335;48.205;Györgytarló;Széchenyi út 18/20;Hétfő-8:00:18:00|Kedd-8:00:18:00|Szerda-8:00:18:00|Csütörtök-8:00:18:00|Péntek-8:00:18:00|Szombat-8:00:12:00|Vasárnap-8:00:12:00
18.6941;46.636;Györköny;Fő u 487.;Hétfő-6:00:16:30|Kedd-6:00:16:30|Szerda-6:00:16:30|Csütörtök-6:00:16:30|Péntek-6:00:16:30|Szombat-6:00:15:00|Vasárnap-Zárva
17.0209;47.4913;Gyóró;Fő utca  45.;Hétfő-7:00:15:30|Kedd-7:00:15:30|Szerda-7:00:15:30|Csütörtök-7:00:15:30|Péntek-7:00:15:30|Szombat-7:00:15:30|Vasárnap-7:00:11:00
17.7519;47.5779;Győrság;Öreg út 1.;Hétfő-7:00:21:00|Kedd-7:00:21:00|Szerda-7:00:21:00|Csütörtök-7:00:21:00|Péntek-7:00:23:00|Szombat-7:00:23:59|Vasárnap-7:00:21:00
22.4433;47.9263;Győrtelek;Kossuth út 133.;Hétfő-6:00:21:00|Kedd-6:00:21:00|Szerda-6:00:21:00|Csütörtök-6:00:21:00|Péntek-6:00:21:00|Szombat-6:00:21:00|Vasárnap-6:00:21:00
17.6391;47.6163;Győrújbarát;Fő 26.;Hétfő-5:00:20:00|Kedd-5:00:20:00|Szerda-5:00:20:00|Csütörtök-5:00:20:00|Péntek-5:00:20:00|Szombat-7:00:14:00|Vasárnap-Zárva
17.6358;47.6277;Győrújbarát;Fő út 143.;Hétfő-6:00:18:00|Kedd-6:00:18:00|Szerda-6:00:18:00|Csütörtök-6:00:18:00|Péntek-6:00:18:00|Szombat-6:00:14:00|Vasárnap-7:00:12:00
17.6554;47.6051;Győrújbarát;Széchenyi krt. 18;Hétfő-6:00:19:30|Kedd-6:00:19:30|Szerda-6:00:19:30|Csütörtök-6:00:19:30|Péntek-6:00:19:30|Szombat-6:00:18:00|Vasárnap-7:00:11:00
17.5768;47.7413;Győrzámoly;Rákóczi út 39;Hétfő-5:00:21:00|Kedd-5:00:21:00|Szerda-5:00:21:00|Csütörtök-5:00:21:00|Péntek-5:00:21:00|Szombat-6:00:21:00|Vasárnap-7:00:21:00
17.5812;47.7434;Győrzámoly;Szent László utca   23.;Hétfő-6:00:18:00|Kedd-6:00:18:00|Szerda-6:00:18:00|Csütörtök-6:00:18:00|Péntek-6:00:18:00|Szombat-5:00:13:00|Vasárnap-Zárva
21.2722;46.6448;Gyula;Béke sugárút  4.;Hétfő-0:00:23:59|Kedd-0:00:23:59|Szerda-0:00:23:59|Csütörtök-0:00:23:59|Péntek-0:00:23:59|Szombat-0:00:23:59|Vasárnap-0:00:23:59
21.2785;46.6598;Gyula;Dombi L. utca 2.;Hétfő-6:00:20:00|Kedd-6:00:20:00|Szerda-6:00:20:00|Csütörtök-6:00:20:00|Péntek-6:00:20:00|Szombat-6:00:13:00|Vasárnap-Zárva
21.2696;46.6436;Gyula;Kossuth L.  6.;Hétfő-6:00:20:00|Kedd-6:00:20:00|Szerda-6:00:20:00|Csütörtök-6:00:20:00|Péntek-6:00:20:00|Szombat-6:00:15:00|Vasárnap-7:00:12:00
21.2784;46.6451;Gyula;Kossuth tér 3.;Hétfő-5:00:22:00|Kedd-5:00:22:00|Szerda-5:00:22:00|Csütörtök-5:00:22:00|Péntek-5:00:1:00|Szombat-6:00:1:00|Vasárnap-10:00:22:00
21.2758;46.6451;Gyula;Városház utca 17-19.;Hétfő-8:00:22:00|Kedd-8:00:22:00|Szerda-8:00:22:00|Csütörtök-8:00:22:00|Péntek-8:00:22:00|Szombat-8:00:22:00|Vasárnap-8:00:22:00
21.2652;46.6397;Gyula;Zrínyi tér 2.;Hétfő-6:00:20:00|Kedd-6:00:20:00|Szerda-6:00:20:00|Csütörtök-6:00:20:00|Péntek-6:00:20:00|Szombat-7:00:20:00|Vasárnap-7:00:12:00
21.2692455;46.6418064;Gyula;Honvéd utca 8.;Hétfő-6:00:20:00|Kedd-6:00:20:00|Szerda-6:00:20:00|Csütörtök-6:00:20:00|Péntek-6:00:20:00|Szombat-6:00:20:00|Vasárnap-6:00:13:00
21.2872306;46.647464;Gyula;Vár utca 4.;Hétfő-6:00:20:00|Kedd-6:00:20:00|Szerda-6:00:20:00|Csütörtök-6:00:20:00|Péntek-6:00:20:00|Szombat-6:00:15:00|Vasárnap-7:00:12:00
22.1151;48.1334;Gyulaháza;Petőfi Sándor   96.;Hétfő-6:00:17:00|Kedd-6:00:17:00|Szerda-6:00:17:00|Csütörtök-6:00:17:00|Péntek-6:00:17:00|Szombat-6:00:13:00|Vasárnap-6:00:10:00
18.295824;46.499088;Gyulaj;Dózsa György utca 12.;Hétfő-6:00:18:00|Kedd-6:00:18:00|Szerda-6:00:18:00|Csütörtök-6:00:18:00|Péntek-6:00:18:00|Szombat-6:00:11:00|Vasárnap-Zárva
16.7035;46.9074;Hagyárosbörönd;Fő utca 46.;Hétfő-6:00:21:00|Kedd-6:00:21:00|Szerda-6:00:21:00|Csütörtök-6:00:21:00|Péntek-6:00:21:00|Szombat-6:00:21:00|Vasárnap-7:00:9:00
16.9229;46.648;Hahót;Deák Ferenc út 88.;Hétfő-6:00:18:00|Kedd-6:00:18:00|Szerda-6:00:18:00|Csütörtök-6:00:18:00|Péntek-6:00:18:00|Szombat-6:00:12:00|Vasárnap-7:00:10:00
21.6648;47.3923;Hajdúbagos;Nagy utca 93.;Hétfő-6:30:18:00|Kedd-6:30:18:00|Szerda-6:30:18:00|Csütörtök-6:30:18:00|Péntek-6:30:18:00|Szombat-7:00:11:30|Vasárnap-7:00:11:00
21.606;47.6326;Hajdúböszörmény;Boda Katalin utca  10.;Hétfő-6:00:20:00|Kedd-6:00:20:00|Szerda-6:00:20:00|Csütörtök-6:00:20:00|Péntek-6:00:20:00|Szombat-6:00:20:00|Vasárnap-7:00:20:00
21.7648;47.6087;Hajdúsámson;Árpád utca 103.;Hétfő-6:00:20:00|Kedd-6:00:20:00|Szerda-6:00:20:00|Csütörtök-6:00:20:00|Péntek-6:00:20:00|Szombat-6:00:20:00|Vasárnap-7:00:14:00
21.754;47.6012;Hajdúsámson;Dózsa György utca 1.;Hétfő-6:00:19:00|Kedd-6:00:19:00|Szerda-6:00:19:00|Csütörtök-6:00:19:00|Péntek-6:00:19:00|Szombat-6:00:14:00|Vasárnap-Zárva
21.7516;47.5993;Hajdúsámson;Petőfi utca  20.;Hétfő-6:00:20:00|Kedd-6:00:20:00|Szerda-6:00:20:00|Csütörtök-6:00:20:00|Péntek-6:00:20:00|Szombat-6:00:20:00|Vasárnap-7:00:13:00
21.7582;47.6007;Hajdúsámson;Rákóczi utca  11.;Hétfő-6:00:20:00|Kedd-6:00:20:00|Szerda-6:00:20:00|Csütörtök-6:00:20:00|Péntek-6:00:20:00|Szombat-6:00:20:00|Vasárnap-6:00:20:00
21.7592;47.6008;Hajdúsámson;Rákóczi utca  17.;Hétfő-6:00:21:00|Kedd-6:00:21:00|Szerda-6:00:21:00|Csütörtök-6:00:21:00|Péntek-6:00:21:00|Szombat-6:00:21:00|Vasárnap-7:00:21:00
21.7609;47.5999;Hajdúsámson;Vámospércsi út  10.;Hétfő-6:00:20:00|Kedd-6:00:20:00|Szerda-6:00:20:00|Csütörtök-6:00:20:00|Péntek-6:00:20:00|Szombat-6:00:20:00|Vasárnap-6:00:17:00
21.38585;47.441064;Hajdúszoboszló;Dózsa György u.  13.;Hétfő-6:00:20:00|Kedd-6:00:20:00|Szerda-6:00:20:00|Csütörtök-6:00:20:00|Péntek-6:00:20:00|Szombat-6:00:20:00|Vasárnap-6:00:19:00
21.3981;47.4477;Hajdúszoboszló;Daru zug  1.;Hétfő-9:00:21:00|Kedd-9:00:18:00|Szerda-9:00:21:00|Csütörtök-9:00:21:00|Péntek-8:00:22:00|Szombat-8:00:22:00|Vasárnap-9:00:15:00
21.4036;47.4491;Hajdúszoboszló;Hőforrás utca  1.;Hétfő-6:00:21:00|Kedd-6:00:21:00|Szerda-6:00:21:00|Csütörtök-6:00:21:00|Péntek-6:00:21:00|Szombat-6:00:21:00|Vasárnap-6:00:21:00
21.3905;47.4444;Hajdúszoboszló;Hősök tere 17-18.;Hétfő-6:00:18:00|Kedd-6:00:18:00|Szerda-6:00:18:00|Csütörtök-6:00:18:00|Péntek-6:00:18:00|Szombat-7:00:15:00|Vasárnap-Zárva
21.3924;47.4471;Hajdúszoboszló;Isonzó utca 3. em: 3.Üz.  3. em: 3.Ü;Hétfő-7:00:20:00|Kedd-7:00:20:00|Szerda-7:00:20:00|Csütörtök-7:00:20:00|Péntek-7:00:20:00|Szombat-7:00:12:00|Vasárnap-7:00:12:00
21.3931;47.4443;Hajdúszoboszló;Luther út 8.   8.;Hétfő-5:30:20:00|Kedd-5:30:20:00|Szerda-5:30:20:00|Csütörtök-5:30:20:00|Péntek-5:30:20:00|Szombat-6:00:20:00|Vasárnap-6:00:20:00
21.4029;47.4513;Hajdúszoboszló;Mátyás Király sétány 3.;Hétfő-8:00:22:00|Kedd-8:00:22:00|Szerda-8:00:22:00|Csütörtök-8:00:22:00|Péntek-8:00:22:00|Szombat-8:00:22:00|Vasárnap-8:00:22:00
21.3948;47.4466;Hajdúszoboszló;Szilfákalja  4/A.;Hétfő-6:00:18:00|Kedd-6:00:18:00|Szerda-6:00:18:00|Csütörtök-6:00:18:00|Péntek-6:00:18:00|Szombat-7:00:15:00|Vasárnap-8:00:14:00
21.4097;47.4444;Hajdúszoboszló;Wesselényi utca 78.   78.;Hétfő-6:30:19:00|Kedd-6:30:19:00|Szerda-6:30:19:00|Csütörtök-6:30:19:00|Péntek-6:30:19:00|Szombat-6:30:19:00|Vasárnap-6:30:18:00
21.3923449;47.4467148;Hajdúszoboszló;Halasi Fekete Péter tér 4.;Hétfő-6:00:18:00|Kedd-6:00:18:00|Szerda-6:00:18:00|Csütörtök-6:00:18:00|Péntek-6:00:18:00|Szombat-7:00:15:00|Vasárnap-Zárva
21.3967706;47.4373866;Hajdúszoboszló;Rákóczi  utca 126.;Hétfő-6:00:18:00|Kedd-6:00:18:00|Szerda-6:00:18:00|Csütörtök-6:00:18:00|Péntek-6:00:18:00|Szombat-7:00:15:00|Vasárnap-Zárva
21.4748;47.391;Hajdúszovát;Hősök tere  1-3.  ajtó;Hétfő-6:00:18:00|Kedd-6:00:18:00|Szerda-6:00:18:00|Csütörtök-6:00:18:00|Péntek-6:00:18:00|Szombat-6:00:14:00|Vasárnap-7:00:12:00
21.476;47.3911;Hajdúszovát;Hősök tere 10.;Hétfő-6:00:18:00|Kedd-6:00:18:00|Szerda-6:00:18:00|Csütörtök-6:00:18:00|Péntek-6:00:18:00|Szombat-6:00:12:00|Vasárnap-7:00:11:00
19.1152;46.3993;Hajós;Szigeti-fő utca 2.;Hétfő-5:30:20:30|Kedd-5:30:20:30|Szerda-5:30:20:30|Csütörtök-5:30:20:30|Péntek-5:30:20:30|Szombat-7:00:21:00|Vasárnap-7:00:19:00
18.9905;47.3646;Halásztelek;Ady Endre utca  1.;Hétfő-6:00:21:00|Kedd-6:00:21:00|Szerda-6:00:21:00|Csütörtök-6:00:21:00|Péntek-6:00:21:00|Szombat-6:00:19:00|Vasárnap-7:00:17:00
18.9871;47.3601;Halásztelek;Óvoda utca 1/A.;Hétfő-6:00:20:00|Kedd-6:00:20:00|Szerda-6:00:20:00|Csütörtök-6:00:20:00|Péntek-6:00:20:00|Szombat-6:00:13:00|Vasárnap-Zárva
18.9804;47.3611;Halásztelek;Somogyi Béla u. 42.;Hétfő-6:00:18:00|Kedd-6:00:18:00|Szerda-6:00:18:00|Csütörtök-6:00:18:00|Péntek-6:00:18:00|Szombat-6:00:13:00|Vasárnap-Zárva
18.9828;47.3631;Halásztelek;Somogyi Béla utca  52.;Hétfő-6:00:22:00|Kedd-6:00:22:00|Szerda-6:00:22:00|Csütörtök-6:00:22:00|Péntek-6:00:22:00|Szombat-6:00:22:00|Vasárnap-7:00:22:00
18.992;47.3657;Halásztelek;Rákóczi Ferenc út 94-96.;Hétfő-6:30:20:00|Kedd-6:30:20:00|Szerda-6:30:20:00|Csütörtök-6:30:20:00|Péntek-6:30:20:00|Szombat-6:30:17:00|Vasárnap-8:00:13:00
20.9923;48.2459;Halmaj;Béke út  3.;Hétfő-7:00:19:00|Kedd-7:00:19:00|Szerda-7:00:19:00|Csütörtök-7:00:19:00|Péntek-7:00:19:00|Szombat-8:00:16:00|Vasárnap-8:00:12:00
20.0476;47.7658;Halmajugra;Kossuth út 166.;Hétfő-6:00:20:00|Kedd-6:00:20:00|Szerda-6:00:20:00|Csütörtök-6:00:20:00|Péntek-6:00:20:00|Szombat-7:00:20:00|Vasárnap-7:00:20:00
20.8298;48.2903;Hangács;Szabadság út 28.;Hétfő-8:00:16:30|Kedd-8:00:16:30|Szerda-8:00:16:30|Csütörtök-8:00:16:30|Péntek-8:00:16:30|Szombat-8:00:12:00|Vasárnap-Zárva
20.2;48.2253;Hangony;Rákóczi út 55.;Hétfő-6:30:17:30|Kedd-6:30:17:30|Szerda-6:30:17:30|Csütörtök-6:30:17:30|Péntek-6:30:17:30|Szombat-6:30:13:00|Vasárnap-7:00:11:00
18.7012;46.9966;Hantos;Kossuth u.  38.;Hétfő-6:00:18:00|Kedd-6:00:18:00|Szerda-6:00:18:00|Csütörtök-6:00:18:00|Péntek-6:00:18:00|Szombat-6:00:18:00|Vasárnap-6:00:12:00
18.6193036;46.4036574;Harc;Vörösmarty tér 5.;Hétfő-6:00:18:00|Kedd-6:00:18:00|Szerda-6:00:18:00|Csütörtök-6:00:18:00|Péntek-6:00:18:00|Szombat-6:00:9:00|Vasárnap-Zárva
19.6072;46.4612;Harkakötöny;Kossuth utca 1.;Hétfő-7:00:17:00|Kedd-7:00:17:00|Szerda-7:00:17:00|Csütörtök-7:00:17:00|Péntek-7:00:17:00|Szombat-7:00:11:00|Vasárnap-Zárva
19.0317;46.699;Harta;Petőfi Sándor utca 83.;Hétfő-6:00:18:00|Kedd-6:00:18:00|Szerda-6:00:18:00|Csütörtök-6:00:18:00|Péntek-6:00:18:00|Szombat-6:00:20:00|Vasárnap-8:00:18:00
19.6849;47.6743;Hatvan;Balassi Bálint utca 39.;Hétfő-5:00:22:00|Kedd-5:00:22:00|Szerda-5:00:22:00|Csütörtök-5:00:22:00|Péntek-5:00:22:00|Szombat-5:00:22:00|Vasárnap-5:00:22:00
19.686;47.6666;Hatvan;Erzsébet tér 11.;Hétfő-6:00:20:00|Kedd-6:00:20:00|Szerda-6:00:20:00|Csütörtök-6:00:20:00|Péntek-6:00:20:00|Szombat-6:00:20:00|Vasárnap-Zárva
19.6942;47.6664;Hatvan;Horváth Mihály u. 57.;Hétfő-6:00:20:00|Kedd-6:00:20:00|Szerda-6:00:20:00|Csütörtök-6:00:20:00|Péntek-6:00:20:00|Szombat-6:00:20:00|Vasárnap-6:00:20:00
19.6857;47.6666;Hatvan;Kossuth tér 12.;Hétfő-0:05:0:19|Kedd-0:05:0:19|Szerda-0:05:0:19|Csütörtök-0:05:0:19|Péntek-0:05:0:19|Szombat-0:05:0:19|Vasárnap-0:05:0:19
19.6878;47.6688;Hatvan;Nádasdy Tamás 26.;Hétfő-6:00:18:00|Kedd-6:00:20:00|Szerda-6:00:20:00|Csütörtök-6:00:20:00|Péntek-6:00:20:00|Szombat-6:00:14:00|Vasárnap-Zárva
19.6773;47.6662;Hatvan;Radnóti tér  2.;Hétfő-6:00:18:00|Kedd-6:00:18:00|Szerda-6:00:18:00|Csütörtök-6:00:18:00|Péntek-6:00:23:00|Szombat-8:00:23:00|Vasárnap-9:00:18:00
19.6847;47.6658;Hatvan;Szent Mihály utca 9.   9.;Hétfő-6:00:23:00|Kedd-6:00:23:00|Szerda-6:00:23:00|Csütörtök-6:00:23:00|Péntek-6:00:24:00|Szombat-6:00:24:00|Vasárnap-8:00:22:00
17.4593;47.8334;Hédervár;Fő út  30;Hétfő-6:00:17:00|Kedd-6:00:17:00|Szerda-6:00:17:00|Csütörtök-6:00:17:00|Péntek-6:00:17:00|Szombat-6:00:12:00|Vasárnap-7:00:11:00
16.798;47.6218;Hegykő;Kossuth Lajos út  15.;Hétfő-4:00:18:00|Kedd-4:00:18:00|Szerda-4:00:18:00|Csütörtök-4:00:18:00|Péntek-4:00:18:00|Szombat-4:00:16:00|Vasárnap-7:00:15:00
18.7457;47.4953;Herceghalom;Jókai út  2/A;Hétfő-5:00:22:00|Kedd-5:00:22:00|Szerda-5:00:22:00|Csütörtök-5:00:22:00|Péntek-5:00:22:00|Szombat-5:00:22:00|Vasárnap-5:00:22:00
19.4776;47.979;Herencsény;Petőfi út 49.;Hétfő-7:00:19:00|Kedd-7:00:19:00|Szerda-7:00:19:00|Csütörtök-7:00:19:00|Péntek-7:00:19:00|Szombat-7:00:19:00|Vasárnap-7:00:19:00
21.1687;48.4413;Hernádvécse;Rákóczi út 4.;Hétfő-7:00:16:00|Kedd-7:00:16:00|Szerda-7:00:16:00|Csütörtök-7:00:16:00|Péntek-7:00:16:00|Szombat-7:00:12:00|Vasárnap-Zárva
20.3833;48.2906;Hét;Köztársaság út 17.;Hétfő-10:00:20:00|Kedd-10:00:20:00|Szerda-10:00:20:00|Csütörtök-10:00:20:00|Péntek-10:00:24:00|Szombat-10:00:24:00|Vasárnap-10:00:20:00
17.1915;46.7902;Hévíz;Kölcsey út 4.;Hétfő-7:00:19:00|Kedd-7:00:19:00|Szerda-7:00:19:00|Csütörtök-7:00:19:00|Péntek-7:00:19:00|Szombat-7:00:15:00|Vasárnap-9:00:12:00
17.1891;46.7906;Hévíz;Rákóczi u. 1-3.;Hétfő-9:30:19:00|Kedd-9:30:19:00|Szerda-9:30:19:00|Csütörtök-9:30:19:00|Péntek-9:30:19:00|Szombat-9:30:19:00|Vasárnap-Zárva
17.1871;46.7906;Hévíz;Széchenyi  19;Hétfő-6:00:22:00|Kedd-6:00:22:00|Szerda-6:00:22:00|Csütörtök-6:00:22:00|Péntek-6:00:22:00|Szombat-6:00:22:00|Vasárnap-6:00:21:00
19.5195;47.6278;Hévízgyörk;Béke út  539/1/A.;Hétfő-6:00:20:00|Kedd-6:00:20:00|Szerda-6:00:20:00|Csütörtök-6:00:20:00|Péntek-6:00:20:00|Szombat-6:00:16:00|Vasárnap-Zárva
19.5162;47.6299;Hévízgyörk;Vörösmarthy utca 85;Hétfő-6:00:18:00|Kedd-6:00:18:00|Szerda-6:00:18:00|Csütörtök-6:00:18:00|Péntek-6:00:18:00|Szombat-6:00:14:00|Vasárnap-8:00:12:00
18.5725;46.0822;Himesháza;Kossuth L. u. 42.;Hétfő-6:00:18:00|Kedd-6:00:18:00|Szerda-6:00:18:00|Csütörtök-6:00:18:00|Péntek-6:00:18:00|Szombat-6:00:13:00|Vasárnap-6:00:11:00
17.0129;47.5206;Himod;Fő utca  80.;Hétfő-6:00:22:00|Kedd-6:00:22:00|Szerda-6:00:22:00|Csütörtök-6:00:22:00|Péntek-6:00:22:00|Szombat-6:00:23:00|Vasárnap-6:00:22:00
17.7772;46.0245;Hobol;Asztalos J. u. 3.;Hétfő-6:00:18:00|Kedd-6:00:18:00|Szerda-6:00:18:00|Csütörtök-6:00:18:00|Péntek-6:00:18:00|Szombat-6:00:11:00|Vasárnap-Zárva
22.2022;47.9181;Hodász;Dózsa György u. 2.;Hétfő-6:00:18:00|Kedd-6:00:18:00|Szerda-6:00:18:00|Csütörtök-6:00:18:00|Péntek-6:00:18:00|Szombat-6:00:14:00|Vasárnap-6:00:10:00
22.2039;47.9155;Hodász;Dózsa György utca 22.;Hétfő-8:00:17:00|Kedd-8:00:17:00|Szerda-8:00:17:00|Csütörtök-8:00:17:00|Péntek-8:00:17:00|Szombat-8:00:13:00|Vasárnap-Zárva
20.3257;46.4149;Hódmezővásárhely;Andrássy út 10-12.;Hétfő-5:00:21:00|Kedd-5:00:21:00|Szerda-5:00:21:00|Csütörtök-5:00:21:00|Péntek-5:00:0:00|Szombat-5:00:0:00|Vasárnap-6:00:21:00
20.3251;46.4149;Hódmezővásárhely;Andrássy út 27.;Hétfő-6:00:20:00|Kedd-6:00:20:00|Szerda-6:00:20:00|Csütörtök-6:00:20:00|Péntek-6:00:20:00|Szombat-6:00:20:00|Vasárnap-7:00:13:00
20.3189;46.4148;Hódmezővásárhely;Andrássy út 5-7.;Hétfő-0:00:23:59|Kedd-0:00:23:59|Szerda-0:00:23:59|Csütörtök-0:00:23:59|Péntek-0:00:23:59|Szombat-0:00:23:59|Vasárnap-0:00:23:59
20.3242;46.4149;Hódmezővásárhely;Andrássy utca 23.;Hétfő-7:00:19:00|Kedd-7:00:19:00|Szerda-7:00:19:00|Csütörtök-7:00:19:00|Péntek-7:00:19:00|Szombat-8:00:16:00|Vasárnap-Zárva
20.3285;46.4155;Hódmezővásárhely;Bocskai utca 5.;Hétfő-6:00:18:00|Kedd-6:00:18:00|Szerda-6:00:18:00|Csütörtök-6:00:18:00|Péntek-6:00:18:00|Szombat-6:00:14:00|Vasárnap-Zárva
20.303;46.4276;Hódmezővásárhely;Damjanich utca  127.;Hétfő-6:00:18:00|Kedd-6:00:18:00|Szerda-6:00:18:00|Csütörtök-6:00:18:00|Péntek-6:00:18:00|Szombat-8:00:16:00|Vasárnap-Zárva
20.3208;46.4172;Hódmezővásárhely;Deák Ferenc utca 15.;Hétfő-7:30:19:30|Kedd-7:30:19:30|Szerda-7:30:19:30|Csütörtök-7:30:19:30|Péntek-7:30:19:30|Szombat-8:00:16:00|Vasárnap-Zárva
20.3178;46.4153;Hódmezővásárhely;Dr. Rapcsák András utca 1.;Hétfő-6:30:19:00|Kedd-6:30:19:00|Szerda-6:30:19:00|Csütörtök-6:30:19:00|Péntek-6:30:19:00|Szombat-6:00:14:00|Vasárnap-Zárva
20.3163;46.4167;Hódmezővásárhely;Hódi Pál utca 11.;Hétfő-6:00:19:00|Kedd-6:00:19:00|Szerda-6:00:19:00|Csütörtök-6:00:19:00|Péntek-6:00:19:00|Szombat-8:00:13:00|Vasárnap-Zárva
20.311;46.4224;Hódmezővásárhely;Holló utca 30.;Hétfő-6:30:20:00|Kedd-6:30:20:00|Szerda-6:30:20:00|Csütörtök-6:30:20:00|Péntek-6:30:20:00|Szombat-6:30:20:00|Vasárnap-6:30:20:00
20.316;46.4129;Hódmezővásárhely;Hősök tere 2.;Hétfő-7:00:19:00|Kedd-7:00:19:00|Szerda-7:00:19:00|Csütörtök-7:00:19:00|Péntek-7:00:19:00|Szombat-10:00:18:00|Vasárnap-Zárva
20.3303;46.4169;Hódmezővásárhely;Kálvin János tér 3.;Hétfő-6:00:20:00|Kedd-6:00:20:00|Szerda-6:00:20:00|Csütörtök-6:00:20:00|Péntek-6:00:20:00|Szombat-8:00:12:00|Vasárnap-8:00:11:00
20.3376;46.4136;Hódmezővásárhely;Kistópart utca 1.;Hétfő-5:00:20:00|Kedd-5:00:20:00|Szerda-5:00:20:00|Csütörtök-5:00:20:00|Péntek-5:00:20:00|Szombat-5:00:20:00|Vasárnap-5:00:20:00
20.3542;46.4128;Hódmezővásárhely;Makói országút 10.;Hétfő-6:00:19:00|Kedd-6:00:19:00|Szerda-6:00:19:00|Csütörtök-6:00:19:00|Péntek-6:00:19:00|Szombat-6:00:14:00|Vasárnap-Zárva
20.3096;46.41;Hódmezővásárhely;Munkácsy Mihály utca 12.;Hétfő-6:00:20:00|Kedd-6:00:20:00|Szerda-6:00:20:00|Csütörtök-6:00:20:00|Péntek-6:00:20:00|Szombat-6:00:20:00|Vasárnap-7:00:13:00
20.3234;46.4133;Hódmezővásárhely;Oldalkosár utca 18.;Hétfő-6:00:18:00|Kedd-6:00:18:00|Szerda-6:00:18:00|Csütörtök-6:00:18:00|Péntek-6:00:18:00|Szombat-8:00:16:00|Vasárnap-Zárva
20.3288;46.4122;Hódmezővásárhely;Ormos Ede utca 13.;Hétfő-5:00:21:00|Kedd-5:00:21:00|Szerda-5:00:21:00|Csütörtök-5:00:21:00|Péntek-5:00:24:00|Szombat-0:00:24:00|Vasárnap-0:00:18:00
20.3429;46.4088;Hódmezővásárhely;Síp utca 1.;Hétfő-5:00:17:00|Kedd-5:00:17:00|Szerda-5:00:17:00|Csütörtök-5:00:17:00|Péntek-5:00:17:00|Szombat-5:00:12:00|Vasárnap-6:30:10:00
20.3187;46.427;Hódmezővásárhely;Szántó Kovács János utca 112.;Hétfő-6:30:18:30|Kedd-6:30:18:30|Szerda-6:30:18:30|Csütörtök-6:30:18:30|Péntek-6:30:20:30|Szombat-6:30:20:30|Vasárnap-6:30:10:30
20.3185;46.4292;Hódmezővásárhely;Szántó Kovács János utca 121-125.;Hétfő-7:00:19:00|Kedd-7:00:19:00|Szerda-7:00:19:00|Csütörtök-7:00:19:00|Péntek-7:00:19:00|Szombat-8:00:16:00|Vasárnap-Zárva
18.427761;46.491172;Hőgyész;Fő utca 2/b;Hétfő-5:30:21:00|Kedd-5:30:21:00|Szerda-5:30:21:00|Csütörtök-5:30:21:00|Péntek-5:30:21:00|Szombat-5:30:21:00|Vasárnap-5:30:21:00
18.4139;46.5014;Hőgyész;Ady Endre  16.;Hétfő-6:00:22:00|Kedd-6:00:22:00|Szerda-6:00:22:00|Csütörtök-6:00:22:00|Péntek-6:00:22:00|Szombat-6:00:22:00|Vasárnap-6:00:22:00
18.4195;46.4955;Hőgyész;Fő utca 2/B.   2/B.;Hétfő-6:00:19:00|Kedd-6:00:19:00|Szerda-6:00:19:00|Csütörtök-6:00:19:00|Péntek-6:00:19:00|Szombat-6:00:18:00|Vasárnap-7:00:12:00
19.0714;46.489;Homokmégy;Kossuth utca 38.;Hétfő-5:30:19:00|Kedd-5:30:19:00|Szerda-5:30:19:00|Csütörtök-5:30:19:00|Péntek-5:30:21:00|Szombat-5:30:21:00|Vasárnap-6:30:19:00
18.7891;45.9831;Homorúd;Hársfa tér 1.;Hétfő-6:00:18:00|Kedd-6:00:18:00|Szerda-6:00:18:00|Csütörtök-6:00:18:00|Péntek-6:00:18:00|Szombat-8:00:12:00|Vasárnap-7:00:10:00
19.7752;47.6868;Hort;Kossuth út 79.;Hétfő-6:00:20:00|Kedd-6:00:20:00|Szerda-6:00:20:00|Csütörtök-6:00:2:00|Péntek-6:00:20:00|Szombat-8:00:20:00|Vasárnap-8:00:20:00
21.1683;47.5814;Hortobágy;Czinege János utca  38.;Hétfő-6:00:18:00|Kedd-6:00:18:00|Szerda-6:00:18:00|Csütörtök-6:00:18:00|Péntek-6:00:18:00|Szombat-6:00:18:00|Vasárnap-7:00:18:00
20.14066;46.157911;Hosszúhetény;10Fő utca 109.;Hétfő-6:00:19:00|Kedd-6:00:19:00|Szerda-6:00:19:00|Csütörtök-6:00:19:00|Péntek-6:00:19:00|Szombat-6:00:19:00|Vasárnap-7:00:19:00
18.3536;46.1603;Hosszúhetény;Fő u. 109.;Hétfő-6:00:18:00|Kedd-6:00:18:00|Szerda-6:00:18:00|Csütörtök-6:00:18:00|Péntek-6:00:18:00|Szombat-7:00:15:00|Vasárnap-7:00:15:00
18.355;46.1504;Hosszúhetény;Széchenyi u. 12.;Hétfő-6:00:22:00|Kedd-6:00:22:00|Szerda-6:00:22:00|Csütörtök-6:00:22:00|Péntek-6:00:22:00|Szombat-6:00:22:00|Vasárnap-8:00:19:00
21.7344;47.3917;Hosszúpályi;Szabadság tér 5;Hétfő-6:30:20:30|Kedd-6:30:20:30|Szerda-6:30:20:30|Csütörtök-6:30:20:30|Péntek-6:30:20:30|Szombat-6:30:20:30|Vasárnap-6:30:20:30
21.7337;47.3921;Hosszúpályi;Szabadság tér 8.;Hétfő-6:30:20:00|Kedd-6:30:20:00|Szerda-6:30:20:00|Csütörtök-6:30:20:00|Péntek-6:30:20:00|Szombat-6:30:20:00|Vasárnap-6:30:20:00
17.0231;47.0951;Hosszúpereszteg;Árpád utca  139.;Hétfő-6:30:14:30|Kedd-6:30:14:30|Szerda-6:30:14:30|Csütörtök-6:30:14:30|Péntek-6:30:14:30|Szombat-6:30:10:30|Vasárnap-6:30:10:30
21.7127;48.1267;Ibrány;Lehel 11;Hétfő-6:00:20:00|Kedd-6:00:20:00|Szerda-6:00:20:00|Csütörtök-6:00:20:00|Péntek-6:00:20:00|Szombat-6:00:16:00|Vasárnap-8:00:13:00
21.7104;48.121;Ibrány;Lehel u. 68.;Hétfő-7:00:16:00|Kedd-7:00:16:00|Szerda-7:00:16:00|Csütörtök-7:00:16:00|Péntek-7:00:16:00|Szombat-8:00:12:00|Vasárnap-Zárva
21.7085;48.1207;Ibrány;Szabolcs 11;Hétfő-7:00:20:00|Kedd-7:00:20:00|Szerda-7:00:20:00|Csütörtök-7:00:20:00|Péntek-7:00:20:00|Szombat-8:00:12:00|Vasárnap-8:00:12:00
21.7187;48.1356;Ibrány;Tisza 1;Hétfő-6:00:18:00|Kedd-6:00:18:00|Szerda-6:00:18:00|Csütörtök-6:00:18:00|Péntek-6:00:18:00|Szombat-6:00:11:00|Vasárnap-8:00:11:00
17.9372;46.5361;Igal;Szent István utca 113.;Hétfő-6:30:18:30|Kedd-6:30:18:30|Szerda-6:30:18:30|Csütörtök-6:30:18:30|Péntek-6:30:18:30|Szombat-6:30:11:00|Vasárnap-Zárva
16.8968;47.2092;Ikervár;Batthyány U    35;Hétfő-6:00:22:00|Kedd-6:00:22:00|Szerda-6:00:22:00|Csütörtök-6:00:22:00|Péntek-6:00:22:00|Szombat-6:00:22:00|Vasárnap-6:30:22:00
19.4442;47.6589;Iklad;Ráday tér 4.;Hétfő-6:00:20:00|Kedd-6:00:20:00|Szerda-6:00:20:00|Csütörtök-6:00:20:00|Péntek-6:00:20:00|Szombat-6:00:16:00|Vasárnap-7:00:13:00
19.3017;46.4874;Imrehegy;Ady Endre utca 6.;Hétfő-6:00:20:00|Kedd-6:00:20:00|Szerda-6:00:20:00|Csütörtök-6:00:20:00|Péntek-6:00:20:00|Szombat-6:00:14:00|Vasárnap-Zárva
21.0701;48.2823;Ináncs;Kossuth út   36.;Hétfő-5:00:13:00|Kedd-6:00:15:30|Szerda-6:00:15:30|Csütörtök-6:00:15:30|Péntek-6:00:15:30|Szombat-5:00:13:00|Vasárnap-Zárva
19.328153;47.255774;Inárcs;Tűzoltó utca 17;Hétfő-6:00:22:00|Kedd-6:00:22:00|Szerda-6:00:22:00|Csütörtök-6:00:22:00|Péntek-6:00:22:00|Szombat-6:00:22:00|Vasárnap-7:30:20:30
19.4024;47.5266;Isaszeg;Ady Endre utca 35/B.;Hétfő-5:00:21:00|Kedd-5:00:21:00|Szerda-5:00:21:00|Csütörtök-5:00:21:00|Péntek-5:00:21:00|Szombat-5:00:21:00|Vasárnap-5:00:21:00
19.3903;47.5369;Isaszeg;Aulich utca 23.;Hétfő-7:00:19:00|Kedd-7:00:19:00|Szerda-7:00:19:00|Csütörtök-7:00:19:00|Péntek-7:00:19:00|Szombat-7:00:16:00|Vasárnap-Zárva
19.3903;47.5442;Isaszeg;Kossuth Lajos u. 142.;Hétfő-6:00:20:00|Kedd-6:00:20:00|Szerda-6:00:20:00|Csütörtök-6:00:20:00|Péntek-6:00:2:00|Szombat-7:00:15:00|Vasárnap-7:00:15:00
19.3971;47.5295;Isaszeg;Rákóczi u. 8.;Hétfő-5:00:21:00|Kedd-5:00:21:00|Szerda-5:00:21:00|Csütörtök-5:00:21:00|Péntek-5:00:21:00|Szombat-5:00:21:00|Vasárnap-5:00:21:00
19.397;47.5298;Isaszeg;Rákóczi út 19;Hétfő-6:00:22:00|Kedd-6:00:22:00|Szerda-6:00:22:00|Csütörtök-6:00:22:00|Péntek-6:00:22:00|Szombat-7:00:21:00|Vasárnap-7:00:19:00
18.8264;47.1617;Iváncsa;Hunyadi út  162.;Hétfő-6:00:18:00|Kedd-6:00:18:00|Szerda-6:00:18:00|Csütörtök-6:00:18:00|Péntek-6:00:18:00|Szombat-6:00:18:00|Vasárnap-6:00:14:00
18.8348;47.142;Iváncsa;Vörösmarty utca  10/A.;Hétfő-6:00:18:00|Kedd-6:00:18:00|Szerda-6:00:18:00|Csütörtök-6:00:18:00|Péntek-6:00:18:00|Szombat-6:00:12:00|Vasárnap-6:00:11:00
18.4124;46.3158;Izmény;Fő u 21.;Hétfő-7:00:22:00|Kedd-7:00:22:00|Szerda-7:00:22:00|Csütörtök-7:00:22:00|Péntek-7:00:22:00|Szombat-7:00:22:00|Vasárnap-8:00:22:00
20.6544;48.3052;Izsófalva;Izsó Miklós u. 121.;Hétfő-6:00:18:30|Kedd-6:00:18:30|Szerda-6:00:18:30|Csütörtök-6:00:18:30|Péntek-6:00:18:30|Szombat-6:00:14:00|Vasárnap-7:00:11:00
16.5814;47.139817;Ják;Szabadság tér 18.;Hétfő-06:00:19:00|Kedd-06:00:19:00|Szerda-06:00:19:00|Csütörtök-06:00:19:00|Péntek-06:00:19:00|Szombat-08:00:18:00|Vasárnap-08:00:18:00
17.1641;47.1214;Jánosháza;Bajcsy Zs. u. 5;Hétfő-6:00:18:00|Kedd-6:00:18:00|Szerda-6:00:18:00|Csütörtök-6:00:18:00|Péntek-6:00:18:00|Szombat-6:00:14:00|Vasárnap-Zárva
17.1639;47.1227;Jánosháza;Berzsenyi 26.;Hétfő-5:30:17:00|Kedd-5:30:17:00|Szerda-5:30:17:00|Csütörtök-5:30:17:00|Péntek-5:30:17:00|Szombat-5:30:12:00|Vasárnap-Zárva
20.0597;47.3801;Jánoshida;Fő út 33.;Hétfő-6:15:19:00|Kedd-6:15:19:00|Szerda-6:15:19:00|Csütörtök-6:15:19:00|Péntek-6:15:19:00|Szombat-6:15:13:00|Vasárnap-7:00:12:00
17.1339;47.7846;Jánossomorja;Szabadság u. 18;Hétfő-5:30:18:30|Kedd-5:30:18:30|Szerda-5:30:18:30|Csütörtök-5:30:18:30|Péntek-5:30:18:30|Szombat-8:00:16:00|Vasárnap-Zárva
17.1355;47.785;Jánossomorja;Szabadság u. 3.;Hétfő-0:06:0:18|Kedd-0:06:0:18|Szerda-0:06:0:18|Csütörtök-0:06:0:18|Péntek-0:06:0:18|Szombat-0:06:0:18|Vasárnap-Zárva
22.2518;47.9709;Jármi;Kossuth 4;Hétfő-7:00:19:00|Kedd-7:00:19:00|Szerda-7:00:19:00|Csütörtök-7:00:19:00|Péntek-7:00:19:00|Szombat-7:00:19:00|Vasárnap-7:00:13:00
19.8582;47.5922;Jászágó;Petőfi út 8.;Hétfő-7:00:17:00|Kedd-7:00:17:00|Szerda-7:00:17:00|Csütörtök-7:00:17:00|Péntek-7:00:17:00|Szombat-6:30:11:00|Vasárnap-7:00:11:00
20.0917;47.3701;Jászalsószentgyörgy;Fő út 60.;Hétfő-6:00:19:00|Kedd-6:00:19:00|Szerda-6:00:19:00|Csütörtök-6:00:19:00|Péntek-6:00:19:00|Szombat-6:00:13:00|Vasárnap-7:00:11:00
20.0924;47.3724;Jászalsószentgyörgy;Mártírok út 1.;Hétfő-4:15:18:15|Kedd-4:15:18:15|Szerda-4:15:18:15|Csütörtök-4:15:18:15|Péntek-4:15:18:15|Szombat-5:00:13:30|Vasárnap-Zárva
19.9784;47.6448;Jászárokszállás;Kossuth út 1.;Hétfő-6:15:20:00|Kedd-6:15:20:00|Szerda-6:15:20:00|Csütörtök-6:15:20:00|Péntek-6:15:20:00|Szombat-6:15:20:00|Vasárnap-7:00:20:00
19.9774;47.6432;Jászárokszállás;Piac tér 5.;Hétfő-6:00:18:00|Kedd-6:00:18:00|Szerda-6:00:18:00|Csütörtök-6:00:18:00|Péntek-6:00:18:00|Szombat-6:00:14:00|Vasárnap-6:00:12:00
19.9105;47.4988;Jászberény;Apponyi tér 3.;Hétfő-6:15:19:00|Kedd-6:15:19:00|Szerda-6:15:19:00|Csütörtök-6:15:19:00|Péntek-6:15:19:00|Szombat-6:15:13:00|Vasárnap-7:00:12:00
19.9149;47.5085;Jászberény;Bajnok utca 30.;Hétfő-6:00:19:00|Kedd-6:00:19:00|Szerda-6:00:19:00|Csütörtök-6:00:19:00|Péntek-6:00:19:00|Szombat-6:00:14:00|Vasárnap-6:00:14:00
19.9131;47.5018;Jászberény;Holló András utca 4.;Hétfő-6:00:22:00|Kedd-6:00:22:00|Szerda-6:00:22:00|Csütörtök-6:00:22:00|Péntek-6:00:22:00|Szombat-6:00:22:00|Vasárnap-6:00:22:00
19.911;47.5008;Jászberény;Kossuth Lajos út 10-12.;Hétfő-6:00:21:00|Kedd-6:00:21:00|Szerda-6:00:21:00|Csütörtök-6:00:21:00|Péntek-6:00:21:00|Szombat-6:00:21:00|Vasárnap-6:00:21:00
19.8986;47.4921;Jászberény;Kossuth Lajos út 109.;Hétfő-5:00:17:00|Kedd-5:00:17:00|Szerda-5:00:17:00|Csütörtök-5:00:17:00|Péntek-5:00:17:00|Szombat-6:00:14:00|Vasárnap-Zárva
19.911;47.5008;Jászberény;Kossuth utca  10-12.;Hétfő-5:00:22:00|Kedd-5:00:22:00|Szerda-5:00:22:00|Csütörtök-5:00:22:00|Péntek-5:00:22:00|Szombat-5:00:22:00|Vasárnap-5:00:22:00
19.9179;47.5045;Jászberény;Petőfi Sándor út 2.;Hétfő-6:00:18:00|Kedd-6:00:18:00|Szerda-6:00:18:00|Csütörtök-6:00:18:00|Péntek-6:00:18:00|Szombat-6:00:14:00|Vasárnap-Zárva
19.9104;47.502;Jászberény;Serház utca 1.;Hétfő-6:00:20:00|Kedd-6:00:20:00|Szerda-6:00:20:00|Csütörtök-6:00:20:00|Péntek-6:00:23:00|Szombat-6:00:23:00|Vasárnap-10:00:18:00
19.922;47.5014;Jászberény;Vásár tér 1-3.;Hétfő-6:15:19:00|Kedd-6:15:19:00|Szerda-6:15:19:00|Csütörtök-6:15:19:00|Péntek-6:15:19:00|Szombat-6:15:12:00|Vasárnap-7:00:11:00
19.9099766;47.5073763;Jászberény;Gyöngyösi út 54.;Hétfő-5:30:18:00|Kedd-5:30:18:00|Szerda-5:30:18:00|Csütörtök-5:30:18:00|Péntek-5:30:18:00|Szombat-6:15:13:00|Vasárnap-7:00:11:00
19.915831783195504;47.4998529;Jászberény;Szabadság tér 4.;Hétfő-7:00:20:00|Kedd-7:00:20:00|Szerda-7:00:20:00|Csütörtök-7:00:20:00|Péntek-7:00:20:00|Szombat-7:00:16:00|Vasárnap-7:00:13:00
19.9962;47.3695;Jászboldogháza;Rákóczi út 18.;Hétfő-6:15:18:00|Kedd-6:15:18:00|Szerda-6:15:18:00|Csütörtök-6:15:18:00|Péntek-6:15:18:00|Szombat-6:15:13:00|Vasárnap-7:00:11:00
19.7846;47.5096;Jászfelsőszentgyörgy;Fő út 52.;Hétfő-5:00:21:00|Kedd-5:00:21:00|Szerda-5:00:21:00|Csütörtök-5:00:21:00|Péntek-5:00:21:00|Szombat-5:00:21:00|Vasárnap-5:00:21:00
19.7165;47.5688;Jászfényszaru;Szabadság út 11.;Hétfő-5:00:22:00|Kedd-5:00:22:00|Szerda-5:00:22:00|Csütörtök-5:00:22:00|Péntek-5:00:22:00|Szombat-5:00:22:00|Vasárnap-5:00:22:00
19.7172;47.5698;Jászfényszaru;Szabadság út 19-21.;Hétfő-5:30:19:00|Kedd-5:30:19:00|Szerda-5:30:19:00|Csütörtök-5:30:19:00|Péntek-5:30:19:00|Szombat-6:00:13:00|Vasárnap-7:00:12:00
19.722;47.5745;Jászfényszaru;Szabadság út 61.;Hétfő-5:00:23:00|Kedd-5:00:23:00|Szerda-5:00:23:00|Csütörtök-5:00:23:00|Péntek-5:00:23:00|Szombat-5:00:23:00|Vasárnap-5:00:23:00
19.9863;47.5206;Jászjákóhalma;Fő út 27/A.;Hétfő-6:15:19:00|Kedd-6:15:19:00|Szerda-6:15:19:00|Csütörtök-6:15:19:00|Péntek-6:15:9:00|Szombat-6:15:13:00|Vasárnap-7:00:11:00
20.158;47.3708;Jászladány;Kossuth Lajos út 23.;Hétfő-5:15:18:00|Kedd-5:15:18:00|Szerda-5:15:18:00|Csütörtök-5:15:18:00|Péntek-5:15:18:00|Szombat-5:15:13:30|Vasárnap-Zárva
20.1684;47.3648;Jászladány;Kossuth Lajos utca 111.;Hétfő-7:00:19:00|Kedd-7:00:19:00|Szerda-7:00:19:00|Csütörtök-7:00:19:00|Péntek-7:00:19:00|Szombat-7:00:19:00|Vasárnap-7:00:19:00
19.7596;46.5676;Jászszentlászló;Alkotmány utca 5.;Hétfő-6:00:20:00|Kedd-6:00:20:00|Szerda-6:00:20:00|Csütörtök-6:00:20:00|Péntek-6:00:20:00|Szombat-6:00:20:00|Vasárnap-6:00:20:00
19.7583;46.5683;Jászszentlászló;Kossuth utca  2.-1.;Hétfő-5:30:19:00|Kedd-5:30:19:00|Szerda-5:30:19:00|Csütörtök-5:30:19:00|Péntek-5:30:19:00|Szombat-5:30:19:00|Vasárnap-7:00:11:00
19.6787;47.8318;Jobbágyi;Hunyadi 27.;Hétfő-6:00:19:00|Kedd-6:00:19:00|Szerda-6:00:19:00|Csütörtök-6:00:19:00|Péntek-6:00:19:00|Szombat-6:00:15:00|Vasárnap-6:00:13:00
21.277359;47.356378;Kaba;Hajdú utca 2.;Hétfő-6:00:20:00|Kedd-6:00:20:00|Szerda-6:00:20:00|Csütörtök-6:00:20:00|Péntek-6:00:20:00|Szombat-07:00:18:00|Vasárnap-Zárva
21.2694;47.3611;Kaba;Rákóczi Ferenc utca 111.;Hétfő-5:00:19:00|Kedd-5:00:19:00|Szerda-5:00:19:00|Csütörtök-5:00:19:00|Péntek-5:00:19:00|Szombat-7:00:19:00|Vasárnap-7:00:12:00
21.2717;47.3587;Kaba;Rákóczi út  85-87.;Hétfő-7:00:16:00|Kedd-7:00:18:00|Szerda-7:00:18:00|Csütörtök-7:00:18:00|Péntek-7:00:18:00|Szombat-7:00:12:00|Vasárnap-8:00:10:00
17.6375;47.4896;Kajárpéc;Kis utca 11.;Hétfő-6:30:18:00|Kedd-6:30:18:00|Szerda-6:30:18:00|Csütörtök-6:30:18:00|Péntek-6:30:18:00|Szombat-7:00:13:00|Vasárnap-7:00:11:00
18.7207;47.3262;Kajászó;Rákóczi utca  29.;Hétfő-6:00:19:00|Kedd-6:00:19:00|Szerda-6:00:19:00|Csütörtök-6:00:19:00|Péntek-6:00:19:00|Szombat-6:00:12:00|Vasárnap-7:00:12:00
20.2614;47.7299;Kál;Fő út alsó 7-9.;Hétfő-6:00:20:00|Kedd-6:00:20:00|Szerda-6:00:2:00|Csütörtök-6:00:20:00|Péntek-6:00:20:00|Szombat-6:00:20:00|Vasárnap-7:00:19:00
20.2602;47.7328;Kál;Rózsa utca 17.;Hétfő-5:00:20:00|Kedd-5:00:20:00|Szerda-5:00:20:00|Csütörtök-5:00:20:00|Péntek-5:00:20:00|Szombat-7:00:19:00|Vasárnap-Zárva
17.045;47.1604;Káld;Rákóczi utca 4.   4.;Hétfő-7:00:18:00|Kedd-7:00:18:00|Szerda-7:00:18:00|Csütörtök-7:00:18:00|Péntek-7:00:18:00|Szombat-7:00:15:00|Vasárnap-Zárva
21.9385;47.8589;Kállósemjén;Klapka utca  1.;Hétfő-6:00:18:00|Kedd-6:00:18:00|Szerda-6:00:18:00|Csütörtök-6:00:18:00|Péntek-6:00:18:00|Szombat-6:00:14:00|Vasárnap-6:00:14:00
21.9233;47.8593;Kállósemjén;Kossuth 104;Hétfő-6:00:20:00|Kedd-6:00:20:00|Szerda-6:00:20:00|Csütörtök-6:00:20:00|Péntek-6:00:20:00|Szombat-6:00:18:00|Vasárnap-7:00:17:00
21.5766162;47.8815173;Kálmánháza;Dorogi út 54.;Hétfő-8:00:17:00|Kedd-8:00:17:00|Szerda-8:00:17:00|Csütörtök-8:00:17:00|Péntek-8:00:17:00|Szombat-8:00:12:00|Vasárnap-Zárva
18.98;46.521;Kalocsa;Bátyai út 8-10.;Hétfő-7:00:22:00|Kedd-7:00:22:00|Szerda-7:00:22:00|Csütörtök-7:00:22:00|Péntek-7:00:22:00|Szombat-9:00:22:00|Vasárnap-7:00:15:00
18.9763;46.525;Kalocsa;BÚZAPIAC TÉR 3.;Hétfő-7:00:21:00|Kedd-7:00:21:00|Szerda-6:00:21:00|Csütörtök-7:00:21:00|Péntek-7:00:21:00|Szombat-6:00:0:00|Vasárnap-Zárva
18.9852;46.5365;Kalocsa;Pataji út 30.;Hétfő-6:00:21:00|Kedd-6:00:21:00|Szerda-6:00:21:00|Csütörtök-6:00:21:00|Péntek-6:00:21:00|Szombat-6:00:21:00|Vasárnap-6:00:21:00
18.982;46.524;Kalocsa;Szent István Király út 78.;Hétfő-6:00:22:00|Kedd-6:00:22:00|Szerda-6:00:22:00|Csütörtök-6:00:22:00|Péntek-6:00:22:00|Szombat-6:00:22:00|Vasárnap-6:00:22:00
18.9805;46.5249;Kalocsa;Szent István utca 58.;Hétfő-8:00:20:00|Kedd-8:00:20:00|Szerda-8:00:20:00|Csütörtök-8:00:20:00|Péntek-8:00:20:00|Szombat-8:00:20:00|Vasárnap-Zárva
18.4871;46.9573;Káloz;Bajcsy-Zsilinszky utca  11.;Hétfő-8:00:16:00|Kedd-8:00:16:00|Szerda-8:00:16:00|Csütörtök-8:00:16:00|Péntek-8:00:16:00|Szombat-8:00:12:00|Vasárnap-Zárva
16.8758;47.1059;Kám;Petőfi út 1.;Hétfő-6:00:18:00|Kedd-6:00:18:00|Szerda-6:00:18:00|Csütörtök-6:00:18:00|Péntek-6:00:18:00|Szombat-6:00:12:00|Vasárnap-6:00:12:00
20.9785;46.7611;Kamut;Petőfi utca 44.;Hétfő-6:00:18:00|Kedd-6:00:18:00|Szerda-6:00:18:00|Csütörtök-6:00:18:00|Péntek-6:00:18:00|Szombat-7:00:15:00|Vasárnap-Zárva
22.1486;47.9328;Kántorjánosi;Kossuth Lajos u.  47.;Hétfő-6:00:18:00|Kedd-6:00:18:00|Szerda-6:00:18:00|Csütörtök-6:00:18:00|Péntek-6:00:18:00|Szombat-6:00:16:00|Vasárnap-6:00:16:00
22.1481;47.935;Kántorjánosi;Kossuth u. 16.;Hétfő-6:00:18:00|Kedd-6:00:18:00|Szerda-6:00:18:00|Csütörtök-6:00:18:00|Péntek-6:00:18:00|Szombat-6:00:14:00|Vasárnap-6:00:10:00
18.6679;47.2377;Kápolnásnyék;Fő u. 2;Hétfő-8:00:20:00|Kedd-8:00:20:00|Szerda-8:00:20:00|Csütörtök-8:00:20:00|Péntek-8:00:20:00|Szombat-8:00:20:00|Vasárnap-8:00:12:00
18.1298;46.3265;Kaposszekcső;Ifjuság utca 34.;Hétfő-6:00:17:00|Kedd-6:00:17:00|Szerda-6:00:17:00|Csütörtök-6:00:17:00|Péntek-6:00:17:00|Szombat-6:00:10:00|Vasárnap-8:00:10:00
17.7824;46.3718;Kaposvár;Füredi  55;Hétfő-6:00:22:00|Kedd-6:00:22:00|Szerda-6:00:22:00|Csütörtök-6:00:22:00|Péntek-6:00:22:00|Szombat-6:00:22:00|Vasárnap-6:00:22:00
17.7881;46.3661;Kaposvár;Honvéd 57;Hétfő-6:00:22:00|Kedd-6:00:22:00|Szerda-6:00:22:00|Csütörtök-6:00:22:00|Péntek-6:00:22:00|Szombat-6:00:22:00|Vasárnap-6:00:22:00
17.7882;46.3669;Kaposvár;Honvéd 61;Hétfő-6:00:22:00|Kedd-6:00:22:00|Szerda-6:00:22:00|Csütörtök-6:00:22:00|Péntek-6:00:22:00|Szombat-6:00:22:00|Vasárnap-7:00:12:00
17.7794;46.4083;Kaposvár;Kaposfüredi 98;Hétfő-6:30:19:30|Kedd-6:30:19:30|Szerda-6:30:19:30|Csütörtök-6:30:19:30|Péntek-6:30:19:30|Szombat-6:30:19:30|Vasárnap-6:30:19:30
17.7815;46.3672;Kaposvár;Szondi 10;Hétfő-6:00:22:00|Kedd-6:00:22:00|Szerda-6:00:22:00|Csütörtök-6:00:22:00|Péntek-6:00:22:00|Szombat-6:00:22:00|Vasárnap-6:00:22:00
17.7919;46.3737;Kaposvár;Zaranyi lakótelep 1/B;Hétfő-6:00:20:00|Kedd-6:00:20:00|Szerda-6:00:20:00|Csütörtök-6:00:20:00|Péntek-6:00:20:00|Szombat-6:00:16:00|Vasárnap-6:00:14:00
17.3422;47.064;Káptalanfa;Rákóczi út 1.;Hétfő-7:00:11:00|Kedd-7:00:11:00|Szerda-7:00:11:00|Csütörtök-7:00:11:00|Péntek-7:00:11:00|Szombat-7:00:11:00|Vasárnap-Zárva
17.0396;47.5909;Kapuvár;Bercsényi u. 65.;Hétfő-6:00:22:00|Kedd-6:00:22:00|Szerda-6:00:22:00|Csütörtök-6:00:22:00|Péntek-6:00:22:00|Szombat-6:00:22:00|Vasárnap-6:00:22:00
17.0247;47.5934;Kapuvár;Fő tér 14;Hétfő-8:00:20:00|Kedd-8:00:20:00|Szerda-8:00:20:00|Csütörtök-8:00:20:00|Péntek-8:00:20:00|Szombat-8:00:16:00|Vasárnap-Zárva
17.0279;47.5906;Kapuvár;Kossuth u. 1.;Hétfő-6:00:18:00|Kedd-6:00:18:00|Szerda-6:00:18:00|Csütörtök-6:00:18:00|Péntek-6:00:18:00|Szombat-6:00:14:00|Vasárnap-Zárva
17.0222;47.5924;Kapuvár;Szent István Király út 14.;Hétfő-5:00:21:00|Kedd-5:00:21:00|Szerda-5:00:21:00|Csütörtök-5:00:21:00|Péntek-5:00:21:00|Szombat-6:00:22:00|Vasárnap-7:00:19:00
20.0278;47.7276;Karácsond;Szent István út 34.;Hétfő-7:00:15:00|Kedd-7:00:15:00|Szerda-7:00:15:00|Csütörtök-7:00:15:00|Péntek-7:00:15:00|Szombat-8:00:12:00|Vasárnap-Zárva
17.84;46.6919;Karád;Kossuth Lajos u. 4.;Hétfő-6:00:17:00|Kedd-6:00:17:00|Szerda-6:00:17:00|Csütörtök-6:00:17:00|Péntek-6:00:17:00|Szombat-6:00:11:00|Vasárnap-7:00:11:00
20.9269;47.3067;Karcag;Baross utca 35.;Hétfő-5:30:21:00|Kedd-5:30:21:00|Szerda-5:30:21:00|Csütörtök-5:30:21:00|Péntek-5:30:21:00|Szombat-5:30:21:00|Vasárnap-5:30:21:00
20.9259;47.3202;Karcag;Dózsa György út 19.;Hétfő-6:00:18:00|Kedd-6:00:18:00|Szerda-6:00:18:00|Csütörtök-6:00:18:00|Péntek-6:00:18:00|Szombat-6:00:17:00|Vasárnap-7:00:16:00
20.9222;47.3191;Karcag;Horváth Ferenc utca 7.;Hétfő-6:30:19:00|Kedd-6:30:19:00|Szerda-6:30:19:00|Csütörtök-6:30:19:00|Péntek-6:30:19:00|Szombat-6:30:17:00|Vasárnap-9:00:17:00
20.9272;47.3194;Karcag;Kacsóh utca 3/8.;Hétfő-5:30:19:00|Kedd-5:30:19:00|Szerda-5:30:19:00|Csütörtök-5:30:19:00|Péntek-5:30:19:00|Szombat-6:30:18:00|Vasárnap-9:00:18:00
20.9218;47.3181;Karcag;Kálvin utca 1.;Hétfő-6:00:18:00|Kedd-6:00:18:00|Szerda-6:00:18:00|Csütörtök-6:00:18:00|Péntek-6:00:18:00|Szombat-6:00:12:00|Vasárnap-7:00:13:00
20.9049;47.3052;Karcag;Kisújszállási út 51/B.;Hétfő-5:30:20:00|Kedd-5:30:20:00|Szerda-5:30:20:00|Csütörtök-5:30:20:00|Péntek-5:30:20:00|Szombat-5:30:20:00|Vasárnap-7:00:18:00
20.9248;47.3164;Karcag;Püspökladányi utca 9.;Hétfő-5:00:22:00|Kedd-5:00:22:00|Szerda-5:00:22:00|Csütörtök-5:00:22:00|Péntek-5:00:22:00|Szombat-5:00:22:00|Vasárnap-7:00:20:00
20.9234;47.3125;Karcag;Széchenyi sugárút 33.;Hétfő-7:00:20:00|Kedd-7:00:20:00|Szerda-7:00:20:00|Csütörtök-7:00:20:00|Péntek-7:00:20:00|Szombat-7:00:21:00|Vasárnap-7:00:16:00
20.9296;47.3197;Karcag;Szent István sugárút 17.;Hétfő-5:00:21:00|Kedd-5:00:21:00|Szerda-5:00:21:00|Csütörtök-5:00:21:00|Péntek-5:00:21:00|Szombat-6:00:21:00|Vasárnap-6:00:21:00
20.6991;46.4965;Kardoskút;Árpád sor 4.;Hétfő-9:00:17:00|Kedd-9:00:17:00|Szerda-9:00:17:00|Csütörtök-9:00:17:00|Péntek-9:00:17:00|Szombat-9:00:17:00|Vasárnap-Zárva
20.6167;48.2594;Kazincbarcika;Attila u. 10/B.;Hétfő-8:00:0:00|Kedd-8:00:0:00|Szerda-8:00:0:00|Csütörtök-8:00:0:00|Péntek-8:00:0:00|Szombat-8:00:0:00|Vasárnap-8:00:0:00
20.6307;48.256;Kazincbarcika;Babits Mihály u. 1.;Hétfő-6:00:22:00|Kedd-6:00:22:00|Szerda-6:00:22:00|Csütörtök-6:00:22:00|Péntek-6:00:22:00|Szombat-6:00:22:00|Vasárnap-7:00:17:00
20.6268;48.2549;Kazincbarcika;Csokonai út 14.;Hétfő-6:00:21:00|Kedd-6:00:21:00|Szerda-6:00:21:00|Csütörtök-6:00:21:00|Péntek-6:00:21:00|Szombat-6:00:21:00|Vasárnap-6:00:21:00
20.6215;48.2518;Kazincbarcika;Egressy Béni  út 37.;Hétfő-6:00:22:00|Kedd-6:00:22:00|Szerda-6:00:22:00|Csütörtök-6:00:22:00|Péntek-6:00:22:00|Szombat-6:00:22:00|Vasárnap-6:00:22:00
20.6181;48.2477;Kazincbarcika;Egressy Béni út 14.;Hétfő-5:00:20:00|Kedd-5:00:20:00|Szerda-5:00:20:00|Csütörtök-5:00:20:00|Péntek-5:00:22:00|Szombat-8:00:22:00|Vasárnap-8:00:20:00
20.6199;48.2501;Kazincbarcika;Egressy Béni út 27.;Hétfő-6:00:22:00|Kedd-6:00:22:00|Szerda-6:00:22:00|Csütörtök-6:00:22:00|Péntek-6:00:22:00|Szombat-6:00:22:00|Vasárnap-Zárva
20.6241;48.2534;Kazincbarcika;Egressy u. 40.;Hétfő-6:00:18:00|Kedd-6:00:18:30|Szerda-6:00:18:30|Csütörtök-6:00:18:30|Péntek-6:00:18:30|Szombat-6:00:14:00|Vasárnap-Zárva
20.6165;48.2466;Kazincbarcika;Egressy út 1/C.;Hétfő-6:00:18:00|Kedd-6:00:18:00|Szerda-6:00:18:00|Csütörtök-6:00:18:00|Péntek-6:00:18:00|Szombat-7:00:15:00|Vasárnap-Zárva
20.6185;48.2482;Kazincbarcika;Jókai tér 2. fsz/3.;Hétfő-6:00:20:00|Kedd-6:00:20:00|Szerda-6:00:20:00|Csütörtök-6:00:20:00|Péntek-6:00:20:00|Szombat-6:00:20:00|Vasárnap-8:00:18:00
20.6254;48.2492;Kazincbarcika;Mátyás király út 44-48.;Hétfő-8:00:21:00|Kedd-8:00:21:00|Szerda-8:00:21:00|Csütörtök-8:00:21:00|Péntek-8:00:22:00|Szombat-8:00:22:00|Vasárnap-8:00:21:00
20.6232;48.2479;Kazincbarcika;Mátyás király út 49/A.;Hétfő-6:00:20:00|Kedd-6:00:20:00|Szerda-6:00:20:00|Csütörtök-6:00:20:00|Péntek-6:00:20:00|Szombat-6:00:20:00|Vasárnap-8:00:18:00
20.6352;48.2555;Kazincbarcika;Szemere Bertalan tér  1.;Hétfő-6:00:22:00|Kedd-6:00:22:00|Szerda-6:00:22:00|Csütörtök-6:00:22:00|Péntek-6:00:22:00|Szombat-6:00:20:00|Vasárnap-6:00:22:00
20.6027;48.2378;Kazincbarcika;Tardonai u. 70.;Hétfő-7:00:19:00|Kedd-7:00:19:00|Szerda-7:00:19:00|Csütörtök-7:00:19:00|Péntek-7:00:19:00|Szombat-7:00:15:00|Vasárnap-Zárva
19.2452;46.5262;Kecel;Bocskai utca 2/1.;Hétfő-6:00:18:00|Kedd-6:00:18:00|Szerda-6:00:18:00|Csütörtök-6:00:18:00|Péntek-6:00:18:00|Szombat-6:00:14:00|Vasárnap-7:00:12:00
19.2516;46.5227;Kecel;Császártöltési út 16.;Hétfő-5:00:21:00|Kedd-5:00:21:00|Szerda-5:00:21:00|Csütörtök-5:00:21:00|Péntek-5:00:21:00|Szombat-5:00:21:00|Vasárnap-5:00:21:00
19.254;46.5243;Kecel;Szabadság tér 1/6.;Hétfő-6:00:18:00|Kedd-6:00:18:00|Szerda-6:00:18:00|Csütörtök-6:00:18:00|Péntek-6:00:18:00|Szombat-6:00:14:00|Vasárnap-Zárva
19.2526;46.5282;Kecel;Vasút utca 37.;Hétfő-5:30:21:30|Kedd-5:30:21:30|Szerda-5:30:21:30|Csütörtök-5:30:21:30|Péntek-5:30:21:30|Szombat-5:30:12:30|Vasárnap-6:00:11:00
18.3094;47.5234;Kecskéd;Fő utca 2;Hétfő-6:00:18:00|Kedd-6:00:18:00|Szerda-6:00:18:00|Csütörtök-6:00:18:00|Péntek-6:00:18:00|Szombat-7:00:16:00|Vasárnap-8:00:12:00
17.1055;46.836;Kehidakustány;Kossuth Lajos u. 56.;Hétfő-7:00:19:00|Kedd-7:00:19:00|Szerda-7:00:19:00|Csütörtök-7:00:19:00|Péntek-7:00:19:00|Szombat-7:00:19:00|Vasárnap-Zárva
21.8786;48.1187;Kék;Kölcsey u. 29.;Hétfő-6:00:18:00|Kedd-6:00:18:00|Szerda-6:00:18:00|Csütörtök-6:00:18:00|Péntek-6:00:18:00|Szombat-7:00:13:00|Vasárnap-Zárva
20.4289;48.3559;Kelemér;Tompa M. út 31.;Hétfő-6:00:16:30|Kedd-6:00:16:30|Szerda-6:00:16:30|Csütörtök-6:00:16:30|Péntek-6:00:16:30|Szombat-6:00:12:00|Vasárnap-6:00:12:00
21.7994;48.0699;Kemecse;Móricz Zsigmond utca 55.   55.;Hétfő-5:00:21:00|Kedd-5:00:21:00|Szerda-5:00:21:00|Csütörtök-5:00:21:00|Péntek-5:00:21:00|Szombat-5:00:21:00|Vasárnap-6:00:20:00
21.7974;48.0663;Kemecse;Szent István  35;Hétfő-7:00:19:00|Kedd-7:00:19:00|Szerda-7:00:19:00|Csütörtök-7:00:19:00|Péntek-7:00:19:00|Szombat-7:00:19:00|Vasárnap-7:00:12:00
17.208046;47.331499;Kemenesmagasi;Tulok utca 41.;Hétfő-7:00:17:00|Kedd-7:00:17:00|Szerda-7:00:17:00|Csütörtök-7:00:17:00|Péntek-7:00:17:00|Szombat-8:00:12:00|Vasárnap-8:00:10:00
20.6697;47.2488;Kenderes;Rákóczi út 34.;Hétfő-6:00:19:00|Kedd-6:00:19:00|Szerda-6:00:19:00|Csütörtök-6:00:19:00|Péntek-6:00:19:00|Szombat-7:00:15:00|Vasárnap-7:00:15:00
20.6619;47.2454;Kenderes;Virág út 4.;Hétfő-7:00:19:00|Kedd-7:00:19:00|Szerda-7:00:19:00|Csütörtök-7:00:19:00|Péntek-7:00:19:00|Szombat-7:00:19:00|Vasárnap-8:00:11:00
20.6202;47.3026;Kenderes-Bánhalma;Ságvári Endre út 36.;Hétfő-5:30:18:00|Kedd-5:30:18:00|Szerda-5:30:18:00|Csütörtök-5:30:18:00|Péntek-5:30:18:00|Szombat-5:30:12:00|Vasárnap-6:30:11:00
20.3358;47.0852;Kengyel;Zrínyi Miklós út 26.;Hétfő-6:00:18:00|Kedd-6:00:18:00|Szerda-6:00:18:00|Csütörtök-6:00:18:00|Péntek-6:00:18:00|Szombat-7:00:15:00|Vasárnap-Zárva
20.3473;47.797;Kerecsend;Fő 45;Hétfő-7:00:19:00|Kedd-7:00:19:00|Szerda-7:00:19:00|Csütörtök-7:00:19:00|Péntek-7:00:19:00|Szombat-7:00:13:00|Vasárnap-8:00:12:00
20.3435;47.7958;Kerecsend;Fő út  87.;Hétfő-6:00:18:00|Kedd-6:00:18:00|Szerda-6:00:18:00|Csütörtök-6:00:18:00|Péntek-6:00:18:00|Szombat-6:00:12:00|Vasárnap-Zárva
19.2693;47.5732;Kerepes;József Attila utca    51.;Hétfő-6:00:20:00|Kedd-6:00:20:00|Szerda-6:00:20:00|Csütörtök-6:00:20:00|Péntek-6:00:20:00|Szombat-6:00:19:00|Vasárnap-7:00:18:00
19.2824;47.5613;Kerepes;Mogyoródi u 1.;Hétfő-8:00:18:00|Kedd-8:00:18:00|Szerda-8:00:18:00|Csütörtök-8:00:18:00|Péntek-8:00:18:00|Szombat-7:00:14:00|Vasárnap-Zárva
19.2908;47.565;Kerepes;Szabadság út  173.;Hétfő-7:00:19:00|Kedd-7:00:19:00|Szerda-7:00:19:00|Csütörtök-7:00:19:00|Péntek-7:00:19:00|Szombat-7:00:18:00|Vasárnap-8:00:15:00
19.2716;47.5528;Kerepes;Szabadság út 92.;Hétfő-5:00:22:00|Kedd-5:00:22:00|Szerda-5:00:22:00|Csütörtök-5:00:22:00|Péntek-5:00:22:00|Szombat-5:00:22:00|Vasárnap-6:00:22:00
19.2756;47.5556;Kerepes;Szabadság utca 1/A.;Hétfő-8:00:17:00|Kedd-8:00:17:00|Szerda-8:00:17:00|Csütörtök-8:00:17:00|Péntek-8:00:17:00|Szombat-8:00:15:00|Vasárnap-Zárva
17.247313;46.773398;Keszthely;Nagy Lajos Király út.62;Hétfő-05:30:22:00|Kedd-05:30:22:00|Szerda-5:30:22:00|Csütörtök-05:30:22:00|Péntek-5:30:22:00|Szombat-5:30:22:00|Vasárnap-05:30:22:00
17.2369;46.7663;Keszthely;Bercsényi  utca 65.;Hétfő-7:00:20:00|Kedd-7:00:20:00|Szerda-7:00:20:00|Csütörtök-7:00:20:00|Péntek-7:00:20:00|Szombat-7:00:20:00|Vasárnap-7:00:20:00
17.2387;46.7584;Keszthely;Bercsényi u. 2/A.;Hétfő-7:00:19:00|Kedd-7:00:19:00|Szerda-7:00:19:00|Csütörtök-7:00:19:00|Péntek-7:00:19:00|Szombat-7:00:19:00|Vasárnap-7:00:19:00
17.2623;46.7779;Keszthely;Csapás u. 27.;Hétfő-6:00:22:00|Kedd-6:00:22:00|Szerda-6:00:22:00|Csütörtök-6:00:22:00|Péntek-6:00:22:00|Szombat-6:00:22:00|Vasárnap-6:00:22:00
17.2425;46.7665;Keszthely;Kossuth L utca  25.;Hétfő-9:30:19:00|Kedd-9:30:19:00|Szerda-9:30:19:00|Csütörtök-9:30:19:00|Péntek-9:30:19:00|Szombat-9:30:19:00|Vasárnap-Zárva
17.2419;46.7569;Keszthely;Kossuth Lajos u. 82.;Hétfő-6:00:20:00|Kedd-6:00:20:00|Szerda-6:00:20:00|Csütörtök-6:00:20:00|Péntek-6:00:4:00|Szombat-6:00:4:00|Vasárnap-9:00:17:00
17.2422;46.7682;Keszthely;Kossuth Lajos utca 3.;Hétfő-8:30:18:00|Kedd-8:30:18:00|Szerda-8:30:18:00|Csütörtök-8:30:18:00|Péntek-8:30:18:00|Szombat-8:30:18:00|Vasárnap-8:30:18:00
17.2457;46.7692;Keszthely;Rákóczi  1. em: B.;Hétfő-7:00:19:00|Kedd-7:00:19:00|Szerda-7:00:19:00|Csütörtök-7:00:19:00|Péntek-7:00:19:00|Szombat-7:00:15:00|Vasárnap-9:00:12:00
17.2529;46.7699;Keszthely;Tapolcai út 6-8.;Hétfő-6:00:22:00|Kedd-6:00:22:00|Szerda-6:00:22:00|Csütörtök-6:00:22:00|Péntek-6:00:22:00|Szombat-6:00:22:00|Vasárnap-8:00:19:00
17.2477;46.7701;Keszthely;Vásár tér 1;Hétfő-5:00:23:00|Kedd-5:00:23:00|Szerda-5:00:23:00|Csütörtök-5:00:23:00|Péntek-5:00:23:00|Szombat-5:00:24:00|Vasárnap-0:00:12:00
18.7968;47.7118;Kesztölc;Szabadság tér 14-16.;Hétfő-6:00:18:00|Kedd-6:00:19:00|Szerda-6:00:19:00|Csütörtök-6:00:19:00|Péntek-6:00:19:00|Szombat-6:00:15:00|Vasárnap-7:00:12:00
18.1907;46.0158;Keszü;Petőfi S. u. 127.;Hétfő-6:30:15:30|Kedd-6:30:15:30|Szerda-6:30:15:30|Csütörtök-6:30:15:30|Péntek-6:30:15:30|Szombat-7:00:11:00|Vasárnap-7:00:11:00
19.2858;47.9362;Kétbodony;Madách  47.;Hétfő-6:00:17:00|Kedd-6:00:17:00|Szerda-6:00:17:00|Csütörtök-6:00:17:00|Péntek-6:00:17:00|Szombat-6:00:15:00|Vasárnap-7:00:11:00
21.1899;46.5449;Kétegyháza;Béke utca 1.;Hétfő-7:00:19:00|Kedd-7:00:19:00|Szerda-7:00:19:00|Csütörtök-7:00:19:00|Péntek-7:00:19:00|Szombat-7:00:15:00|Vasárnap-7:00:12:00
21.174;46.535;Kétegyháza;Zrínyi utca 14.;Hétfő-6:00:19:00|Kedd-6:00:19:00|Szerda-6:00:19:00|Csütörtök-6:00:19:00|Péntek-6:00:19:00|Szombat-6:00:19:00|Vasárnap-8:00:12:00
17.3939;46.6442;Kéthely;Ady  Endre utca 2;Hétfő-6:00:19:00|Kedd-6:00:19:00|Szerda-6:00:19:00|Csütörtök-6:00:19:00|Péntek-6:00:19:00|Szombat-7:00:13:00|Vasárnap-Zárva
17.3926;46.6509;Kéthely;Balaton 1;Hétfő-5:00:19:30|Kedd-5:00:19:30|Szerda-5:00:19:30|Csütörtök-5:00:19:30|Péntek-5:00:19:30|Szombat-5:00:19:30|Vasárnap-6:00:19:30
20.482;47.077;Kétpó;Szent István út  1.;Hétfő-8:00:17:00|Kedd-8:00:17:00|Szerda-8:00:17:00|Csütörtök-8:00:17:00|Péntek-8:00:17:00|Szombat-8:00:12:00|Vasárnap-Zárva
20.8896;46.7211;Kétsoprony;Kossuth utca 2/1.;Hétfő-6:00:19:00|Kedd-6:00:19:00|Szerda-6:00:19:00|Csütörtök-6:00:19:00|Péntek-6:00:19:00|Szombat-6:00:16:00|Vasárnap-10:00:12:00
17.3717;47.8274;Kimle;Fő út   99.;Hétfő-5:00:17:00|Kedd-5:00:17:00|Szerda-5:00:17:00|Csütörtök-5:00:17:00|Péntek-5:00:17:00|Szombat-5:30:12:00|Vasárnap-7:00:10:00
17.3682;47.8203;Kimle;Fő út  94.;Hétfő-5:00:18:00|Kedd-5:00:18:00|Szerda-5:00:18:00|Csütörtök-5:00:18:00|Péntek-5:00:18:00|Szombat-6:00:12:00|Vasárnap-7:00:11:00
18.27324;47.265695;Kincsesbánya;József A.u.12;Hétfő-5:30:19:30|Kedd-5:30:19:30|Szerda-5:30:19:30|Csütörtök-5:30:19:30|Péntek-5:30:19:30|Szombat-7:00:15:00|Vasárnap-7:00:10:00
18.27324;47.265695;Kincsesbánya;József A.u.12;Hétfő-5:30:19:30|Kedd-5:30:19:30|Szerda-5:30:19:30|Csütörtök-5:30:19:30|Péntek-5:30:19:30|Szombat-7:00:15:00|Vasárnap-7:00:10:00
18.2746;47.2649;Kincsesbánya;József Attila ut 12;Hétfő-5:30:19:30|Kedd-5:30:19:30|Szerda-5:30:19:30|Csütörtök-5:30:19:30|Péntek-5:30:19:30|Szombat-7:00:15:00|Vasárnap-7:00:10:00
17.9692;45.9975;Királyegyháza;Petőfi S. u. 174.;Hétfő-6:00:20:00|Kedd-6:00:20:00|Szerda-6:00:20:00|Csütörtök-6:00:20:00|Péntek-6:00:20:00|Szombat-6:00:14:00|Vasárnap-6:00:12:00
22.5115;48.0637;Kisar;Petőfi u. 34.;Hétfő-7:00:19:30|Kedd-7:00:19:30|Szerda-7:00:19:30|Csütörtök-7:00:19:30|Péntek-7:00:19:30|Szombat-7:00:15:30|Vasárnap-7:00:15:30
17.8651;46.605;Kisbárapáti;Fő 106.;Hétfő-8:00:20:00|Kedd-8:00:20:00|Szerda-8:00:20:00|Csütörtök-8:00:20:00|Péntek-16:00:20:00|Szombat-16:00:20:00|Vasárnap-Zárva
18.0255;47.5024;Kisbér;Kossuth L. utca 9.   9.;Hétfő-6:00:18:00|Kedd-6:00:18:00|Szerda-6:00:18:00|Csütörtök-6:00:18:00|Péntek-6:00:18:00|Szombat-6:00:18:00|Vasárnap-Zárva
18.0344;47.5014;Kisbér;Kozma Ferenc utca  2/A;Hétfő-5:30:21:30|Kedd-5:30:21:30|Szerda-5:30:21:30|Csütörtök-5:30:21:30|Péntek-5:30:21:30|Szombat-6:00:20:00|Vasárnap-6:00:20:00
19.2799;46.62;Kiskőrös;Batthyány Lajos út 15.;Hétfő-5:00:19:00|Kedd-5:00:19:00|Szerda-5:00:19:00|Csütörtök-5:00:19:00|Péntek-5:00:19:00|Szombat-5:00:13:00|Vasárnap-7:00:11:00
19.2801;46.6214;Kiskőrös;Dózsa György út  21.;Hétfő-6:00:20:00|Kedd-6:00:20:00|Szerda-6:00:20:00|Csütörtök-6:00:20:00|Péntek-6:00:20:00|Szombat-6:00:14:00|Vasárnap-8:00:11:30
19.29;46.6203;Kiskőrös;Liget utca 4.;Hétfő-6:00:20:00|Kedd-6:00:20:00|Szerda-6:00:20:00|Csütörtök-6:00:20:00|Péntek-6:00:20:00|Szombat-6:00:20:00|Vasárnap-6:00:12:00
19.2867;46.6181;Kiskőrös;Petőfi Sándor utca 13.;Hétfő-6:00:20:00|Kedd-6:00:20:00|Szerda-6:00:20:00|Csütörtök-6:00:20:00|Péntek-6:00:20:00|Szombat-6:00:20:00|Vasárnap-7:00:13:00
19.2901;46.6158;Kiskőrös;Petőfi Sándor utca 40.;Hétfő-6:00:22:00|Kedd-6:00:22:00|Szerda-6:00:22:00|Csütörtök-6:00:22:00|Péntek-6:00:22:00|Szombat-6:00:24:00|Vasárnap-6:00:24:00
19.285;46.6208;Kiskőrös;Petőfi tér 9. Fsz. 7.;Hétfő-7:00:19:00|Kedd-7:00:19:00|Szerda-7:00:19:00|Csütörtök-7:00:19:00|Péntek-7:00:19:00|Szombat-7:00:15:00|Vasárnap-Zárva
19.2836;46.6245;Kiskőrös;Rákóczi utca 68.;Hétfő-5:30:19:00|Kedd-5:30:19:00|Szerda-5:30:19:00|Csütörtök-5:30:19:00|Péntek-5:30:20:00|Szombat-5:30:20:00|Vasárnap-8:00:12:00
19.2862871;46.6161239;Kiskőrös;József Attila utca 81.;Hétfő-6:30:19:30|Kedd-6:30:19:30|Szerda-6:30:19:30|Csütörtök-6:30:19:30|Péntek-6:30:19:30|Szombat-6:30:19:30|Vasárnap-8:00:12:00
19.8439;46.7105;Kiskunfélegyháza;Attila utca 2.;Hétfő-5:00:22:00|Kedd-5:00:22:00|Szerda-5:00:22:00|Csütörtök-5:00:22:00|Péntek-5:00:23:00|Szombat-6:00:23:00|Vasárnap-6:00:14:00
19.8414;46.7158;Kiskunfélegyháza;Bercsényi utca 41.;Hétfő-5:00:20:00|Kedd-5:00:20:00|Szerda-5:00:20:00|Csütörtök-5:00:20:00|Péntek-5:00:22:00|Szombat-5:00:22:00|Vasárnap-6:00:14:00
19.8489;46.7169;Kiskunfélegyháza;Dr. Holló Lajos utca 26.;Hétfő-6:00:22:00|Kedd-6:00:22:00|Szerda-6:00:22:00|Csütörtök-6:00:22:00|Péntek-6:00:22:00|Szombat-6:00:14:00|Vasárnap-7:00:13:00
19.8497;46.7146;Kiskunfélegyháza;Dr. Holló Lajos utca 5.;Hétfő-5:00:23:30|Kedd-5:00:23:30|Szerda-5:00:23:30|Csütörtök-5:00:23:30|Péntek-5:00:23:30|Szombat-7:00:24:00|Vasárnap-0:00:17:00
19.8471;46.7219;Kiskunfélegyháza;Dr. Holló Lajos utca 69/108.;Hétfő-6:00:18:00|Kedd-6:00:18:00|Szerda-6:00:18:00|Csütörtök-6:00:18:00|Péntek-6:00:18:00|Szombat-8:00:16:00|Vasárnap-Zárva
19.8448;46.7106;Kiskunfélegyháza;Hunyadi utca 1.;Hétfő-5:00:20:00|Kedd-5:00:20:00|Szerda-5:00:20:00|Csütörtök-5:00:20:00|Péntek-5:00:20:00|Szombat-6:00:14:00|Vasárnap-Zárva
19.8524;46.7112;Kiskunfélegyháza;Jókai utca 1.;Hétfő-5:00:21:00|Kedd-5:00:21:00|Szerda-5:00:21:00|Csütörtök-5:00:21:00|Péntek-5:00:22:00|Szombat-5:00:22:00|Vasárnap-8:00:20:00
19.8426;46.7099;Kiskunfélegyháza;Kossuth Lajos utca 16/A FSZ 1;Hétfő-5:30:22:00|Kedd-5:30:22:00|Szerda-5:30:22:00|Csütörtök-5:30:22:00|Péntek-5:30:22:00|Szombat-5:30:22:00|Vasárnap-5:30:22:00
19.863;46.7043;Kiskunfélegyháza;Nefelejcs utca 20.;Hétfő-6:00:20:00|Kedd-6:00:20:00|Szerda-6:00:20:00|Csütörtök-6:00:20:00|Péntek-6:00:20:00|Szombat-6:00:15:00|Vasárnap-7:00:12:00
19.8522753;46.7033925;Kiskunfélegyháza;Gábor Áron utca 28.;Hétfő-5:00:20:00|Kedd-5:00:20:00|Szerda-5:00:20:00|Csütörtök-5:00:20:00|Péntek-5:00:20:00|Szombat-5:30:14:00|Vasárnap-6:00:12:00
19.4797;46.4312;Kiskunhalas;Eötvös utca 2 fsz. 2.;Hétfő-8:00:18:00|Kedd-8:00:18:00|Szerda-8:00:18:00|Csütörtök-8:00:18:00|Péntek-8:00:18:00|Szombat-8:00:12:00|Vasárnap-Zárva
19.4654;46.4284;Kiskunhalas;Kanizsa tér 2. fsz.4.;Hétfő-8:00:18:00|Kedd-8:00:18:00|Szerda-8:00:18:00|Csütörtök-8:00:18:00|Péntek-8:00:18:00|Szombat-8:00:12:00|Vasárnap-Zárva
19.4609;46.4241;Kiskunhalas;Keceli út 3.;Hétfő-6:00:18:00|Kedd-6:00:18:00|Szerda-6:00:18:00|Csütörtök-6:00:18:00|Péntek-6:00:18:00|Szombat-7:00:19:00|Vasárnap-Zárva
19.4795;46.4395;Kiskunhalas;Kisfaludy utca 51.;Hétfő-9:00:17:30|Kedd-9:00:17:30|Szerda-9:00:17:30|Csütörtök-9:00:17:30|Péntek-9:00:17:30|Szombat-8:00:12:00|Vasárnap-Zárva
19.4837;46.4315;Kiskunhalas;Mátyás tér 7. 2-7.;Hétfő-8:00:18:00|Kedd-8:00:18:00|Szerda-8:00:18:00|Csütörtök-8:00:18:00|Péntek-8:00:18:00|Szombat-8:00:12:00|Vasárnap-Zárva
19.4862;46.4241;Kiskunhalas;Szabadkai út 9.;Hétfő-7:00:20:00|Kedd-7:00:20:00|Szerda-7:00:20:00|Csütörtök-7:00:20:00|Péntek-7:00:20:00|Szombat-7:00:17:00|Vasárnap-7:00:12:00
19.4784;46.4302;Kiskunhalas;Szász Károly utca 2.;Hétfő-5:00:21:00|Kedd-5:00:21:00|Szerda-5:00:21:00|Csütörtök-5:00:21:00|Péntek-5:00:22:00|Szombat-5:00:22:00|Vasárnap-8:00:20:00
19.4829;46.4382;Kiskunhalas;Széchenyi út 29.;Hétfő-5:00:21:00|Kedd-5:00:21:00|Szerda-5:00:21:00|Csütörtök-5:00:21:00|Péntek-5:00:22:00|Szombat-5:00:22:00|Vasárnap-8:00:20:00
19.0067;47.19;Kiskunlacháza;Dózsa György út   72.;Hétfő-5:00:20:00|Kedd-5:00:20:00|Szerda-5:00:20:00|Csütörtök-5:00:20:00|Péntek-5:00:20:00|Szombat-7:00:18:00|Vasárnap-7:00:13:00
19.0046;47.1875;Kiskunlacháza;Dózsa György út 102.;Hétfő-6:00:21:00|Kedd-6:00:21:00|Szerda-6:00:21:00|Csütörtök-6:00:21:00|Péntek-6:00:21:00|Szombat-6:00:21:00|Vasárnap-6:00:21:00
19.0017;47.1827;Kiskunlacháza;Dózsa György út 156.;Hétfő-7:00:18:00|Kedd-7:00:18:00|Szerda-7:00:18:00|Csütörtök-7:00:18:00|Péntek-7:00:18:00|Szombat-7:00:12:00|Vasárnap-Zárva
19.0059;47.1891;Kiskunlacháza;Dózsa György út 84.;Hétfő-5:00:19:00|Kedd-5:00:19:00|Szerda-5:00:19:00|Csütörtök-5:00:19:00|Péntek-5:00:19:00|Szombat-5:00:13:00|Vasárnap-7:00:10:00
19.0078;47.1905;Kiskunlacháza;Rákóczi utca  1.;Hétfő-5:00:20:00|Kedd-5:00:20:00|Szerda-5:00:20:00|Csütörtök-5:00:20:00|Péntek-5:00:20:00|Szombat-6:00:14:00|Vasárnap-6:00:12:00
19.737331;46.495588;Kiskunmajsa;Félegyházi utca 16.;Hétfő-05:00:21:00|Kedd-05:00:21:00|Szerda-5:00:21:00|Csütörtök-05:00:21:00|Péntek-5:00:21:00|Szombat-5:00:21:00|Vasárnap-07:00:20:00
19.7371;46.4939;Kiskunmajsa;Csontos Károly utca 17.;Hétfő-5:00:21:00|Kedd-5:00:21:00|Szerda-5:00:21:00|Csütörtök-5:00:21:00|Péntek-5:00:22:00|Szombat-5:00:22:00|Vasárnap-8:00:20:00
19.7375;46.4955;Kiskunmajsa;Félegyházi út 16.;Hétfő-7:00:20:00|Kedd-7:00:20:00|Szerda-7:00:20:00|Csütörtök-7:00:20:00|Péntek-7:00:20:00|Szombat-10:00:22:00|Vasárnap-8:00:11:00
19.7392;46.4902;Kiskunmajsa;Fő út 85.;Hétfő-6:00:18:00|Kedd-6:00:18:00|Szerda-6:00:18:00|Csütörtök-6:00:18:00|Péntek-6:00:18:00|Szombat-6:00:14:00|Vasárnap-Zárva
19.742;46.4865;Kiskunmajsa;Fő utca 125.;Hétfő-5:00:21:00|Kedd-5:00:21:00|Szerda-5:00:21:00|Csütörtök-5:00:21:00|Péntek-5:00:22:00|Szombat-5:00:22:00|Vasárnap-8:00:20:00
19.7285;46.4869;Kiskunmajsa;Széktósor u. 19.;Hétfő-6:00:14:00|Kedd-6:00:14:00|Szerda-6:00:14:00|Csütörtök-6:00:14:00|Péntek-6:00:14:00|Szombat-6:00:12:00|Vasárnap-Zárva
19.7314;46.4937;Kiskunmajsa;Szent László u. 32.;Hétfő-5:00:22:00|Kedd-5:00:22:00|Szerda-5:00:22:00|Csütörtök-5:00:22:00|Péntek-5:00:22:00|Szombat-5:00:22:00|Vasárnap-5:00:21:00
18.3908;46.9548;Kisláng;Szent I. utca 64/A;Hétfő-6:00:18:00|Kedd-6:00:18:00|Szerda-6:00:18:00|Csütörtök-6:00:18:00|Péntek-6:00:18:00|Szombat-6:00:10:00|Vasárnap-Zárva
18.3852;46.9606;Kisláng;Szent István út  32.;Hétfő-6:00:18:00|Kedd-6:00:18:00|Szerda-6:00:18:00|Csütörtök-6:00:18:00|Péntek-6:00:18:00|Szombat-6:00:10:00|Vasárnap-Zárva
19.008716;47.826456;Kismaros;Kossúth út 54.;Hétfő-6:00:19:00|Kedd-6:00:19:00|Szerda-6:00:19:00|Csütörtök-6:00:19:00|Péntek-6:00:19:00|Szombat-6:00:19:00|Vasárnap-6:00:15:00
19.009;47.8265;Kismaros;Kossuth L u. 54.;Hétfő-6:00:19:00|Kedd-6:00:19:00|Szerda-6:00:19:00|Csütörtök-6:00:19:00|Péntek-6:00:19:00|Szombat-6:00:19:00|Vasárnap-6:00:15:00
19.2581;47.5394;Kistarcsa;Eperjesi út 36.;Hétfő-6:00:20:00|Kedd-6:00:20:00|Szerda-6:00:20:00|Csütörtök-6:00:20:00|Péntek-6:00:20:00|Szombat-6:00:20:00|Vasárnap-8:00:13:00
19.2583;47.5455;Kistarcsa;Hunyadi utca 8.;Hétfő-6:30:19:00|Kedd-6:30:19:00|Szerda-6:30:19:00|Csütörtök-6:30:19:00|Péntek-6:30:19:00|Szombat-6:30:17:00|Vasárnap-6:30:13:00
19.26;47.5503;Kistarcsa;Rákóczi körút  19.;Hétfő-7:00:17:00|Kedd-7:00:17:00|Szerda-7:00:17:00|Csütörtök-7:00:10:00|Péntek-7:00:17:00|Szombat-7:00:13:00|Vasárnap-Zárva
19.2636;47.5477;Kistarcsa;Szabadság u. 54.;Hétfő-6:00:22:00|Kedd-6:00:22:00|Szerda-6:00:22:00|Csütörtök-6:00:22:00|Péntek-6:00:22:00|Szombat-6:00:22:00|Vasárnap-6:00:22:00
19.2645;47.5483;Kistarcsa;Szabadság út 56/L;Hétfő-6:00:20:00|Kedd-6:00:20:00|Szerda-6:00:20:00|Csütörtök-6:00:20:00|Péntek-6:00:20:00|Szombat-6:00:20:00|Vasárnap-7:00:14:00
19.9801;46.4701;Kistelek;Kossuth utca  2.;Hétfő-6:00:20:00|Kedd-6:00:20:00|Szerda-6:00:20:00|Csütörtök-6:00:20:00|Péntek-6:00:20:00|Szombat-6:00:20:00|Vasárnap-6:00:20:00
19.9763;46.4739;Kistelek;Kossuth utca 40.;Hétfő-6:00:22:00|Kedd-6:00:22:00|Szerda-6:00:22:00|Csütörtök-6:00:22:00|Péntek-6:00:22:00|Szombat-6:00:22:00|Vasárnap-10:00:16:00
19.9809;46.4688;Kistelek;Petőfi utca 6.;Hétfő-5:00:22:00|Kedd-5:00:22:00|Szerda-5:00:22:00|Csütörtök-5:00:22:00|Péntek-5:00:0:00|Szombat-5:00:0:00|Vasárnap-5:00:22:00
19.9762;46.4677;Kistelek;Rákóczi utca 30.;Hétfő-5:30:15:00|Kedd-5:30:16:00|Szerda-5:30:16:00|Csütörtök-5:30:16:00|Péntek-5:30:15:00|Szombat-6:00:10:00|Vasárnap-7:00:10:00
20.7509;47.2122;Kisújszállás;Kígyó utca 18;Hétfő-5:00:21:00|Kedd-5:00:21:00|Szerda-5:00:21:00|Csütörtök-5:00:21:00|Péntek-5:00:21:00|Szombat-5:00:21:00|Vasárnap-5:00:21:00
20.754;47.2161;Kisújszállás;Nagy Imre utca 7.;Hétfő-5:00:22:00|Kedd-5:00:22:00|Szerda-5:00:22:00|Csütörtök-5:00:22:00|Péntek-0:00:24:00|Szombat-0:00:24:00|Vasárnap-0:00:24:00
20.7497;47.2175;Kisújszállás;Petőfi utca 1.;Hétfő-6:00:20:00|Kedd-6:00:20:00|Szerda-6:00:20:00|Csütörtök-6:00:20:00|Péntek-6:00:23:00|Szombat-6:00:23:00|Vasárnap-6:00:14:00
20.7569;47.2171;Kisújszállás;Piac utca 2.;Hétfő-6:00:22:00|Kedd-6:00:22:00|Szerda-6:00:22:00|Csütörtök-6:00:22:00|Péntek-6:00:22:00|Szombat-6:00:14:00|Vasárnap-7:00:12:00
20.7447;47.2188;Kisújszállás;Sugár utca   15.;Hétfő-6:00:20:00|Kedd-6:00:20:00|Szerda-6:00:20:00|Csütörtök-6:00:20:00|Péntek-6:00:20:00|Szombat-6:00:22:00|Vasárnap-7:00:18:00
20.7576;47.2173;Kisújszállás;Szabadság utca 2/a.;Hétfő-5:15:19:00|Kedd-5:15:19:00|Szerda-5:15:19:00|Csütörtök-5:15:19:00|Péntek-5:15:19:00|Szombat-5:15:19:00|Vasárnap-6:00:12:00
22.0824;48.2138;Kisvárda;Homokkert    12/A;Hétfő-6:00:20:00|Kedd-6:00:20:00|Szerda-6:00:20:00|Csütörtök-6:00:20:00|Péntek-6:00:20:00|Szombat-6:00:15:00|Vasárnap-7:00:12:00
22.0787;48.2089;Kisvárda;Vasút 2;Hétfő-5:00:23:00|Kedd-5:00:23:00|Szerda-5:00:23:00|Csütörtök-5:00:23:00|Péntek-5:00:23:00|Szombat-7:00:23:00|Vasárnap-7:00:23:00
22.0799;48.2154;Kisvárda;Vörösmarty  4;Hétfő-6:00:22:00|Kedd-6:00:22:00|Szerda-6:00:22:00|Csütörtök-6:00:22:00|Péntek-6:00:22:00|Szombat-6:00:22:00|Vasárnap-14:00:20:00
22.0878;48.2083;Kisvárda;Árpád út 55.;Hétfő-6:00:20:00|Kedd-6:00:20:00|Szerda-6:00:20:00|Csütörtök-6:00:20:00|Péntek-6:00:22:00|Szombat-7:00:22:00|Vasárnap-8:00:20:00
18.2134;47.605;Kocs;Kis u.  3-5;Hétfő-6:00:20:00|Kedd-6:00:20:00|Szerda-6:00:20:00|Csütörtök-6:00:20:00|Péntek-6:00:20:00|Szombat-7:00:16:00|Vasárnap-Zárva
18.2151;47.6061;Kocs;Kossuth L. utca 9;Hétfő-5:00:21:00|Kedd-5:00:21:00|Szerda-5:00:21:00|Csütörtök-5:00:21:00|Péntek-5:00:21:00|Szombat-5:00:21:00|Vasárnap-6:00:21:00
22.3856;47.9387;Kocsord;Árpád  67.;Hétfő-6:00:18:00|Kedd-6:00:18:00|Szerda-6:00:18:00|Csütörtök-6:00:18:00|Péntek-6:00:18:00|Szombat-6:00:14:00|Vasárnap-6:00:14:00
22.3803;47.939;Kocsord;Szent István  41.;Hétfő-7:00:19:00|Kedd-7:00:19:00|Szerda-7:00:19:00|Csütörtök-7:00:19:00|Péntek-7:00:19:00|Szombat-7:00:17:00|Vasárnap-9:00:12:00
19.5763;47.4831;Kóka;Dózsa György út  44.;Hétfő-8:00:16:00|Kedd-8:00:16:00|Szerda-8:00:16:00|Csütörtök-8:00:16:00|Péntek-8:00:16:00|Szombat-8:00:12:00|Vasárnap-Zárva
19.5813034;47.4890677;Kóka;Nagykátai út 9.;Hétfő-6:15:19:00|Kedd-6:15:19:00|Szerda-6:15:19:00|Csütörtök-6:15:19:00|Péntek-6:15:19:00|Szombat-6:15:13:00|Vasárnap-7:00:12:00
21.9327;47.4057;Kokad;Kossuth utca 53.;Hétfő-6:00:17:30|Kedd-6:00:17:30|Szerda-6:00:17:30|Csütörtök-6:00:17:30|Péntek-6:00:17:30|Szombat-6:00:12:00|Vasárnap-7:00:10:00
18.7089;45.9493;Kölked;Kossuth L. u. 7.;Hétfő-6:00:20:00|Kedd-6:00:20:00|Szerda-6:00:20:00|Csütörtök-6:00:20:00|Péntek-6:00:20:00|Szombat-6:00:20:00|Vasárnap-6:00:20:00
18.1195;47.7443;Komárom;Igmándi út 14 - 16;Hétfő-8:00:17:00|Kedd-8:00:17:00|Szerda-8:00:17:00|Csütörtök-8:00:17:00|Péntek-8:00:17:00|Szombat-8:00:12:00|Vasárnap-Zárva
18.1196;47.7455;Komárom;Igmándi út 4.;Hétfő-5:45:17:45|Kedd-5:45:17:45|Szerda-5:45:17:45|Csütörtök-5:45:17:45|Péntek-5:45:17:45|Szombat-5:45:13:00|Vasárnap-Zárva
18.1105;47.7462;Komárom;Klapka György út 63;Hétfő-6:00:20:00|Kedd-6:00:20:00|Szerda-6:00:20:00|Csütörtök-6:00:20:00|Péntek-6:00:20:00|Szombat-8:00:20:00|Vasárnap-8:00:20:00
18.0619;47.7496;Komárom;Koppányvezér út  88.;Hétfő-7:00:19:00|Kedd-7:00:19:00|Szerda-7:00:19:00|Csütörtök-7:00:19:00|Péntek-7:00:19:00|Szombat-7:00:15:00|Vasárnap-Zárva
18.1202;47.7455;Komárom;Táncsics M. u.  3/C;Hétfő-6:00:18:00|Kedd-6:00:18:00|Szerda-6:00:18:00|Csütörtök-6:00:18:00|Péntek-6:00:18:00|Szombat-6:00:14:00|Vasárnap-Zárva
18.014109;47.7030537;Komárom;Igmándi utca 29.;Hétfő-7:00:19:00|Kedd-7:00:19:00|Szerda-7:00:19:00|Csütörtök-7:00:19:00|Péntek-7:00:19:00|Szombat-8:00:16:00|Vasárnap-Zárva
18.4035966;47.5793594;Komárom;Mártírok útja 45.;Hétfő-6:00:21:00|Kedd-6:00:21:00|Szerda-6:00:21:00|Csütörtök-6:00:21:00|Péntek-6:00:21:00|Szombat-8:00:20:00|Vasárnap-8:00:20:00
18.268;46.1887;Komló;Bem u. 12;Hétfő-6:00:20:00|Kedd-6:00:20:00|Szerda-6:00:20:00|Csütörtök-6:00:20:00|Péntek-6:00:20:00|Szombat-8:00:16:00|Vasárnap-8:00:14:00
18.2606;46.192;Komló;Berek u. 1/E.;Hétfő-5:30:20:00|Kedd-5:30:20:00|Szerda-5:30:20:00|Csütörtök-5:30:20:00|Péntek-5:30:20:00|Szombat-6:00:14:00|Vasárnap-7:00:12:00
18.2303;46.1894;Komló;Cserma u. 7-9.;Hétfő-6:00:20:00|Kedd-6:00:20:00|Szerda-6:00:20:00|Csütörtök-6:00:20:00|Péntek-6:00:20:00|Szombat-6:00:20:00|Vasárnap-6:00:20:00
18.2329;46.1892;Komló;Hegyhát u. 1/A.;Hétfő-7:00:21:00|Kedd-7:00:21:00|Szerda-7:00:21:00|Csütörtök-7:00:21:00|Péntek-7:00:21:00|Szombat-7:00:21:00|Vasárnap-7:00:21:00
18.2599;46.1917;Komló;Kossuth L. u. 48.;Hétfő-6:00:21:00|Kedd-6:00:20:30|Szerda-6:00:21:00|Csütörtök-6:00:21:00|Péntek-6:00:21:00|Szombat-6:00:14:30|Vasárnap-Zárva
18.2583;46.1922;Komló;Kossuth L. u. 54-56.;Hétfő-6:00:20:00|Kedd-6:00:20:00|Szerda-6:00:20:00|Csütörtök-6:00:20:00|Péntek-6:00:20:00|Szombat-6:00:20:00|Vasárnap-6:00:20:00
18.2567;46.1858;Komló;Mikszáth K. u. 4.;Hétfő-6:00:22:00|Kedd-6:00:22:00|Szerda-6:00:22:00|Csütörtök-6:00:22:00|Péntek-6:00:22:00|Szombat-6:00:22:00|Vasárnap-7:00:16:00
18.2599;46.1902;Komló;Pécsi út 1.;Hétfő-5:00:21:00|Kedd-5:00:21:00|Szerda-5:00:21:00|Csütörtök-5:00:21:00|Péntek-5:00:21:00|Szombat-6:00:16:00|Vasárnap-8:00:16:00
18.2634;46.1909;Komló;Városház tér 6/2.;Hétfő-7:00:19:00|Kedd-7:00:19:00|Szerda-7:00:19:00|Csütörtök-7:00:19:00|Péntek-7:00:19:00|Szombat-8:00:16:00|Vasárnap-Zárva
18.2735;46.1983;Komló;Vértanúk u. 7.;Hétfő-6:00:19:00|Kedd-6:00:19:00|Szerda-6:00:19:00|Csütörtök-6:00:19:00|Péntek-6:00:19:00|Szombat-7:00:17:00|Vasárnap-7:00:17:00
18.2564;46.1937;Komló;Zrínyi tér 4.;Hétfő-8:00:16:00|Kedd-8:00:16:00|Szerda-8:00:16:00|Csütörtök-8:00:16:00|Péntek-8:00:16:00|Szombat-6:00:13:00|Vasárnap-6:00:12:00
18.2562658;46.1930683;Komló;Kossuth Lajos utca 75.;Hétfő-7:00:17:00|Kedd-7:00:17:00|Szerda-7:00:17:00|Csütörtök-7:00:17:00|Péntek-7:00:17:00|Szombat-7:00:17:00|Vasárnap-Zárva
19.8689;46.4642;Kömpöc;Hunyadi utca 2.;Hétfő-7:00:21:00|Kedd-7:00:21:00|Szerda-7:00:21:00|Csütörtök-7:00:21:00|Péntek-7:00:21:00|Szombat-7:00:21:00|Vasárnap-7:00:21:00
20.2406;47.7411;Kompolt;Deák Ferenc út 6.;Hétfő-6:00:18:00|Kedd-6:00:18:00|Szerda-6:00:18:00|Csütörtök-6:00:18:00|Péntek-6:00:18:00|Szombat-6:00:18:00|Vasárnap-Zárva
20.2529;47.7444;Kompolt;Kápolnai út 2/E.;Hétfő-5:00:20:00|Kedd-5:00:20:00|Szerda-5:00:20:00|Csütörtök-5:00:20:00|Péntek-5:00:20:00|Szombat-6:00:14:00|Vasárnap-Zárva
20.7999;46.7588;Kondoros;Csabai út 43.;Hétfő-6:00:18:00|Kedd-6:00:18:00|Szerda-6:00:18:00|Csütörtök-6:00:18:00|Péntek-6:00:18:00|Szombat-6:00:14:00|Vasárnap-Zárva
20.8021;46.7583;Kondoros;Csabai út 49.;Hétfő-6:00:20:00|Kedd-6:00:20:00|Szerda-6:00:20:00|Csütörtök-6:00:20:00|Péntek-6:00:20:00|Szombat-6:00:20:00|Vasárnap-6:00:12:00
20.7934;46.7594;Kondoros;Hősök útja   17.;Hétfő-5:00:20:00|Kedd-5:00:20:00|Szerda-5:00:20:00|Csütörtök-5:00:20:00|Péntek-5:00:22:00|Szombat-5:00:22:00|Vasárnap-5:00:20:00
17.3611;47.6305;Kóny;Rákóczi u. 7.;Hétfő-6:00:17:00|Kedd-6:00:17:00|Szerda-6:00:17:00|Csütörtök-6:00:17:00|Péntek-6:00:17:00|Szombat-6:00:12:00|Vasárnap-Zárva
17.3589;47.6284;Kóny;Rákóczi utca 15.;Hétfő-6:00:15:00|Kedd-6:00:15:00|Szerda-9:00:19:00|Csütörtök-6:00:15:00|Péntek-7:30:19:00|Szombat-7:30:18:00|Vasárnap-8:30:10:30
21.6729;47.3195;Konyár;Rákóczi Út  5;Hétfő-6:00:18:00|Kedd-6:00:18:00|Szerda-6:00:18:00|Csütörtök-6:00:18:00|Péntek-6:00:18:00|Szombat-6:00:17:00|Vasárnap-6:00:11:00
21.6731;47.3203;Konyár;Sóstói utca 67.;Hétfő-6:00:18:00|Kedd-6:00:18:00|Szerda-6:00:18:00|Csütörtök-6:00:18:00|Péntek-6:00:18:00|Szombat-6:00:12:00|Vasárnap-7:00:10:00
16.5972;47.0111;Körmend;Dózsa György u. 2.;Hétfő-6:00:20:00|Kedd-6:00:20:00|Szerda-6:00:20:00|Csütörtök-6:00:20:00|Péntek-6:00:20:00|Szombat-6:00:20:00|Vasárnap-7:00:13:00
16.5877;47.0096;Körmend;Rákóczi  112;Hétfő-0:00:24:00|Kedd-0:00:24:00|Szerda-0:00:24:00|Csütörtök-0:00:24:00|Péntek-0:00:24:00|Szombat-0:00:24:00|Vasárnap-0:00:24:00
16.6041;47.0089;Körmend;Szabadság tér 12.;Hétfő-6:00:22:00|Kedd-6:00:22:00|Szerda-6:00:22:00|Csütörtök-6:00:22:00|Péntek-6:00:22:00|Szombat-7:00:22:00|Vasárnap-8:00:20:00
18.3334;47.5486;Környe;Alkotmány u.  66-68;Hétfő-6:00:20:00|Kedd-6:00:20:00|Szerda-6:00:20:00|Csütörtök-6:00:20:00|Péntek-6:00:20:00|Szombat-7:00:16:00|Vasárnap-Zárva
18.332;47.5478;Környe;Alkotmány utca 49.;Hétfő-6:00:18:00|Kedd-6:00:18:00|Szerda-6:00:18:00|Csütörtök-6:00:18:00|Péntek-6:00:18:00|Szombat-6:00:12:00|Vasárnap-7:00:12:00
17.5292883;47.5974758;Koroncó;Győri út 20.;Hétfő-5:30:17:30|Kedd-5:30:17:30|Szerda-5:30:17:30|Csütörtök-5:30:17:30|Péntek-5:30:17:30|Szombat-5:30:12:00|Vasárnap-8:00:10:00
20.0225;47.0981;Kőröstetétlen;Jászkarajenői út 1.;Hétfő-6:00:18:00|Kedd-6:00:18:00|Szerda-6:00:18:00|Csütörtök-6:00:18:00|Péntek-6:00:18:00|Szombat-7:00:12:00|Vasárnap-7:00:12:00
19.1776;47.8018;Kosd;Dózsa György u. 1.;Hétfő-6:00:18:00|Kedd-6:00:18:00|Szerda-6:00:18:00|Csütörtök-6:00:18:00|Péntek-6:00:18:00|Szombat-6:00:12:00|Vasárnap-6:00:10:00
18.9361;47.8743;Kóspallag;Váci utca 2.;Hétfő-6:00:16:30|Kedd-6:00:16:30|Szerda-6:00:16:30|Csütörtök-6:00:16:30|Péntek-6:00:16:30|Szombat-7:00:12:00|Vasárnap-7:00:10:00
21.708;48.0478;Kótaj;Kossuth  31;Hétfő-6:00:19:00|Kedd-6:00:19:00|Szerda-6:00:19:00|Csütörtök-6:00:19:00|Péntek-6:00:19:00|Szombat-6:00:13:00|Vasárnap-Zárva
21.7132;48.0459;Kótaj;Kossuth Lajos utca  1;Hétfő-6:00:19:00|Kedd-6:00:19:00|Szerda-6:00:19:00|Csütörtök-6:00:19:00|Péntek-6:00:19:00|Szombat-6:00:19:00|Vasárnap-7:00:19:00
21.6944;48.0526;Kótaj;Ságvári E 2;Hétfő-6:00:18:00|Kedd-6:00:18:00|Szerda-6:00:18:00|Csütörtök-6:00:18:00|Péntek-6:00:18:00|Szombat-7:00:14:00|Vasárnap-8:00:12:00
20.4414;47.3312;Kőtelek;Szabadság út 8.;Hétfő-5:00:20:00|Kedd-5:00:20:00|Szerda-5:00:20:00|Csütörtök-5:00:20:00|Péntek-5:00:20:00|Szombat-5:00:20:00|Vasárnap-5:00:20:00
18.117;46.0787;Kővágószőlős;Újtelep u. 8.;Hétfő-6:00:20:00|Kedd-6:00:20:00|Szerda-6:00:20:00|Csütörtök-6:00:20:00|Péntek-6:00:20:00|Szombat-6:00:20:00|Vasárnap-6:00:20:00
18.2932;46.0288;Kozármisleny;Kossuth L. u. 35.;Hétfő-6:00:22:00|Kedd-6:00:22:00|Szerda-6:00:22:00|Csütörtök-6:00:22:00|Péntek-6:00:22:00|Szombat-6:00:22:00|Vasárnap-6:00:22:00
18.2852;46.0443;Kozármisleny;Március 15. tér 1-2.;Hétfő-6:00:21:00|Kedd-6:00:21:00|Szerda-6:00:21:00|Csütörtök-6:00:21:00|Péntek-6:00:21:00|Szombat-6:00:21:00|Vasárnap-6:00:21:00
18.2838;46.0509;Kozármisleny;Orgona u. 9.;Hétfő-7:00:20:00|Kedd-7:00:20:00|Szerda-7:00:20:00|Csütörtök-7:00:20:00|Péntek-7:00:20:00|Szombat-8:00:18:00|Vasárnap-8:00:12:00
18.292;46.0293;Kozármisleny;Petőfi S. u. 36/1.;Hétfő-6:00:18:00|Kedd-6:00:18:00|Szerda-6:00:18:00|Csütörtök-6:00:18:00|Péntek-6:00:18:00|Szombat-6:00:12:00|Vasárnap-7:00:11:00
18.9146;47.0574;Kulcs;Árpád utca 1;Hétfő-6:00:21:00|Kedd-6:00:21:00|Szerda-6:00:21:00|Csütörtök-6:00:21:00|Péntek-6:00:21:00|Szombat-6:00:21:00|Vasárnap-6:00:21:00
18.9098;47.055;Kulcs;Rákóczi utca  140.;Hétfő-6:00:20:00|Kedd-6:00:20:00|Szerda-6:00:20:00|Csütörtök-6:00:20:00|Péntek-6:00:20:00|Szombat-6:00:20:00|Vasárnap-6:00:20:00
20.5534;47.1255;Kuncsorba;Dózsa György út 27.;Hétfő-7:00:17:00|Kedd-7:00:17:00|Szerda-7:00:17:00|Csütörtök-7:00:17:00|Péntek-7:00:17:00|Szombat-7:00:12:00|Vasárnap-7:00:11:00
20.6338;47.3751;Kunhegyes;Kossuth Lajos út 18.;Hétfő-0:07:0:19|Kedd-0:07:0:19|Szerda-0:07:0:19|Csütörtök-0:07:0:19|Péntek-0:07:0:19|Szombat-0:07:0:19|Vasárnap-0:07:0:19
20.6319;47.3723;Kunhegyes;Kossuth Lajos út 48.;Hétfő-5:30:21:00|Kedd-5:30:21:00|Szerda-5:30:21:00|Csütörtök-5:30:21:00|Péntek-5:30:21:00|Szombat-7:00:21:00|Vasárnap-7:00:13:00
20.6325;47.3703;Kunhegyes;Szabadság tér 6.;Hétfő-6:00:19:00|Kedd-6:00:19:00|Szerda-6:00:19:00|Csütörtök-6:00:19:00|Péntek-6:00:19:00|Szombat-6:00:17:00|Vasárnap-7:00:12:00
20.7952;47.4253;Kunmadaras;Karcagi út 21.;Hétfő-5:00:20:00|Kedd-5:00:20:00|Szerda-5:00:20:00|Csütörtök-5:00:20:00|Péntek-5:00:20:00|Szombat-6:00:18:00|Vasárnap-6:00:18:00
20.7912;47.428;Kunmadaras;Kunhegyesi út 17-19.;Hétfő-5:00:21:00|Kedd-5:00:21:00|Szerda-5:00:21:00|Csütörtök-5:00:21:00|Péntek-5:00:21:00|Szombat-5:00:21:00|Vasárnap-6:00:20:00
20.6207;48.3134;Kurityán;Kossuth Lajos út 146.;Hétfő-7:00:19:00|Kedd-7:00:19:00|Szerda-7:00:19:00|Csütörtök-7:00:19:00|Péntek-7:00:19:00|Szombat-7:00:19:00|Vasárnap-7:00:19:00
16.6788;46.782;Kustánszeg;Kossuth 30;Hétfő-7:00:17:00|Kedd-7:00:17:00|Szerda-7:00:17:00|Csütörtök-7:00:17:00|Péntek-7:00:17:00|Szombat-7:00:11:00|Vasárnap-8:00:10:00
18.496235;47.74783;Lábatlan;Zalka Máté Ltp. 42.;Hétfő-5:30:19:00|Kedd-5:30:19:00|Szerda-5:30:19:00|Csütörtök-5:30:19:00|Péntek-5:30:19:00|Szombat-5:30:12:00|Vasárnap-7:00:12:00
18.4852;47.7504;Lábatlan;Rákóczi utca 83.;Hétfő-6:00:18:00|Kedd-6:00:18:00|Szerda-6:00:18:00|Csütörtök-6:00:18:00|Péntek-6:00:18:00|Szombat-6:00:18:00|Vasárnap-6:00:18:00
18.4954;47.7471;Lábatlan;Rózsa Ferenc utca 1.;Hétfő-5:00:17:30|Kedd-5:00:17:30|Szerda-5:00:17:30|Csütörtök-5:00:17:30|Péntek-5:00:17:30|Szombat-5:00:12:00|Vasárnap-8:00:11:00
20.8637;48.3498;Lak;Kossuth út 73.;Hétfő-6:30:15:00|Kedd-6:30:15:00|Szerda-6:30:15:00|Csütörtök-6:30:15:00|Péntek-6:30:15:00|Szombat-7:00:11:30|Vasárnap-Zárva
18.6247;46.0052;Lánycsók;Kossuth L. u. 2/A.;Hétfő-6:00:18:00|Kedd-6:00:18:00|Szerda-6:00:18:00|Csütörtök-6:00:18:00|Péntek-6:00:18:00|Szombat-7:00:15:00|Vasárnap-Zárva
19.0889;47.7205;Leányfalu;Móricz Zsigmond u 171;Hétfő-6:00:22:00|Kedd-6:00:22:00|Szerda-6:00:22:00|Csütörtök-6:00:22:00|Péntek-6:00:22:00|Szombat-6:00:22:00|Vasárnap-6:00:20:00
19.0892;47.7255;Leányfalu;Móricz Zsigmond út 156/B;Hétfő-6:00:22:00|Kedd-6:00:22:00|Szerda-6:00:22:00|Csütörtök-6:00:22:00|Péntek-6:00:22:00|Szombat-6:00:22:00|Vasárnap-6:00:22:00
18.7706;47.6884;Leányvár;Bécsi utca 54;Hétfő-6:00:18:00|Kedd-6:00:18:00|Szerda-6:00:18:00|Csütörtök-6:00:18:00|Péntek-6:00:18:00|Szombat-6:00:14:00|Vasárnap-Zárva
17.3904;47.7362;Lébény;Fő u. 89.;Hétfő-5:00:21:00|Kedd-5:00:21:00|Szerda-5:00:21:00|Csütörtök-5:00:21:00|Péntek-5:00:21:00|Szombat-5:00:21:00|Vasárnap-5:00:21:00
19.3107;47.8791;Legénd;Petőfi út  63.;Hétfő-6:00:17:00|Kedd-6:00:17:00|Szerda-6:00:17:00|Csütörtök-6:00:17:00|Péntek-6:00:17:00|Szombat-6:00:10:00|Vasárnap-6:00:9:00
17.637424;46.666088;Lengyeltóti;Zrínyi u. 25/A;Hétfő-06:00:21:00|Kedd-06:00:21:00|Szerda-06:00:21:00|Csütörtök-06:00:21:00|Péntek-06:00:21:00|Szombat-06:00:21:00|Vasárnap-06:00:21:00
17.6432;46.6669;Lengyeltóti;Rákóczi F. 2.;Hétfő-6:00:22:00|Kedd-6:00:22:00|Szerda-6:00:22:00|Csütörtök-6:00:22:00|Péntek-6:00:22:00|Szombat-6:00:22:00|Vasárnap-6:00:22:00
16.531337;46.621528;Lenti;Táncsics Mihály utca 5.;Hétfő-8:00:20:00|Kedd-8:00:20:00|Szerda-8:00:20:00|Csütörtök-8:00:20:00|Péntek-8:00:20:00|Szombat-0:00:24:04|Vasárnap-8:00:20:00
16.5475;46.6241;Lenti;Dózsa György  2.;Hétfő-8:00:16:00|Kedd-8:00:16:00|Szerda-8:00:16:00|Csütörtök-8:00:16:00|Péntek-8:00:16:00|Szombat-8:00:12:00|Vasárnap-Zárva
16.5313;46.6215;Lenti;Táncsics utca  5.;Hétfő-8:00:20:00|Kedd-8:00:20:00|Szerda-8:00:20:00|Csütörtök-8:00:20:00|Péntek-8:00:20:00|Szombat-8:00:20:00|Vasárnap-8:00:20:00
16.5436;46.624;Lenti;Templom tér    2.;Hétfő-6:00:22:00|Kedd-6:00:22:00|Szerda-6:00:22:00|Csütörtök-6:00:22:00|Péntek-6:00:22:00|Szombat-6:00:22:00|Vasárnap-7:00:15:00
18.2423;46.9948;Lepsény;Fő utca  52..;Hétfő-6:00:18:00|Kedd-6:00:18:00|Szerda-6:00:18:00|Csütörtök-6:00:18:00|Péntek-6:00:18:00|Szombat-6:00:18:00|Vasárnap-6:00:18:00
18.243;46.9952;Lepsény;Vasút utca  10.;Hétfő-6:00:18:00|Kedd-6:00:18:00|Szerda-6:00:18:00|Csütörtök-6:00:18:00|Péntek-6:00:18:00|Szombat-6:00:14:00|Vasárnap-Zárva
17.3618;46.8694;Lesenceistvánd;Kossuth u. 128;Hétfő-6:00:16:00|Kedd-6:00:16:00|Szerda-6:00:16:00|Csütörtök-6:00:16:00|Péntek-6:00:16:00|Szombat-6:00:12:00|Vasárnap-Zárva
17.3455;46.8453;Lesencetomaj;Kossuth u.  63.;Hétfő-6:30:16:30|Kedd-6:30:16:30|Szerda-6:30:16:30|Csütörtök-6:30:16:30|Péntek-6:30:16:30|Szombat-6:30:11:00|Vasárnap-Zárva
21.8916;47.3825;Létavértes;Árpád tér    10.;Hétfő-6:00:20:00|Kedd-6:00:20:00|Szerda-6:00:20:00|Csütörtök-6:00:20:00|Péntek-6:00:20:00|Szombat-6:00:19:00|Vasárnap-8:00:18:00
21.892;47.3828;Létavértes;Baross utca 1;Hétfő-6:00:18:00|Kedd-6:00:18:00|Szerda-6:00:18:00|Csütörtök-6:00:18:00|Péntek-6:00:18:00|Szombat-6:00:14:00|Vasárnap-6:00:12:00
21.8682;47.3873;Létavértes;Kassai utca 2.;Hétfő-6:00:18:00|Kedd-6:00:18:00|Szerda-6:00:18:00|Csütörtök-6:00:18:00|Péntek-6:00:18:00|Szombat-6:00:18:00|Vasárnap-6:00:18:00
16.731885;46.430079;Letenye;Bajcsi Zsilinszky Endre u. 36.;Hétfő-05:00:22:00|Kedd-05:00:22:00|Szerda-05:00:22:00|Csütörtök-05:00:22:00|Péntek-05:00:22:00|Szombat-06:00:22:00|Vasárnap-06:00:20:00
18.7756;47.8878;Letkés;Diófa utca 39.;Hétfő-6:00:18:00|Kedd-6:00:18:00|Szerda-6:00:18:00|Csütörtök-6:00:18:00|Péntek-6:00:18:00|Szombat-6:00:12:00|Vasárnap-7:00:10:00
21.9883;47.9655;Levelek;Rákóczi  7;Hétfő-6:00:19:00|Kedd-6:00:19:00|Szerda-6:00:19:00|Csütörtök-6:00:19:00|Péntek-6:00:19:00|Szombat-6:00:19:00|Vasárnap-7:00:11:00
18.57;45.8674;Lippó;Kossuth L. u. 7.;Hétfő-6:00:17:00|Kedd-6:00:10:30|Szerda-6:00:17:00|Csütörtök-6:00:17:00|Péntek-6:00:17:00|Szombat-6:00:12:00|Vasárnap-Zárva
18.0096;47.0977;Litér;Dózsa György u. 37.;Hétfő-6:00:18:00|Kedd-6:00:18:00|Szerda-6:00:18:00|Csütörtök-6:00:18:00|Péntek-6:00:18:00|Szombat-7:00:14:00|Vasárnap-7:00:11:00
17.865;47.2063;Lókút;Bem u.  36;Hétfő-7:30:15:30|Kedd-7:30:15:30|Szerda-7:30:15:30|Csütörtök-7:30:15:30|Péntek-7:30:15:30|Szombat-7:30:11:30|Vasárnap-Zárva
19.6802919;47.7376893;Lőrinci;Szabadság tér 15.;Hétfő-7:00:19:00|Kedd-7:00:19:00|Szerda-7:00:19:00|Csütörtök-7:00:19:00|Péntek-7:00:19:00|Szombat-7:00:15:00|Vasárnap-Zárva
17.9724;46.9938;Lovas;Fő utca 19.;Hétfő-6:45:19:00|Kedd-6:45:19:00|Szerda-6:45:19:00|Csütörtök-6:45:19:00|Péntek-6:45:19:00|Szombat-7:00:12:00|Vasárnap-Zárva
18.5533;47.3099;Lovasberény;Hunyadi utca 39;Hétfő-6:00:18:00|Kedd-6:00:18:00|Szerda-6:00:18:00|Csütörtök-6:00:18:00|Péntek-6:00:18:00|Szombat-6:00:14:00|Vasárnap-Zárva
16.5562;46.5555;Lovászi;Kútfej utca 112.;Hétfő-6:30:17:00|Kedd-6:30:17:00|Szerda-6:30:17:00|Csütörtök-6:30:17:00|Péntek-6:30:17:00|Szombat-6:30:12:00|Vasárnap-Zárva
18.9539;46.689;Madocsa;Paksi utca 13.;Hétfő-8:00:21:00|Kedd-8:00:21:00|Szerda-8:00:21:00|Csütörtök-8:00:21:00|Péntek-8:00:23:00|Szombat-8:00:23:00|Vasárnap-8:00:20:00
19.35167;47.443731;Maglód;Fő utca 22.;Hétfő-06:00:22:00|Kedd-06:00:22:00|Szerda-06:00:22:00|Csütörtök-06:00:22:00|Péntek-06:00:22:00|Szombat-06:00:22:00|Vasárnap-08:00:20:00
19.3584;47.4398;Maglód;Andrássy utca 26.;Hétfő-6:00:18:00|Kedd-6:00:18:00|Szerda-6:00:18:00|Csütörtök-6:00:18:00|Péntek-6:00:18:00|Szombat-6:00:12:00|Vasárnap-6:00:12:00
19.3348;47.4591;Maglód;Eszterházy János utca 1.;Hétfő-6:00:22:00|Kedd-6:00:22:00|Szerda-6:00:22:00|Csütörtök-6:00:22:00|Péntek-6:00:22:00|Szombat-6:00:22:00|Vasárnap-7:00:20:00
19.3494;47.443;Maglód;Fő u. 2.;Hétfő-6:00:18:00|Kedd-6:00:18:00|Szerda-6:00:18:00|Csütörtök-6:00:18:00|Péntek-6:00:18:00|Szombat-6:00:18:00|Vasárnap-7:00:12:00
19.372;47.4411;Maglód;Katona József utca  64/A.;Hétfő-6:00:19:00|Kedd-6:00:19:00|Szerda-6:00:19:00|Csütörtök-6:00:19:00|Péntek-6:00:19:00|Szombat-6:00:14:00|Vasárnap-7:00:12:00
21.9754;47.9376;Magy;Kossuth u.  43.;Hétfő-6:00:17:00|Kedd-6:00:17:00|Szerda-6:00:17:00|Csütörtök-6:00:17:00|Péntek-6:00:17:00|Szombat-6:00:14:00|Vasárnap-Zárva
18.3227;47.2906;Magyaralmás;Iskola utca  9.;Hétfő-6:00:18:00|Kedd-6:00:18:00|Szerda-6:00:18:00|Csütörtök-6:00:18:00|Péntek-6:00:18:00|Szombat-6:00:11:00|Vasárnap-7:00:10:00
18.1523;46.1877;Magyarhertelend;Kossuth L. u. 10.;Hétfő-7:00:20:00|Kedd-7:00:20:00|Szerda-7:00:20:00|Csütörtök-7:00:20:00|Péntek-7:00:20:00|Szombat-7:00:20:00|Vasárnap-7:00:20:00
17.192;47.5111;Magyarkeresztúr;Kossuth utca  55.;Hétfő-5:30:14:00|Kedd-5:30:14:00|Szerda-3:30:11:30|Csütörtök-5:30:14:00|Péntek-5:30:14:00|Szombat-5:30:11:00|Vasárnap-Zárva
17.965;45.9418;Magyarmecske;Petőfi S. u. 72.;Hétfő-6:30:17:00|Kedd-6:30:17:00|Szerda-6:30:17:00|Csütörtök-6:30:17:00|Péntek-6:30:17:00|Szombat-6:30:12:30|Vasárnap-Zárva
19.3726;47.9825;Magyarnándor;Fő 31.;Hétfő-6:00:19:00|Kedd-6:00:19:00|Szerda-6:00:19:00|Csütörtök-6:00:19:00|Péntek-6:00:19:00|Szombat-6:00:19:00|Vasárnap-6:00:10:00
17.5483;47.1695;Magyarpolány;Táncsics u. 2.;Hétfő-6:00:17:00|Kedd-6:00:17:00|Szerda-6:00:17:00|Csütörtök-6:00:17:00|Péntek-6:00:17:00|Szombat-6:00:12:00|Vasárnap-Zárva
18.1947;46.1965;Magyarszék;József A. u. 1.;Hétfő-6:30:16:00|Kedd-6:30:16:00|Szerda-6:30:16:00|Csütörtök-6:30:16:00|Péntek-6:30:16:00|Szombat-6:30:11:00|Vasárnap-6:30:10:00
18.9978;47.2633;Majosháza;Rákóczi utca    4/B.;Hétfő-6:00:18:00|Kedd-6:00:18:00|Szerda-6:00:18:00|Csütörtök-6:00:18:00|Péntek-6:00:18:00|Szombat-6:00:14:00|Vasárnap-8:00:11:00
18.5983;45.9153;Majs;Táncsics M. u. 350.;Hétfő-5:30:19:00|Kedd-5:30:19:00|Szerda-5:30:19:00|Csütörtök-5:30:19:00|Péntek-5:30:19:00|Szombat-5:30:19:00|Vasárnap-7:00:12:00
20.4142;47.8087;Maklár;Egri út 11.;Hétfő-6:30:20:30|Kedd-6:30:20:30|Szerda-6:30:20:30|Csütörtök-6:30:20:30|Péntek-6:30:20:30|Szombat-8:00:11:00|Vasárnap-8:00:11:00
20.4803;46.2337;Makó;Bárány utca 40.;Hétfő-6:00:18:00|Kedd-6:00:18:00|Szerda-6:00:18:00|Csütörtök-6:00:18:00|Péntek-6:00:18:00|Szombat-6:00:14:00|Vasárnap-Zárva
20.491;46.2308;Makó;Justh Gyula utca  59/C;Hétfő-5:00:20:00|Kedd-5:00:20:00|Szerda-5:00:20:00|Csütörtök-5:00:20:00|Péntek-5:00:20:00|Szombat-5:00:20:00|Vasárnap-5:00:20:00
18.244;46.1616;Mánfa;Fábián B. u. 42.;Hétfő-6:30:16:00|Kedd-6:30:16:00|Szerda-6:30:16:00|Csütörtök-6:30:16:00|Péntek-6:30:14:00|Szombat-6:30:10:00|Vasárnap-Zárva
18.6541;47.5371;Mány;Kossuth út 51.   51.;Hétfő-6:00:18:00|Kedd-6:00:18:00|Szerda-6:00:18:00|Csütörtök-6:00:18:00|Péntek-6:00:18:00|Szombat-6:00:18:00|Vasárnap-7:00:16:00
18.6563;47.5295;Mány;Rákóczi Ferenc utca  69.;Hétfő-5:30:20:00|Kedd-5:30:20:00|Szerda-5:30:20:00|Csütörtök-5:30:20:00|Péntek-5:30:20:00|Szombat-6:00:20:00|Vasárnap-7:00:18:00
17.415;46.5795;Marcali;Petőfi S. 10.;Hétfő-5:00:19:00|Kedd-5:00:19:00|Szerda-5:00:19:00|Csütörtök-5:00:19:00|Péntek-5:00:19:00|Szombat-8:00:20:00|Vasárnap-Zárva
17.4102;46.5865;Marcali;Rákóczi 68.;Hétfő-5:30:22:30|Kedd-5:30:22:30|Szerda-5:30:22:30|Csütörtök-5:30:22:30|Péntek-5:30:22:30|Szombat-5:30:22:30|Vasárnap-5:30:22:30
17.4127;46.5814;Marcali;Rákóczi u. 19.;Hétfő-7:00:19:00|Kedd-7:00:19:00|Szerda-7:00:19:00|Csütörtök-7:00:19:00|Péntek-7:00:19:00|Szombat-7:00:19:00|Vasárnap-7:00:19:00
17.4128;46.5798;Marcali;Rákóczi u. 6-10.;Hétfő-6:00:22:00|Kedd-6:00:22:00|Szerda-6:00:22:00|Csütörtök-6:00:22:00|Péntek-6:00:22:00|Szombat-6:00:22:00|Vasárnap-6:00:22:00
20.0539;47.8272;Markaz;Fő út  91.;Hétfő-5:00:20:00|Kedd-5:00:20:00|Szerda-5:00:20:00|Csütörtök-5:00:20:00|Péntek-5:00:20:00|Szombat-5:00:14:00|Vasárnap-Zárva
17.8126;47.1208;Márkó;Padányi Bíró Márton tér 9.;Hétfő-6:00:18:00|Kedd-6:00:18:00|Szerda-6:00:18:00|Csütörtök-6:00:18:00|Péntek-6:00:18:00|Szombat-6:00:14:00|Vasárnap-7:00:10:30
17.3094;47.683;Markotabödöge;Fő utca  66.;Hétfő-8:00:20:00|Kedd-8:00:20:00|Szerda-8:00:20:00|Csütörtök-8:00:20:00|Péntek-8:00:20:00|Szombat-8:00:20:00|Vasárnap-8:00:20:00
22.5031;48.1481;Márokpapi;Táncsics u. 6;Hétfő-6:30:23:30|Kedd-6:30:23:30|Szerda-6:30:23:30|Csütörtök-6:30:23:30|Péntek-6:30:23:30|Szombat-6:30:23:30|Vasárnap-6:30:23:30
20.3443;46.2674;Maroslele;Makói utca 1.;Hétfő-6:00:18:00|Kedd-6:00:18:00|Szerda-6:00:18:00|Csütörtök-6:00:18:00|Péntek-6:00:18:00|Szombat-6:00:14:00|Vasárnap-Zárva
20.3452;46.2744;Maroslele;Rákóczi utca 68.;Hétfő-5:00:22:00|Kedd-5:00:22:00|Szerda-5:00:22:00|Csütörtök-5:00:22:00|Péntek-5:00:22:00|Szombat-5:00:22:00|Vasárnap-5:00:22:00
20.2338;46.4721;Mártély;Fő utca 49.;Hétfő-6:30:19:00|Kedd-6:30:19:00|Szerda-6:30:19:00|Csütörtök-6:30:19:00|Péntek-6:30:19:00|Szombat-6:30:17:00|Vasárnap-7:00:15:00
20.29012106173607;47.01691745;Martfű;Földvári út 1.;Hétfő-6:00:20:00|Kedd-6:00:20:00|Szerda-6:00:20:00|Csütörtök-6:00:20:00|Péntek-6:00:20:00|Szombat-6:00:20:00|Vasárnap-6:00:20:00
18.7945;47.3107;Martonvásár;Boglárka út  1.;Hétfő-6:00:19:00|Kedd-6:00:19:00|Szerda-6:00:19:00|Csütörtök-6:00:19:00|Péntek-6:00:19:00|Szombat-6:00:18:00|Vasárnap-7:00:16:00
18.7936;47.3197;Martonvásár;Ady Endre út 6.;Hétfő-6:00:20:00|Kedd-6:00:20:00|Szerda-6:00:20:00|Csütörtök-6:00:20:00|Péntek-6:00:20:00|Szombat-6:00:20:00|Vasárnap-6:00:20:00
20.7639;48.4695;Martonyi;Fő u. 93.;Hétfő-6:00:19:00|Kedd-6:00:19:00|Szerda-6:00:19:00|Csütörtök-6:00:19:00|Péntek-6:00:19:00|Szombat-6:00:13:00|Vasárnap-7:00:12:00
22.3252;47.9504;Mátészalka;Alkotmány u.  1/A;Hétfő-6:00:22:00|Kedd-6:00:22:00|Szerda-6:00:22:00|Csütörtök-6:00:22:00|Péntek-0:00:0:00|Szombat-Zárva|Vasárnap-0:00:22:00
22.322;47.9543;Mátészalka;Kölcsey 3;Hétfő-7:00:19:00|Kedd-7:00:19:00|Szerda-7:00:19:00|Csütörtök-7:00:19:00|Péntek-7:00:19:00|Szombat-7:00:15:00|Vasárnap-8:00:12:00
22.305;47.956;Mátészalka;Október 23 tér 14.;Hétfő-7:00:19:00|Kedd-7:00:19:00|Szerda-7:00:19:00|Csütörtök-7:00:19:00|Péntek-7:00:19:00|Szombat-7:00:19:00|Vasárnap-8:00:16:00
22.3232;47.9536;Mátészalka;Szalkai László  16;Hétfő-6:00:20:00|Kedd-6:00:20:00|Szerda-6:00:20:00|Csütörtök-6:00:20:00|Péntek-6:00:20:00|Szombat-6:00:20:00|Vasárnap-6:00:18:00
22.3229;47.9536;Mátészalka;Zöldfa u. 2-4;Hétfő-6:00:22:00|Kedd-6:00:22:00|Szerda-6:00:22:00|Csütörtök-6:00:22:00|Péntek-6:00:0:00|Szombat-6:00:0:00|Vasárnap-6:00:22:00
20.079273;47.9507811;Mátraderecske;Kossuth Lajos út 24.;Hétfő-7:30:17:00|Kedd-7:30:17:00|Szerda-7:30:17:00|Csütörtök-7:30:17:00|Péntek-7:30:17:00|Szombat-7:30:12:00|Vasárnap-7:30:12:00
19.877;47.9092;Mátraszentimre;Deák Ferenc út 7.;Hétfő-6:00:20:00|Kedd-6:00:20:00|Szerda-6:00:20:00|Csütörtök-6:00:20:00|Péntek-6:00:20:00|Szombat-6:00:14:00|Vasárnap-Zárva
19.7806;47.97;Mátraverebély;Vasút út 105.;Hétfő-6:00:18:00|Kedd-6:00:18:00|Szerda-6:00:18:00|Csütörtök-6:00:18:00|Péntek-6:00:18:00|Szombat-6:00:18:00|Vasárnap-Zárva
18.4643;46.2247;Mecseknádasd;Kossuth L. u. 12.;Hétfő-5:00:17:00|Kedd-5:00:17:00|Szerda-5:00:17:00|Csütörtök-5:00:17:00|Péntek-5:00:17:00|Szombat-6:00:12:00|Vasárnap-6:00:10:00
20.9562;46.5187;Medgyesbodzás;Széchenyi utca 63.;Hétfő-6:00:19:00|Kedd-6:00:19:00|Szerda-6:00:19:00|Csütörtök-6:00:19:00|Péntek-6:00:19:00|Szombat-6:00:19:00|Vasárnap-6:00:19:00
21.1024735;46.5062733;Medgyesegyháza;Dózsa utca 29.;Hétfő-6:00:20:00|Kedd-6:00:20:00|Szerda-6:00:20:00|Csütörtök-6:00:20:00|Péntek-6:00:20:00|Szombat-6:00:20:00|Vasárnap-6:00:20:00
21.0939;46.5039;Medgyesegyháza/Bánkút;Kossuth utca 13.;Hétfő-6:00:18:00|Kedd-6:00:18:00|Szerda-6:00:18:00|Csütörtök-6:00:18:00|Péntek-6:00:18:00|Szombat-6:00:18:00|Vasárnap-6:00:12:00
18.644;46.4696;Medina;Rákóczi utca 38.;Hétfő-5:30:18:30|Kedd-5:30:18:30|Szerda-5:30:18:30|Csütörtök-5:30:18:30|Péntek-5:30:18:30|Szombat-5:00:12:30|Vasárnap-7:00:9:30
21.0587;48.1879;Megyaszó;Alkotmány út 4.;Hétfő-6:00:18:00|Kedd-6:00:18:00|Szerda-6:00:18:00|Csütörtök-6:00:18:00|Péntek-6:00:18:00|Szombat-7:00:15:00|Vasárnap-Zárva
21.0576;48.1871;Megyaszó;Fő út 27/a;Hétfő-6:00:19:00|Kedd-6:00:19:00|Szerda-6:00:19:00|Csütörtök-6:00:19:00|Péntek-6:00:19:00|Szombat-6:00:14:00|Vasárnap-Zárva
21.4392;46.7671;Méhkerék;Sarkadi út  608/1.;Hétfő-6:00:21:00|Kedd-6:00:21:00|Szerda-6:00:21:00|Csütörtök-6:00:21:00|Péntek-6:00:21:00|Szombat-6:00:21:00|Vasárnap-12:00:20:00
18.3326;46.3895;Mekényes;Fő u. 119.;Hétfő-6:00:18:00|Kedd-6:00:18:00|Szerda-6:00:18:00|Csütörtök-6:00:18:00|Péntek-6:00:18:00|Szombat-6:00:12:00|Vasárnap-Zárva
19.4683;47.4394;Mende;Csígási út  1/a.;Hétfő-5:00:22:00|Kedd-5:00:22:00|Szerda-5:00:22:00|Csütörtök-5:00:22:00|Péntek-5:00:22:00|Szombat-5:00:22:00|Vasárnap-5:00:22:00
19.4541;47.429;Mende;Fő út  30.;Hétfő-5:00:22:00|Kedd-5:00:22:00|Szerda-5:00:22:00|Csütörtök-5:00:22:00|Péntek-5:00:22:00|Szombat-5:00:22:00|Vasárnap-5:00:22:00
19.447;47.4285;Mende;Fő utca 1;Hétfő-0:00:23:59|Kedd-0:00:23:59|Szerda-0:00:23:59|Csütörtök-0:00:23:59|Péntek-0:00:23:59|Szombat-0:00:23:59|Vasárnap-0:00:23:59
21.1485;48.361;Méra;Vasút út 3.;Hétfő-6:00:17:00|Kedd-6:00:17:00|Szerda-6:00:17:00|Csütörtök-6:00:17:00|Péntek-6:00:17:00|Szombat-6:00:12:00|Vasárnap-Zárva
17.819;46.5065;Mernye;Petőfi 2;Hétfő-8:00:16:00|Kedd-8:00:16:00|Szerda-8:00:16:00|Csütörtök-8:00:16:00|Péntek-8:00:16:00|Szombat-Zárva|Vasárnap-Zárva
21.0197;46.8259;Mezőberény;Gyomai út 37.;Hétfő-6:00:20:00|Kedd-6:00:20:00|Szerda-6:00:20:00|Csütörtök-6:00:20:00|Péntek-6:00:20:00|Szombat-8:00:16:00|Vasárnap-8:00:16:00
21.0268;46.8303;Mezőberény;Kodály Zoltán út  2.;Hétfő-6:00:18:00|Kedd-6:00:18:00|Szerda-6:00:18:00|Csütörtök-6:00:18:00|Péntek-6:00:18:00|Szombat-6:00:14:00|Vasárnap-7:00:11:00
21.0279;46.8329;Mezőberény;Kodály Zoltán utca 23/A.;Hétfő-0:00:24:00|Kedd-0:00:24:00|Szerda-0:00:24:00|Csütörtök-0:00:24:00|Péntek-0:00:24:00|Szombat-0:00:24:00|Vasárnap-0:00:24:00
21.0281;46.8241;Mezőberény;Kossuth tér 13.;Hétfő-8:00:18:00|Kedd-8:00:18:00|Szerda-8:00:18:00|Csütörtök-8:00:18:00|Péntek-8:00:18:00|Szombat-8:00:14:00|Vasárnap-8:00:11:00
21.0281;46.8239;Mezőberény;Kossuth utca 2.;Hétfő-6:00:21:00|Kedd-6:00:21:00|Szerda-6:00:21:00|Csütörtök-6:00:21:00|Péntek-6:00:21:00|Szombat-7:00:21:00|Vasárnap-8:00:18:00
21.0199478;46.8150946;Mezőberény;Csabai út 1-3.;Hétfő-6:00:20:00|Kedd-6:00:20:00|Szerda-6:00:20:00|Csütörtök-6:00:20:00|Péntek-6:00:20:00|Szombat-6:00:20:00|Vasárnap-6:00:20:00
17.6454;46.4335;Mezőcsokonya;Fő 26.;Hétfő-6:00:17:00|Kedd-6:00:17:00|Szerda-6:00:17:00|Csütörtök-6:00:17:00|Péntek-6:00:17:00|Szombat-6:00:11:00|Vasárnap-6:00:11:00
20.6817;47.8182;Mezőkeresztes;Szentistváni utca 87.;Hétfő-6:00:18:00|Kedd-6:00:18:00|Szerda-6:00:18:00|Csütörtök-6:00:18:00|Péntek-6:00:18:00|Szombat-6:00:18:00|Vasárnap-6:00:18:00
20.6893;47.8312;Mezőkeresztes;Táncsics út 9.;Hétfő-6:00:18:00|Kedd-6:00:18:00|Szerda-6:00:18:00|Csütörtök-6:00:18:00|Péntek-6:00:18:00|Szombat-6:00:18:00|Vasárnap-6:00:18:00
20.574624;47.810347;Mezőkövesd;Szegfű út 2;Hétfő-6:00 : 21:00|Kedd-6:00 : 21:00|Szerda-6:00:21:00|Csütörtök-6:00 : 21:00|Péntek-6:00:23:00|Szombat-7:00:23:00|Vasárnap-9:00 : 21:00
20.5787;47.8083;Mezőkövesd;Alkotmány utca 62.;Hétfő-7:00:19:00|Kedd-7:00:19:00|Szerda-7:00:19:00|Csütörtök-7:00:19:00|Péntek-7:00:19:00|Szombat-7:00:13:00|Vasárnap-Zárva
20.5593;47.8067;Mezőkövesd;Egri út 4.;Hétfő-5:30:20:00|Kedd-5:30:20:00|Szerda-5:30:20:00|Csütörtök-5:30:20:00|Péntek-5:30:20:00|Szombat-8:00:22:00|Vasárnap-8:00:14:00
20.5721;47.8093;Mezőkövesd;Hársfa út 2.;Hétfő-6:00:17:00|Kedd-6:00:17:00|Szerda-6:00:17:00|Csütörtök-6:00:17:00|Péntek-6:00:17:00|Szombat-6:00:12:00|Vasárnap-Zárva
20.5781;47.8128;Mezőkövesd;Mátyás király út  193.;Hétfő-6:00:20:00|Kedd-6:00:20:00|Szerda-6:00:20:00|Csütörtök-6:00:20:00|Péntek-6:00:20:00|Szombat-7:00:12:00|Vasárnap-7:00:12:00
20.5682;47.8082;Mezőkövesd;Mátyás király út 111-113.;Hétfő-6:00:20:00|Kedd-6:00:20:00|Szerda-6:00:20:00|Csütörtök-6:00:20:00|Péntek-6:00:20:00|Szombat-7:00:12:00|Vasárnap-7:00:12:00
20.5219;47.7965;Mezőkövesd;Napfürdő út 2.;Hétfő-9:00:21:00|Kedd-9:00:21:00|Szerda-9:00:21:00|Csütörtök-9:00:21:00|Péntek-9:00:21:00|Szombat-9:00:21:00|Vasárnap-9:00:12:00
20.5678;47.8033;Mezőkövesd;Széchenyi u. 44/b.;Hétfő-6:00:18:00|Kedd-6:00:18:00|Szerda-6:00:18:00|Csütörtök-6:00:18:00|Péntek-6:00:18:00|Szombat-7:00:19:00|Vasárnap-7:00:19:00
20.5741;47.8106;Mezőkövesd;Szegfű utca 2.;Hétfő-6:00:21:00|Kedd-6:00:21:00|Szerda-6:00:21:00|Csütörtök-6:00:21:00|Péntek-6:00:23:00|Szombat-6:00:23:00|Vasárnap-6:00:23:00
20.5724;47.8111;Mezőkövesd;Szent László tér 8.;Hétfő-8:00:17:00|Kedd-8:00:17:00|Szerda-8:00:17:00|Csütörtök-8:00:17:00|Péntek-8:00:17:00|Szombat-8:00:12:00|Vasárnap-Zárva
20.7312;47.8063;Mezőnagymihály;Kossuth út 60.;Hétfő-6:00:17:30|Kedd-6:00:17:30|Szerda-6:00:17:30|Csütörtök-6:00:17:30|Péntek-6:00:17:30|Szombat-6:00:11:00|Vasárnap-6:30:10:30
20.6787;47.8636;Mezőnyárád;Szent István király út  82.;Hétfő-7:00:21:00|Kedd-7:00:21:00|Szerda-7:00:21:00|Csütörtök-7:00:21:00|Péntek-7:00:21:00|Szombat-7:00:21:00|Vasárnap-7:00:21:00
17.889481;47.568306;mezőörs;fő.u.101;Hétfő-6:00:20:00|Kedd-6:00:20:00|Szerda-6:00:20:00|Csütörtök-6:00:20:00|Péntek-6:00:20:00|Szombat-6:00:20:00|Vasárnap-6:00:20:00
17.8856;47.5689;Mezőörs;Fő utca  101.;Hétfő-6:00:18:00|Kedd-6:00:18:00|Szerda-6:00:18:00|Csütörtök-6:00:18:00|Péntek-6:00:18:00|Szombat-6:00:14:00|Vasárnap-Zárva
20.5159;47.7455;Mezőszemere;Május 1 u. 44/A;Hétfő-6:00:18:00|Kedd-6:00:18:00|Szerda-6:00:18:00|Csütörtök-6:00:18:00|Péntek-6:00:18:00|Szombat-6:00:12:00|Vasárnap-Zárva
20.4787;47.7203;Mezőtárkány;Kossuth út  69.;Hétfő-0:06:0:18|Kedd-0:06:0:18|Szerda-0:06:0:18|Csütörtök-0:06:0:18|Péntek-0:06:0:18|Szombat-0:06:0:12|Vasárnap-0:07:0:11
17.1318;46.4514;Miháld;Dózsa  16.;Hétfő-5:00:17:00|Kedd-5:00:17:00|Szerda-5:00:17:00|Csütörtök-5:00:17:00|Péntek-5:00:17:00|Szombat-5:00:12:00|Vasárnap-7:00:10:00
17.0943;47.5188;Mihályi;Kisfaludi 36.;Hétfő-8:00:17:00|Kedd-8:00:17:00|Szerda-8:00:17:00|Csütörtök-8:00:17:00|Péntek-8:00:17:00|Szombat-7:00:13:00|Vasárnap-Zárva
21.6343;47.4536;Mikepércs;Debreceni út 23.;Hétfő-6:00:10:00|Kedd-6:00:10:00|Szerda-6:00:10:00|Csütörtök-6:00:10:00|Péntek-6:00:10:00|Szombat-Zárva|Vasárnap-Zárva
21.6423;47.4389;Mikepércs;Orosz István 42/A;Hétfő-7:00:18:00|Kedd-7:00:18:00|Szerda-7:00:18:00|Csütörtök-7:00:18:00|Péntek-7:00:18:00|Szombat-7:00:12:00|Vasárnap-Zárva
20.1911;46.5248;Mindszent;Csokonai utca 28.;Hétfő-5:00:22:00|Kedd-5:00:22:00|Szerda-5:00:22:00|Csütörtök-5:00:22:00|Péntek-5:00:22:00|Szombat-5:00:22:00|Vasárnap-5:00:22:00
20.186;46.5253;Mindszent;Köztársaság tér 2/1;Hétfő-5:00:21:00|Kedd-5:00:21:00|Szerda-5:00:21:00|Csütörtök-5:00:21:00|Péntek-5:00:21:00|Szombat-6:00:21:00|Vasárnap-8:00:19:00
20.1791;46.5259;Mindszent;Szabadság tér 6.;Hétfő-5:15:18:30|Kedd-5:15:18:30|Szerda-5:15:18:30|Csütörtök-5:15:18:30|Péntek-5:15:18:30|Szombat-5:15:18:30|Vasárnap-5:15:18:30
19.0260741;46.4422484;Miske;Fő utca 25.;Hétfő-7:00:20:00|Kedd-7:00:20:00|Szerda-7:00:20:00|Csütörtök-7:00:20:00|Péntek-7:00:20:00|Szombat-8:00:21:00|Vasárnap-9:00:19:00
20.782279;48.104327;Miskolc;Jókai u. 1-3.;Hétfő-7:00:19:00|Kedd-7:00:19:00|Szerda-7:00:19:00|Csütörtök-7:00:19:00|Péntek-7:00:19:00|Szombat-7:00:19:00|Vasárnap-Zárva
20.772832;48.103602;Miskolc;Szent István utca 15/a;Hétfő-6:00:21:00|Kedd-6:00:21:00|Szerda-6:00:21:00|Csütörtök-6:00:21:00|Péntek-6:00:21:00|Szombat-8:00:21:00|Vasárnap-8:00:15:00
20.7797245;48.0782305;Miskolc;Szentgyörgy utca 3.;Hétfő-6:00:22:00|Kedd-6:00:22:00|Szerda-6:00:22:00|Csütörtök-6:00:22:00|Péntek-6:00:22:00|Szombat-6:00:22:00|Vasárnap-8:00:20:00
20.7853;48.1248;Miskolc;Szentpéteri kapu 103.;Hétfő-6:00:20:00|Kedd-6:00:20:00|Szerda-6:00:20:00|Csütörtök-6:00:20:00|Péntek-6:00:20:00|Szombat-6:00:20:00|Vasárnap-7:00:20:00
20.7899;48.1146;Miskolc;Szentpéteri kapu 66.;Hétfő-6:00:22:00|Kedd-6:00:22:00|Szerda-6:00:22:00|Csütörtök-6:00:22:00|Péntek-6:00:22:00|Szombat-6:00:22:00|Vasárnap-6:00:14:00
20.787;48.1208;Miskolc;Szentpéteri kapu 95/A.;Hétfő-6:00:18:00|Kedd-6:00:18:00|Szerda-6:00:18:00|Csütörtök-6:00:18:00|Péntek-6:00:18:00|Szombat-7:00:15:00|Vasárnap-Zárva
18.1848;47.6697;Mocsa;Csillag utca 14.;Hétfő-5:00:20:00|Kedd-5:00:20:00|Szerda-5:00:20:00|Csütörtök-5:00:20:00|Péntek-5:00:20:00|Szombat-5:00:16:00|Vasárnap-7:00:12:00
18.1828;47.6714;Mocsa;Kocsi u. 1;Hétfő-6:00:18:00|Kedd-6:00:18:00|Szerda-6:00:18:00|Csütörtök-6:00:18:00|Péntek-6:00:18:00|Szombat-6:00:12:00|Vasárnap-7:00:11:00
19.2379;47.598;Mogyoród;Fóti út  8.;Hétfő-6:00:18:00|Kedd-6:00:18:00|Szerda-6:00:18:00|Csütörtök-6:00:18:00|Péntek-6:00:18:00|Szombat-6:00:14:00|Vasárnap-Zárva
19.2344;47.5956;Mogyoród;Fóti út 34/a;Hétfő-6:00:20:00|Kedd-6:00:20:00|Szerda-6:00:20:00|Csütörtök-6:00:20:00|Péntek-6:00:20:00|Szombat-6:00:16:00|Vasárnap-7:00:13:00
19.2434;47.6016;Mogyoród;Gödöllői út 24.;Hétfő-10:00:22:00|Kedd-10:00:22:00|Szerda-10:00:22:00|Csütörtök-10:00:22:00|Péntek-10:00:22:00|Szombat-10:00:22:00|Vasárnap-13:00:21:00
19.2708;47.5956;Mogyoród;Gödöllői út 244.;Hétfő-8:00:16:00|Kedd-8:00:16:00|Szerda-8:00:16:00|Csütörtök-8:00:16:00|Péntek-8:00:16:00|Szombat-8:00:12:00|Vasárnap-Zárva
18.6914;45.9932;Mohács;Szentháromság u. 15.;Hétfő-5:30:21:00|Kedd-5:30:21:00|Szerda-5:30:21:00|Csütörtök-5:30:21:00|Péntek-5:30:0:00|Szombat-5:30:0:00|Vasárnap-7:00:12:00
18.6694;45.9911;Mohács;Horváth K. u. 5.;Hétfő-7:00:18:00|Kedd-7:00:18:00|Szerda-7:00:18:00|Csütörtök-7:00:18:00|Péntek-7:00:18:00|Szombat-7:00:12:00|Vasárnap-7:00:12:00
18.6801;45.9981;Mohács;Kossuth L. u. 93.;Hétfő-7:00:19:00|Kedd-7:00:19:00|Szerda-7:00:19:00|Csütörtök-7:00:19:00|Péntek-7:00:19:00|Szombat-8:00:16:00|Vasárnap-Zárva
18.6787;45.9918;Mohács;Liszt F. u. 2/A.;Hétfő-6:00:18:00|Kedd-6:00:18:00|Szerda-6:00:18:00|Csütörtök-6:00:18:00|Péntek-6:00:18:00|Szombat-6:00:14:00|Vasárnap-Zárva
18.6866;45.9894;Mohács;Szent István u. 4;Hétfő-8:00:17:00|Kedd-8:00:17:00|Szerda-8:00:17:00|Csütörtök-8:00:17:00|Péntek-8:00:17:00|Szombat-8:00:13:00|Vasárnap-Zárva
18.6924;45.9918;Mohács;Szentháromság u. 2-4/A.;Hétfő-6:00:18:00|Kedd-6:00:18:00|Szerda-6:00:18:00|Csütörtök-6:00:18:00|Péntek-6:00:18:00|Szombat-6:00:14:00|Vasárnap-Zárva
18.6824;45.9986;Mohács;Tavasz u. 2.;Hétfő-6:00:18:00|Kedd-6:00:18:00|Szerda-6:00:18:00|Csütörtök-6:00:18:00|Péntek-6:00:18:00|Szombat-6:00:14:00|Vasárnap-8:00:12:00
19.3413;47.9942;Mohora;Kossuth út  56.;Hétfő-7:00:12:00|Kedd-7:00:17:00|Szerda-7:00:17:00|Csütörtök-7:00:17:00|Péntek-7:00:17:00|Szombat-7:00:12:00|Vasárnap-Zárva
21.1513;48.2104;Monok;Kossuth út 10.;Hétfő-6:00:18:00|Kedd-6:00:18:00|Szerda-6:00:18:00|Csütörtök-6:00:18:00|Péntek-6:00:18:00|Szombat-6:00:14:00|Vasárnap-8:00:12:00
19.4378;47.3498;Monor;Ady Endre utca 41.;Hétfő-6:00:20:00|Kedd-6:00:20:00|Szerda-6:00:20:00|Csütörtök-6:00:20:00|Péntek-6:00:20:00|Szombat-7:00:15:00|Vasárnap-Zárva
19.4297;47.344;Monor;Avar utca  31.;Hétfő-5:00:18:00|Kedd-5:00:18:00|Szerda-5:00:18:00|Csütörtök-5:00:18:00|Péntek-5:00:24:00|Szombat-5:00:24:00|Vasárnap-8:00:12:00
19.4454;47.3523;Monor;Deák Ferenc utca 2.;Hétfő-8:00:18:00|Kedd-8:00:18:00|Szerda-8:00:18:00|Csütörtök-8:00:18:00|Péntek-8:00:18:00|Szombat-8:00:13:00|Vasárnap-Zárva
19.4628;47.3545;Monor;Gép u.  1.;Hétfő-5:00:23:00|Kedd-5:00:23:00|Szerda-5:00:23:00|Csütörtök-5:00:23:00|Péntek-5:00:23:00|Szombat-5:00:23:00|Vasárnap-5:00:23:00
19.4462;47.3504;Monor;Kossuth Lajos u. 77.;Hétfő-6:00:18:00|Kedd-6:00:18:00|Szerda-6:00:18:00|Csütörtök-6:00:18:00|Péntek-6:00:18:00|Szombat-6:00:12:00|Vasárnap-6:00:10:00
19.4377;47.3458;Monor;Móricz Zsigmond utca  29.;Hétfő-6:00:18:00|Kedd-6:00:18:00|Szerda-6:00:18:00|Csütörtök-6:00:18:00|Péntek-6:00:18:00|Szombat-6:00:18:00|Vasárnap-8:00:12:00
19.5014;47.3083;Monorierdő;Barátság utca   4.;Hétfő-6:00:18:00|Kedd-6:00:18:00|Szerda-6:00:18:00|Csütörtök-6:00:18:00|Péntek-6:00:18:00|Szombat-6:00:14:00|Vasárnap-7:00:11:00
19.5019;47.31;Monorierdő;Gyöngyvirág u. 14.;Hétfő-7:00:19:00|Kedd-7:00:19:00|Szerda-7:00:19:00|Csütörtök-7:00:19:00|Péntek-7:00:19:00|Szombat-7:00:15:00|Vasárnap-Zárva
21.7679;47.4025;Monostorpályi;Debreceni utca 35.;Hétfő-7:00:18:00|Kedd-7:00:18:00|Szerda-7:00:18:00|Csütörtök-7:00:18:00|Péntek-7:00:18:00|Szombat-7:00:18:00|Vasárnap-15:00:18:00
21.7723;47.3972;Monostorpályi;Kossuth utca 42.;Hétfő-6:00:18:00|Kedd-6:00:18:00|Szerda-6:00:18:00|Csütörtök-6:00:18:00|Péntek-6:00:18:00|Szombat-7:00:11:00|Vasárnap-7:00:10:00
17.4247;47.7326;Mosonszentmiklós;Vasút utca  11/B.;Hétfő-5:00:22:00|Kedd-5:00:22:00|Szerda-5:00:22:00|Csütörtök-5:00:22:00|Péntek-5:00:22:00|Szombat-7:00:22:00|Vasárnap-7:00:22:00
17.8406;46.1113;Mozsgó;Batthyány u. 21.;Hétfő-6:00:15:00|Kedd-0:00:0:00|Szerda-6:00:15:00|Csütörtök-6:00:15:00|Péntek-6:00:15:00|Szombat-6:00:11:00|Vasárnap-Zárva
20.6667;48.2784;Múcsony;Botond út 2.;Hétfő-6:00:19:00|Kedd-6:00:9:00|Szerda-6:00:19:00|Csütörtök-6:00:19:00|Péntek-6:00:19:00|Szombat-7:00:18:00|Vasárnap-8:00:17:00
20.6606;48.2834;Múcsony;Hunyadi út 3.;Hétfő-8:00:12:00|Kedd-8:00:12:00|Szerda-8:00:12:00|Csütörtök-8:00:12:00|Péntek-8:00:12:00|Szombat-8:00:12:00|Vasárnap-8:00:12:00
21.0401;46.7606;Murony;Földvári utca 4.;Hétfő-6:00:18:00|Kedd-6:00:18:00|Szerda-6:00:18:00|Csütörtök-6:00:18:00|Péntek-6:00:18:00|Szombat-6:00:14:00|Vasárnap-6:00:14:00
18.2397;47.138;Nádasdladány;Fő u. 52.;Hétfő-6:00:18:00|Kedd-6:00:18:00|Szerda-6:00:18:00|Csütörtök-6:00:18:00|Péntek-6:00:18:00|Szombat-6:30:14:30|Vasárnap-7:00:12:00
21.1697;47.4291;Nádudvar;Fő út  65.;Hétfő-5:00:19:00|Kedd-5:00:19:00|Szerda-5:00:19:00|Csütörtök-5:00:19:00|Péntek-5:00:19:00|Szombat-6:00:15:00|Vasárnap-7:00:12:00
21.1659;47.4291;Nádudvar;Fő út  93.;Hétfő-6:00:18:00|Kedd-6:00:18:00|Szerda-6:00:18:00|Csütörtök-6:00:18:00|Péntek-6:00:18:00|Szombat-7:00:15:00|Vasárnap-8:00:14:00
21.1522;47.4262;Nádudvar;Fő út 142.;Hétfő-6:00:18:00|Kedd-6:00:18:00|Szerda-6:00:18:00|Csütörtök-6:00:18:00|Péntek-6:00:18:00|Szombat-7:00:15:00|Vasárnap-8:00:14:00
21.1599;47.43;Nádudvar;Jókai utca 2.   2.;Hétfő-5:30:18:30|Kedd-5:30:18:30|Szerda-5:30:18:30|Csütörtök-5:30:18:30|Péntek-5:30:18:30|Szombat-6:00:16:00|Vasárnap-7:00:12:00
21.1587;47.4264;Nádudvar;Tolbuhin utca 20.   20.;Hétfő-7:00:19:00|Kedd-7:00:19:00|Szerda-7:00:19:00|Csütörtök-7:00:19:00|Péntek-7:00:19:00|Szombat-7:00:15:00|Vasárnap-Zárva
17.6884;47.7657;Nagybajcs;Petőfi Sándor út  56.;Hétfő-6:00:18:00|Kedd-6:00:18:00|Szerda-6:00:18:00|Csütörtök-6:00:18:00|Péntek-6:00:18:00|Szombat-6:00:14:00|Vasárnap-7:00:11:00
17.5137;46.3899;Nagybajom;Fő 41;Hétfő-14:00:18:00|Kedd-14:00:18:00|Szerda-14:00:18:00|Csütörtök-14:00:18:00|Péntek-14:00:18:00|Szombat-12:00:16:00|Vasárnap-8:00:12:00
17.5113;46.3922;Nagybajom;Fő 71;Hétfő-6:00:14:00|Kedd-6:00:14:00|Szerda-6:00:14:00|Csütörtök-6:00:14:00|Péntek-6:00:14:00|Szombat-8:00:12:00|Vasárnap-Zárva
20.5304;48.2499;Nagybarca;Kossuth u. 18.;Hétfő-6:00:18:00|Kedd-6:00:18:00|Szerda-6:00:18:00|Csütörtök-6:00:18:00|Péntek-6:00:18:00|Szombat-6:00:14:00|Vasárnap-7:00:12:00
21.5537;47.9628;Nagycserkesz;Vasvári Pál 77;Hétfő-6:00:18:00|Kedd-6:00:18:00|Szerda-6:00:18:00|Csütörtök-6:00:18:00|Péntek-6:00:18:00|Szombat-6:00:18:00|Vasárnap-6:00:10:00
22.2997;48.0628;Nagydobos;Fő 24.;Hétfő-6:00:18:00|Kedd-6:00:18:00|Szerda-6:00:18:00|Csütörtök-6:00:18:00|Péntek-6:00:18:00|Szombat-6:00:16:00|Vasárnap-7:00:11:00
18.6558;46.6209;Nagydorog;Vasvári Pál utca 1.;Hétfő-6:00:18:00|Kedd-6:00:18:00|Szerda-6:00:18:00|Csütörtök-6:00:18:00|Péntek-6:00:18:00|Szombat-6:00:14:00|Vasárnap-Zárva
22.3885;47.8629;Nagyecsed;Árpád u. 44.;Hétfő-6:00:21:00|Kedd-6:00:21:00|Szerda-6:00:21:00|Csütörtök-6:00:21:00|Péntek-6:00:21:00|Szombat-7:00:21:00|Vasárnap-7:00:21:00
22.3901;47.8663;Nagyecsed;Rákóczi u.  8;Hétfő-6:00:18:00|Kedd-6:00:18:00|Szerda-6:00:18:00|Csütörtök-6:00:18:00|Péntek-6:00:18:00|Szombat-6:00:18:00|Vasárnap-Zárva
17.9043;47.2826;Nagyesztergár;Radnóti u. 1.;Hétfő-6:00:16:30|Kedd-6:00:16:30|Szerda-6:00:16:30|Csütörtök-6:00:16:30|Péntek-6:00:16:30|Szombat-6:00:10:30|Vasárnap-Zárva
20.1113;47.6854;Nagyfüged;Ady Endre út 52.;Hétfő-5:00:21:00|Kedd-5:00:21:00|Szerda-5:00:21:00|Csütörtök-5:00:21:00|Péntek-5:00:21:00|Szombat-5:00:21:00|Vasárnap-5:00:21:00
21.7649;48.1195;Nagyhalász;Arany János út    185.;Hétfő-6:00:12:00|Kedd-6:00:12:00|Szerda-6:00:12:00|Csütörtök-6:00:12:00|Péntek-6:00:12:00|Szombat-6:00:12:00|Vasárnap-6:00:12:00
21.7524;48.134;Nagyhalász;Ibrányi utca 24.;Hétfő-6:00:18:00|Kedd-6:00:18:00|Szerda-6:00:18:00|Csütörtök-6:00:18:00|Péntek-6:00:18:00|Szombat-6:00:14:00|Vasárnap-7:00:12:00
21.7583;48.1342;Nagyhalász;Kossuth u. 20;Hétfő-5:30:18:30|Kedd-5:30:18:30|Szerda-5:30:18:30|Csütörtök-5:30:18:30|Péntek-5:30:18:30|Szombat-5:30:13:00|Vasárnap-8:00:11:00
21.3551;47.5389;Nagyhegyes;Kossuth utca  1.;Hétfő-6:00:11:00|Kedd-6:00:11:00|Szerda-6:00:11:00|Csütörtök-6:00:11:00|Péntek-6:00:11:00|Szombat-8:00:12:00|Vasárnap-Zárva
21.3462;47.5393;Nagyhegyes;Kossuth utca  41/B.;Hétfő-6:00:18:00|Kedd-6:00:18:00|Szerda-6:00:18:00|Csütörtök-6:00:18:00|Péntek-6:00:18:00|Szombat-6:00:14:00|Vasárnap-7:00:11:00
18.076;47.6334;Nagyigmánd;József A. utca   11.;Hétfő-6:00:18:00|Kedd-6:00:18:00|Szerda-6:00:18:00|Csütörtök-6:00:18:00|Péntek-6:00:18:00|Szombat-6:00:18:00|Vasárnap-Zárva
18.0754;47.6357;Nagyigmánd;Mansbarth utca  6.;Hétfő-6:00:20:00|Kedd-6:00:20:00|Szerda-6:00:20:00|Csütörtök-6:00:20:00|Péntek-6:00:20:00|Szombat-7:00:16:00|Vasárnap-Zárva
21.8481;47.8765;Nagykálló;Bátori  3.;Hétfő-6:00:18:00|Kedd-6:00:18:00|Szerda-6:00:18:00|Csütörtök-6:00:18:00|Péntek-6:00:18:00|Szombat-6:00:18:00|Vasárnap-Zárva
21.861;47.8783;Nagykálló;Bátori út 76;Hétfő-5:00:20:00|Kedd-5:00:20:00|Szerda-5:00:20:00|Csütörtök-5:00:20:00|Péntek-5:00:20:00|Szombat-5:00:20:00|Vasárnap-6:00:14:00
21.8434;47.8723;Nagykálló;Debreceni    15.;Hétfő-6:00:18:00|Kedd-6:00:18:00|Szerda-6:00:18:00|Csütörtök-6:00:18:00|Péntek-6:00:18:00|Szombat-6:00:18:00|Vasárnap-6:00:18:00
21.8417;47.876;Nagykálló;Korányi Frigyes utca 20.;Hétfő-7:00:20:00|Kedd-7:00:20:00|Szerda-7:00:20:00|Csütörtök-7:00:20:00|Péntek-7:00:20:00|Szombat-7:00:20:00|Vasárnap-7:00:16:00
21.8441;47.8799;Nagykálló;Kossuth  42;Hétfő-6:00:18:00|Kedd-6:00:18:00|Szerda-6:00:18:00|Csütörtök-6:00:18:00|Péntek-6:00:18:00|Szombat-6:00:18:00|Vasárnap-6:00:18:00
17.013058;46.464188;Nagykanizsa;Boszorkány u. 2.;Hétfő-7:00:22:00|Kedd-7:00:22:00|Szerda-7:00:22:00|Csütörtök-7:00:22:00|Péntek-7:00:23:59|Szombat-0:00:24:05|Vasárnap-8:00:22:00
16.991229;46.81694;Nagykapornak;Dózsa György út 1.;Hétfő-6:00:20:00|Kedd-6:00:20:00|Szerda-6:00:20:00|Csütörtök-6:00:20:00|Péntek-6:00:22:00|Szombat-6:00:22:00|Vasárnap-8:00:20:00
19.741;47.4198;Nagykáta;Ady Endre út 43.;Hétfő-6:00:22:00|Kedd-6:00:22:00|Szerda-6:00:22:00|Csütörtök-6:00:22:00|Péntek-6:00:22:00|Szombat-6:00:22:00|Vasárnap-6:00:22:00
19.7384;47.4149;Nagykáta;Dózsa  György u. 21.;Hétfő-6:00:20:00|Kedd-6:00:20:00|Szerda-6:00:20:00|Csütörtök-6:00:20:00|Péntek-6:00:20:00|Szombat-6:00:14:00|Vasárnap-Zárva
19.7492;47.4158;Nagykáta;Kossuth Lajos u.  163/39;Hétfő-6:00:19:00|Kedd-6:00:19:00|Szerda-6:00:19:00|Csütörtök-6:00:19:00|Péntek-6:00:19:00|Szombat-6:00:14:00|Vasárnap-6:00:14:00
19.7584;47.3984;Nagykáta;Perczel Mór út 136/a.;Hétfő-0:00:23:59|Kedd-0:00:23:59|Szerda-0:00:23:59|Csütörtök-0:00:23:59|Péntek-0:00:23:59|Szombat-0:00:23:59|Vasárnap-0:00:23:59
19.7417;47.4121;Nagykáta;Petőfi Sándor út 11.;Hétfő-6:00:22:00|Kedd-6:00:22:00|Szerda-6:00:22:00|Csütörtök-6:00:22:00|Péntek-6:00:22:00|Szombat-6:00:22:00|Vasárnap-6:00:22:00
19.7423;47.4174;Nagykáta;Szabadság tér 12.;Hétfő-0:00:24:00|Kedd-0:00:24:00|Szerda-0:00:24:00|Csütörtök-0:00:24:00|Péntek-0:00:24:00|Szombat-0:00:24:00|Vasárnap-0:00:24:00
19.742;47.4181;Nagykáta;Szabadság tér 7.;Hétfő-6:00:22:00|Kedd-6:00:22:00|Szerda-6:00:22:00|Csütörtök-6:00:22:00|Péntek-6:00:22:00|Szombat-6:00:22:00|Vasárnap-6:00:22:00
18.2012;46.594;Nagykónyi;Nagy utca 2.;Hétfő-5:30:15:00|Kedd-5:30:15:00|Szerda-5:30:15:00|Csütörtök-5:30:15:00|Péntek-5:30:15:00|Szombat-6:00:10:00|Vasárnap-Zárva
18.8848;47.5761;Nagykovácsi;Kossuth Lajos u. 59.;Hétfő-7:00:20:00|Kedd-7:00:20:00|Szerda-7:00:20:00|Csütörtök-7:00:20:00|Péntek-7:00:20:00|Szombat-8:00:18:00|Vasárnap-10:00:14:00
18.8828;47.5759;Nagykovácsi;Kossuth Lajos utca  56.;Hétfő-6:00:19:30|Kedd-6:00:19:30|Szerda-6:00:19:30|Csütörtök-6:00:19:30|Péntek-6:00:19:30|Szombat-6:30:16:00|Vasárnap-7:00:13:00
18.9214;47.5585;Nagykovácsi;Nagykovácsi út   6/E.;Hétfő-6:30:19:30|Kedd-6:30:19:30|Szerda-6:30:19:30|Csütörtök-6:30:19:30|Péntek-6:30:19:30|Szombat-7:00:14:00|Vasárnap-7:00:13:00
18.88761365;47.575676650000005;Nagykovácsi;Kossuth Lajos utca 22.;Hétfő-7:00:22:00|Kedd-7:00:22:00|Szerda-7:00:22:00|Csütörtök-7:00:22:00|Péntek-7:00:22:00|Szombat-8:00:22:00|Vasárnap-8:00:20:00
18.3151;46.0693;Nagykozár;Ifjúság u. 17.;Hétfő-5:30:17:45|Kedd-5:30:17:45|Szerda-5:30:17:45|Csütörtök-5:30:17:45|Péntek-5:30:17:45|Szombat-5:30:12:00|Vasárnap-6:30:11:00
16.771;46.7808;Nagylengyel;Arany János utca  65.;Hétfő-5:00:22:00|Kedd-5:00:22:00|Szerda-5:00:22:00|Csütörtök-5:00:22:00|Péntek-5:00:22:00|Szombat-8:00:24:00|Vasárnap-8:00:21:00
19.5761;48.0322;Nagylóc;Rákóczi út  123.;Hétfő-7:00:17:00|Kedd-7:00:17:00|Szerda-7:00:17:00|Csütörtök-7:00:17:00|Péntek-7:00:17:00|Szombat-7:00:12:00|Vasárnap-Zárva
18.6479;46.9742;Nagylók;Hunyadi u. 36.;Hétfő-6:00:18:00|Kedd-6:00:18:00|Szerda-6:00:18:00|Csütörtök-6:00:18:00|Péntek-6:00:18:00|Szombat-6:00:18:00|Vasárnap-6:00:12:00
20.4911;46.5824;Nagymágocs;Kossuth utca 35.;Hétfő-4:30:20:00|Kedd-4:30:20:00|Szerda-4:30:20:00|Csütörtök-4:30:20:00|Péntek-4:30:20:00|Szombat-13:00:21:00|Vasárnap-8:00:18:00
20.4906;46.5821;Nagymágocs;Mátyás király utca 24.;Hétfő-5:30:17:30|Kedd-5:30:18:00|Szerda-5:30:18:00|Csütörtök-5:30:18:00|Péntek-5:30:18:00|Szombat-5:30:13:30|Vasárnap-7:00:11:00
18.9588;47.7888;Nagymaros;Fő tér 16-18.;Hétfő-7:00:19:00|Kedd-7:00:19:00|Szerda-7:00:19:00|Csütörtök-7:00:19:00|Péntek-7:00:19:00|Szombat-7:00:15:00|Vasárnap-8:00:12:00
18.9594;47.7906;Nagymaros;Magyar u. 21.;Hétfő-6:00:20:00|Kedd-6:00:20:00|Szerda-6:00:20:00|Csütörtök-6:00:20:00|Péntek-6:00:20:00|Szombat-7:00:18:00|Vasárnap-7:00:14:00
18.5777;45.9439;Nagynyárád;Kossuth L. u. 17.;Hétfő-6:00:17:00|Kedd-6:00:17:00|Szerda-6:00:17:00|Csütörtök-6:00:17:00|Péntek-6:00:17:00|Szombat-6:00:11:00|Vasárnap-Zárva
19.090177;48.003638;Nagyoroszi;Felszabadulás út 5.;Hétfő-6:30:22:00|Kedd-06:30:22:00|Szerda-6:30:22:00|Csütörtök-6:30:22:00|Péntek-6:30:24:00|Szombat-6:30:24:00|Vasárnap-Zárva
19.0905;48.0038;Nagyoroszi;Felszabadulás 8;Hétfő-7:00:17:00|Kedd-7:00:17:00|Szerda-7:00:17:00|Csütörtök-7:00:17:00|Péntek-7:00:17:00|Szombat-7:00:12:00|Vasárnap-7:00:11:00
17.1184;46.6186;Nagyrada;Kossuth Lajos  57.;Hétfő-6:00:16:00|Kedd-6:00:16:00|Szerda-6:00:16:00|Csütörtök-6:00:10:00|Péntek-6:00:16:00|Szombat-6:00:11:00|Vasárnap-8:00:9:00
19.8448;47.7677;Nagyréde;József út 34.;Hétfő-6:00:20:00|Kedd-6:00:20:00|Szerda-6:00:20:00|Csütörtök-6:00:20:00|Péntek-6:00:20:00|Szombat-6:00:18:00|Vasárnap-6:00:17:00
18.6027;47.6841;Nagysáp;Köztársaság tér 1/a;Hétfő-7:00:18:00|Kedd-7:00:18:00|Szerda-7:00:18:00|Csütörtök-7:00:18:00|Péntek-7:00:18:00|Szombat-8:00:12:00|Vasárnap-Zárva
17.0612;47.2611;Nagysimonyi;Kossuth utca    12;Hétfő-6:00:17:00|Kedd-6:00:17:00|Szerda-6:00:17:00|Csütörtök-6:00:17:00|Péntek-6:00:17:00|Szombat-6:00:11:00|Vasárnap-7:00:10:00
20.6677;46.6746;Nagyszénás;Október 6.utca 3.;Hétfő-6:00:20:00|Kedd-6:00:20:00|Szerda-6:00:20:00|Csütörtök-6:00:20:00|Péntek-6:00:20:00|Szombat-6:00:12:00|Vasárnap-Zárva
20.6723;46.6729;Nagyszénás;Szabadság  1.;Hétfő-6:00:22:00|Kedd-6:00:22:00|Szerda-6:00:22:00|Csütörtök-6:00:22:00|Péntek-6:00:22:00|Szombat-6:00:22:00|Vasárnap-6:00:22:00
20.6815927;46.6705213;Nagyszénás;Zrínyi Miklós utca 17.;Hétfő-6:00:20:00|Kedd-6:00:20:00|Szerda-6:00:20:00|Csütörtök-6:00:20:00|Péntek-6:00:20:00|Szombat-6:00:20:00|Vasárnap-6:00:20:00
20.4076;47.8168;Nagytálya;Kossuth utca 30;Hétfő-7:00:20:00|Kedd-7:00:20:00|Szerda-7:00:20:00|Csütörtök-7:00:20:00|Péntek-7:00:20:00|Szombat-7:00:20:00|Vasárnap-7:00:20:00
19.283;47.5329;Nagytarcsa;Arany János utca 1;Hétfő-8:00:20:00|Kedd-8:00:20:00|Szerda-8:00:20:00|Csütörtök-8:00:20:00|Péntek-8:00:20:00|Szombat-8:00:20:00|Vasárnap-8:00:20:00
19.2897;47.5248;Nagytarcsa;Petőfi Sándor u.  2;Hétfő-6:00:19:00|Kedd-6:00:19:00|Szerda-6:00:19:00|Csütörtök-6:00:19:00|Péntek-6:00:19:00|Szombat-7:00:14:00|Vasárnap-7:00:12:00
22.2776;48.1586;Nagyvarsány;Rákóczi u. 6.;Hétfő-6:00:20:00|Kedd-6:00:20:00|Szerda-6:00:20:00|Csütörtök-6:00:20:00|Péntek-6:00:20:00|Szombat-6:00:20:00|Vasárnap-6:00:20:00
17.696;46.9824;Nagyvázsony;Kinizsi Pál u. 86.;Hétfő-6:00:19:00|Kedd-6:00:19:00|Szerda-6:00:19:00|Csütörtök-6:00:19:00|Péntek-6:00:19:00|Szombat-6:00:19:00|Vasárnap-6:00:19:00
18.7887;46.9892;Nagyvenyim;Üzlet köz   5.;Hétfő-6:00:18:00|Kedd-6:00:18:00|Szerda-6:00:18:00|Csütörtök-6:00:18:00|Péntek-6:00:18:00|Szombat-6:00:12:00|Vasárnap-6:00:11:00
18.0513;46.4767;Nak;Fő u 178;Hétfő-5:30:18:00|Kedd-5:30:18:00|Szerda-5:30:18:00|Csütörtök-5:30:18:00|Péntek-5:30:18:00|Szombat-6:00:11:00|Vasárnap-7:00:10:00
21.8665;47.943;Napkor;Orosi utca  11-12.;Hétfő-6:00:22:00|Kedd-6:00:22:00|Szerda-6:00:22:00|Csütörtök-6:00:22:00|Péntek-6:00:22:00|Szombat-6:00:22:00|Vasárnap-6:00:22:00
21.87;47.9463;Napkor;Sényői út  15.;Hétfő-6:00:20:00|Kedd-6:00:20:00|Szerda-6:00:20:00|Csütörtök-6:00:20:00|Péntek-6:00:20:00|Szombat-6:00:20:00|Vasárnap-7:00:18:00
18.2623;47.6988;Naszály;Rákóczi u.  123;Hétfő-6:00:18:00|Kedd-6:00:18:00|Szerda-6:00:18:00|Csütörtök-6:00:18:00|Péntek-6:00:18:00|Szombat-6:00:12:00|Vasárnap-7:00:11:00
16.9486;46.8705;Nemesapáti;Fő út  18/A.;Hétfő-7:00:16:00|Kedd-7:00:16:00|Szerda-7:00:16:00|Csütörtök-7:00:16:00|Péntek-7:00:22:00|Szombat-7:00:22:00|Vasárnap-Zárva
17.3019;47.2709;Nemesszalók;Fő utca  53.;Hétfő-6:00:21:00|Kedd-6:00:21:00|Szerda-6:00:21:00|Csütörtök-6:00:21:00|Péntek-6:00:21:00|Szombat-6:00:21:00|Vasárnap-6:00:21:00
17.8746;47.0585;Nemesvámos;Dózsa György út 3/A.;Hétfő-5:30:18:00|Kedd-5:30:18:00|Szerda-5:30:18:00|Csütörtök-5:30:18:00|Péntek-5:30:18:00|Szombat-7:00:14:00|Vasárnap-Zárva
17.8778;47.0518;Nemesvámos;Fészek u. 1/1.;Hétfő-7:00:19:00|Kedd-7:00:19:00|Szerda-7:00:19:00|Csütörtök-7:00:19:00|Péntek-7:00:19:00|Szombat-7:00:15:00|Vasárnap-Zárva
18.3413;47.7332;Neszmély;Fő út 3.;Hétfő-6:00:18:00|Kedd-6:00:18:00|Szerda-6:00:18:00|Csütörtök-6:00:18:00|Péntek-6:00:18:00|Szombat-6:00:18:00|Vasárnap-8:00:13:00
19.0491;47.908;Nógrád;Szondy 25;Hétfő-6:30:18:30|Kedd-6:30:18:30|Szerda-6:30:18:30|Csütörtök-6:30:18:30|Péntek-6:30:18:30|Szombat-6:30:12:00|Vasárnap-Zárva
19.3869;48.0253;Nógrádmarcal;Rákóczi 5.;Hétfő-7:00:17:00|Kedd-7:00:17:00|Szerda-7:00:17:00|Csütörtök-7:00:17:00|Péntek-7:00:17:00|Szombat-7:00:14:00|Vasárnap-Zárva
19.3577;47.8418;Nógrádsáp;Szent István   14/2;Hétfő-6:00:18:00|Kedd-6:00:18:00|Szerda-6:00:18:00|Csütörtök-6:00:18:00|Péntek-6:00:18:00|Szombat-6:00:12:00|Vasárnap-Zárva
19.1412;47.8821;Nőtincs;Diófa 3.;Hétfő-6:00:17:00|Kedd-6:00:17:00|Szerda-6:00:17:00|Csütörtök-6:00:17:00|Péntek-6:00:17:00|Szombat-6:00:12:00|Vasárnap-6:00:10:00
16.6814;46.6867;Nova;Petőfi utca 4.;Hétfő-5:30:16:30|Kedd-5:30:16:30|Szerda-5:30:16:30|Csütörtök-5:30:16:30|Péntek-5:30:16:30|Szombat-6:00:12:00|Vasárnap-Zárva
21.1677;48.3947;Novajidrány;Kossuth u. 34.;Hétfő-6:00:14:00|Kedd-6:00:17:00|Szerda-6:00:17:00|Csütörtök-6:00:17:00|Péntek-6:00:17:00|Szombat-6:00:12:00|Vasárnap-Zárva
17.3643;47.2855;Nyárád;Arany J. u.  35-37;Hétfő-8:00:12:00|Kedd-8:00:12:00|Szerda-8:00:12:00|Csütörtök-8:00:12:00|Péntek-8:00:12:00|Szombat-8:00:12:00|Vasárnap-Zárva
19.4771;47.2758;Nyáregyháza;Árpád u. 9.;Hétfő-6:00:18:00|Kedd-6:00:18:00|Szerda-6:00:18:00|Csütörtök-6:00:18:00|Péntek-6:00:18:00|Szombat-7:00:16:00|Vasárnap-8:00:16:00
18.549388;47.761562;Nyergesujfalu;Kossuth Lajos utca 110;Hétfő-5:00:22:00|Kedd-5:00:22:00|Szerda-5:00:22:00|Csütörtök-5:00:22:00|Péntek-5:00:22:00|Szombat-6:00:22:00|Vasárnap-6:00:22:00
18.566;47.7588;Nyergesújfalu;Kossuth Lajos utca    260.;Hétfő-8:00:16:30|Kedd-8:00:16:30|Szerda-8:00:16:30|Csütörtök-8:00:16:30|Péntek-8:00:16:30|Szombat-8:00:13:00|Vasárnap-Zárva
18.5534;47.7612;Nyergesújfalu;Kossuth Lajos utca  160.;Hétfő-5:30:20:00|Kedd-5:30:20:00|Szerda-5:30:20:00|Csütörtök-5:30:20:00|Péntek-5:30:20:00|Szombat-8:00:20:00|Vasárnap-8:00:20:00
18.567;47.758;Nyergesújfalu;Május 1 tér  1/A;Hétfő-5:00:19:00|Kedd-5:00:19:00|Szerda-5:00:19:00|Csütörtök-5:00:19:00|Péntek-5:00:19:00|Szombat-6:00:20:00|Vasárnap-Zárva
22.0205;47.5257;Nyírábrány;Határőr utca 133.;Hétfő-6:00:19:00|Kedd-6:00:19:00|Szerda-6:00:19:00|Csütörtök-6:00:19:00|Péntek-6:00:19:00|Szombat-6:00:14:00|Vasárnap-7:00:12:00
22.0152;47.5449;Nyírábrány;Jókai utca 46.;Hétfő-6:00:20:00|Kedd-6:00:20:00|Szerda-6:00:20:00|Csütörtök-6:00:20:00|Péntek-6:00:20:00|Szombat-6:00:20:00|Vasárnap-8:00:20:00
21.9718;47.6024;Nyíracsád;Petőfi tér  7.;Hétfő-6:00:18:00|Kedd-6:00:18:00|Szerda-6:00:18:00|Csütörtök-6:00:18:00|Péntek-6:00:18:00|Szombat-6:00:14:00|Vasárnap-8:00:12:00
21.9716366;47.6016718;Nyíracsád;Rákóczi utca 1.;Hétfő-6:00:20:00|Kedd-6:00:20:00|Szerda-6:00:20:00|Csütörtök-6:00:20:00|Péntek-6:00:22:00|Szombat-6:00:22:00|Vasárnap-6:00:22:00
17.4542;47.0052;Nyirád;Dózsa György utca  2/A.;Hétfő-6:00:16:00|Kedd-6:00:16:00|Szerda-6:00:16:00|Csütörtök-6:00:16:00|Péntek-6:00:16:00|Szombat-6:00:13:00|Vasárnap-7:00:11:30
22.3351;47.9041;Nyírcsaholy;Hunyadi J 5.;Hétfő-6:00:20:00|Kedd-6:00:20:00|Szerda-6:00:20:00|Csütörtök-6:00:20:00|Péntek-6:00:20:00|Szombat-6:00:13:00|Vasárnap-8:00:12:00
22.3319;47.9084;Nyírcsaholy;Hunyadi út    76.;Hétfő-6:00:20:00|Kedd-6:00:20:00|Szerda-6:00:20:00|Csütörtök-6:00:20:00|Péntek-6:00:20:00|Szombat-6:00:19:00|Vasárnap-6:00:19:00
22.1769;47.8651;Nyírcsászári;Dózsa György  1/A;Hétfő-6:00:18:00|Kedd-6:00:18:00|Szerda-6:00:18:00|Csütörtök-6:00:18:00|Péntek-6:00:18:00|Szombat-7:00:14:00|Vasárnap-8:00:11:00
21.71971;47.949207;Nyíregyháza;Debreceni út 59-61.;Hétfő-6:00 : 22:00|Kedd-6:00 : 22:00|Szerda-6:00:22:00|Csütörtök-6:00:22:00|Péntek-6:00:22:00|Szombat-6:00:22:00|Vasárnap-8:00:20:00
21.710701;47.966738;Nyíregyháza;Eszperantó tér 1.;Hétfő-6:00:22:00|Kedd-6:00:22:00|Szerda-6:00:22:00|Csütörtök-6:00:22:00|Péntek-6:00:2:00|Szombat-6:00:2:00|Vasárnap-9:00:21:00
21.70476;47.948357;Nyíregyháza;Petőfi tér 1. (Autóbuszpályaudvar);Hétfő-5:00:22:00|Kedd-5:00:22:00|Szerda-5:00:22:00|Csütörtök-5:00:22:00|Péntek-5:00:22:00|Szombat-5:00:22:00|Vasárnap-7:00:19:00
21.705112;47.950805;Nyíregyháza;Petőfi u. 1sz;Hétfő-5:00:22:30|Kedd-5:00:22:30|Szerda-Zárva|Csütörtök-5:00:22:30|Péntek-5:00:23:00|Szombat-5:00:22:30|Vasárnap-7:00:19:00
21.753876;47.928352;Nyíregyháza;Pitypang utca 50;Hétfő-6:00:18:00|Kedd-6:00:18:00|Szerda-6:00:18:00|Csütörtök-6:00:18:00|Péntek-6:00:18:00|Szombat-0:00:24:03|Vasárnap-Zárva
21.7298;47.9485;Nyíregyháza;Ady Endre 2;Hétfő-6:00:20:00|Kedd-6:00:20:00|Szerda-6:00:20:00|Csütörtök-6:00:20:00|Péntek-6:00:20:00|Szombat-6:00:18:00|Vasárnap-8:00:18:00
21.7266;47.9634;Nyíregyháza;Agyag utca    10.;Hétfő-7:00:22:00|Kedd-7:00:22:00|Szerda-7:00:22:00|Csütörtök-7:00:22:00|Péntek-7:00:22:00|Szombat-7:00:22:00|Vasárnap-10:00:22:00
21.7098;47.9608;Nyíregyháza;Árok utca    13.;Hétfő-6:00:22:00|Kedd-6:00:22:00|Szerda-6:00:22:00|Csütörtök-6:00:22:00|Péntek-6:00:22:00|Szombat-6:00:22:00|Vasárnap-6:00:22:00
21.7084;47.9581;Nyíregyháza;Búza 11;Hétfő-6:00:18:00|Kedd-6:00:18:00|Szerda-6:00:18:00|Csütörtök-6:00:18:00|Péntek-6:00:18:00|Szombat-7:00:15:00|Vasárnap-Zárva
21.7089;47.9582;Nyíregyháza;Búza tér 15/a;Hétfő-6:00:18:00|Kedd-6:00:18:00|Szerda-6:00:18:00|Csütörtök-6:00:18:00|Péntek-6:00:18:00|Szombat-6:00:13:00|Vasárnap-6:00:13:00
21.7107;47.9442;Nyíregyháza;Damjanich 6;Hétfő-6:00:19:00|Kedd-6:00:19:00|Szerda-6:00:19:00|Csütörtök-6:00:19:00|Péntek-6:00:19:00|Szombat-6:00:13:00|Vasárnap-8:00:11:00
21.7124;47.9466;Nyíregyháza;Deák Ferenc utca   52.;Hétfő-6:00:21:00|Kedd-6:00:21:00|Szerda-6:00:21:00|Csütörtök-6:00:21:00|Péntek-6:00:21:00|Szombat-6:00:21:00|Vasárnap-6:00:21:00
21.7183;47.9361;Nyíregyháza;Debreceni u. 99.;Hétfő-8:00:17:00|Kedd-8:00:17:00|Szerda-8:00:17:00|Csütörtök-8:00:17:00|Péntek-8:00:17:00|Szombat-8:00:12:00|Vasárnap-Zárva
21.7135;47.9647;Nyíregyháza;Dohány u. 5.;Hétfő-6:00:19:00|Kedd-6:00:19:00|Szerda-6:00:19:00|Csütörtök-6:00:19:00|Péntek-6:00:19:00|Szombat-6:00:14:00|Vasárnap-7:00:11:00
21.6977;47.9503;Nyíregyháza;Dugonics  23;Hétfő-6:00:19:00|Kedd-6:00:19:00|Szerda-6:00:19:00|Csütörtök-6:00:19:00|Péntek-6:00:19:00|Szombat-6:00:13:00|Vasárnap-8:00:11:00
21.71;47.9656;Nyíregyháza;Északi körút 1.;Hétfő-0:00:23:59|Kedd-0:00:23:59|Szerda-0:00:23:59|Csütörtök-0:00:23:59|Péntek-0:00:23:59|Szombat-0:00:23:59|Vasárnap-0:00:23:59
21.7383;47.9603;Nyíregyháza;Fazekas János tér 11.;Hétfő-6:00:20:00|Kedd-6:00:20:00|Szerda-6:00:20:00|Csütörtök-6:00:20:00|Péntek-6:00:20:00|Szombat-6:00:20:00|Vasárnap-6:00:20:00
21.7381;47.957;Nyíregyháza;Fazekas János tér 3;Hétfő-6:00:20:00|Kedd-6:00:20:00|Szerda-6:00:20:00|Csütörtök-6:00:20:00|Péntek-6:00:20:00|Szombat-6:00:20:00|Vasárnap-8:00:18:00
21.715;47.966;Nyíregyháza;Ferenc krt. 2;Hétfő-6:00:18:00|Kedd-6:00:18:00|Szerda-6:00:18:00|Csütörtök-6:00:18:00|Péntek-6:00:18:00|Szombat-6:00:13:00|Vasárnap-Zárva
21.7483;48.003;Nyíregyháza;Gulyás Pál köz   2.;Hétfő-6:00:21:00|Kedd-6:00:21:00|Szerda-6:00:21:00|Csütörtök-6:00:21:00|Péntek-6:00:21:00|Szombat-6:00:21:00|Vasárnap-7:00:21:00
22.0886;47.8841;Nyírgyulaj;Mártirok u. 12.;Hétfő-6:30:17:00|Kedd-6:30:17:00|Szerda-6:30:17:00|Csütörtök-6:30:17:00|Péntek-6:30:17:00|Szombat-6:30:13:00|Vasárnap-Zárva
22.0992;48.0985;Nyírkarász;Fő  30.;Hétfő-6:00:17:00|Kedd-6:00:17:00|Szerda-6:00:17:00|Csütörtök-6:00:17:00|Péntek-6:00:17:00|Szombat-6:00:13:00|Vasárnap-6:00:10:00
22.2536;47.8677;Nyírkáta;Kossuth u. 67;Hétfő-6:00:18:00|Kedd-6:00:18:00|Szerda-6:00:18:00|Csütörtök-6:00:18:00|Péntek-6:00:18:00|Szombat-6:00:18:00|Vasárnap-8:00:12:00
22.1888;48.0673;Nyírmada;Ady E.  1;Hétfő-6:00:18:00|Kedd-6:00:18:00|Szerda-6:00:18:00|Csütörtök-6:00:18:00|Péntek-6:00:18:00|Szombat-6:00:13:00|Vasárnap-Zárva
22.1938;48.0694;Nyírmada;Ady E. u. 56.;Hétfő-6:00:18:00|Kedd-6:00:18:00|Szerda-6:00:18:00|Csütörtök-6:00:18:00|Péntek-6:00:18:00|Szombat-6:00:15:00|Vasárnap-7:00:11:00
22.1896;48.0674;Nyírmada;Ady Endre u. 12-14.;Hétfő-6:00:17:00|Kedd-6:00:17:00|Szerda-6:00:17:00|Csütörtök-6:00:17:00|Péntek-6:00:17:00|Szombat-6:00:13:00|Vasárnap-6:00:10:00
21.899448;47.581751;Nyírmártonfalva;Széchenyi utca 30.;Hétfő-5:00:20:00|Kedd-5:00:20:00|Szerda-5:00:20:00|Csütörtök-5:00:20:00|Péntek-5:00:20:00|Szombat-5:00:11:00|Vasárnap-5:00:11:00
22.2671;48.025;Nyírparasznya;Rákóczi utca    106.;Hétfő-7:00:19:00|Kedd-7:00:19:00|Szerda-7:00:19:00|Csütörtök-7:00:19:00|Péntek-7:00:19:00|Szombat-7:00:19:00|Vasárnap-7:00:19:00
21.7967;47.983;Nyírpazony;Széchenyi 10;Hétfő-6:00:18:00|Kedd-6:00:18:00|Szerda-6:00:18:00|Csütörtök-6:00:18:00|Péntek-6:00:18:00|Szombat-8:00:12:00|Vasárnap-Zárva
22.0279;48.1194;Nyírtass;Bem út    22/A.;Hétfő-5:00:18:00|Kedd-5:00:18:00|Szerda-5:00:18:00|Csütörtök-5:00:18:00|Péntek-5:00:18:00|Szombat-5:00:14:00|Vasárnap-7:00:11:00
21.6254;48.0132;Nyírtelek;Arany János u. 2.;Hétfő-7:00:19:00|Kedd-7:00:19:00|Szerda-7:00:19:00|Csütörtök-7:00:19:00|Péntek-7:00:19:00|Szombat-7:00:15:00|Vasárnap-8:00:12:00
21.6395;48.0164;Nyírtelek;Dózsa György út    81/A.;Hétfő-6:00:20:00|Kedd-6:00:20:00|Szerda-6:00:20:00|Csütörtök-6:00:20:00|Péntek-6:00:20:00|Szombat-6:00:19:00|Vasárnap-8:00:16:00
21.6219;48.0117;Nyírtelek;Petőfi út 32.;Hétfő-6:00:20:00|Kedd-6:00:20:00|Szerda-6:00:20:00|Csütörtök-6:00:20:00|Péntek-6:00:20:00|Szombat-6:00:18:00|Vasárnap-8:00:16:00
21.639;48.0066;Nyírtelek;Szent István 6;Hétfő-5:00:19:00|Kedd-5:00:19:00|Szerda-5:00:19:00|Csütörtök-5:00:19:00|Péntek-5:00:19:00|Szombat-5:00:14:00|Vasárnap-8:00:12:00
17.6882;47.5898;Nyúl;Jókai u. 6.;Hétfő-6:00:18:00|Kedd-6:00:18:00|Szerda-6:00:18:00|Csütörtök-6:00:18:00|Péntek-6:00:18:00|Szombat-9:00:17:00|Vasárnap-9:00:15:00
17.6929;47.5874;Nyúl;Kossuth Lajos utca 98.;Hétfő-5:30:18:00|Kedd-5:30:18:00|Szerda-5:30:18:00|Csütörtök-5:30:18:00|Péntek-5:30:18:00|Szombat-5:30:12:00|Vasárnap-6:00:9:30
17.6805;47.5839;Nyúl;Táncsics Mihály út  126.;Hétfő-5:00:20:00|Kedd-5:00:20:00|Szerda-5:00:20:00|Csütörtök-5:00:20:00|Péntek-5:00:20:00|Szombat-5:00:20:00|Vasárnap-6:30:18:30
18.5716;47.4907;Óbarok;Fő utca 18.;Hétfő-6:00:18:00|Kedd-6:00:18:00|Szerda-6:00:18:00|Csütörtök-6:00:18:00|Péntek-6:00:18:00|Szombat-6:00:13:00|Vasárnap-6:00:11:00
19.2195;47.3018;Ócsa;Bajcsy-Zsilinszky utca   98.;Hétfő-6:00:20:00|Kedd-6:00:20:00|Szerda-6:00:20:00|Csütörtök-6:00:20:00|Péntek-6:00:20:00|Szombat-8:00:18:00|Vasárnap-8:00:18:00
19.2333;47.3002;Ócsa;Damjanich u. 31.;Hétfő-6:00:20:00|Kedd-6:00:20:00|Szerda-6:00:20:00|Csütörtök-6:00:20:00|Péntek-6:00:20:00|Szombat-6:00:20:00|Vasárnap-7:00:13:00
19.2278;47.298;Ócsa;Esze Tamás u 15;Hétfő-6:00:22:00|Kedd-6:00:22:00|Szerda-6:00:22:00|Csütörtök-6:00:22:00|Péntek-6:00:22:00|Szombat-6:00:22:00|Vasárnap-6:00:21:00
19.2279;47.2928;Ócsa;Szabadság tér 1;Hétfő-6:30:20:00|Kedd-6:30:20:00|Szerda-6:30:20:00|Csütörtök-6:30:20:00|Péntek-6:30:20:00|Szombat-6:30:17:00|Vasárnap-8:00:13:00
18.7583;46.3142;Őcsény;Hősök tere 1.;Hétfő-4:30:20:30|Kedd-4:30:20:30|Szerda-4:30:20:30|Csütörtök-4:30:20:30|Péntek-4:30:20:30|Szombat-8:00:12:00|Vasárnap-8:00:12:00
22.0359;47.9301;Ófehértó;Alkotmány út 87.;Hétfő-6:00:20:00|Kedd-6:00:20:00|Szerda-6:00:20:00|Csütörtök-6:00:20:00|Péntek-6:00:20:00|Szombat-6:00:20:00|Vasárnap-6:00:20:00
22.5033;47.9189;Ököritófülpös;Kossuth 114.;Hétfő-6:00:18:00|Kedd-6:00:18:00|Szerda-6:00:18:00|Csütörtök-6:00:18:00|Péntek-6:00:18:00|Szombat-7:00:15:00|Vasárnap-7:00:11:00
18.4123;46.0136;Olasz;Kossuth L. u. 109.;Hétfő-5:30:17:30|Kedd-5:30:17:30|Szerda-5:30:17:30|Csütörtök-5:30:17:30|Péntek-5:30:17:30|Szombat-5:30:10:00|Vasárnap-Zárva
17.9072;47.2421;Olaszfalu;Eperjes u. 2.;Hétfő-6:30:17:00|Kedd-6:30:17:00|Szerda-6:30:17:00|Csütörtök-6:30:17:00|Péntek-6:30:17:00|Szombat-6:30:11:00|Vasárnap-Zárva
22.3264;48.0855;Olcsva;Vitkai    8.;Hétfő-6:00:21:00|Kedd-6:00:21:00|Szerda-6:00:21:00|Csütörtök-6:00:21:00|Péntek-6:00:21:00|Szombat-6:00:21:00|Vasárnap-6:00:21:00
20.9107;48.118;Onga;Felszabadulás út 12.;Hétfő-6:00:18:00|Kedd-6:00:18:30|Szerda-6:00:18:30|Csütörtök-6:00:18:30|Péntek-6:00:18:30|Szombat-6:00:14:00|Vasárnap-7:00:11:00
20.911;48.1186;Onga;Rákóczi út 18.;Hétfő-6:30:19:30|Kedd-6:30:19:30|Szerda-6:30:19:30|Csütörtök-6:30:19:30|Péntek-6:30:19:30|Szombat-6:30:14:30|Vasárnap-6:00:12:00
20.9141;48.1173;Onga;Rákóczi út 19.;Hétfő-8:30:18:00|Kedd-8:30:18:00|Szerda-8:30:18:00|Csütörtök-8:30:18:00|Péntek-8:30:18:00|Szombat-8:00:15:00|Vasárnap-8:00:12:00
22.3263;47.9945;Ópályi;Rajk László   15.;Hétfő-6:00:20:00|Kedd-6:00:20:00|Szerda-6:00:20:00|Csütörtök-6:00:20:00|Péntek-6:00:20:00|Szombat-6:00:20:00|Vasárnap-6:00:20:00
22.3241;47.9968;Ópályi;Széchenyi István utca    4.;Hétfő-6:00:18:00|Kedd-6:00:18:00|Szerda-6:00:18:00|Csütörtök-6:00:18:00|Péntek-6:00:18:00|Szombat-6:00:14:00|Vasárnap-Zárva
20.0669;46.4955;Ópusztaszer;Felszabadulás utca 29.;Hétfő-6:00:18:00|Kedd-6:00:18:00|Szerda-6:00:18:00|Csütörtök-6:00:18:00|Péntek-6:00:18:00|Szombat-7:00:11:00|Vasárnap-7:00:11:00
22.1918;47.9742;Őr;József Attila utca  32. em: A.;Hétfő-6:00:18:00|Kedd-6:00:18:00|Szerda-6:00:18:00|Csütörtök-6:00:18:00|Péntek-6:00:18:00|Szombat-6:00:14:00|Vasárnap-Zárva
17.6211;46.6012;Öreglak;Fő utca 44.;Hétfő-5:30:17:00|Kedd-5:30:17:00|Szerda-5:30:17:00|Csütörtök-5:30:17:00|Péntek-5:30:17:00|Szombat-5:30:17:00|Vasárnap-7:00:11:00
18.1467;46.1486;Orfű;Széchenyi tér 29.;Hétfő-7:00:19:00|Kedd-7:00:19:00|Szerda-7:00:19:00|Csütörtök-7:00:19:00|Péntek-7:00:19:00|Szombat-7:00:19:00|Vasárnap-7:00:19:00
19.477;46.7515;Orgovány;Kossuth Lajos utca  73.;Hétfő-7:00:19:00|Kedd-7:00:19:00|Szerda-7:00:19:00|Csütörtök-7:00:19:00|Péntek-7:00:19:00|Szombat-7:00:19:00|Vasárnap-Zárva
19.4748;46.7518;Orgovány;Kossuth Lajos utca 54.;Hétfő-5:00:19:00|Kedd-5:00:19:00|Szerda-5:00:19:00|Csütörtök-5:00:19:00|Péntek-5:00:19:00|Szombat-5:00:13:00|Vasárnap-5:00:12:00
19.3972;48.0764;Őrhalom;Rákóczi út  69.;Hétfő-7:00:21:00|Kedd-7:00:21:00|Szerda-7:00:21:00|Csütörtök-7:00:21:00|Péntek-7:00:21:00|Szombat-7:00:21:00|Vasárnap-7:00:21:00
16.5361;46.8882;Őrimagyarósd;Dózsa György  23/B.;Hétfő-6:30:15:00|Kedd-6:30:15:00|Szerda-6:30:15:00|Csütörtök-6:30:15:00|Péntek-6:30:15:00|Szombat-6:30:10:00|Vasárnap-Zárva
16.4201;46.8396;Őriszentpéter;Város szer  101.;Hétfő-7:00:19:00|Kedd-7:00:19:00|Szerda-7:00:19:00|Csütörtök-7:00:19:00|Péntek-7:00:19:00|Szombat-7:00:15:00|Vasárnap-7:00:13:00
20.6513;48.3305;Ormosbánya;Petőfi tér 2.;Hétfő-6:00:14:00|Kedd-6:00:16:00|Szerda-6:00:16:00|Csütörtök-6:00:16:00|Péntek-6:00:16:00|Szombat-6:00:12:00|Vasárnap-Zárva
20.6779;46.567;Orosháza;Arany János út 19.;Hétfő-7:00:19:00|Kedd-7:00:19:00|Szerda-7:00:19:00|Csütörtök-7:00:19:00|Péntek-7:00:19:00|Szombat-7:00:15:00|Vasárnap-Zárva
20.6737;46.5513;Orosháza;Árpád utca 1.;Hétfő-6:00:20:00|Kedd-6:00:20:00|Szerda-6:00:20:00|Csütörtök-6:00:20:00|Péntek-6:00:20:00|Szombat-6:00:22:00|Vasárnap-6:00:20:00
20.6723;46.5569;Orosháza;Bajcsy-Zsilinszky utca 2.;Hétfő-6:00:18:00|Kedd-6:00:18:00|Szerda-6:00:18:00|Csütörtök-6:00:18:00|Péntek-6:00:18:00|Szombat-6:00:14:00|Vasárnap-Zárva
20.6656;46.5606;Orosháza;Könd utca    42.;Hétfő-6:00:22:00|Kedd-6:00:22:00|Szerda-6:00:22:00|Csütörtök-6:00:22:00|Péntek-6:00:22:00|Szombat-6:00:22:00|Vasárnap-6:00:22:00
20.664;46.5596;Orosháza;Könd utca 47-49.;Hétfő-7:00:18:00|Kedd-7:00:18:00|Szerda-7:00:18:00|Csütörtök-7:00:18:00|Péntek-7:00:18:00|Szombat-7:00:12:00|Vasárnap-8:00:11:00
20.6647;46.5631;Orosháza;Kossuth utca  19.;Hétfő-6:00:18:00|Kedd-6:00:18:00|Szerda-6:00:18:00|Csütörtök-6:00:18:00|Péntek-6:00:18:00|Szombat-6:00:14:00|Vasárnap-6:00:14:00
20.6606;46.5569;Orosháza;Kossuth utca  2-4.;Hétfő-10:00:22:00|Kedd-10:00:22:00|Szerda-10:00:22:00|Csütörtök-10:00:22:00|Péntek-10:00:22:00|Szombat-10:00:22:00|Vasárnap-6:00:14:00
20.6592;46.5573;Orosháza;Kossuth utca 10-12.;Hétfő-6:00:22:00|Kedd-6:00:22:00|Szerda-6:00:22:00|Csütörtök-6:00:22:00|Péntek-6:00:22:00|Szombat-6:00:14:00|Vasárnap-7:00:13:00
20.6053;46.5678;Orosháza;Lórántffy utca 52.;Hétfő-6:00:20:00|Kedd-6:00:20:00|Szerda-6:00:20:00|Csütörtök-6:00:20:00|Péntek-6:00:20:00|Szombat-6:00:12:00|Vasárnap-Zárva
20.6725;46.5684;Orosháza;Mikes utca  21.;Hétfő-6:00:20:00|Kedd-6:00:20:00|Szerda-6:00:20:00|Csütörtök-6:00:20:00|Péntek-6:00:22:00|Szombat-6:00:22:00|Vasárnap-6:00:20:00
20.6671;46.5578;Orosháza;Rákóczi utca 3-5.;Hétfő-6:00:18:00|Kedd-6:00:18:00|Szerda-6:00:18:00|Csütörtök-6:00:18:00|Péntek-6:00:22:00|Szombat-6:00:22:00|Vasárnap-Zárva
20.6591;46.5675;Orosháza;Szent István út  18.;Hétfő-6:00:18:00|Kedd-6:00:18:00|Szerda-6:00:18:00|Csütörtök-6:00:18:00|Péntek-6:00:18:00|Szombat-6:00:14:00|Vasárnap-6:00:14:00
20.6703;46.5569;Orosháza;Vörösmarty utca 1.;Hétfő-7:00:19:00|Kedd-7:00:19:00|Szerda-7:00:19:00|Csütörtök-7:00:19:00|Péntek-7:00:20:00|Szombat-8:00:20:00|Vasárnap-9:00:16:00
20.66139;46.5567255;Orosháza;Rákóczi út 4.;Hétfő-6:00:22:00|Kedd-6:00:22:00|Szerda-6:00:22:00|Csütörtök-6:00:22:00|Péntek-6:00:22:00|Szombat-6:00:22:00|Vasárnap-6:00:22:00
18.3148;47.4816;Oroszlány;Petőfi Sándor utca  29.;Hétfő-5:00:20:00|Kedd-5:00:20:00|Szerda-5:00:20:00|Csütörtök-5:00:20:00|Péntek-5:00:20:00|Szombat-5:00:20:00|Vasárnap-5:00:20:00
18.3138;47.4865;Oroszlány;Rákóczi F. u.   21/A;Hétfő-6:00:22:00|Kedd-6:00:22:00|Szerda-6:00:22:00|Csütörtök-6:00:22:00|Péntek-6:00:23:00|Szombat-6:00:23:00|Vasárnap-Zárva
18.3109;47.4851;Oroszlány;Rákóczi F. u.  1;Hétfő-7:00:19:00|Kedd-7:00:19:00|Szerda-7:00:19:00|Csütörtök-7:00:19:00|Péntek-7:00:19:00|Szombat-7:00:15:00|Vasárnap-Zárva
18.316;47.4888;Oroszlány;Rákóczi Ferenc út  47/A.;Hétfő-0:00:24:00|Kedd-0:00:24:00|Szerda-0:00:24:00|Csütörtök-0:00:24:00|Péntek-0:00:24:00|Szombat-0:00:24:00|Vasárnap-0:00:24:00
18.3136;47.4861;Oroszlány;Rákóczi Ferenc utca 40.;Hétfő-4:00:22:00|Kedd-4:00:22:00|Szerda-4:00:22:00|Csütörtök-4:00:22:00|Péntek-4:00:22:00|Szombat-4:00:22:00|Vasárnap-4:00:22:00
18.3172;47.4899;Oroszlány;Rákóczi Ferenc utca 92;Hétfő-6:00:22:00|Kedd-6:00:22:00|Szerda-6:00:22:00|Csütörtök-6:00:22:00|Péntek-6:00:2:00|Szombat-6:00:3:00|Vasárnap-6:00:22:00
18.3169;47.4893;Oroszlány;Rákóczi út  88.;Hétfő-9:00:17:00|Kedd-9:00:17:00|Szerda-9:00:17:00|Csütörtök-9:00:17:00|Péntek-9:00:17:00|Szombat-8:00:12:00|Vasárnap-Zárva
18.3125;47.4807;Oroszlány;Táncsics Mihály út  15/A.;Hétfő-7:00:19:00|Kedd-7:00:19:00|Szerda-7:00:19:00|Csütörtök-7:00:19:00|Péntek-7:00:19:00|Szombat-7:00:19:00|Vasárnap-7:00:19:00
18.3002;47.4868;Oroszlány;Zichy Mihály utca 1/A.;Hétfő-6:00:18:00|Kedd-6:00:18:00|Szerda-6:00:18:00|Csütörtök-6:00:18:00|Péntek-6:00:18:00|Szombat-7:00:12:00|Vasárnap-7:00:12:00
18.1854;47.1496;Ősi;Kossuth Lajos utca 34.;Hétfő-6:00:19:00|Kedd-6:00:19:00|Szerda-6:00:19:00|Csütörtök-6:00:19:00|Péntek-6:00:19:00|Szombat-6:00:14:00|Vasárnap-Zárva
20.4277;47.8687;Ostoros;Egri u. 40/B;Hétfő-7:00:19:00|Kedd-7:00:19:00|Szerda-7:00:19:00|Csütörtök-7:00:19:00|Péntek-7:00:19:00|Szombat-7:00:13:00|Vasárnap-8:00:12:00
16.8755;47.0435;Oszkó;Rákóczi  26.;Hétfő-5:30:18:00|Kedd-5:30:18:00|Szerda-5:30:18:00|Csütörtök-5:30:18:00|Péntek-5:30:18:00|Szombat-5:30:11:30|Vasárnap-6:00:11:00
17.4974;47.7224;Öttevény;Fő út  46;Hétfő-5:00:21:00|Kedd-5:00:21:00|Szerda-5:00:21:00|Csütörtök-5:00:21:00|Péntek-5:00:21:00|Szombat-5:00:21:00|Vasárnap-8:00:20:00
17.4898;47.7259;Öttevény;Fő utca    126.;Hétfő-6:00:20:00|Kedd-6:00:20:00|Szerda-6:00:20:00|Csütörtök-6:00:20:00|Péntek-6:00:20:00|Szombat-6:00:19:00|Vasárnap-6:00:19:00
20.270838;48.2146795;Ózd;Vasvár út 27-29.;Hétfő-5:00:23:00|Kedd-5:00:23:00|Szerda-5:00:23:00|Csütörtök-5:00:23:00|Péntek-5:00:23:00|Szombat-5:00:23:00|Vasárnap-6:00:14:00
20.2653;48.2215;Ózd;Árpád vezér út 20/E.;Hétfő-6:00:20:00|Kedd-6:00:20:00|Szerda-6:00:20:00|Csütörtök-6:00:20:00|Péntek-6:00:20:00|Szombat-6:00:20:00|Vasárnap-6:00:20:00
20.2653;48.2215;Ózd;Árpád Vezér utca 20/C.;Hétfő-6:00:18:00|Kedd-6:00:18:00|Szerda-6:00:18:00|Csütörtök-6:00:18:00|Péntek-6:00:18:00|Szombat-7:00:15:00|Vasárnap-Zárva
20.2956;48.2113;Ózd;József Attila u. 25.;Hétfő-6:00:18:00|Kedd-6:00:18:00|Szerda-6:00:18:00|Csütörtök-6:00:18:00|Péntek-6:00:18:00|Szombat-6:00:18:00|Vasárnap-6:00:18:00
20.3025;48.224;Ózd;Mekcsey István u. 10.;Hétfő-6:00:18:00|Kedd-6:00:18:00|Szerda-6:00:18:00|Csütörtök-6:00:18:00|Péntek-6:00:18:00|Szombat-6:00:18:00|Vasárnap-6:00:18:00
20.256;48.2276;Ózd;Nagy Imre út 39.;Hétfő-7:00:19:00|Kedd-7:00:19:00|Szerda-7:00:19:00|Csütörtök-7:00:19:00|Péntek-7:00:19:00|Szombat-7:00:15:00|Vasárnap-Zárva
20.2978;48.2254;Ózd;Petőfi Sándor út 1.;Hétfő-6:00:22:00|Kedd-6:00:22:00|Szerda-6:00:22:00|Csütörtök-6:00:22:00|Péntek-6:00:22:00|Szombat-6:00:22:00|Vasárnap-6:00:22:00
20.2882;48.2195;Ózd;Vas köz  1.;Hétfő-6:00:18:00|Kedd-6:00:18:00|Szerda-6:00:18:00|Csütörtök-6:00:18:00|Péntek-6:00:18:00|Szombat-6:00:14:00|Vasárnap-Zárva
20.2851;48.2191;Ózd;Vasvár út 27/A;Hétfő-6:00:18:00|Kedd-6:00:18:00|Szerda-6:00:18:00|Csütörtök-6:00:18:00|Péntek-6:00:18:00|Szombat-6:00:14:00|Vasárnap-Zárva
20.258199808075425;48.22555215;Ózd;Bolyki főút 67.;Hétfő-6:00:18:00|Kedd-6:00:18:30|Szerda-6:00:18:30|Csütörtök-6:00:18:30|Péntek-6:00:18:30|Szombat-6:00:14:00|Vasárnap-7:00:11:00
20.2958;48.2116;Ózd;József Attila út 33.;Hétfő-6:00:18:00|Kedd-6:00:18:30|Szerda-6:00:18:30|Csütörtök-6:00:18:30|Péntek-6:00:18:30|Szombat-6:00:13:30|Vasárnap-7:00:11:00
20.31495640339629;48.2286512;Ózd;Mekcsey út 153.;Hétfő-6:00:18:00|Kedd-6:00:18:30|Szerda-6:00:18:30|Csütörtök-6:00:18:30|Péntek-6:00:18:30|Szombat-6:00:14:00|Vasárnap-7:00:11:00
17.0109;46.7224;Pacsa;Csány László utca 2.;Hétfő-6:00:18:00|Kedd-6:00:18:00|Szerda-6:00:18:00|Csütörtök-6:00:18:00|Péntek-6:00:18:00|Szombat-6:00:14:00|Vasárnap-7:00:12:00
19.388402;46.713138;Páhi;Széchenyi utca 10.szám;Hétfő-6:00:20:00|Kedd-6:00:20:00|Szerda-6:00:20:00|Csütörtök-6:00:20:00|Péntek-6:00:20:00|Szombat-Zárva|Vasárnap-Zárva
19.3884;46.7131;Páhi;Széchenyi utca 10.;Hétfő-6:00:18:00|Kedd-6:00:18:00|Szerda-6:00:18:00|Csütörtök-6:00:18:00|Péntek-6:00:18:00|Szombat-6:00:14:00|Vasárnap-6:00:10:00
18.5423;47.2171;Pákozd;Budai u. 55;Hétfő-8:00:16:00|Kedd-8:00:16:00|Szerda-8:00:16:00|Csütörtök-8:00:16:00|Péntek-8:00:16:00|Szombat-8:00:12:00|Vasárnap-Zárva
18.5356;47.2153;Pákozd;Budai út 32;Hétfő-6:00:18:00|Kedd-6:00:18:00|Szerda-6:00:18:00|Csütörtök-6:00:18:00|Péntek-6:00:18:00|Szombat-6:00:18:00|Vasárnap-6:00:18:00
18.8401;46.6183;Paks;Árnyas u 10.;Hétfő-6:00:18:00|Kedd-6:00:18:00|Szerda-6:00:18:00|Csütörtök-6:00:18:00|Péntek-6:00:18:00|Szombat-6:00:14:00|Vasárnap-Zárva
18.844;46.615;Paks;Barátság u. 3.;Hétfő-5:30:22:00|Kedd-5:30:22:00|Szerda-5:30:22:00|Csütörtök-5:30:22:00|Péntek-5:30:24:00|Szombat-6:00:24:00|Vasárnap-7:00:15:00
18.8611;46.6248;Paks;Dózsa György u. 35.;Hétfő-6:00:18:00|Kedd-6:00:18:00|Szerda-6:00:18:00|Csütörtök-6:00:18:00|Péntek-6:00:18:00|Szombat-6:00:14:00|Vasárnap-Zárva
18.8648;46.6263;Paks;Dózsa György út 3.;Hétfő-6:30:18:30|Kedd-6:30:18:30|Szerda-6:30:18:30|Csütörtök-6:30:18:30|Péntek-6:30:18:30|Szombat-6:30:17:00|Vasárnap-6:30:17:00
18.8422;46.6171;Paks;Építők útja 3.;Hétfő-5:00:22:00|Kedd-5:00:22:00|Szerda-5:00:22:00|Csütörtök-5:00:22:00|Péntek-5:00:24:00|Szombat-7:00:2:00|Vasárnap-7:00:2:00
18.8461;46.617;Paks;Kishegyi út 33/C.;Hétfő-7:00:19:00|Kedd-7:00:19:00|Szerda-7:00:19:00|Csütörtök-7:00:19:00|Péntek-7:00:19:00|Szombat-8:00:16:00|Vasárnap-8:00:12:00
18.8583;46.6248;Paks;Rosthy utca 6/2;Hétfő-7:00:19:00|Kedd-7:00:19:00|Szerda-7:00:19:00|Csütörtök-7:00:19:00|Péntek-7:00:19:00|Szombat-7:00:15:00|Vasárnap-Zárva
18.8634;46.6259;Paks;Vörösmarty u 1.;Hétfő-7:00:17:00|Kedd-7:00:17:00|Szerda-7:00:17:00|Csütörtök-7:00:17:00|Péntek-7:00:17:00|Szombat-7:00:12:00|Vasárnap-Zárva
19.9453;46.6261;Pálmonostora;Ságvári E. utca  2/C.;Hétfő-6:00:18:00|Kedd-6:00:18:00|Szerda-6:00:18:00|Csütörtök-6:00:18:00|Péntek-6:00:18:00|Szombat-6:00:12:00|Vasárnap-7:00:11:00
18.642;46.1247;Palotabozsok;Kossuth u.   97.;Hétfő-14:00:22:00|Kedd-14:00:22:00|Szerda-14:00:22:00|Csütörtök-14:00:22:00|Péntek-14:00:22:00|Szombat-14:00:22:00|Vasárnap-10:00:22:00
19.6379472;47.353261;Pánd;Szabadság utca 2.;Hétfő-6:00:22:00|Kedd-6:00:22:00|Szerda-6:00:22:00|Csütörtök-6:00:22:00|Péntek-6:00:22:00|Szombat-6:00:22:00|Vasárnap-6:00:22:00
16.4983;46.8378;Pankasz;Fő út    54.;Hétfő-8:00:16:00|Kedd-8:00:16:00|Szerda-8:00:16:00|Csütörtök-8:00:16:00|Péntek-8:00:16:00|Szombat-8:00:16:00|Vasárnap-Zárva
17.747;47.552;Pannonhalma;Béke utca  41.;Hétfő-8:00:20:00|Kedd-8:00:20:00|Szerda-8:00:20:00|Csütörtök-8:00:20:00|Péntek-8:00:20:00|Szombat-8:00:20:00|Vasárnap-Zárva
22.1421;48.2173;Pap;Kossuth  106;Hétfő-6:00:18:00|Kedd-6:00:18:00|Szerda-6:00:18:00|Csütörtök-6:00:18:00|Péntek-6:00:18:00|Szombat-6:00:20:00|Vasárnap-8:00:12:00
18.0803;47.0811;Papkeszi;Fő út  45.;Hétfő-6:00:20:00|Kedd-6:00:20:00|Szerda-6:00:20:00|Csütörtök-6:00:20:00|Péntek-6:00:20:00|Szombat-6:00:20:00|Vasárnap-6:00:20:00
22.2503;47.9813;Papos;Petőfi u.   44.;Hétfő-6:00:20:00|Kedd-6:00:20:00|Szerda-6:00:20:00|Csütörtök-6:00:20:00|Péntek-6:00:20:00|Szombat-6:00:20:00|Vasárnap-8:00:16:00
20.0323;47.9235;Parád;Kossuth Lajos utca 101.;Hétfő-7:30:19:00|Kedd-7:30:19:00|Szerda-7:30:19:00|Csütörtök-7:30:19:00|Péntek-7:30:19:00|Szombat-7:30:19:00|Vasárnap-7:30:19:00
20.64;48.1669;Parasznya;Rákóczi út  77.;Hétfő-6:00:18:00|Kedd-6:00:18:00|Szerda-6:00:18:00|Csütörtök-6:00:18:00|Péntek-6:00:18:00|Szombat-6:00:14:00|Vasárnap-8:00:12:00
21.6668;48.15;Paszab;Fő u. 13;Hétfő-7:00:16:00|Kedd-7:00:16:00|Szerda-7:00:16:00|Csütörtök-7:00:16:00|Péntek-7:00:16:00|Szombat-7:00:12:00|Vasárnap-Zárva
19.7085;47.9283;Pásztó;Fő 145.;Hétfő-0:00:24:00|Kedd-0:00:24:00|Szerda-0:00:24:00|Csütörtök-0:00:24:00|Péntek-0:00:24:00|Szombat-0:00:24:00|Vasárnap-0:00:24:00
19.6975;47.9168;Pásztó;Fő út 28.;Hétfő-5:00:21:00|Kedd-5:00:21:00|Szerda-5:00:21:00|Csütörtök-5:00:21:00|Péntek-5:00:21:00|Szombat-5:00:21:00|Vasárnap-8:00:12:00
19.6969843;47.9192802;Pásztó;Deák Ferenc utca 7.;Hétfő-7:00:21:00|Kedd-7:00:21:00|Szerda-7:00:21:00|Csütörtök-7:00:21:00|Péntek-7:00:23:00|Szombat-7:00:23:00|Vasárnap-8:00:21:00
19.1467;48.0222;Patak;Kossuth  9.;Hétfő-5:00:18:00|Kedd-5:00:18:00|Szerda-5:00:18:00|Csütörtök-5:00:18:00|Péntek-5:00:18:00|Szombat-5:00:13:00|Vasárnap-Zárva
21.9909;48.1729;Pátroha;Kossuth 18;Hétfő-8:00:17:00|Kedd-8:00:17:00|Szerda-8:00:17:00|Csütörtök-8:00:17:00|Péntek-8:00:7:00|Szombat-8:00:14:00|Vasárnap-Zárva
21.9915;48.1677;Pátroha;Kossuth u.  95;Hétfő-6:30:18:30|Kedd-6:30:18:30|Szerda-6:30:18:30|Csütörtök-6:30:18:30|Péntek-6:30:18:30|Szombat-6:30:18:30|Vasárnap-6:00:12:00
19.555793;47.515728;Páty;Rákóczi út 7.;Hétfő-6:00:21:00|Kedd-6:00:21:00|Szerda-6:00:21:00|Csütörtök-6:00:21:00|Péntek-6:00:21:00|Szombat-6:00:21:00|Vasárnap-7:00:19:00
18.8264;47.5139;Páty;Rákóczi út 54.   54.;Hétfő-7:00:22:00|Kedd-7:00:22:00|Szerda-7:00:22:00|Csütörtök-7:00:22:00|Péntek-7:00:22:00|Szombat-7:00:22:00|Vasárnap-8:00:21:00
18.8323011;47.5164288;Páty;Somogyi Béla utca 3.;Hétfő-6:00:21:00|Kedd-6:00:21:00|Szerda-6:00:21:00|Csütörtök-6:00:21:00|Péntek-6:00:21:00|Szombat-6:00:20:00|Vasárnap-7:00:18:00
18.6535;47.2878;Pázmánd;Fő u.  85.;Hétfő-5:00:20:00|Kedd-5:00:20:00|Szerda-5:00:20:00|Csütörtök-5:00:20:00|Péntek-5:00:20:00|Szombat-5:00:20:00|Vasárnap-5:00:20:00
18.6519;47.2901;Pázmánd;Fő utca  58.;Hétfő-5:00:20:00|Kedd-5:00:20:00|Szerda-5:00:20:00|Csütörtök-5:00:20:00|Péntek-5:00:20:00|Szombat-5:00:20:00|Vasárnap-6:00:20:00
19.3426;47.4919;Pécel;Baross 5./A.;Hétfő-6:30:18:30|Kedd-6:30:18:30|Szerda-6:30:18:30|Csütörtök-6:30:18:30|Péntek-6:30:18:30|Szombat-6:30:14:30|Vasárnap-8:00:13:00
19.3276;47.4973;Pécel;Csokonai utca  22.;Hétfő-6:12:14:20|Kedd-6:12:14:20|Szerda-6:12:14:20|Csütörtök-6:12:14:20|Péntek-6:12:14:20|Szombat-6:12:14:20|Vasárnap-7:00:13:00
19.3399;47.4888;Pécel;Kossuth tér 2.;Hétfő-6:00:18:00|Kedd-6:00:18:00|Szerda-6:00:18:00|Csütörtök-6:00:18:00|Péntek-6:00:18:00|Szombat-7:00:15:00|Vasárnap-Zárva
19.3359;47.4901;Pécel;Köztársaság tér 1.;Hétfő-6:00:20:00|Kedd-6:00:20:00|Szerda-6:00:20:00|Csütörtök-6:00:20:00|Péntek-6:00:20:00|Szombat-6:00:18:00|Vasárnap-Zárva
19.3363;47.4901;Pécel;Köztársaság tér 1327/2.;Hétfő-6:00:22:00|Kedd-6:00:22:00|Szerda-6:00:22:00|Csütörtök-6:00:22:00|Péntek-6:00:22:00|Szombat-8:00:20:00|Vasárnap-8:00:20:00
19.3271;47.4906;Pécel;Pesti út 38.;Hétfő-6:00:20:00|Kedd-6:00:20:00|Szerda-6:00:20:00|Csütörtök-6:00:20:00|Péntek-6:00:20:00|Szombat-6:00:20:00|Vasárnap-6:00:20:00
19.3432177;47.4768317;Pécel;Maglódi út 82.;Hétfő-6:00:18:00|Kedd-6:00:18:00|Szerda-6:00:18:00|Csütörtök-6:00:18:00|Péntek-6:00:18:00|Szombat-8:00:14:00|Vasárnap-Zárva
19.3363516;47.4901567;Pécel;Pesti út 123-125.;Hétfő-8:00:18:00|Kedd-8:00:18:00|Szerda-8:00:18:00|Csütörtök-8:00:18:00|Péntek-8:00:18:00|Szombat-8:00:15:00|Vasárnap-Zárva
16.8263;47.2058;Pecöl;Széchenyi utca  81.;Hétfő-9:00:21:00|Kedd-9:00:21:00|Szerda-9:00:21:00|Csütörtök-9:00:21:00|Péntek-9:00:21:00|Szombat-9:00:21:00|Vasárnap-9:00:21:00
18.2269;46.042;Pécs;Aidinger J. út 26.;Hétfő-6:00:21:00|Kedd-6:00:21:00|Szerda-6:00:21:00|Csütörtök-6:00:21:00|Péntek-6:00:21:00|Szombat-6:00:21:00|Vasárnap-6:00:21:00
18.2204;46.078;Pécs;Barbakán tér 1.;Hétfő-6:00:22:00|Kedd-6:00:22:00|Szerda-6:00:22:00|Csütörtök-6:00:22:00|Péntek-6:00:22:00|Szombat-6:00:22:00|Vasárnap-6:00:22:00
18.2198;46.0453;Pécs;Berek u. 6.;Hétfő-7:00:19:00|Kedd-7:00:19:00|Szerda-7:00:19:00|Csütörtök-7:00:19:00|Péntek-7:00:19:00|Szombat-7:00:19:00|Vasárnap-8:00:16:00
18.2782;46.0852;Pécs;Deák F. u. 2.;Hétfő-8:00:16:30|Kedd-8:00:16:30|Szerda-8:00:16:30|Csütörtök-8:00:16:30|Péntek-8:00:16:30|Szombat-8:00:12:00|Vasárnap-Zárva
18.1972;46.0638;Pécs;Esztergár L. u. 1/1.;Hétfő-6:00:21:00|Kedd-6:00:21:00|Szerda-6:00:21:00|Csütörtök-6:00:21:00|Péntek-6:00:21:00|Szombat-6:00:21:00|Vasárnap-6:00:21:00
18.2194;46.0456;Pécs;Éva u. 13-15.;Hétfő-5:00:23:00|Kedd-5:00:23:00|Szerda-5:00:23:00|Csütörtök-5:00:23:00|Péntek-5:00:23:00|Szombat-5:00:23:00|Vasárnap-5:00:23:00
18.2247;46.0753;Pécs;Ferencesek u. 21.;Hétfő-7:00:21:00|Kedd-7:00:21:00|Szerda-7:00:21:00|Csütörtök-7:00:21:00|Péntek-7:00:21:00|Szombat-7:00:21:00|Vasárnap-10:00:18:00
18.2463;46.0842;Pécs;Hajnal u. 1.;Hétfő-6:00:20:00|Kedd-6:00:20:00|Szerda-6:00:20:00|Csütörtök-6:00:20:00|Péntek-6:00:20:00|Szombat-6:00:20:00|Vasárnap-6:00:20:00
18.1974;46.0666;Pécs;Hajnóczy u. 1/B.;Hétfő-6:00:18:00|Kedd-6:00:18:00|Szerda-6:00:18:00|Csütörtök-6:00:18:00|Péntek-6:00:18:00|Szombat-6:00:14:00|Vasárnap-Zárva
18.2572;46.0936;Pécs;Hársfa u. 120/1.;Hétfő-7:00:19:00|Kedd-7:00:19:00|Szerda-7:00:19:00|Csütörtök-7:00:19:00|Péntek-7:00:19:00|Szombat-8:00:16:00|Vasárnap-Zárva
18.2194;46.0751;Pécs;Hungária u. 16.;Hétfő-8:00:20:00|Kedd-8:00:20:00|Szerda-8:00:20:00|Csütörtök-8:00:20:00|Péntek-8:00:20:00|Szombat-9:00:22:00|Vasárnap-Zárva
18.2089;46.0758;Pécs;Ifjúság út 7/A.;Hétfő-7:00:19:00|Kedd-7:00:19:00|Szerda-7:00:19:00|Csütörtök-7:00:19:00|Péntek-7:00:19:00|Szombat-8:00:16:00|Vasárnap-Zárva
18.2232;46.0673;Pécs;Indóház tér 2.;Hétfő-6:00:18:00|Kedd-6:00:18:00|Szerda-6:00:18:00|Csütörtök-6:00:18:00|Péntek-6:00:18:00|Szombat-8:00:16:00|Vasárnap-Zárva
18.2278;46.0752;Pécs;Jókai tér 7.;Hétfő-8:00:20:00|Kedd-8:00:20:00|Szerda-8:00:20:00|Csütörtök-8:00:20:00|Péntek-8:00:20:00|Szombat-9:00:22:00|Vasárnap-14:00:20:00
18.268;46.0928;Pécs;Komjáth A. út 2.;Hétfő-6:00:18:00|Kedd-6:00:18:00|Szerda-6:00:18:00|Csütörtök-6:00:18:00|Péntek-6:00:18:00|Szombat-6:00:18:00|Vasárnap-Zárva
18.2682;46.0924;Pécs;Komlói u. 63.;Hétfő-6:00:20:00|Kedd-6:00:20:00|Szerda-6:00:20:00|Csütörtök-6:00:20:00|Péntek-6:00:20:00|Szombat-7:00:19:00|Vasárnap-Zárva
18.2623;46.1112;Pécs;Komlói út 164.;Hétfő-6:00:18:00|Kedd-6:00:18:00|Szerda-6:00:18:00|Csütörtök-6:00:18:00|Péntek-6:00:18:00|Szombat-6:00:18:00|Vasárnap-7:00:15:00
18.2633;46.1075;Pécs;Komlói út 18. fsz.2.;Hétfő-7:00:19:00|Kedd-7:00:19:00|Szerda-7:00:19:00|Csütörtök-7:00:19:00|Péntek-7:00:19:00|Szombat-7:00:15:00|Vasárnap-Zárva
18.2146;46.0415;Pécs;Lahti út 2/1.;Hétfő-5:00:22:00|Kedd-5:00:22:00|Szerda-5:00:22:00|Csütörtök-5:00:22:00|Péntek-5:00:22:00|Szombat-5:00:22:00|Vasárnap-5:00:22:00
18.2391;46.077;Pécs;Lánc u. 2.;Hétfő-6:00:22:00|Kedd-6:00:22:00|Szerda-6:00:22:00|Csütörtök-6:00:22:00|Péntek-6:00:22:00|Szombat-6:00:22:00|Vasárnap-6:00:22:00
18.3258;46.133;Pécs-Vasas;Bethlen G. u. 21.;Hétfő-8:00:16:30|Kedd-8:00:16:30|Szerda-8:00:16:30|Csütörtök-8:00:16:30|Péntek-8:00:16:30|Szombat-8:00:12:00|Vasárnap-Zárva
18.4214;46.1586;Pécsvárad;Kossuth L. u. 10/A.;Hétfő-6:30:18:30|Kedd-6:30:18:30|Szerda-6:30:18:30|Csütörtök-6:30:18:30|Péntek-6:30:18:30|Szombat-6:30:14:30|Vasárnap-Zárva
18.4231;46.1581;Pécsvárad;Kossuth L. u. 6.;Hétfő-7:00:20:00|Kedd-7:00:20:00|Szerda-7:00:20:00|Csütörtök-7:00:20:00|Péntek-7:00:20:00|Szombat-7:00:20:00|Vasárnap-7:00:20:00
19.2515;47.8022;Penc;Rákóczi út 21.;Hétfő-5:30:19:00|Kedd-5:30:19:00|Szerda-5:30:19:00|Csütörtök-5:30:19:00|Péntek-5:30:19:00|Szombat-5:30:17:00|Vasárnap-7:00:17:00
17.786739;47.613566;Pér;Szent Imre út 34/A;Hétfő-6:00:20:00|Kedd-6:00:20:00|Szerda-6:00:20:00|Csütörtök-6:00:20:00|Péntek-6:00:20:00|Szombat-7:00:20:00|Vasárnap-12:00:12:00
18.7589;47.5906;Perbál;Fő út  29.;Hétfő-6:00:24:00|Kedd-6:00:24:00|Szerda-6:00:24:00|Csütörtök-6:00:24:00|Péntek-6:00:24:00|Szombat-6:00:24:00|Vasárnap-6:00:24:00
18.759;47.591;Perbál;Fő utca  38.;Hétfő-6:00:20:00|Kedd-6:00:20:00|Szerda-6:00:20:00|Csütörtök-6:00:20:00|Péntek-6:00:20:00|Szombat-7:00:16:00|Vasárnap-Zárva
21.1164;48.2846;Pere;Rákóczi u. 23.;Hétfő-8:00:20:00|Kedd-8:00:20:00|Szerda-8:00:20:00|Csütörtök-8:00:20:00|Péntek-8:00:20:00|Szombat-8:00:16:00|Vasárnap-Zárva
16.7432;47.6006;Pereszteg;Széchenyi utca    61.;Hétfő-5:00:8:00|Kedd-5:00:16:00|Szerda-5:00:16:00|Csütörtök-5:00:16:00|Péntek-5:00:16:00|Szombat-5:00:12:00|Vasárnap-Zárva
18.7898;47.0509;Perkáta;Szabadság tér 2.;Hétfő-5:00:17:00|Kedd-5:00:17:00|Szerda-5:00:17:00|Csütörtök-5:00:17:00|Péntek-5:00:17:00|Szombat-6:00:14:00|Vasárnap-8:00:12:00
20.6859;48.4729;Perkupa;Petőfi Sándor út 43.;Hétfő-8:00:20:00|Kedd-8:00:20:00|Szerda-16:00:20:00|Csütörtök-8:00:20:00|Péntek-8:00:20:00|Szombat-8:00:20:00|Vasárnap-8:00:20:00
19.4098;47.3882;Péteri;Petőfi Sándor utca 74.;Hétfő-6:00:20:00|Kedd-6:00:20:00|Szerda-6:00:20:00|Csütörtök-6:00:20:00|Péntek-6:00:20:00|Szombat-6:00:14:00|Vasárnap-7:00:12:00
19.4093;47.39;Péteri;Petőfi Sándor utca 87.;Hétfő-5:00:22:00|Kedd-5:00:22:00|Szerda-5:00:22:00|Csütörtök-5:00:22:00|Péntek-5:00:22:00|Szombat-5:00:22:00|Vasárnap-6:00:16:00
18.124;47.1659;Pétfürdő;Berhidai u. 2.;Hétfő-5:00:19:00|Kedd-5:00:19:00|Szerda-5:00:19:00|Csütörtök-5:00:19:00|Péntek-5:00:19:00|Szombat-5:00:19:00|Vasárnap-5:00:19:00
18.1258;47.1565;Pétfürdő;Liszt Ferenc utca 9.;Hétfő-6:00:18:30|Kedd-6:00:18:30|Szerda-6:00:18:30|Csütörtök-6:00:18:30|Péntek-6:00:18:30|Szombat-6:00:12:00|Vasárnap-6:00:11:00
18.119;47.1586;Pétfürdő;Temető út 1.;Hétfő-6:00:22:00|Kedd-6:00:22:00|Szerda-6:00:22:00|Csütörtök-6:00:22:00|Péntek-6:00:22:00|Szombat-6:00:22:00|Vasárnap-6:00:22:00
22.0806;48.0588;Petneháza;Kossuth Lajos  18.;Hétfő-6:00:17:00|Kedd-6:00:17:00|Szerda-6:00:17:00|Csütörtök-6:00:17:00|Péntek-6:00:17:00|Szombat-6:00:13:00|Vasárnap-6:00:10:00
19.7033;47.766;Petőfibánya;Liszt Ferenc út  2.;Hétfő-7:00:19:00|Kedd-7:00:19:00|Szerda-7:00:19:00|Csütörtök-7:00:19:00|Péntek-7:00:19:00|Szombat-8:00:19:00|Vasárnap-8:00:14:00
19.7015218;47.7655497;Petőfibánya;Bánya út 2.;Hétfő-7:00:19:00|Kedd-7:00:19:00|Szerda-7:00:19:00|Csütörtök-7:00:19:00|Péntek-7:00:19:00|Szombat-8:00:19:00|Vasárnap-8:00:14:00
19.8623;46.6229;Petőfiszállás;Kossuth utca 61.;Hétfő-6:00:17:00|Kedd-6:00:18:00|Szerda-6:00:18:00|Csütörtök-6:00:18:00|Péntek-6:00:18:00|Szombat-6:00:13:00|Vasárnap-7:00:11:00
19.5454;47.2904;Pilis;Aba Sámuel u. 22.;Hétfő-6:00:18:00|Kedd-6:00:18:00|Szerda-6:00:18:00|Csütörtök-6:00:18:00|Péntek-6:00:18:00|Szombat-6:00:12:00|Vasárnap-7:00:12:00
19.5388;47.2745;Pilis;Csaba utca   10.;Hétfő-6:00:19:00|Kedd-6:00:19:00|Szerda-6:00:19:00|Csütörtök-16:00:19:00|Péntek-6:00:19:00|Szombat-6:00:12:00|Vasárnap-15:00:18:00
19.5555;47.296;Pilis;Nagy Lajos utca 1.;Hétfő-6:00:19:00|Kedd-6:00:19:00|Szerda-6:00:19:00|Csütörtök-6:00:19:00|Péntek-6:00:19:00|Szombat-6:00:19:00|Vasárnap-7:00:11:00
19.543;47.283;Pilis;Rákóczi u. 41.;Hétfő-7:00:20:00|Kedd-7:00:20:00|Szerda-7:00:20:00|Csütörtök-7:00:20:00|Péntek-7:00:20:00|Szombat-7:00:20:00|Vasárnap-7:00:20:00
19.5433771;47.2710429;Pilis;Táncsics Mihály utca 11.;Hétfő-7:00:19:00|Kedd-7:00:19:00|Szerda-7:00:19:00|Csütörtök-7:00:19:00|Péntek-7:00:19:00|Szombat-7:00:15:00|Vasárnap-8:00:12:00
18.9911;47.6079;Pilisborosjenő;Fő utca  47.;Hétfő-5:00:20:00|Kedd-5:00:20:00|Szerda-5:00:20:00|Csütörtök-5:00:20:00|Péntek-5:00:20:00|Szombat-8:00:17:00|Vasárnap-Zárva
18.9911;47.6078;Pilisborosjenő;Templom utca 2;Hétfő-6:30:19:00|Kedd-6:30:19:00|Szerda-6:30:19:00|Csütörtök-6:30:19:00|Péntek-6:30:19:00|Szombat-6:30:13:00|Vasárnap-7:00:12:00
18.8297;47.632;Piliscsaba;Fő út  98.;Hétfő-7:00:19:00|Kedd-7:00:19:00|Szerda-7:00:19:00|Csütörtök-7:00:19:00|Péntek-7:00:19:00|Szombat-7:00:16:00|Vasárnap-8:00:12:00
18.8413;47.6312;Piliscsaba;Fő utca 19/A.;Hétfő-7:00:19:00|Kedd-7:00:19:00|Szerda-7:00:19:00|Csütörtök-7:00:19:00|Péntek-7:00:19:00|Szombat-7:00:15:00|Vasárnap-9:00:11:00
18.8298;47.6375;Piliscsaba;Vasút utca 14.;Hétfő-5:00:19:00|Kedd-5:00:19:00|Szerda-5:00:19:00|Csütörtök-5:00:19:00|Péntek-5:00:19:00|Szombat-6:00:15:00|Vasárnap-8:00:12:00
18.8052;47.6727;Piliscsév;Béke utca 131.;Hétfő-6:00:18:00|Kedd-6:00:18:00|Szerda-6:00:18:00|Csütörtök-6:00:18:00|Péntek-6:00:18:00|Szombat-8:00:13:00|Vasárnap-8:00:12:00
18.8168;47.673;Piliscsév;Béke utca 70.;Hétfő-5:00:19:00|Kedd-5:00:19:00|Szerda-5:00:19:00|Csütörtök-5:00:19:00|Péntek-5:00:19:00|Szombat-5:00:13:00|Vasárnap-7:00:13:00
18.7906;47.6552;Pilisjászfalu;Bécsi út 49.;Hétfő-6:00:18:00|Kedd-6:00:18:00|Szerda-6:00:18:00|Csütörtök-6:00:18:00|Péntek-6:00:18:00|Szombat-5:30:13:30|Vasárnap-8:00:12:00
18.8735;47.7854;Pilismarót;Esztergomi út  10;Hétfő-5:30:19:00|Kedd-5:30:19:00|Szerda-5:30:19:00|Csütörtök-5:30:19:00|Péntek-5:30:19:00|Szombat-6:00:19:00|Vasárnap-7:00:13:00
18.8743;47.785;Pilismarót;Esztergomi út 2.   2.;Hétfő-5:00:13:00|Kedd-5:00:13:00|Szerda-5:00:13:00|Csütörtök-5:00:13:00|Péntek-5:00:13:00|Szombat-8:00:12:00|Vasárnap-Zárva
18.8835;47.6672;Pilisszántó;Nyárfa utca  20;Hétfő-5:30:18:00|Kedd-5:30:18:00|Szerda-5:30:18:00|Csütörtök-5:30:18:00|Péntek-5:30:18:00|Szombat-5:30:13:00|Vasárnap-8:00:10:00
18.8934;47.608;Pilisszentiván;Fenyves u. 34.;Hétfő-5:30:19:00|Kedd-5:30:19:00|Szerda-5:30:19:00|Csütörtök-5:30:19:00|Péntek-5:30:19:00|Szombat-6:00:15:00|Vasárnap-7:00:12:00
18.8801;47.6144;Pilisszentiván;Rét utca 41;Hétfő-7:00:21:00|Kedd-7:00:21:00|Szerda-7:00:21:00|Csütörtök-7:00:21:00|Péntek-7:00:21:00|Szombat-8:00:16:00|Vasárnap-8:00:13:00
18.8978;47.6091;Pilisszentiván;Szabadság út  54/B.;Hétfő-6:00:18:00|Kedd-6:00:18:00|Szerda-6:00:18:00|Csütörtök-6:00:18:00|Péntek-6:00:18:00|Szombat-7:00:15:00|Vasárnap-Zárva
18.9873;47.7236;Pilisszentlászló;Béke út  10;Hétfő-5:00:18:00|Kedd-5:00:18:00|Szerda-5:00:18:00|Csütörtök-5:00:18:00|Péntek-5:00:18:00|Szombat-5:00:13:00|Vasárnap-7:00:10:00
18.905;47.6182;Pilisvörösvár;Fő út  108.;Hétfő-5:30:19:00|Kedd-5:30:19:00|Szerda-5:30:19:00|Csütörtök-5:30:19:00|Péntek-5:30:19:00|Szombat-6:00:15:00|Vasárnap-7:00:12:00
18.9148;47.6172;Pilisvörösvár;Fő út  27/A.;Hétfő-5:00:22:00|Kedd-5:00:22:00|Szerda-5:00:22:00|Csütörtök-5:00:22:00|Péntek-5:00:0:00|Szombat-5:00:0:00|Vasárnap-6:00:22:00
18.9108;47.6215;Pilisvörösvár;Fő út  75.;Hétfő-5:30:21:30|Kedd-5:30:21:30|Szerda-5:30:21:30|Csütörtök-5:30:21:30|Péntek-5:30:21:30|Szombat-7:00:15:00|Vasárnap-8:00:12:00
18.9122;47.6197;Pilisvörösvár;Fő utca 59.;Hétfő-5:30:19:00|Kedd-5:30:19:00|Szerda-5:30:19:00|Csütörtök-5:30:19:00|Péntek-5:30:19:00|Szombat-6:00:15:00|Vasárnap-7:00:12:00
18.9047;47.612;Pilisvörösvár;Görgey u.   50.;Hétfő-5:00:20:00|Kedd-5:00:20:00|Szerda-5:00:20:00|Csütörtök-5:00:20:00|Péntek-5:00:20:00|Szombat-5:00:13:00|Vasárnap-6:00:13:00
18.8964;47.6299;Pilisvörösvár;Kisfaludy u. 32;Hétfő-5:30:19:30|Kedd-5:30:19:30|Szerda-5:30:19:30|Csütörtök-5:30:19:30|Péntek-5:30:19:30|Szombat-5:30:14:00|Vasárnap-7:00:14:00
18.9165;47.6165;Pilisvörösvár;Széchenyi u. 2.;Hétfő-5:30:20:00|Kedd-5:30:20:00|Szerda-5:30:20:00|Csütörtök-5:30:20:00|Péntek-5:30:20:00|Szombat-5:30:14:00|Vasárnap-Zárva
19.4347;46.5151;Pirtó;Dózsa György utca 22.;Hétfő-5:00:17:00|Kedd-5:00:17:00|Szerda-5:00:17:00|Csütörtök-5:00:17:00|Péntek-5:00:17:00|Szombat-5:00:13:00|Vasárnap-Zárva
20.7364;46.3207;Pitvaros;Kossuth Lajos utca 52.;Hétfő-6:00:18:00|Kedd-6:00:18:00|Szerda-6:00:18:00|Csütörtök-6:00:18:00|Péntek-6:00:18:00|Szombat-6:00:14:00|Vasárnap-7:00:12:00
21.81;47.2841;Pocsaj;Kossuth utca 4.;Hétfő-6:00:22:00|Kedd-6:00:22:00|Szerda-6:00:22:00|Csütörtök-6:00:22:00|Péntek-6:00:22:00|Szombat-6:00:22:00|Vasárnap-6:00:22:00
21.8221;47.288;Pocsaj;Petőfi utca   33.;Hétfő-6:00:18:00|Kedd-6:00:18:00|Szerda-6:00:18:00|Csütörtök-6:00:18:00|Péntek-6:00:18:00|Szombat-6:00:18:00|Vasárnap-7:00:12:00
16.9672;46.9242;Pókaszepetk;Petőfi Sándor utca  111/1;Hétfő-6:00:17:30|Kedd-6:00:17:30|Szerda-6:00:17:30|Csütörtök-6:00:17:30|Péntek-6:00:17:30|Szombat-6:00:12:00|Vasárnap-8:00:10:00
18.3038;47.0532;Polgárdi;Batthány u. 25/B;Hétfő-6:00:18:00|Kedd-6:00:18:00|Szerda-6:00:18:00|Csütörtök-6:00:18:00|Péntek-6:00:18:00|Szombat-8:00:16:00|Vasárnap-Zárva
18.3055;47.0512;Polgárdi;Batthyány utca  28.;Hétfő-6:00:18:00|Kedd-6:00:18:00|Szerda-6:00:18:00|Csütörtök-6:00:18:00|Péntek-6:00:18:00|Szombat-6:00:12:00|Vasárnap-Zárva
18.3061;47.0611;Polgárdi;Béke u. 12/A;Hétfő-5:30:22:00|Kedd-5:30:22:00|Szerda-5:30:22:00|Csütörtök-5:30:22:00|Péntek-5:30:22:00|Szombat-5:30:22:00|Vasárnap-5:30:22:00
18.2957;47.0601;Polgárdi;Deák F. u. 11.;Hétfő-6:00:21:00|Kedd-6:00:21:00|Szerda-6:00:21:00|Csütörtök-6:00:21:00|Péntek-6:00:21:00|Szombat-6:00:21:00|Vasárnap-6:00:21:00
16.924;46.7547;Pölöske;Petőfi Sándor utca    121.;Hétfő-6:00:18:00|Kedd-6:00:18:00|Szerda-6:00:18:00|Csütörtök-6:00:18:00|Péntek-6:00:18:00|Szombat-6:00:14:00|Vasárnap-7:00:11:00
19.0217;47.653;Pomáz;Bem József utca   19.;Hétfő-5:30:22:00|Kedd-5:30:22:00|Szerda-5:30:22:00|Csütörtök-5:30:22:00|Péntek-5:30:22:00|Szombat-5:30:22:00|Vasárnap-5:30:21:00
19.0012;47.6512;Pomáz;Dobogókői út 12.;Hétfő-6:00:20:00|Kedd-6:00:20:00|Szerda-6:00:20:00|Csütörtök-6:00:20:00|Péntek-6:00:20:00|Szombat-6:00:20:00|Vasárnap-6:00:20:00
19.0281;47.6429;Pomáz;Szőlőtelep 16;Hétfő-6:00:18:00|Kedd-6:00:18:00|Szerda-6:00:18:00|Csütörtök-6:00:18:00|Péntek-6:00:18:00|Szombat-6:00:14:00|Vasárnap-6:00:14:00
19.031;47.6349;Pomáz;Vörösmarty utca 28;Hétfő-7:00:23:00|Kedd-7:00:23:00|Szerda-7:00:23:00|Csütörtök-7:00:23:00|Péntek-7:00:23:00|Szombat-9:00:23:00|Vasárnap-9:00:23:00
19.0071105;47.6508368;Pomáz;Beniczky utca 74.;Hétfő-6:00:18:00|Kedd-6:00:18:00|Szerda-6:00:18:00|Csütörtök-6:00:18:00|Péntek-6:00:18:00|Szombat-6:00:12:00|Vasárnap-6:00:12:00
20.6538;47.6441;Poroszló;Fő út  5.;Hétfő-6:00:18:00|Kedd-6:00:18:00|Szerda-6:00:18:00|Csütörtök-6:00:18:00|Péntek-6:00:18:00|Szombat-6:00:18:00|Vasárnap-6:00:18:00
20.6468668;47.6409727;Poroszló;Fő út 19.;Hétfő-6:00:19:00|Kedd-6:00:19:00|Szerda-6:00:19:00|Csütörtök-6:00:19:00|Péntek-6:00:19:00|Szombat-6:00:19:00|Vasárnap-7:00:16:00
16.5778;46.7285;Pórszombat;Kossuth Lajos  24;Hétfő-8:00:17:00|Kedd-8:00:17:00|Szerda-8:00:17:00|Csütörtök-8:00:17:00|Péntek-8:00:17:00|Szombat-8:00:12:00|Vasárnap-Zárva
21.1033;47.3158;Püspökladány;Árpád utca  36;Hétfő-5:30:22:30|Kedd-5:30:22:30|Szerda-5:30:22:30|Csütörtök-5:30:22:30|Péntek-5:30:22:30|Szombat-5:30:15:00|Vasárnap-7:00:12:00
21.1233;47.3152;Püspökladány;Bocskai utca 29.   29.;Hétfő-6:00:23:00|Kedd-6:00:23:00|Szerda-6:00:23:00|Csütörtök-6:00:23:00|Péntek-6:00:23:00|Szombat-6:00:23:00|Vasárnap-6:00:23:00
21.1146;47.3162;Püspökladány;Kossuth utca  7.;Hétfő-6:00:18:00|Kedd-6:00:18:00|Szerda-6:00:18:00|Csütörtök-6:00:18:00|Péntek-6:00:18:00|Szombat-6:00:14:00|Vasárnap-8:00:12:00
21.1158;47.3181;Püspökladány;Petőfi utca  1.;Hétfő-6:00:17:30|Kedd-6:00:17:30|Szerda-6:00:17:30|Csütörtök-6:00:17:30|Péntek-6:00:17:30|Szombat-6:00:14:30|Vasárnap-Zárva
21.1288;47.3264;Püspökladány;Vasút út 2.   2.;Hétfő-0:05:0:21|Kedd-0:05:0:21|Szerda-0:05:0:21|Csütörtök-0:05:0:21|Péntek-0:05:0:21|Szombat-0:05:0:21|Vasárnap-0:05:0:21
16.7956;47.0907;Püspökmolnári;Kossuth Lajos 78.;Hétfő-6:00:17:00|Kedd-6:00:17:00|Szerda-6:00:17:00|Csütörtök-6:00:17:00|Péntek-6:00:17:00|Szombat-6:00:10:00|Vasárnap-7:00:10:00
22.2216;48.0563;Pusztadobos;Rákóczi u. 7.;Hétfő-6:00:18:00|Kedd-6:00:18:00|Szerda-6:00:18:00|Csütörtök-6:00:18:00|Péntek-6:00:18:00|Szombat-6:00:14:00|Vasárnap-7:00:11:00
20.8045;46.5267;Pusztaföldvár;Rákóczi utca  98/1.;Hétfő-6:00:18:00|Kedd-6:00:18:00|Szerda-6:00:18:00|Csütörtök-6:00:18:00|Péntek-6:00:18:00|Szombat-6:00:14:00|Vasárnap-Zárva
17.5727;46.5309;Pusztakovácsi;Fő utca 63/A.;Hétfő-6:00:21:00|Kedd-6:00:21:00|Szerda-6:00:21:00|Csütörtök-6:00:21:00|Péntek-6:00:21:00|Szombat-6:00:21:00|Vasárnap-7:00:21:00
19.7928;47.556;Pusztamonostor;Szabadság út 44.;Hétfő-6:15:18:00|Kedd-6:15:18:00|Szerda-6:15:18:00|Csütörtök-6:15:18:00|Péntek-6:15:18:00|Szombat-6:15:13:00|Vasárnap-7:00:11:00
21.009;46.5392;Pusztaottlaka;Dózsa utca 13.;Hétfő-6:00:19:00|Kedd-6:00:19:00|Szerda-6:00:19:00|Csütörtök-6:00:19:00|Péntek-6:00:19:00|Szombat-6:00:19:00|Vasárnap-6:00:19:00
18.7623;47.1364;Pusztaszabolcs;Adonyi út 8.   8.;Hétfő-7:00:19:00|Kedd-7:00:19:00|Szerda-7:00:19:00|Csütörtök-7:00:19:00|Péntek-7:00:19:00|Szombat-7:00:15:00|Vasárnap-8:00:12:00
18.7602;47.1388;Pusztaszabolcs;Sport u. 6.;Hétfő-5:00:21:00|Kedd-5:00:21:00|Szerda-5:00:21:00|Csütörtök-5:00:21:00|Péntek-5:00:21:00|Szombat-7:00:21:00|Vasárnap-7:00:13:00
18.7595;47.1375;Pusztaszabolcs;Sport u. 7;Hétfő-5:00:21:00|Kedd-5:00:21:00|Szerda-5:00:21:00|Csütörtök-5:00:21:00|Péntek-5:00:23:00|Szombat-6:00:23:00|Vasárnap-6:00:21:00
19.988;46.5487;Pusztaszer;Kossuth utca  43.;Hétfő-7:00:19:00|Kedd-7:00:19:00|Szerda-7:00:19:00|Csütörtök-7:00:19:00|Péntek-7:00:19:00|Szombat-7:00:15:00|Vasárnap-Zárva
20.4372;48.294;Putnok;Kossuth L. u.  19.;Hétfő-8:00:17:00|Kedd-8:00:17:00|Szerda-8:00:17:00|Csütörtök-8:00:17:00|Péntek-8:00:17:00|Szombat-7:00:13:00|Vasárnap-Zárva
20.4388;48.2937;Putnok;Kossuth út 32.;Hétfő-6:30:18:30|Kedd-6:30:18:30|Szerda-6:30:18:30|Csütörtök-6:30:18:30|Péntek-6:30:18:30|Szombat-6:30:14:30|Vasárnap-Zárva
17.4251;47.5855;Rábacsécsény;Deák tér 2.;Hétfő-7:00:16:00|Kedd-7:00:16:00|Szerda-7:00:16:00|Csütörtök-7:00:16:00|Péntek-7:00:16:00|Szombat-7:00:11:00|Vasárnap-Zárva
16.4223;46.9417;Rábagyarmat;Kocsis László 13.;Hétfő-6:00:17:00|Kedd-6:00:17:00|Szerda-6:00:17:00|Csütörtök-6:00:17:00|Péntek-6:00:17:00|Szombat-6:00:10:00|Vasárnap-Zárva
16.7429;47.0734;Rábahídvég;Béke utca 3.   3.;Hétfő-6:00:18:00|Kedd-6:00:18:00|Szerda-6:00:18:00|Csütörtök-6:00:18:00|Péntek-6:00:18:00|Szombat-6:00:18:00|Vasárnap-8:00:10:00
17.481029200000002;47.624365299999994;Rábapatona;István utca 5.;Hétfő-6:00:18:00|Kedd-6:00:18:00|Szerda-6:00:18:00|Csütörtök-6:00:18:00|Péntek-6:00:18:00|Szombat-6:00:15:00|Vasárnap-6:00:12:00
17.3263;47.5575;Rábapordány;Ady Endre utca 2;Hétfő-7:00:15:00|Kedd-7:00:15:00|Szerda-7:00:15:00|Csütörtök-7:00:15:00|Péntek-7:00:15:00|Szombat-7:00:11:00|Vasárnap-Zárva
17.4296;47.5776;Rábaszentmihály;Béke utca 1.;Hétfő-8:00:22:00|Kedd-8:00:22:00|Szerda-8:00:22:00|Csütörtök-8:00:22:00|Péntek-8:00:22:00|Szombat-7:00:22:00|Vasárnap-7:00:22:00
17.1689;47.5882;Rábatamási;Szent István utca  15.;Hétfő-5:00:21:00|Kedd-5:00:21:00|Szerda-5:00:21:00|Csütörtök-5:00:21:00|Péntek-5:00:21:00|Szombat-5:00:21:00|Vasárnap-6:00:21:00
18.9234;47.0272;Rácalmás;Népfront u. 61.;Hétfő-7:00:18:00|Kedd-7:00:18:00|Szerda-7:00:18:00|Csütörtök-7:00:18:00|Péntek-7:00:18:00|Szombat-7:00:12:00|Vasárnap-Zárva
18.9216;47.0275;Rácalmás;Népfront utca 67;Hétfő-6:00:18:00|Kedd-6:00:18:00|Szerda-6:00:18:00|Csütörtök-6:00:18:00|Péntek-6:00:18:00|Szombat-8:00:12:00|Vasárnap-Zárva
18.94;47.0251;Rácalmás;Széchenyi tér 14;Hétfő-6:00:20:00|Kedd-6:00:20:00|Szerda-6:00:20:00|Csütörtök-6:00:20:00|Péntek-6:00:20:00|Szombat-7:00:12:00|Vasárnap-7:00:11:00
18.828;47.275;Ráckeresztúr;Hősök Tér 11.;Hétfő-5:00:19:00|Kedd-5:00:19:00|Szerda-5:00:19:00|Csütörtök-5:00:19:00|Péntek-5:00:19:00|Szombat-6:00:14:00|Vasárnap-8:00:12:00
18.8343;47.2697;Ráckeresztúr;Korniss István utca  17.;Hétfő-7:00:20:00|Kedd-7:00:20:00|Szerda-7:00:20:00|Csütörtök-7:00:20:00|Péntek-7:00:20:00|Szombat-7:00:20:00|Vasárnap-8:00:12:00
18.9409;47.1609;Ráckeve;Gábor Áron utca 14;Hétfő-6:00:18:00|Kedd-6:00:18:00|Szerda-6:00:18:00|Csütörtök-6:00:18:00|Péntek-6:00:18:00|Szombat-6:00:14:00|Vasárnap-7:30:12:00
18.9556;47.1559;Ráckeve;Irinyi u. 2;Hétfő-6:00:18:00|Kedd-6:00:18:00|Szerda-6:00:18:00|Csütörtök-6:00:18:00|Péntek-6:00:18:00|Szombat-6:00:18:00|Vasárnap-7:00:11:00
18.9426;47.1733;Ráckeve;Kossuth Lajos utca  117;Hétfő-6:00:20:00|Kedd-6:00:20:00|Szerda-6:00:20:00|Csütörtök-6:00:20:00|Péntek-6:00:20:00|Szombat-6:00:20:00|Vasárnap-6:00:20:00
18.946;47.1594;Ráckeve;Kossuth Lajos utca  2.;Hétfő-5:30:20:00|Kedd-5:30:20:00|Szerda-5:30:20:00|Csütörtök-5:30:20:00|Péntek-5:30:20:00|Szombat-6:30:13:00|Vasárnap-8:00:12:00
18.9429898;47.1574935;Ráckeve;Bajcsy-Zsilinszky utca 9.;Hétfő-6:00:18:00|Kedd-6:00:18:00|Szerda-6:00:18:00|Csütörtök-6:00:18:00|Péntek-6:00:18:00|Szombat-6:00:13:00|Vasárnap-6:00:13:00
20.6556;48.1775;Radostyán;Ady Endre utca 61.;Hétfő-7:30:16:00|Kedd-7:30:16:00|Szerda-7:30:16:00|Csütörtök-7:30:16:00|Péntek-7:30:16:00|Szombat-8:00:12:00|Vasárnap-Zárva
20.5207;48.4066;Ragály;Kossuth Lajos út  72.;Hétfő-6:00:20:30|Kedd-6:00:20:30|Szerda-6:00:20:30|Csütörtök-6:00:20:30|Péntek-6:00:20:30|Szombat-6:00:20:30|Vasárnap-6:00:20:30
20.8355;48.4619;Rakacaszend;Fő u. 42.;Hétfő-6:30:10:30|Kedd-6:30:10:30|Szerda-6:30:10:30|Csütörtök-6:30:10:30|Péntek-6:30:10:30|Szombat-6:30:10:30|Vasárnap-6:30:10:30
20.227856;47.088734;Rákóczifalva;Rákóczi út 51.;Hétfő-5:00:21:00|Kedd-5:00:21:00|Szerda-5:00:21:00|Csütörtök-5:00:21:00|Péntek-5:00:21:00|Szombat-6:00:21:00|Vasárnap-6:00:21:00
20.2347;47.0902;Rákóczifalva;Szent László király  út 35.;Hétfő-6:00:18:00|Kedd-6:00:18:00|Szerda-6:00:18:00|Csütörtök-6:00:18:00|Péntek-6:00:18:00|Szombat-6:00:14:00|Vasárnap-Zárva
20.2308;47.0966;Rákóczifalva;Szent László Király út    84/B.;Hétfő-6:00:18:00|Kedd-6:00:18:00|Szerda-6:00:18:00|Csütörtök-6:00:18:00|Péntek-6:00:18:00|Szombat-6:00:15:00|Vasárnap-6:00:12:00
21.9793;48.0427;Ramocsaháza;Kossuth 43.;Hétfő-6:00:19:00|Kedd-6:00:19:00|Szerda-6:00:19:00|Csütörtök-6:00:19:00|Péntek-6:00:19:00|Szombat-6:00:19:00|Vasárnap-7:00:11:00
20.1043;47.932;Recsk;Kossuth Lajos út 95.;Hétfő-5:00:20:00|Kedd-5:00:20:00|Szerda-5:00:20:00|Csütörtök-5:00:20:00|Péntek-5:00:20:00|Szombat-6:00:14:00|Vasárnap-Zárva
20.1031;47.9308;Recsk;Kossuth Lajos utca 83.;Hétfő-7:00:19:00|Kedd-7:00:19:00|Szerda-7:00:19:00|Csütörtök-7:00:19:00|Péntek-7:00:19:00|Szombat-7:00:15:00|Vasárnap-Zárva
16.4684;46.6183;Rédics;Lenti út  5/A;Hétfő-6:00:24:00|Kedd-6:00:24:00|Szerda-6:00:24:00|Csütörtök-6:00:24:00|Péntek-6:00:24:00|Szombat-6:00:24:00|Vasárnap-6:00:24:00
18.3812;46.5788;Regöly;Hunyadi u. 34.;Hétfő-6:30:18:00|Kedd-6:30:18:00|Szerda-6:30:18:00|Csütörtök-6:30:18:00|Péntek-6:30:18:00|Szombat-7:00:11:00|Vasárnap-Zárva
22.0117;48.2022;Rétközberencs;Major köz    1.;Hétfő-7:30:20:00|Kedd-7:30:20:00|Szerda-7:30:20:00|Csütörtök-7:30:20:00|Péntek-7:30:20:00|Szombat-7:30:20:00|Vasárnap-7:30:12:00
19.1369;47.927;Rétság;Rákóczi 39-41.;Hétfő-6:00:22:00|Kedd-6:00:22:00|Szerda-6:00:22:00|Csütörtök-6:00:22:00|Péntek-6:00:22:00|Szombat-6:00:22:20|Vasárnap-6:00:22:00
17.2188;46.8429;Rezi;Petőfi  2.;Hétfő-6:30:17:30|Kedd-6:30:17:30|Szerda-6:30:17:30|Csütörtök-6:30:17:30|Péntek-6:30:17:30|Szombat-6:30:11:00|Vasárnap-Zárva
19.5302;48.0391;Rimóc;Szécsényi    5/A.;Hétfő-6:00:17:00|Kedd-6:00:17:00|Szerda-6:00:17:00|Csütörtök-6:00:17:00|Péntek-6:00:17:00|Szombat-6:00:12:00|Vasárnap-Zárva
22.1329;48.0295;Rohod;Petőfi Sándor  8.;Hétfő-8:00:22:00|Kedd-8:00:22:00|Szerda-8:00:22:00|Csütörtök-8:00:22:00|Péntek-8:00:22:00|Szombat-8:00:22:00|Vasárnap-8:00:22:00
19.2593;47.9251;Romhány;Kossuth út  43.;Hétfő-8:00:20:00|Kedd-8:00:20:00|Szerda-8:00:20:00|Csütörtök-8:00:20:00|Péntek-8:00:20:00|Szombat-8:00:20:00|Vasárnap-8:00:20:00
19.2635;47.9227;Romhány;Zrínyi 6.;Hétfő-6:00:18:00|Kedd-6:00:18:00|Szerda-6:00:18:00|Csütörtök-6:00:18:00|Péntek-6:00:18:00|Szombat-6:00:12:00|Vasárnap-8:00:12:00
16.3767;46.975;Rönök;Alkotmány  9;Hétfő-8:00:20:00|Kedd-8:00:20:00|Szerda-8:00:20:00|Csütörtök-8:00:20:00|Péntek-8:00:20:00|Szombat-8:00:20:00|Vasárnap-8:00:20:00
19.7418;47.7869;Rózsaszentmárton;Deák Ferenc út 47.;Hétfő-6:00:20:00|Kedd-6:00:20:00|Szerda-6:00:20:00|Csütörtök-6:00:20:00|Péntek-6:00:20:00|Szombat-6:00:18:00|Vasárnap-7:00:18:00
20.6197;48.3759;Rudabánya;Petőfi Sándor út 1/A.;Hétfő-6:00:18:30|Kedd-6:00:18:30|Szerda-6:00:18:30|Csütörtök-6:00:18:30|Péntek-6:00:18:30|Szombat-6:00:13:30|Vasárnap-7:00:11:00
20.6226;48.3727;Rudabánya;Petőfi Sándor út 11.;Hétfő-6:00:18:00|Kedd-6:00:18:00|Szerda-6:00:18:00|Csütörtök-6:00:18:00|Péntek-6:00:18:00|Szombat-6:00:18:00|Vasárnap-7:00:15:00
18.100312;46.841607;Ságvár;Fő utca 2/c;Hétfő-6:00:22:00|Kedd-6:00:22:00|Szerda-6:00:22:00|Csütörtök-6:00:22:00|Péntek-6:00:22:00|Szombat-6:00:22:00|Vasárnap-6:00:22:00
20.7393;48.18;Sajóbábony;Erkel Ferenc út 1/1;Hétfő-5:30:17:30|Kedd-5:30:17:30|Szerda-5:30:17:30|Csütörtök-5:30:17:30|Péntek-5:30:17:30|Szombat-7:00:12:00|Vasárnap-7:00:12:00
20.7397;48.1782;Sajóbábony;Széchenyi u. 24.;Hétfő-6:00:20:00|Kedd-6:00:20:00|Szerda-6:00:20:00|Csütörtök-6:00:20:00|Péntek-6:00:20:00|Szombat-6:00:20:00|Vasárnap-6:00:20:00
20.7727;48.191;Sajóecseg;Állomás út 54.;Hétfő-7:00:16:00|Kedd-7:00:16:00|Szerda-7:00:16:00|Csütörtök-7:00:16:00|Péntek-7:00:16:00|Szombat-7:00:12:00|Vasárnap-7:00:10:00
20.5807;48.2688;Sajóivánka;Kossuth út 1.;Hétfő-6:00:17:00|Kedd-6:00:17:00|Szerda-6:00:17:00|Csütörtök-6:00:17:00|Péntek-6:00:17:00|Szombat-6:00:12:00|Vasárnap-7:00:11:00
20.5805;48.2842;Sajókaza;Kossuth út 33.;Hétfő-6:00:18:00|Kedd-6:00:18:00|Szerda-6:00:18:00|Csütörtök-6:00:18:00|Péntek-6:00:18:00|Szombat-6:00:13:00|Vasárnap-7:00:10:00
20.5905;48.2869;Sajókaza;Május 1 út 16.;Hétfő-7:00:17:00|Kedd-7:00:17:00|Szerda-7:00:17:00|Csütörtök-7:00:17:00|Péntek-7:00:17:00|Szombat-7:00:12:00|Vasárnap-Zárva
20.7766;48.1701;Sajókeresztúr;Rákóczi út 64.;Hétfő-6:30:16:30|Kedd-6:30:16:30|Szerda-6:30:16:30|Csütörtök-6:30:16:30|Péntek-6:30:16:30|Szombat-6:30:12:30|Vasárnap-7:00:11:00
20.6756;48.1841;Sajólászlófalva;Rákóczi Ferenc u. 1.;Hétfő-6:30:20:30|Kedd-6:30:20:30|Szerda-6:30:20:30|Csütörtök-6:30:20:30|Péntek-6:30:20:30|Szombat-6:30:20:30|Vasárnap-6:30:20:30
20.8478;48.1593;Sajópálfala;Szabadság út 29.;Hétfő-7:00:17:00|Kedd-7:00:17:00|Szerda-7:00:17:00|Csütörtök-7:00:17:00|Péntek-7:00:17:00|Szombat-7:00:14:00|Vasárnap-Zárva
20.7111;48.2193;Sajószentpéter;Bercsényi utca 2.;Hétfő-6:00:20:00|Kedd-6:00:20:00|Szerda-6:00:20:00|Csütörtök-6:00:20:00|Péntek-6:00:20:00|Szombat-6:00:20:00|Vasárnap-8:00:18:00
20.7037;48.2204;Sajószentpéter;Deák Ferenc utca  2.;Hétfő-6:00:22:00|Kedd-6:00:22:00|Szerda-6:00:22:00|Csütörtök-6:00:22:00|Péntek-6:00:22:00|Szombat-6:00:22:00|Vasárnap-6:00:22:00
20.7085;48.2134;Sajószentpéter;Harica tér 3.;Hétfő-9:00:17:00|Kedd-9:00:17:00|Szerda-9:00:17:00|Csütörtök-9:00:17:00|Péntek-9:00:17:00|Szombat-9:00:13:00|Vasárnap-Zárva
20.7072;48.2198;Sajószentpéter;Kossuth Lajos út 216.;Hétfő-6:00:22:00|Kedd-6:00:22:00|Szerda-6:00:22:00|Csütörtök-6:00:22:00|Péntek-6:00:22:00|Szombat-6:00:22:00|Vasárnap-6:00:22:00
20.8218;48.1956;Sajóvámos;Dózsa György út 2.;Hétfő-6:00:18:30|Kedd-6:00:18:30|Szerda-6:00:18:30|Csütörtök-6:00:18:30|Péntek-6:00:18:30|Szombat-6:00:13:30|Vasárnap-7:00:11:00
16.6606;46.8516;Salomvár;Petőfi Sándor utca 9.;Hétfő-8:00:22:00|Kedd-8:00:22:00|Szerda-8:00:22:00|Csütörtök-8:00:22:00|Péntek-8:00:22:00|Szombat-8:00:22:00|Vasárnap-8:00:22:00
20.1002;46.3601;Sándorfalva;Ady Endre utca 13.;Hétfő-6:00:18:00|Kedd-6:00:18:00|Szerda-6:00:18:00|Csütörtök-6:00:18:00|Péntek-6:00:18:00|Szombat-6:00:14:00|Vasárnap-6:00:12:00
20.0978;46.362;Sándorfalva;Alkotmány körút 14.;Hétfő-5:30:21:00|Kedd-5:30:21:00|Szerda-5:30:21:00|Csütörtök-5:30:21:00|Péntek-5:30:21:00|Szombat-5:30:21:00|Vasárnap-6:00:21:00
20.1086;46.3578;Sándorfalva;Rákóczi utca 2.;Hétfő-4:30:22:00|Kedd-4:30:22:00|Szerda-4:30:22:00|Csütörtök-4:30:22:00|Péntek-4:30:22:00|Szombat-4:30:22:00|Vasárnap-4:30:22:00
20.0988;46.3612;Sándorfalva;Széchenyi utca 24.;Hétfő-6:00:20:00|Kedd-6:00:20:00|Szerda-6:00:20:00|Csütörtök-6:00:20:00|Péntek-6:00:20:00|Szombat-6:00:20:00|Vasárnap-6:00:19:00
21.6304;47.4074;Sáránd;Nagy utca 40.;Hétfő-6:00:20:00|Kedd-6:00:20:00|Szerda-6:00:20:00|Csütörtök-6:00:20:00|Péntek-6:00:20:00|Szombat-7:00:18:00|Vasárnap-7:00:18:00
18.6806;47.6749;Sárisáp;Fő utca 119.;Hétfő-5:00:11:00|Kedd-5:00:11:00|Szerda-5:00:11:00|Csütörtök-5:00:11:00|Péntek-5:00:11:00|Szombat-7:00:12:00|Vasárnap-8:00:12:00
21.3736;46.7395;Sarkad;Gyulai út  1.;Hétfő-6:00:22:00|Kedd-6:00:22:00|Szerda-6:00:22:00|Csütörtök-6:00:22:00|Péntek-6:00:22:00|Szombat-6:00:22:00|Vasárnap-Zárva
21.3683;46.7371;Sarkad;Gyulai út 25.;Hétfő-7:00:20:00|Kedd-7:00:20:00|Szerda-7:00:20:00|Csütörtök-7:00:20:00|Péntek-7:00:20:00|Szombat-8:00:15:00|Vasárnap-12:00:18:00
21.3805;46.7429;Sarkad;Kossuth L. utca 43;Hétfő-6:00:22:00|Kedd-6:00:22:00|Szerda-6:00:22:00|Csütörtök-6:00:22:00|Péntek-6:00:22:00|Szombat-6:00:22:00|Vasárnap-7:00:12:00
21.3842;46.7474;Sarkad;Szent István tér 10.;Hétfő-6:00:18:00|Kedd-6:00:18:00|Szerda-6:00:18:00|Csütörtök-6:00:18:00|Péntek-6:00:18:00|Szombat-6:00:18:00|Vasárnap-Zárva
21.3918872;46.7407299;Sarkad;Vasút utca 28.;Hétfő-6:00:18:30|Kedd-6:00:18:30|Szerda-6:00:18:30|Csütörtök-6:00:18:30|Péntek-6:00:18:30|Szombat-6:00:14:00|Vasárnap-6:30:11:00
21.3834;46.8108;Sarkadkeresztúr;Rákóczi utca  7.;Hétfő-8:00:18:00|Kedd-8:00:18:00|Szerda-8:00:18:00|Csütörtök-8:00:18:00|Péntek-8:00:18:00|Szombat-8:00:12:00|Vasárnap-Zárva
18.5475;47.0069;Sárkeresztúr;Dózsa György u. 39.;Hétfő-7:00:19:00|Kedd-7:00:19:00|Szerda-7:00:19:00|Csütörtök-7:00:19:00|Péntek-7:00:19:00|Szombat-7:00:19:00|Vasárnap-7:00:19:00
18.5547;46.9991;Sárkeresztúr;Petőfi Sándor u. 23.;Hétfő-6:00:20:00|Kedd-6:00:20:00|Szerda-6:00:20:00|Csütörtök-6:00:20:00|Péntek-6:00:20:00|Szombat-6:00:12:00|Vasárnap-6:00:10:00
17.1687;46.7098;Sármellék;Dózsa György út 317.;Hétfő-6:00:18:00|Kedd-6:00:18:00|Szerda-6:00:18:00|Csütörtök-6:00:18:00|Péntek-6:00:18:00|Szombat-6:00:18:00|Vasárnap-Zárva
18.6414;47.0452;Sárosd;Fő utca 12;Hétfő-6:00:18:00|Kedd-6:00:18:00|Szerda-6:00:18:00|Csütörtök-6:00:18:00|Péntek-6:00:18:00|Szombat-6:00:12:00|Vasárnap-6:00:12:00
18.6547;47.0418;Sárosd;Perkátai út 32;Hétfő-6:00:18:00|Kedd-6:00:18:00|Szerda-6:00:18:00|Csütörtök-6:00:18:00|Péntek-6:00:18:00|Szombat-12:00:18:00|Vasárnap-12:00:18:00
18.5624;46.9667;Sárszentágota;Dózsa György utca 5.;Hétfő-8:00:18:00|Kedd-8:00:18:00|Szerda-8:00:18:00|Csütörtök-8:00:18:00|Péntek-8:00:18:00|Szombat-7:00:11:00|Vasárnap-8:00:10:00
18.6071;46.6246;Sárszentlőrinc;Petőfi  utca 21.;Hétfő-6:00:17:00|Kedd-6:00:17:00|Szerda-6:00:17:00|Csütörtök-6:00:17:00|Péntek-6:00:17:00|Szombat-6:00:11:00|Vasárnap-Zárva
18.3356;47.1528;Sárszentmihály;Fő út 29/A;Hétfő-5:30:20:00|Kedd-5:30:20:00|Szerda-5:30:20:00|Csütörtök-5:30:20:00|Péntek-5:30:20:00|Szombat-6:00:18:00|Vasárnap-Zárva
18.3232;47.155;Sárszentmihály;Fő utca    152/A.;Hétfő-6:00:18:00|Kedd-6:00:18:00|Szerda-6:00:18:00|Csütörtök-6:00:18:00|Péntek-6:00:18:00|Szombat-8:00:16:00|Vasárnap-Zárva
16.942;47.2502;Sárvár;Alkotmány 4;Hétfő-6:00:22:00|Kedd-6:00:22:00|Szerda-6:00:22:00|Csütörtök-6:00:22:00|Péntek-6:00:22:00|Szombat-6:00:22:00|Vasárnap-7:00:18:00
16.9324;47.2534;Sárvár;Batthyányi u. 33.;Hétfő-6:00:18:00|Kedd-6:00:18:00|Szerda-6:00:18:00|Csütörtök-6:00:18:00|Péntek-6:00:18:00|Szombat-8:00:16:00|Vasárnap-8:00:16:00
16.9307;47.2529;Sárvár;Hunyadi utca  1.;Hétfő-6:00:18:00|Kedd-6:00:18:00|Szerda-6:00:18:00|Csütörtök-6:00:18:00|Péntek-6:00:18:00|Szombat-6:00:14:00|Vasárnap-8:00:12:00
16.9301;47.2541;Sárvár;Laktanya 2.;Hétfő-6:00:19:00|Kedd-6:00:19:00|Szerda-6:00:19:00|Csütörtök-6:00:19:00|Péntek-6:00:19:00|Szombat-6:00:17:00|Vasárnap-7:00:12:00
16.928;47.2498;Sárvár;Nádasdy 55.;Hétfő-6:00:18:00|Kedd-6:00:18:00|Szerda-6:00:18:00|Csütörtök-6:00:18:00|Péntek-6:00:18:00|Szombat-6:00:14:00|Vasárnap-6:00:12:00
16.9429;47.2504;Sárvár;Rákóczi 16-18;Hétfő-7:00:20:00|Kedd-7:00:20:00|Szerda-7:00:20:00|Csütörtök-7:00:20:00|Péntek-7:00:20:00|Szombat-7:00:20:00|Vasárnap-8:00:16:00
16.9437;47.2501;Sárvár;Rákóczi 22;Hétfő-6:00:18:00|Kedd-6:00:18:00|Szerda-6:00:18:00|Csütörtök-6:00:18:00|Péntek-6:00:18:00|Szombat-8:00:16:00|Vasárnap-Zárva
17.2687;46.5914;Sávoly;Rákóczi utca  100.;Hétfő-6:00:17:00|Kedd-6:00:17:00|Szerda-6:00:17:00|Csütörtök-6:00:17:00|Péntek-6:00:17:00|Szombat-6:00:14:00|Vasárnap-Zárva
17.8465;45.8712;Sellye;Köztársaság u. 1.;Hétfő-5:30:20:00|Kedd-5:30:20:00|Szerda-5:30:20:00|Csütörtök-5:30:20:00|Péntek-5:30:20:00|Szombat-7:00:15:00|Vasárnap-7:00:15:00
17.8501;45.8726;Sellye;Mátyás király u. 54.;Hétfő-6:00:18:00|Kedd-6:00:18:00|Szerda-6:00:18:00|Csütörtök-6:00:18:00|Péntek-6:00:18:00|Szombat-6:00:18:00|Vasárnap-6:00:18:00
21.8793;47.9995;Sényő;Kossuth u.  62.;Hétfő-6:00:20:00|Kedd-6:00:20:00|Szerda-6:00:20:00|Csütörtök-6:00:20:00|Péntek-6:00:20:00|Szombat-6:00:20:00|Vasárnap-6:00:16:00
18.5827;47.1091;Seregélyes;Fő út 194.;Hétfő-6:00:18:00|Kedd-6:00:18:00|Szerda-6:00:18:00|Csütörtök-6:00:18:00|Péntek-6:00:18:00|Szombat-6:00:18:00|Vasárnap-6:00:18:00
18.282;45.8594;Siklós;Aradi u. 46.;Hétfő-5:00:21:00|Kedd-5:00:21:00|Szerda-5:00:21:00|Csütörtök-5:00:21:00|Péntek-5:00:21:00|Szombat-6:00:20:00|Vasárnap-6:00:12:00
18.272;45.8712;Siklós;Pécsi u. 27/A.;Hétfő-6:00:18:00|Kedd-6:00:18:00|Szerda-6:00:18:00|Csütörtök-6:00:18:00|Péntek-6:00:18:00|Szombat-7:00:15:00|Vasárnap-7:00:12:00
18.6509;46.3923;Sióagárd;Rákóczi utca 3.;Hétfő-6:00:14:00|Kedd-6:00:18:00|Szerda-6:00:18:00|Csütörtök-6:00:18:00|Péntek-6:00:18:00|Szombat-6:00:11:00|Vasárnap-7:00:10:00
18.070227;46.879254;Siófok;Honvéd u. 64;Hétfő-6:00:20:00|Kedd-6:00:20:00|Szerda-6:00:20:00|Csütörtök-6:00:20:00|Péntek-6:00:20:00|Szombat-6:00:20:00|Vasárnap-8:30:19:00
20.1946;47.9281;Sirok;Borics Pál út 38.;Hétfő-5:00:16:00|Kedd-5:00:16:00|Szerda-5:00:16:00|Csütörtök-5:00:16:00|Péntek-5:00:16:00|Szombat-5:00:12:00|Vasárnap-6:00:11:00
17.3748;47.4772;Sobor;Kossuth utca  31.;Hétfő-6:30:17:00|Kedd-6:30:17:00|Szerda-6:30:17:00|Csütörtök-6:30:17:00|Péntek-6:30:17:00|Szombat-6:30:12:30|Vasárnap-11:00:13:30
16.8483366;46.6641864;Söjtör;Deák Ferenc utca 185.;Hétfő-4:30:19:00|Kedd-4:30:19:00|Szerda-4:30:19:00|Csütörtök-4:30:19:00|Péntek-4:30:22:00|Szombat-7:00:22:00|Vasárnap-7:00:20:00
17.6908;47.4914;Sokorópátka;Kossuth Lajos u. 56;Hétfő-7:00:17:00|Kedd-7:00:17:00|Szerda-7:00:17:00|Csütörtök-7:00:17:00|Péntek-7:00:17:00|Szombat-7:00:12:00|Vasárnap-Zárva
19.395571;46.578976;Soltvadkert;Bocskai u.17;Hétfő-5:00:22:00|Kedd-5:00:22:00|Szerda-5:00:22:00|Csütörtök-5:00:22:00|Péntek-5:00:22:00|Szombat-5:00:22:00|Vasárnap-5:00:22:00
19.393982;46.581455;Soltvadkert;Dr. Gratzer István utca 3.;Hétfő-05:00:20:00|Kedd-05:00:20:00|Szerda-05:00:20:00|Csütörtök-05:00:20:00|Péntek-05:00:20:00|Szombat-05:00:24:00|Vasárnap-05:00:20:00
19.391031;46.581113;Soltvadkert;Kossuth Lajos u. 15;Hétfő-5:00:21:00|Kedd-5:00:21:00|Szerda-5:00:21:00|Csütörtök-5:00:21:00|Péntek-5:00:21:00|Szombat-5:00:21:00|Vasárnap-5:00:21:00
18.939;47.5821;Solymár;Rózsika utca 2/B;Hétfő-6:00:20:00|Kedd-6:00:20:00|Szerda-6:00:20:00|Csütörtök-6:00:20:00|Péntek-6:00:20:00|Szombat-6:00:20:00|Vasárnap-6:00:20:00
18.9562;47.598;Solymár;Szent Flórián u. 2-4;Hétfő-6:00:22:00|Kedd-6:00:22:00|Szerda-6:00:22:00|Csütörtök-6:00:22:00|Péntek-6:00:22:00|Szombat-6:00:22:00|Vasárnap-7:00:20:00
18.9292;47.5911;Solymár;Templom tér 23.;Hétfő-6:00:20:00|Kedd-6:00:20:00|Szerda-6:00:20:00|Csütörtök-6:00:20:00|Péntek-6:00:20:00|Szombat-6:00:19:00|Vasárnap-6:00:13:00
18.9291;47.597;Solymár;Terstyánszky Ödön utca 94.;Hétfő-6:00:20:00|Kedd-6:00:20:00|Szerda-6:00:20:00|Csütörtök-6:00:20:00|Péntek-6:00:20:00|Szombat-6:00:19:00|Vasárnap-7:00:18:00
18.6586;46.0803;Somberek;Kossuth L. u. 113/A.;Hétfő-5:00:17:00|Kedd-5:00:17:00|Szerda-5:00:17:00|Csütörtök-5:00:17:00|Péntek-5:00:17:00|Szombat-5:00:12:00|Vasárnap-7:30:10:00
17.3588415;47.17146;Somlószőlős;Kossuth Lajos utca 130.;Hétfő-6:00:16:30|Kedd-6:00:16:30|Szerda-6:00:16:30|Csütörtök-6:00:16:30|Péntek-6:00:16:30|Szombat-6:00:12:00|Vasárnap-Zárva
17.3777;47.1203;Somlóvásárhely;Szabadság tér  15.;Hétfő-6:30:16:00|Kedd-6:30:16:00|Szerda-6:30:16:00|Csütörtök-6:30:16:00|Péntek-6:30:16:00|Szombat-6:30:11:30|Vasárnap-Zárva
17.7731;46.6807;Somogybabod;Ady Endre utca 12.;Hétfő-7:00:21:00|Kedd-7:00:21:00|Szerda-7:00:21:00|Csütörtök-7:00:21:00|Péntek-7:00:21:00|Szombat-7:00:21:00|Vasárnap-7:00:21:00
18.0061;46.5871;Somogydöröcske;Keleti utca 41;Hétfő-7:00:17:30|Kedd-7:00:17:30|Szerda-7:00:17:30|Csütörtök-7:00:17:30|Péntek-7:00:17:30|Szombat-7:00:10:00|Vasárnap-Zárva
17.7131;46.5291;Somogyjád;Fő 73.;Hétfő-6:00:20:00|Kedd-6:00:20:00|Szerda-6:00:20:00|Csütörtök-6:00:20:00|Péntek-6:00:20:00|Szombat-6:00:20:00|Vasárnap-6:00:20:00
17.6847;46.5717;Somogyvámos;Fő 74;Hétfő-7:00:19:00|Kedd-7:00:19:00|Szerda-7:00:19:00|Csütörtök-7:00:19:00|Péntek-7:00:19:00|Szombat-7:00:19:00|Vasárnap-8:00:12:00
18.4548;47.0124;Soponya;Kossuth u. 2.;Hétfő-6:00:18:00|Kedd-6:00:18:00|Szerda-6:00:18:00|Csütörtök-6:00:18:00|Péntek-6:00:18:00|Szombat-6:00:18:00|Vasárnap-7:00:14:00
18.4552;47.0126;Soponya;Petőfi S. utca   158.;Hétfő-5:00:21:00|Kedd-5:00:21:00|Szerda-5:00:21:00|Csütörtök-5:00:21:00|Péntek-5:00:21:00|Szombat-5:00:21:00|Vasárnap-6:00:21:00
16.7471;47.5439;Sopronkövesd;Kossuth Lajos utca  105;Hétfő-7:00:19:00|Kedd-7:00:19:00|Szerda-7:00:19:00|Csütörtök-7:00:19:00|Péntek-7:00:19:00|Szombat-7:00:19:00|Vasárnap-Zárva
16.6765;47.1372;Sorokpolány;Fő 119;Hétfő-7:00:21:00|Kedd-7:00:21:00|Szerda-7:00:21:00|Csütörtök-7:00:21:00|Péntek-7:00:21:00|Szombat-7:00:21:00|Vasárnap-7:00:21:00
18.8331;47.4066;Sóskút;Petőfi Sándor utca   25;Hétfő-6:00:21:00|Kedd-6:00:21:00|Szerda-6:00:21:00|Csütörtök-6:00:21:00|Péntek-6:00:21:00|Szombat-6:00:21:00|Vasárnap-7:00:20:00
18.5967;47.2398;Sukoró;Fehérvári u. 1;Hétfő-8:00:16:00|Kedd-8:00:16:00|Szerda-8:00:16:00|Csütörtök-8:00:16:00|Péntek-8:00:16:00|Szombat-8:00:12:00|Vasárnap-Zárva
18.9946;46.2891;Sükösd;Hősök tere 2.;Hétfő-14:00:22:00|Kedd-6:00:14:00|Szerda-14:00:22:00|Csütörtök-6:00:14:00|Péntek-14:00:22:00|Szombat-6:00:14:00|Vasárnap-14:00:22:00
19.5505;47.4532;Sülysáp;József Attila utca  2.;Hétfő-6:00:18:00|Kedd-6:00:18:00|Szerda-6:00:18:00|Csütörtök-6:00:18:00|Péntek-6:00:18:00|Szombat-7:00:15:00|Vasárnap-8:00:12:00
19.5323;47.4487;Sülysáp;Pesti út 55;Hétfő-6:00:21:00|Kedd-6:00:21:00|Szerda-6:00:21:00|Csütörtök-6:00:21:00|Péntek-6:00:21:00|Szombat-6:00:21:00|Vasárnap-6:00:21:00
19.5347;47.4502;Sülysáp;Szent István tér 6.   6.;Hétfő-5:00:21:00|Kedd-5:00:21:00|Szerda-5:00:21:00|Csütörtök-5:00:21:00|Péntek-5:00:21:00|Szombat-6:00:21:00|Vasárnap-6:00:21:00
19.528;47.4524;Sülysáp;Vasút u. 48.;Hétfő-6:00:18:00|Kedd-6:00:18:00|Szerda-6:00:18:00|Csütörtök-6:00:18:00|Péntek-6:00:18:00|Szombat-6:00:18:00|Vasárnap-7:00:12:00
19.5386;47.4529;Sülysáp;Vasút utca 114/3.;Hétfő-6:00:18:00|Kedd-6:00:18:00|Szerda-6:00:18:00|Csütörtök-6:00:18:00|Péntek-6:00:18:00|Szombat-6:00:16:00|Vasárnap-7:00:12:00
17.2816;46.9775;Sümeg;Árpád u.  1/A/13;Hétfő-5:30:14:00|Kedd-5:30:14:00|Szerda-5:30:14:00|Csütörtök-5:30:14:00|Péntek-5:30:14:00|Szombat-8:00:12:00|Vasárnap-Zárva
17.2822;46.977;Sümeg;Flórián tér 3/2.;Hétfő-8:00:16:30|Kedd-8:00:16:30|Szerda-8:00:16:30|Csütörtök-8:00:16:30|Péntek-8:00:16:30|Szombat-8:00:12:00|Vasárnap-Zárva
17.2814;46.9778;Sümeg;Kossuth Lajos utca 4.;Hétfő-7:00:21:00|Kedd-7:00:21:00|Szerda-7:00:21:00|Csütörtök-7:00:21:00|Péntek-7:00:22:00|Szombat-8:00:22:00|Vasárnap-9:00:1:90
17.2746;46.9401;Sümegprága;Rákóczi u.  8.;Hétfő-6:00:14:30|Kedd-6:00:14:30|Szerda-6:00:14:30|Csütörtök-6:00:14:30|Péntek-6:00:14:30|Szombat-6:00:10:30|Vasárnap-Zárva
18.373813;47.119846;Szabadbattyán;Széchenyi u. 1.;Hétfő-6:00:22:00|Kedd-6:00:22:00|Szerda-6:00:22:00|Csütörtök-6:00:22:00|Péntek-6:00:22:00|Szombat-6:00:22:00|Vasárnap-6:00:22:00
18.6932;47.0776;Szabadegyháza;Petőfi utca  1/d.;Hétfő-7:00:19:00|Kedd-7:00:19:00|Szerda-7:00:19:00|Csütörtök-7:00:19:00|Péntek-7:00:19:00|Szombat-7:00:19:00|Vasárnap-7:00:12:00
21.0644;46.599;Szabadkígyós;Ókígyósi út 162.;Hétfő-6:00:18:00|Kedd-6:00:18:00|Szerda-6:00:18:00|Csütörtök-6:00:18:00|Péntek-6:00:18:00|Szombat-7:00:12:00|Vasárnap-7:00:10:00
18.0423;46.0085;Szabadszentkirály;Petőfi S. u. 92.;Hétfő-6:00:18:00|Kedd-6:00:18:00|Szerda-6:00:18:00|Csütörtök-6:00:18:00|Péntek-6:00:18:00|Szombat-6:30:14:00|Vasárnap-7:00:11:00
21.4928;48.1721;Szabolcs;Petőfi utca  38.;Hétfő-7:00:15:00|Kedd-7:00:15:00|Szerda-7:00:15:00|Csütörtök-7:00:15:00|Péntek-7:00:15:00|Szombat-7:00:11:00|Vasárnap-Zárva
22.142;48.153;Szabolcsbáka;Kossuth u. 93;Hétfő-6:00:17:00|Kedd-6:00:17:00|Szerda-6:00:17:00|Csütörtök-6:00:17:00|Péntek-6:00:17:00|Szombat-6:00:13:00|Vasárnap-Zárva
19.3135;47.6396;Szada;Kisfaludy utca 13.;Hétfő-5:00:21:00|Kedd-5:00:21:00|Szerda-5:00:21:00|Csütörtök-5:00:21:00|Péntek-5:00:21:00|Szombat-6:00:21:00|Vasárnap-6:00:14:00
17.9473;46.2254;Szágy;Kossuth u. 22.;Hétfő-7:00:19:00|Kedd-7:00:19:00|Szerda-7:00:19:00|Csütörtök-7:00:19:00|Péntek-7:00:19:00|Szombat-7:00:11:00|Vasárnap-7:00:11:00
20.303827;47.174818;Szajol;Széchenyi út.35;Hétfő-0:00:24:00|Kedd-0:00:24:00|Szerda-0:00:24:00|Csütörtök-0:00:24:00|Péntek-0:00:24:00|Szombat-0:00:24:00|Vasárnap-0:00:24:00
20.2955;47.1747;Szajol;Mátyás király 7;Hétfő-8:00:18:00|Kedd-8:00:18:00|Szerda-8:00:18:00|Csütörtök-8:00:18:00|Péntek-8:00:18:00|Szombat-8:00:12:00|Vasárnap-Zárva
20.3038;47.1748;Szajol;Széchenyi út 35.;Hétfő-5:00:22:00|Kedd-5:00:22:00|Szerda-5:00:22:00|Csütörtök-5:00:22:00|Péntek-5:00:22:00|Szombat-8:00:22:00|Vasárnap-8:00:20:00
18.1662;47.5537;Szákszend;Csillag utca  4.;Hétfő-6:30:15:00|Kedd-6:30:15:00|Szerda-6:30:15:00|Csütörtök-6:30:15:00|Péntek-6:30:15:00|Szombat-6:30:12:00|Vasárnap-8:00:11:00
18.2376;45.9496;Szalánta;Hunyadi J. u. 116.;Hétfő-6:00:16:00|Kedd-6:00:16:00|Szerda-6:00:16:00|Csütörtök-6:00:16:00|Péntek-6:00:16:00|Szombat-6:00:11:00|Vasárnap-7:00:10:00
21.1269;48.3851;Szalaszend;József Attila út 4/A.;Hétfő-0:00:0:00|Kedd-8:00:21:00|Szerda-8:00:21:00|Csütörtök-8:00:21:00|Péntek-8:00:21:00|Szombat-8:00:21:00|Vasárnap-8:00:21:00
18.2815;46.2897;Szalatnak;Béke u. 2/a.;Hétfő-6:00:12:00|Kedd-6:00:12:00|Szerda-6:00:12:00|Csütörtök-6:00:12:00|Péntek-6:00:12:00|Szombat-6:00:11:00|Vasárnap-Zárva
22.3658;48.0453;Szamosszeg;Árpád 2;Hétfő-6:00:21:00|Kedd-6:00:21:00|Szerda-6:00:21:00|Csütörtök-6:00:21:00|Péntek-6:00:21:00|Szombat-6:00:21:00|Vasárnap-Zárva
19.4403;47.9271;Szanda;Rákóczi 3.;Hétfő-7:00:15:00|Kedd-7:00:15:00|Szerda-7:00:15:00|Csütörtök-7:00:15:00|Péntek-7:00:15:00|Szombat-7:00:11:00|Vasárnap-Zárva
19.6684;46.5544;Szank;Béke utca 51.;Hétfő-6:00:18:00|Kedd-6:00:18:00|Szerda-6:00:18:00|Csütörtök-6:00:18:00|Péntek-6:00:18:00|Szombat-6:00:14:00|Vasárnap-7:00:10:00
19.6709;46.5528;Szank;Rákóczi 27/A;Hétfő-6:00:19:00|Kedd-6:00:19:00|Szerda-6:00:19:00|Csütörtök-6:00:19:00|Péntek-6:00:19:00|Szombat-6:00:14:00|Vasárnap-7:00:13:00
17.2956;47.4664;Szany;Szabadság utca  1.;Hétfő-6:00:17:00|Kedd-6:00:17:00|Szerda-6:00:17:00|Csütörtök-6:00:17:00|Péntek-6:00:17:00|Szombat-6:00:14:00|Vasárnap-6:30:10:30
18.5183;47.478;Szár;Rákóczi Ferenc utca  55.;Hétfő-7:00:20:00|Kedd-7:00:20:00|Szerda-7:00:20:00|Csütörtök-7:00:20:00|Péntek-7:00:20:00|Szombat-7:00:18:00|Vasárnap-7:00:15:00
17.1232;47.5913;Szárföld;Honvéd u. 4;Hétfő-4:30:20:00|Kedd-4:30:20:00|Szerda-4:30:20:00|Csütörtök-4:30:20:00|Péntek-4:30:20:00|Szombat-4:30:20:00|Vasárnap-9:00:17:00
18.4875;47.52;Szárliget;Árpád u. 56;Hétfő-6:00:19:00|Kedd-6:00:19:00|Szerda-6:00:19:00|Csütörtök-6:00:19:00|Péntek-6:00:19:00|Szombat-6:00:18:00|Vasárnap-7:00:16:00
18.4971;47.5194;Szárliget;Petőfi Sándor utca  28.;Hétfő-6:00:20:00|Kedd-6:00:20:00|Szerda-6:00:20:00|Csütörtök-6:00:20:00|Péntek-6:00:20:00|Szombat-6:00:20:00|Vasárnap-7:00:17:00
20.542179;46.866332;Szarvas;Vajda Péter út 16.;Hétfő-6:00 : 21:00|Kedd-6:00 : 21:00|Szerda-6:00:21:00|Csütörtök-6:00 : 21:00|Péntek-6:00:23:00|Szombat-6:00:23:00|Vasárnap-6:00 : 21:00
20.55126;46.864336;Szarvas;Vasút utca 54.;Hétfő-5:00:22:00|Kedd-5:00:22:00|Szerda-5:00:22:00|Csütörtök-5:00:22:00|Péntek-5:00:22:00|Szombat-0:00:24:06|Vasárnap-5:00:22:00
20.041;46.3413;Szatymaz;Dózsa György utca 18.;Hétfő-6:00:18:00|Kedd-6:00:18:00|Szerda-6:00:18:00|Csütörtök-6:00:18:00|Péntek-6:00:18:00|Szombat-6:00:14:00|Vasárnap-6:00:12:00
20.0442;46.3443;Szatymaz;Vasút utca 7.;Hétfő-6:00:20:00|Kedd-6:00:20:00|Szerda-6:00:20:00|Csütörtök-6:00:20:00|Péntek-6:00:20:00|Szombat-6:00:14:00|Vasárnap-Zárva
18.9231;47.3264;Százhalombatta;Csenterics Sándor út  3.;Hétfő-5:00:22:00|Kedd-5:00:22:00|Szerda-5:00:22:00|Csütörtök-5:00:22:00|Péntek-5:00:22:00|Szombat-5:00:22:00|Vasárnap-5:00:22:00
18.9055;47.32;Százhalombatta;Damjanich utca 14.;Hétfő-6:00:21:00|Kedd-6:00:21:00|Szerda-6:00:21:00|Csütörtök-6:00:21:00|Péntek-6:00:21:00|Szombat-6:00:20:00|Vasárnap-7:00:18:00
18.9051;47.3107;Százhalombatta;Erkel Ferenc körút 46;Hétfő-7:00:19:00|Kedd-7:00:19:00|Szerda-7:00:19:00|Csütörtök-7:00:19:00|Péntek-7:00:19:00|Szombat-7:00:19:00|Vasárnap-7:00:19:00
18.9079;47.3237;Százhalombatta;Gesztenyés utca  6/A.;Hétfő-6:00:20:00|Kedd-6:00:20:00|Szerda-6:00:20:00|Csütörtök-6:00:20:00|Péntek-6:00:20:00|Szombat-6:00:20:00|Vasárnap-6:00:20:00
18.9075;47.3139;Százhalombatta;Kodály Zoltán sétány 14-16.;Hétfő-6:30:20:00|Kedd-6:30:20:00|Szerda-6:30:20:00|Csütörtök-6:30:20:00|Péntek-6:30:20:00|Szombat-6:30:17:00|Vasárnap-8:00:13:00
18.915;47.3156;Százhalombatta;Olimpia utca 1.;Hétfő-4:30:23:00|Kedd-4:30:23:00|Szerda-4:30:23:00|Csütörtök-4:30:23:00|Péntek-4:30:23:00|Szombat-4:30:23:00|Vasárnap-4:30:23:00
18.9383;47.3292;Százhalombatta;Szent László út  30.;Hétfő-7:00:19:00|Kedd-7:00:19:00|Szerda-7:00:19:00|Csütörtök-7:00:19:00|Péntek-7:00:19:00|Szombat-7:00:15:00|Vasárnap-7:00:10:00
18.9071343;47.3136828;Százhalombatta;Kodály Zoltán sétány 32.;Hétfő-6:00:18:00|Kedd-6:00:18:00|Szerda-6:00:18:00|Csütörtök-6:00:18:00|Péntek-6:00:18:00|Szombat-6:00:14:00|Vasárnap-Zárva
19.5222;48.082;Szécsény;Rákóczi 82;Hétfő-6:00:22:00|Kedd-6:00:22:00|Szerda-6:00:22:00|Csütörtök-6:00:22:00|Péntek-6:00:22:00|Szombat-6:00:22:00|Vasárnap-6:00:12:00
19.5203;48.0812;Szécsény;Rákóczi út  88.;Hétfő-6:00:19:00|Kedd-6:00:19:00|Szerda-6:00:19:00|Csütörtök-6:00:19:00|Péntek-6:00:19:00|Szombat-6:00:14:00|Vasárnap-6:00:14:00
18.4562;45.9972;Szederkény;Pécsi u. 19.;Hétfő-5:30:18:30|Kedd-5:30:18:30|Szerda-5:30:18:30|Csütörtök-5:30:18:30|Péntek-5:30:18:30|Szombat-5:30:18:30|Vasárnap-6:00:10:00
18.6841;46.4737;Szedres;Széchenyi u 36.;Hétfő-6:00:18:00|Kedd-6:00:18:00|Szerda-6:00:18:00|Csütörtök-6:00:18:00|Péntek-6:00:18:00|Szombat-6:00:18:00|Vasárnap-7:00:18:00
18.6845;46.4735;Szedres;Széchenyi utca 34.;Hétfő-5:30:19:00|Kedd-5:30:19:00|Szerda-5:30:19:00|Csütörtök-5:30:19:00|Péntek-5:30:19:00|Szombat-5:30:19:00|Vasárnap-6:00:12:00
20.161452;46.272375;Szeged;Budapesti krt 1;Hétfő-5:00:0:00|Kedd-5:00:0:00|Szerda-5:00:0:00|Csütörtök-5:00:0:00|Péntek-5:00:0:00|Szombat-5:00:0:00|Vasárnap-5:00:0:00
20.1516;46.271;Szeged;Ág utca 5.;Hétfő-6:00:21:00|Kedd-6:00:21:00|Szerda-6:00:21:00|Csütörtök-6:00:21:00|Péntek-6:00:21:00|Szombat-6:00:21:00|Vasárnap-6:00:21:00
20.1425;46.2551;Szeged;Attila utca 14.;Hétfő-6:00:22:00|Kedd-6:00:22:00|Szerda-6:00:22:00|Csütörtök-6:00:22:00|Péntek-6:00:22:00|Szombat-6:00:14:00|Vasárnap-Zárva
20.1398;46.2454;Szeged;Bécsi körút 25.;Hétfő-6:00:23:59|Kedd-6:00:23:59|Szerda-6:00:23:59|Csütörtök-6:00:23:59|Péntek-6:00:23:59|Szombat-6:00:23:59|Vasárnap-7:00:23:00
20.1386;46.247;Szeged;Bécsi krt. 39.;Hétfő-6:00:18:00|Kedd-6:00:18:00|Szerda-6:00:18:00|Csütörtök-6:00:18:00|Péntek-6:00:18:00|Szombat-6:00:14:00|Vasárnap-Zárva
20.1679;46.2671;Szeged;Budapesti körút  1.;Hétfő-6:00:20:00|Kedd-6:00:20:00|Szerda-6:00:20:00|Csütörtök-6:00:20:00|Péntek-6:00:20:00|Szombat-6:00:14:00|Vasárnap-6:00:13:00
20.1667;46.267;Szeged;Budapesti körút 4.;Hétfő-6:00:18:00|Kedd-6:00:18:00|Szerda-6:00:18:00|Csütörtök-6:00:18:00|Péntek-6:00:18:00|Szombat-6:00:14:00|Vasárnap-Zárva
20.1593;46.2455;Szeged;Csanádi utca 8.;Hétfő-6:00:18:00|Kedd-6:00:18:00|Szerda-6:00:18:00|Csütörtök-6:00:18:00|Péntek-6:00:18:00|Szombat-8:00:16:00|Vasárnap-Zárva
20.1509;46.2646;Szeged;Csongrádi sugárút    46.;Hétfő-8:00:22:00|Kedd-8:00:22:00|Szerda-8:00:22:00|Csütörtök-8:00:22:00|Péntek-8:00:22:00|Szombat-8:00:22:00|Vasárnap-8:00:22:00
20.1509;46.2641;Szeged;Csongrádi sugárút 42.;Hétfő-7:00:19:00|Kedd-7:00:19:00|Szerda-7:00:19:00|Csütörtök-7:00:19:00|Péntek-7:00:19:00|Szombat-8:00:16:00|Vasárnap-8:00:14:00
20.0711;46.2733;Szeged;Dorozsmai út 152.;Hétfő-6:00:21:30|Kedd-6:00:21:30|Szerda-6:00:21:30|Csütörtök-6:00:21:30|Péntek-6:00:21:30|Szombat-6:00:21:30|Vasárnap-6:00:21:30
20.0642;46.2745;Szeged;Dorozsmai út 189.;Hétfő-6:00:22:00|Kedd-6:00:22:00|Szerda-6:00:22:00|Csütörtök-6:00:22:00|Péntek-6:00:22:00|Szombat-6:00:14:00|Vasárnap-Zárva
20.1434;46.2507;Szeged;Dugonics tér 8-9.;Hétfő-6:00:2:00|Kedd-6:00:2:00|Szerda-6:00:2:00|Csütörtök-6:00:2:00|Péntek-6:00:2:00|Szombat-6:00:2:00|Vasárnap-6:00:22:00
20.1464;46.2532;Szeged;Feketesas utca 19-21.;Hétfő-8:00:20:00|Kedd-8:00:20:00|Szerda-8:00:20:00|Csütörtök-8:00:20:00|Péntek-8:00:2:00|Szombat-8:00:2:00|Vasárnap-Zárva
20.1817;46.2425;Szeged;Fő fasor    102.;Hétfő-6:00:22:00|Kedd-6:00:22:00|Szerda-6:00:22:00|Csütörtök-6:00:22:00|Péntek-6:00:22:00|Szombat-6:00:22:00|Vasárnap-6:00:22:00
20.1724;46.2453;Szeged;Fő fasor 52.;Hétfő-6:00:20:00|Kedd-6:00:20:00|Szerda-6:00:20:00|Csütörtök-6:00:21:00|Péntek-6:00:21:00|Szombat-7:00:21:00|Vasárnap-8:00:16:00
20.1339;46.2386;Szeged;Földmíves utca 10.;Hétfő-6:00:22:00|Kedd-6:00:22:00|Szerda-6:00:22:00|Csütörtök-6:00:22:00|Péntek-6:00:22:00|Szombat-6:00:14:00|Vasárnap-Zárva
20.1768;46.2686;Szeged;Gábor Áron utca 24.;Hétfő-6:00:22:00|Kedd-6:00:22:00|Szerda-6:00:22:00|Csütörtök-6:00:22:00|Péntek-6:00:22:00|Szombat-6:00:22:00|Vasárnap-6:00:21:00
20.1404;46.2552;Szeged;Hajnóczy utca 30.;Hétfő-7:00:21:30|Kedd-7:00:21:30|Szerda-7:00:21:30|Csütörtök-7:00:21:30|Péntek-7:00:21:30|Szombat-8:00:18:00|Vasárnap-8:00:14:00
20.1467;46.2488;Szeged;Jókai utca 4.;Hétfő-8:00:20:00|Kedd-8:00:20:00|Szerda-8:00:20:00|Csütörtök-8:00:20:00|Péntek-8:00:20:00|Szombat-10:00:22:00|Vasárnap-Zárva
20.2238;46.5793;Szegvár;Mindszenti út 14.;Hétfő-5:00:21:00|Kedd-5:00:21:00|Szerda-5:00:21:00|Csütörtök-5:00:21:00|Péntek-5:00:23:00|Szombat-6:00:23:00|Vasárnap-6:00:20:00
20.2249;46.5856;Szegvár;Szentesi utca   2-4.;Hétfő-5:00:17:30|Kedd-5:00:18:00|Szerda-5:00:18:00|Csütörtök-5:00:18:00|Péntek-5:00:18:00|Szombat-5:00:13:00|Vasárnap-7:00:10:00
20.2308;46.5861;Szegvár;Szentesi utca 28.;Hétfő-5:30:18:00|Kedd-5:30:18:00|Szerda-5:30:18:00|Csütörtök-5:30:18:00|Péntek-5:30:18:00|Szombat-5:30:18:00|Vasárnap-6:00:13:00
18.599;46.0491;Székelyszabar;István u. 121/a;Hétfő-7:00:18:00|Kedd-7:00:18:00|Szerda-7:00:18:00|Csütörtök-7:00:18:00|Péntek-7:00:18:00|Szombat-7:00:18:00|Vasárnap-7:00:18:00
18.423483;47.193482;Székesfehérvár;Sarló utca 10/B.;Hétfő-5:00:22:00|Kedd-5:00:22:00|Szerda-5:00:22:00|Csütörtök-5:00:22:00|Péntek-5:00:22:00|Szombat-5:00:22:00|Vasárnap-6:30:22:00
18.4041;47.1928;Székesfehérvár;Ady E. u. 32;Hétfő-6:00:18:00|Kedd-6:00:18:00|Szerda-6:00:18:00|Csütörtök-6:00:18:00|Péntek-6:00:18:00|Szombat-8:00:16:00|Vasárnap-Zárva
18.4257;47.2104;Székesfehérvár;Aszalvölgyi út  1.;Hétfő-0:00:24:00|Kedd-0:00:24:00|Szerda-0:00:24:00|Csütörtök-0:00:24:00|Péntek-0:00:24:00|Szombat-0:00:24:00|Vasárnap-0:00:24:00
18.4008;47.1596;Székesfehérvár;Balatoni út 143;Hétfő-6:00:18:00|Kedd-6:00:18:00|Szerda-6:00:18:00|Csütörtök-6:00:18:00|Péntek-6:00:18:00|Szombat-8:00:16:00|Vasárnap-Zárva
18.4034;47.1653;Székesfehérvár;Balatoni út 44-46;Hétfő-5:30:22:00|Kedd-5:30:22:00|Szerda-5:30:22:00|Csütörtök-5:30:22:00|Péntek-5:30:22:00|Szombat-7:00:18:00|Vasárnap-7:00:16:00
18.4017;47.1892;Székesfehérvár;Bátky Zsigmond 3.;Hétfő-6:00:18:00|Kedd-6:00:18:00|Szerda-6:00:18:00|Csütörtök-6:00:18:00|Péntek-6:00:18:00|Szombat-8:00:16:00|Vasárnap-Zárva
18.4477;47.1958;Székesfehérvár;Beregszászi út 2.;Hétfő-6:00:19:00|Kedd-6:00:19:00|Szerda-6:00:19:00|Csütörtök-6:00:19:00|Péntek-6:00:19:00|Szombat-7:00:15:00|Vasárnap-7:00:13:00
18.4193;47.1995;Székesfehérvár;Berényi út 3.;Hétfő-6:00:22:00|Kedd-6:00:22:00|Szerda-6:00:22:00|Csütörtök-6:00:22:00|Péntek-6:00:22:00|Szombat-8:00:22:00|Vasárnap-8:00:12:00
18.4202;47.1908;Székesfehérvár;Budai út    46.;Hétfő-6:00:18:00|Kedd-6:00:18:00|Szerda-6:00:18:00|Csütörtök-6:00:18:00|Péntek-6:00:18:00|Szombat-8:00:16:00|Vasárnap-Zárva
18.4326;47.1939;Székesfehérvár;Budai út   49-51.;Hétfő-7:00:19:00|Kedd-7:00:19:00|Szerda-7:00:19:00|Csütörtök-7:00:19:00|Péntek-7:00:19:00|Szombat-8:00:16:00|Vasárnap-Zárva
18.4152;47.1893;Székesfehérvár;Budai út  12.;Hétfő-7:00:19:00|Kedd-7:00:19:00|Szerda-7:00:19:00|Csütörtök-7:00:19:00|Péntek-7:00:19:00|Szombat-8:00:18:00|Vasárnap-8:00:18:00
18.4133;47.1882;Székesfehérvár;Budai út  9823/2.;Hétfő-5:00:23:00|Kedd-5:00:23:00|Szerda-5:00:23:00|Csütörtök-5:00:23:00|Péntek-5:00:23:00|Szombat-5:00:23:00|Vasárnap-5:00:23:00
18.4243;47.1918;Székesfehérvár;Budai út 41.;Hétfő-6:00:22:00|Kedd-6:00:22:00|Szerda-6:00:22:00|Csütörtök-6:00:22:00|Péntek-6:00:22:00|Szombat-6:00:22:00|Vasárnap-8:00:19:00
18.4064;47.1955;Székesfehérvár;Eszperantó tér 38/7;Hétfő-6:00:18:00|Kedd-6:00:18:00|Szerda-6:00:18:00|Csütörtök-6:00:18:00|Péntek-6:00:18:00|Szombat-6:00:18:00|Vasárnap-6:00:18:00
18.4189;47.1937;Székesfehérvár;Gáz u.  5;Hétfő-6:00:20:00|Kedd-6:00:20:00|Szerda-6:00:20:00|Csütörtök-6:00:20:00|Péntek-6:00:20:00|Szombat-6:00:19:00|Vasárnap-7:00:15:00
18.4319;47.1491;Székesfehérvár;Holland fasor 2;Hétfő-7:00:22:00|Kedd-7:00:22:00|Szerda-7:00:22:00|Csütörtök-7:00:22:00|Péntek-7:00:22:00|Szombat-7:00:22:00|Vasárnap-8:00:20:00
18.4079;47.1823;Székesfehérvár;Jancsár köz 5.;Hétfő-6:00:18:00|Kedd-6:00:18:00|Szerda-6:00:18:00|Csütörtök-6:00:18:00|Péntek-6:00:18:00|Szombat-8:00:16:00|Vasárnap-Zárva
18.4377;47.191;Székesfehérvár;Jedlik Ányos utca 2.;Hétfő-6:00:18:00|Kedd-6:00:18:00|Szerda-6:00:18:00|Csütörtök-6:00:18:00|Péntek-6:00:18:00|Szombat-8:00:18:00|Vasárnap-8:00:18:00
18.4151;47.1936;Székesfehérvár;József Attila utca 2/c;Hétfő-6:00:18:00|Kedd-6:00:18:00|Szerda-6:00:18:00|Csütörtök-6:00:18:00|Péntek-6:00:18:00|Szombat-8:00:16:00|Vasárnap-8:00:14:00
18.3971;47.192;Székesfehérvár;Kelemen B. u. 45.;Hétfő-5:30:20:00|Kedd-5:30:20:00|Szerda-5:30:20:00|Csütörtök-5:30:20:00|Péntek-5:30:20:00|Szombat-5:30:20:00|Vasárnap-6:30:20:00
20.54;46.5059;Székkutas;Béke utca   1.;Hétfő-5:30:18:00|Kedd-5:30:19:00|Szerda-5:30:19:00|Csütörtök-5:30:19:00|Péntek-5:30:19:00|Szombat-5:30:13:30|Vasárnap-5:30:11:00
20.5337;46.5045;Székkutas;Vásárhelyi út 56.;Hétfő-5:00:20:00|Kedd-5:00:20:00|Szerda-5:00:20:00|Csütörtök-5:00:20:00|Péntek-5:00:20:00|Szombat-5:00:13:00|Vasárnap-6:00:14:00
18.703;46.3466;Szekszárd;Arany János u 6.;Hétfő-7:00:17:00|Kedd-7:00:17:00|Szerda-7:00:17:00|Csütörtök-7:00:17:00|Péntek-7:00:17:00|Szombat-7:00:12:00|Vasárnap-Zárva
18.8475;46.3283;Szekszárd;Keselyűsi u 7.;Hétfő-6:00:18:00|Kedd-6:00:18:00|Szerda-6:00:18:00|Csütörtök-6:00:18:00|Péntek-6:00:18:00|Szombat-8:00:16:00|Vasárnap-Zárva
18.7041;46.3501;Szekszárd;Kölcsey lakótelep   1-2.;Hétfő-6:00:18:00|Kedd-6:00:18:00|Szerda-6:00:18:00|Csütörtök-6:00:18:00|Péntek-6:00:18:00|Szombat-6:00:14:00|Vasárnap-Zárva
18.7111;46.3567;Szekszárd;Liszt Ferenc tér 2.;Hétfő-7:00:19:00|Kedd-7:00:19:00|Szerda-7:00:19:00|Csütörtök-7:00:19:00|Péntek-7:00:19:00|Szombat-8:00:14:00|Vasárnap-8:00:14:00
18.7116;46.3472;Szekszárd;Pollack M. u. 2-4.;Hétfő-6:00:18:00|Kedd-6:00:18:00|Szerda-6:00:18:00|Csütörtök-6:00:18:00|Péntek-6:00:18:00|Szombat-6:00:14:00|Vasárnap-Zárva
18.7035;46.3538;Szekszárd;Rákóczi utca 25.;Hétfő-5:00:22:00|Kedd-5:00:22:00|Szerda-5:00:22:00|Csütörtök-5:00:22:00|Péntek-5:00:22:00|Szombat-5:00:22:00|Vasárnap-5:00:22:00
18.7018;46.3509;Szekszárd;Széchenyi u 9.;Hétfő-7:00:19:00|Kedd-7:00:19:00|Szerda-7:00:19:00|Csütörtök-7:00:19:00|Péntek-7:00:19:00|Szombat-7:00:15:00|Vasárnap-Zárva
18.7034;46.3314;Szekszárd;Tartsay Vilmos utca 40.;Hétfő-8:00:20:00|Kedd-8:00:20:00|Szerda-8:00:20:00|Csütörtök-8:00:20:00|Péntek-8:00:20:00|Szombat-8:00:20:00|Vasárnap-9:00:19:00
18.7062;46.3515;Szekszárd;Tinódi u 10.;Hétfő-8:00:17:00|Kedd-8:00:17:00|Szerda-8:00:17:00|Csütörtök-8:00:17:00|Péntek-8:00:17:00|Szombat-8:00:16:00|Vasárnap-Zárva
18.7065;46.3444;Szekszárd;Wesselényi utca 18.;Hétfő-6:00:21:30|Kedd-6:00:21:30|Szerda-6:00:21:30|Csütörtök-6:00:21:30|Péntek-6:00:21:30|Szombat-6:00:21:30|Vasárnap-6:00:17:30
18.7036026;46.3585551;Szekszárd;Rákóczi utca 74-76.;Hétfő-6:00:18:00|Kedd-6:00:18:00|Szerda-6:00:18:00|Csütörtök-6:00:18:00|Péntek-6:00:18:00|Szombat-6:00:14:00|Vasárnap-Zárva
18.701368799926037;46.34083625;Szekszárd;Béri Balogh Ádám utca 50.;Hétfő-0:00:24:00|Kedd-0:00:24:00|Szerda-0:00:24:00|Csütörtök-0:00:24:00|Péntek-0:00:24:00|Szombat-0:00:24:00|Vasárnap-0:00:24:00
19.1059;47.8588;Szendehely;Váci 48;Hétfő-5:00:20:00|Kedd-5:00:20:00|Szerda-5:00:20:00|Csütörtök-5:00:20:00|Péntek-5:00:20:00|Szombat-5:00:20:00|Vasárnap-6:00:20:00
20.7297;48.4014;Szendrő;Rákóczi út 41.;Hétfő-5:00:22:00|Kedd-5:00:22:00|Szerda-5:00:22:00|Csütörtök-5:00:22:00|Péntek-0:00:24:00|Szombat-0:00:24:00|Vasárnap-5:00:22:00
20.7432;48.3422;Szendrőlád;Fő út 36.;Hétfő-7:30:15:30|Kedd-7:30:15:30|Szerda-7:30:15:30|Csütörtök-7:30:15:30|Péntek-7:30:15:30|Szombat-7:30:11:30|Vasárnap-Zárva
19.2828;47.9668;Szente;Kossuth út   74.;Hétfő-7:00:22:00|Kedd-7:00:22:00|Szerda-7:00:22:00|Csütörtök-7:00:22:00|Péntek-7:00:22:00|Szombat-7:00:22:00|Vasárnap-7:00:22:00
19.0717605;47.6549044;Szentendre;Rózsa utca 2.;Hétfő-6:00:21:00|Kedd-6:00:21:00|Szerda-6:00:21:00|Csütörtök-6:00:21:00|Péntek-6:00:21:00|Szombat-6:00:21:00|Vasárnap-8:00:16:00
17.734;47.112;Szentgál;Fő utca  171.;Hétfő-6:00:17:30|Kedd-6:00:17:30|Szerda-6:00:17:30|Csütörtök-6:00:17:30|Péntek-6:00:17:30|Szombat-7:00:15:00|Vasárnap-7:00:11:00
17.7395;47.1146;Szentgál;Hunyadi u. 51/A.;Hétfő-5:00:20:00|Kedd-5:00:20:00|Szerda-5:00:20:00|Csütörtök-5:00:20:00|Péntek-5:00:20:00|Szombat-6:00:14:00|Vasárnap-Zárva
16.274;46.955;Szentgotthárd;Füzesi u.   1.;Hétfő-7:00:19:00|Kedd-7:00:19:00|Szerda-7:00:19:00|Csütörtök-7:00:19:00|Péntek-7:00:19:00|Szombat-7:00:15:00|Vasárnap-Zárva
16.2703;46.9551;Szentgotthárd;Hunyadi u.  19.;Hétfő-5:00:18:00|Kedd-5:00:18:00|Szerda-5:00:18:00|Csütörtök-5:00:18:00|Péntek-5:00:18:00|Szombat-7:00:18:00|Vasárnap-Zárva
16.2735;46.9531;Szentgotthárd;Széll Kálmán tér 20.;Hétfő-5:00:23:00|Kedd-5:00:23:00|Szerda-5:00:23:00|Csütörtök-5:00:23:00|Péntek-5:00:23:00|Szombat-5:00:23:00|Vasárnap-8:00:20:00
16.2740884;46.9535603;Szentgotthárd;Széll Kálmán tér 19.;Hétfő-5:00:18:00|Kedd-5:00:18:00|Szerda-5:00:18:00|Csütörtök-5:00:18:00|Péntek-5:00:18:00|Szombat-7:00:15:00|Vasárnap-Zárva
20.6656;47.7725;Szentistván;Ady Endre utca 23.;Hétfő-13:00:17:00|Kedd-13:00:17:00|Szerda-13:00:17:00|Csütörtök-13:00:17:00|Péntek-13:00:17:00|Szombat-Zárva|Vasárnap-Zárva
17.9702;47.0526;Szentkirályszabadja;Esze Tamás u. 1.;Hétfő-6:30:18:30|Kedd-6:30:18:30|Szerda-6:30:18:30|Csütörtök-6:30:18:30|Péntek-6:30:18:30|Szombat-6:30:18:30|Vasárnap-6:30:18:30
17.8317;46.148;Szentlászló;Rákóczi u. 43.;Hétfő-5:30:18:00|Kedd-5:30:18:00|Szerda-5:30:18:00|Csütörtök-5:30:18:00|Péntek-5:30:18:00|Szombat-5:30:12:00|Vasárnap-Zárva
17.9848;46.0369;Szentlőrinc;Erzsébet u. 28.;Hétfő-5:00:20:00|Kedd-5:00:20:00|Szerda-5:00:20:00|Csütörtök-5:00:20:00|Péntek-5:00:20:00|Szombat-6:00:20:00|Vasárnap-6:00:20:00
17.9918;46.0393;Szentlőrinc;Március 15. tér 1;Hétfő-5:00:21:00|Kedd-5:00:21:00|Szerda-5:00:21:00|Csütörtök-5:00:21:00|Péntek-5:00:21:00|Szombat-6:00:21:00|Vasárnap-7:00:21:00
17.9888;46.0398;Szentlőrinc;Pécsi út 17.;Hétfő-5:00:21:00|Kedd-5:00:21:00|Szerda-5:00:21:00|Csütörtök-5:00:21:00|Péntek-5:00:21:00|Szombat-7:00:11:00|Vasárnap-Zárva
19.7499;47.5166;Szentlőrinckáta;Dózsa György út  81.;Hétfő-5:30:18:00|Kedd-5:30:18:00|Szerda-5:30:18:00|Csütörtök-5:30:18:00|Péntek-5:30:18:00|Szombat-6:00:12:00|Vasárnap-6:00:12:00
19.6954;47.45;Szentmártonkáta;Rákóczi út  65.;Hétfő-6:00:20:00|Kedd-6:00:2:00|Szerda-6:00:20:00|Csütörtök-6:00:20:00|Péntek-6:00:20:00|Szombat-6:00:20:00|Vasárnap-7:00:16:00
19.6788;47.4331;Szentmártonkáta;Vasútsor utca 1.;Hétfő-5:00:19:00|Kedd-5:00:19:00|Szerda-5:00:19:00|Csütörtök-5:00:19:00|Péntek-5:00:19:00|Szombat-6:00:14:00|Vasárnap-7:00:12:00
16.4782;47.0899;Szentpéterfa;Kossuth Lajos utca    51.;Hétfő-8:00:17:00|Kedd-8:00:17:00|Szerda-8:00:17:00|Csütörtök-8:00:17:00|Péntek-8:00:17:00|Szombat-8:00:12:00|Vasárnap-Zárva
17.0354305;46.7623297;Szentpéterúr;Petőfi utca 8.;Hétfő-6:00:18:00|Kedd-6:00:18:00|Szerda-6:00:18:00|Csütörtök-6:00:18:00|Péntek-6:00:18:00|Szombat-6:00:14:00|Vasárnap-7:00:12:00
21.203;48.1579;Szerencs;Gyár u.  28.;Hétfő-6:00:22:00|Kedd-6:00:22:00|Szerda-6:00:22:00|Csütörtök-6:00:22:00|Péntek-6:00:22:00|Szombat-6:00:22:00|Vasárnap-6:00:22:00
21.206;48.1614;Szerencs;Rákóczi u. 104.;Hétfő-6:00:18:00|Kedd-6:00:18:00|Szerda-6:00:18:00|Csütörtök-6:00:18:00|Péntek-6:00:18:00|Szombat-6:00:18:00|Vasárnap-7:00:12:00
21.1924;48.1613;Szerencs;Rákóczi u. 16.;Hétfő-7:00:19:00|Kedd-7:00:19:00|Szerda-7:00:19:00|Csütörtök-7:00:19:00|Péntek-7:00:19:00|Szombat-7:00:19:00|Vasárnap-8:00:12:00
18.9498;47.1289;Szigetbecse;Réti út 2.;Hétfő-6:00:18:00|Kedd-6:00:18:00|Szerda-6:00:18:00|Csütörtök-6:00:18:00|Péntek-6:00:18:00|Szombat-6:00:14:00|Vasárnap-7:00:12:00
18.968254;47.261286;Szigetcsép;Fő utca, Fő tér 3.;Hétfő-6:00:22:00|Kedd-6:00:22:00|Szerda-6:00:22:00|Csütörtök-6:00:22:00|Péntek-6:00:22:00|Szombat-0:00:24:02|Vasárnap-6:00:22:00
19.001984;47.466768;Szigethalom;Gábor Á.u.1;Hétfő-6:00:20:00|Kedd-6:00:20:00|Szerda-6:00:20:00|Csütörtök-6:00:20:00|Péntek-6:00:20:00|Szombat-6:00:18:00|Vasárnap-6:15:12:15
18.9848;47.3203;Szigethalom;Erdő utca 6.;Hétfő-5:00:20:00|Kedd-5:00:20:00|Szerda-5:00:20:00|Csütörtök-5:00:20:00|Péntek-5:00:21:00|Szombat-5:00:21:00|Vasárnap-6:00:20:00
18.989;47.3222;Szigethalom;Iskola U. 2.;Hétfő-6:00:18:00|Kedd-6:00:18:00|Szerda-6:00:18:00|Csütörtök-6:00:18:00|Péntek-6:00:18:00|Szombat-6:00:14:00|Vasárnap-7:00:12:00
18.9953;47.3308;Szigethalom;József Attila utca   4.;Hétfő-6:00:22:00|Kedd-6:00:22:00|Szerda-6:00:22:00|Csütörtök-6:00:22:00|Péntek-6:00:22:00|Szombat-6:00:22:00|Vasárnap-6:00:22:00
19.0098;47.3252;Szigethalom;Mű u. 73/H;Hétfő-6:00:20:00|Kedd-6:00:20:00|Szerda-6:00:20:00|Csütörtök-6:00:20:00|Péntek-6:00:20:00|Szombat-8:00:16:00|Vasárnap-8:00:12:00
19.0128;47.3226;Szigethalom;Mű út 152.;Hétfő-0:00:24:00|Kedd-0:00:24:00|Szerda-0:00:24:00|Csütörtök-0:00:24:00|Péntek-0:00:24:00|Szombat-0:00:24:00|Vasárnap-0:00:24:00
19.0119;47.3146;Szigethalom;Szabadkai utca  192.;Hétfő-6:00:18:00|Kedd-6:00:18:00|Szerda-6:00:18:00|Csütörtök-6:00:18:00|Péntek-6:00:18:00|Szombat-6:00:15:00|Vasárnap-7:00:12:00
18.9986;47.3243;Szigethalom;Szabadkai utca 61.;Hétfő-7:00:19:00|Kedd-7:00:19:00|Szerda-7:00:19:00|Csütörtök-7:00:19:00|Péntek-7:00:19:00|Szombat-7:00:15:00|Vasárnap-8:00:12:00
18.9588;47.2303;Szigetszentmárton;kossuth L. u.  43;Hétfő-5:00:17:00|Kedd-6:00:19:00|Szerda-16:00:19:00|Csütörtök-6:00:19:00|Péntek-6:00:19:00|Szombat-6:00:14:00|Vasárnap-7:30:11:00
18.9583;47.2285;Szigetszentmárton;Kossuth L. utca 23;Hétfő-6:00:22:00|Kedd-6:00:22:00|Szerda-6:00:22:00|Csütörtök-6:00:22:00|Péntek-6:00:22:00|Szombat-Zárva|Vasárnap-Zárva
19.0344216953;47.3390608302;Szigetszentmiklós;Szent Miklós útja 7/C;Hétfő-07:00:20:00|Kedd-07:00:20:00|Szerda-07:00:20:00|Csütörtök-07:00:20:00|Péntek-07:00:24:00|Szombat-07:00:24:00|Vasárnap-09:00:16:00
19.0449;47.3477;Szigetszentmiklós;Árpád u. 50.;Hétfő-6:00:19:00|Kedd-6:00:19:00|Szerda-6:00:19:00|Csütörtök-6:00:19:00|Péntek-6:00:19:00|Szombat-7:00:15:00|Vasárnap-7:00:15:00
19.0359;47.3418;Szigetszentmiklós;Bajcsy-Zsilinszky út 39/B. I/6.;Hétfő-7:00:22:00|Kedd-7:00:22:00|Szerda-7:00:22:00|Csütörtök-7:00:22:00|Péntek-7:00:22:00|Szombat-8:00:22:00|Vasárnap-8:00:22:00
19.0371;47.3379;Szigetszentmiklós;Gyári u. 12 a-b;Hétfő-0:00:24:00|Kedd-0:00:24:00|Szerda-0:00:24:00|Csütörtök-0:00:24:00|Péntek-0:00:24:00|Szombat-0:00:24:00|Vasárnap-0:00:24:00
19.0378;47.3379;Szigetszentmiklós;Gyári út 14.;Hétfő-5:00:20:00|Kedd-5:00:20:00|Szerda-5:00:20:00|Csütörtök-5:00:20:00|Péntek-5:00:20:00|Szombat-5:00:20:00|Vasárnap-5:00:20:00
19.0353;47.338;Szigetszentmiklós;Gyári út 9.;Hétfő-6:00:20:00|Kedd-6:00:20:00|Szerda-6:00:20:00|Csütörtök-6:00:20:00|Péntek-6:00:20:00|Szombat-6:00:20:00|Vasárnap-6:00:20:00
19.0264;47.3822;Szigetszentmiklós;Háros utca 120;Hétfő-6:00:22:00|Kedd-6:00:22:00|Szerda-6:00:22:00|Csütörtök-6:00:22:00|Péntek-6:00:22:00|Szombat-6:00:22:00|Vasárnap-7:00:20:00
19.042;47.3385;Szigetszentmiklós;Ifjúság út  1.;Hétfő-7:00:19:00|Kedd-7:00:19:00|Szerda-7:00:19:00|Csütörtök-7:00:19:00|Péntek-7:00:19:00|Szombat-7:00:19:00|Vasárnap-7:00:19:00
19.012;47.3808;Szigetszentmiklós;Leadó utca 13/B;Hétfő-6:00:22:00|Kedd-6:00:22:00|Szerda-6:00:22:00|Csütörtök-6:00:22:00|Péntek-6:00:22:00|Szombat-7:00:18:00|Vasárnap-8:00:16:00
19.0212;47.3478;Szigetszentmiklós;Miklós tér 2;Hétfő-7:00:22:00|Kedd-7:00:22:00|Szerda-7:00:22:00|Csütörtök-7:00:22:00|Péntek-7:00:22:00|Szombat-8:00:22:00|Vasárnap-8:00:22:00
19.0258;47.3518;Szigetszentmiklós;Ősz utca 18.;Hétfő-5:00:20:00|Kedd-5:00:20:00|Szerda-5:00:20:00|Csütörtök-5:00:20:00|Péntek-5:00:20:00|Szombat-5:00:20:00|Vasárnap-5:00:20:00
19.0327;47.34;Szigetszentmiklós;Szent Miklós útja 3/d;Hétfő-6:00:18:00|Kedd-6:00:18:00|Szerda-6:00:18:00|Csütörtök-6:00:18:00|Péntek-6:00:18:00|Szombat-6:00:14:00|Vasárnap-Zárva
19.036;47.3392;Szigetszentmiklós;Bajcsy-Zsilinszky út 24.;Hétfő-6:00:18:00|Kedd-6:00:18:00|Szerda-6:00:18:00|Csütörtök-6:00:18:00|Péntek-6:00:18:00|Szombat-8:00:16:00|Vasárnap-Zárva
18.9279;47.2339;Szigetújfalu;Akácfa utca  37.;Hétfő-6:00:19:00|Kedd-6:00:19:00|Szerda-6:00:19:00|Csütörtök-6:00:19:00|Péntek-6:00:19:00|Szombat-6:00:12:00|Vasárnap-8:00:11:00
17.8037;46.0458;Szigetvár;Deák F. tér 2.;Hétfő-8:00:16:00|Kedd-8:00:16:00|Szerda-8:00:16:00|Csütörtök-8:00:16:00|Péntek-8:00:16:00|Szombat-8:00:12:00|Vasárnap-Zárva
17.8049;46.0441;Szigetvár;Istvánffy M. u. 33.;Hétfő-6:00:19:30|Kedd-6:00:19:30|Szerda-6:00:19:30|Csütörtök-6:00:19:30|Péntek-6:00:19:30|Szombat-7:30:20:00|Vasárnap-8:00:14:00
17.8094;46.0481;Szigetvár;József A. u. 75.;Hétfő-5:30:20:30|Kedd-5:30:20:30|Szerda-5:30:20:30|Csütörtök-5:30:20:30|Péntek-5:30:20:30|Szombat-5:30:13:30|Vasárnap-5:30:12:00
17.7918;46.047;Szigetvár;Széchenyi u. 59.;Hétfő-7:00:19:00|Kedd-7:00:19:00|Szerda-7:00:19:00|Csütörtök-7:00:19:00|Péntek-7:00:19:00|Szombat-8:00:18:00|Vasárnap-8:00:18:00
20.479;47.7788;Szihalom;Kossuth út 67.;Hétfő-6:00:18:00|Kedd-6:00:18:00|Szerda-6:00:18:00|Csütörtök-6:00:18:00|Péntek-6:00:18:00|Szombat-6:00:20:00|Vasárnap-6:00:12:00
20.9273;48.1929;Szikszó;Apponyi út 2.;Hétfő-6:00:18:00|Kedd-6:00:18:00|Szerda-6:00:18:00|Csütörtök-6:00:18:00|Péntek-6:00:18:00|Szombat-6:00:18:00|Vasárnap-6:00:12:00
20.9282;48.2013;Szikszó;Bolt utca 1/3;Hétfő-6:00:18:00|Kedd-6:00:18:00|Szerda-6:00:18:00|Csütörtök-6:00:18:00|Péntek-6:00:18:00|Szombat-6:00:12:00|Vasárnap-6:00:12:00
20.9237;48.1871;Szikszó;Miskolci út 83.;Hétfő-6:00:22:00|Kedd-6:00:22:00|Szerda-6:00:22:00|Csütörtök-6:00:22:00|Péntek-6:00:22:00|Szombat-6:00:22:00|Vasárnap-6:00:22:00
17.2307;47.5037;Szil;Város utca 56.;Hétfő-6:00:18:00|Kedd-6:00:18:00|Szerda-6:00:18:00|Csütörtök-6:00:18:00|Péntek-6:00:18:00|Szombat-6:00:14:00|Vasárnap-8:00:10:00
20.7955;48.1536;Szirmabesenyő;Erdősor út 2.;Hétfő-7:00:19:00|Kedd-7:00:19:00|Szerda-7:00:19:00|Csütörtök-7:00:19:00|Péntek-7:00:19:00|Szombat-7:00:15:00|Vasárnap-Zárva
20.7956;48.1527;Szirmabesenyő;Kossuth u. 17.;Hétfő-6:00:18:00|Kedd-6:00:18:00|Szerda-6:00:18:00|Csütörtök-6:00:18:00|Péntek-6:00:18:00|Szombat-6:00:14:00|Vasárnap-6:00:12:00
20.8027;48.1474;Szirmabesenyő;Széchenyi út 52.;Hétfő-6:00:20:00|Kedd-6:00:20:00|Szerda-6:00:20:00|Csütörtök-6:00:20:00|Péntek-6:00:20:00|Szombat-12:00:21:00|Vasárnap-12:00:20:00
18.8632;47.817;Szob;Rév u. 625/3;Hétfő-6:30:19:00|Kedd-6:30:19:00|Szerda-6:30:19:00|Csütörtök-6:30:19:00|Péntek-6:30:19:00|Szombat-6:30:19:00|Vasárnap-7:00:15:00
19.1546;47.728;Sződliget;Dunai fasor 1.;Hétfő-5:00:19:00|Kedd-5:00:19:00|Szerda-5:00:19:00|Csütörtök-5:00:19:00|Péntek-5:00:19:00|Szombat-6:00:18:00|Vasárnap-7:00:13:00
19.1444;47.7354;Sződliget;Határ utca 41;Hétfő-8:00:20:00|Kedd-8:00:20:00|Szerda-8:00:20:00|Csütörtök-8:00:20:00|Péntek-8:00:20:00|Szombat-8:00:20:00|Vasárnap-8:00:20:00
19.1464;47.7363;Sződliget;Meggyfa utca 38.;Hétfő-8:00:20:00|Kedd-8:00:20:00|Szerda-8:00:20:00|Csütörtök-8:00:20:00|Péntek-8:00:20:00|Szombat-8:00:20:00|Vasárnap-8:00:20:00
19.0019;47.8657;Szokolya;Kossuth utca 31.;Hétfő-6:11:14:21|Kedd-6:11:14:21|Szerda-6:11:14:21|Csütörtök-6:11:14:21|Péntek-6:11:14:21|Szombat-6:11:14:21|Vasárnap-6:11:14:21
20.200198;47.176655;Szolnok;Ady Endre utca 1.;Hétfő-6:00:20:00|Kedd-6:00:20:00|Szerda-6:00:20:00|Csütörtök-6:00:20:00|Péntek-6:00:20:00|Szombat-7:00 : 19:00|Vasárnap-8:00 : 18:00
20.192122;47.176265;Szolnok;Jászkűrt utca 1.;Hétfő-6 30 : 19|Kedd-6 30 : 19|Szerda-6:30:19:00|Csütörtök-6 30 :19|Péntek-6:30:19:00|Szombat-7:00 : 19:00|Vasárnap-8 : 18
20.1973;47.1771;Szolnok;Ady E. út  11. XIII/4;Hétfő-6:30:19:00|Kedd-6:30:19:00|Szerda-6:30:19:00|Csütörtök-6:30:19:00|Péntek-6:30:19:00|Szombat-7:00:13:00|Vasárnap-7:00:11:00
20.1968;47.1769;Szolnok;Ady Endre út 20. fsz 4.;Hétfő-6:00:20:00|Kedd-6:00:20:00|Szerda-6:00:20:00|Csütörtök-6:00:20:00|Péntek-6:00:20:00|Szombat-7:00:15:00|Vasárnap-Zárva
20.1968;47.1772;Szolnok;Ady Endre utca 13.A fsz.5;Hétfő-6:00:19:00|Kedd-6:00:19:00|Szerda-6:00:19:00|Csütörtök-6:00:19:00|Péntek-6:00:19:00|Szombat-7:00:13:00|Vasárnap-7:00:11:00
20.1999;47.1767;Szolnok;Ady Endre utca 3.;Hétfő-6:00:21:00|Kedd-6:00:21:00|Szerda-6:00:21:00|Csütörtök-6:00:21:00|Péntek-6:00:21:00|Szombat-6:00:18:00|Vasárnap-7:00:14:00
20.1801;47.1781;Szolnok;Baross utca 45-51 f 10;Hétfő-6:00:20:00|Kedd-6:00:20:00|Szerda-6:00:20:00|Csütörtök-6:00:20:00|Péntek-6:00:20:00|Szombat-7:00:15:00|Vasárnap-Zárva
20.1854;47.1802;Szolnok;Csokonai utca 2./A;Hétfő-6:00:20:00|Kedd-6:00:20:00|Szerda-6:00:20:00|Csütörtök-6:00:20:00|Péntek-6:00:20:00|Szombat-7:00:22:00|Vasárnap-7:00:12:00
20.184;47.1821;Szolnok;Dráva utca 42.;Hétfő-6:00:22:00|Kedd-6:00:22:00|Szerda-6:00:22:00|Csütörtök-6:00:22:00|Péntek-6:00:22:00|Szombat-6:00:22:00|Vasárnap-8:00:16:00
20.1976;47.159;Szolnok;Felső Szandai rét 1.;Hétfő-6:00:22:00|Kedd-6:00:22:00|Szerda-6:00:22:00|Csütörtök-6:00:22:00|Péntek-6:00:22:00|Szombat-6:00:22:00|Vasárnap-7:00:2:00
20.1882;47.1712;Szolnok;Gábor Áron tér 1.;Hétfő-6:00:22:00|Kedd-6:00:22:00|Szerda-6:00:22:00|Csütörtök-6:00:22:00|Péntek-6:00:22:00|Szombat-6:00:22:00|Vasárnap-6:00:22:00
20.1774;47.1792;Szolnok;Jubileum tér 4.;Hétfő-6:00:20:00|Kedd-6:00:20:00|Szerda-6:00:20:00|Csütörtök-6:00:20:00|Péntek-6:00:20:00|Szombat-7:00:15:00|Vasárnap-Zárva
20.1831;47.1935;Szolnok;Karczag László utca  1.;Hétfő-6:00:20:00|Kedd-6:00:20:00|Szerda-6:00:20:00|Csütörtök-6:00:20:00|Péntek-6:00:20:00|Szombat-6:00:20:00|Vasárnap-6:00:16:00
20.1584;47.1642;Szolnok;Kőrösi út 33.;Hétfő-6:00:18:00|Kedd-6:00:18:00|Szerda-6:00:18:00|Csütörtök-6:00:18:00|Péntek-6:00:18:00|Szombat-6:00:12:00|Vasárnap-Zárva
20.1959;47.1748;Szolnok;Kossuth Lajos út 18.;Hétfő-7:00:21:00|Kedd-7:00:21:00|Szerda-7:00:21:00|Csütörtök-7:00:21:00|Péntek-7:00:23:30|Szombat-8:30:23:30|Vasárnap-Zárva
20.2123;47.1228;Szolnok;Krúdy Gyula út 108.;Hétfő-6:00:20:00|Kedd-6:00:20:00|Szerda-6:00:20:00|Csütörtök-6:00:20:00|Péntek-6:00:20:00|Szombat-6:00:20:00|Vasárnap-6:00:20:00
20.1809;47.1803;Szolnok;Mátyás király út 29.;Hétfő-6:00:22:00|Kedd-6:00:22:00|Szerda-6:00:22:00|Csütörtök-6:00:22:00|Péntek-6:00:22:00|Szombat-6:00:22:00|Vasárnap-6:00:19:00
20.1919;47.175;Szolnok;Mészáros Lőrinc  2.;Hétfő-6:00:20:00|Kedd-6:00:20:00|Szerda-6:00:20:00|Csütörtök-6:00:20:00|Péntek-6:00:22:00|Szombat-6:00:17:00|Vasárnap-8:00:14:00
20.1763;47.1723;Szolnok;Rákoczi út  85.;Hétfő-6:00:18:00|Kedd-6:00:18:00|Szerda-6:00:18:00|Csütörtök-6:00:18:00|Péntek-6:00:18:00|Szombat-7:00:15:00|Vasárnap-7:00:12:00
20.197;47.18;Szolnok;Ságvári körút 34. fsz.7;Hétfő-6:00:20:00|Kedd-6:00:20:00|Szerda-6:00:20:00|Csütörtök-6:00:20:00|Péntek-6:00:20:00|Szombat-7:00:13:00|Vasárnap-7:00:11:00
16.6233;47.2414;Szombathely;11es Huszár 39-45;Hétfő-6:30:20:00|Kedd-6:30:20:00|Szerda-6:30:20:00|Csütörtök-6:30:20:00|Péntek-6:30:20:00|Szombat-6:30:18:00|Vasárnap-8:00:17:00
16.613;47.2319;Szombathely;Ady E. tér 6024/2/A;Hétfő-5:00:17:00|Kedd-5:00:17:00|Szerda-5:00:17:00|Csütörtök-5:00:17:00|Péntek-5:00:17:00|Szombat-8:00:16:00|Vasárnap-Zárva
16.6159;47.2513;Szombathely;Arad  2.;Hétfő-0:00:24:00|Kedd-0:00:24:00|Szerda-0:00:24:00|Csütörtök-0:00:24:00|Péntek-0:00:24:00|Szombat-0:00:24:00|Vasárnap-0:00:24:00
16.6216;47.2302;Szombathely;Bejczy 1-3;Hétfő-7:00:20:00|Kedd-7:00:20:00|Szerda-7:00:20:00|Csütörtök-7:00:20:00|Péntek-7:00:20:00|Szombat-7:00:20:00|Vasárnap-7:00:20:00
16.6199;47.2307;Szombathely;Belsikátor 3;Hétfő-7:00:18:00|Kedd-7:00:18:00|Szerda-7:00:18:00|Csütörtök-7:00:18:00|Péntek-7:00:18:00|Szombat-9:00:13:00|Vasárnap-Zárva
16.5936;47.2396;Szombathely;Dolgozó 1/A;Hétfő-7:00:19:00|Kedd-7:00:19:00|Szerda-7:00:19:00|Csütörtök-7:00:19:00|Péntek-7:00:19:00|Szombat-8:00:15:00|Vasárnap-8:00:11:00
16.5868;47.2445;Szombathely;Dolgozók 3785/83;Hétfő-0:00:24:00|Kedd-0:00:24:00|Szerda-0:00:24:00|Csütörtök-0:00:24:00|Péntek-0:00:24:00|Szombat-0:00:24:00|Vasárnap-0:00:24:00
16.6314;47.2372;Szombathely;Éhen Gyula tér 4;Hétfő-5:00:17:00|Kedd-5:00:17:00|Szerda-5:00:17:00|Csütörtök-5:00:17:00|Péntek-5:00:17:00|Szombat-5:00:13:00|Vasárnap-7:00:11:00
16.6208;47.2316;Szombathely;Fő tér 14;Hétfő-8:00:20:00|Kedd-8:00:20:00|Szerda-8:00:20:00|Csütörtök-8:00:20:00|Péntek-8:00:20:00|Szombat-8:00:20:00|Vasárnap-Zárva
16.59;47.2433;Szombathely;Gazdag Erzsi 10;Hétfő-8:00:20:00|Kedd-8:00:20:00|Szerda-8:00:20:00|Csütörtök-8:00:20:00|Péntek-8:00:20:00|Szombat-8:00:20:00|Vasárnap-9:00:19:00
16.6175;47.2304;Szombathely;Hollán Ernő u. 6.;Hétfő-6:00:18:00|Kedd-6:00:18:00|Szerda-6:00:18:00|Csütörtök-6:00:18:00|Péntek-6:00:18:00|Szombat-7:00:18:00|Vasárnap-Zárva
16.6279;47.2312;Szombathely;Hunyadi 9;Hétfő-5:00:17:00|Kedd-5:00:17:00|Szerda-5:00:17:00|Csütörtök-5:00:17:00|Péntek-5:00:17:00|Szombat-5:00:13:00|Vasárnap-5:00:9:00
16.6209;47.2189;Szombathely;Károly Róbert 16;Hétfő-6:00:22:00|Kedd-6:00:22:00|Szerda-6:00:22:00|Csütörtök-6:00:22:00|Péntek-6:00:22:00|Szombat-8:00:22:00|Vasárnap-8:00:20:00
16.6232;47.2331;Szombathely;Király u. 15.;Hétfő-7:00:19:00|Kedd-7:00:19:00|Szerda-7:00:19:00|Csütörtök-7:00:19:00|Péntek-7:00:19:00|Szombat-7:00:15:00|Vasárnap-Zárva
16.6174;47.2234;Szombathely;Körmendi  40.;Hétfő-7:00:20:00|Kedd-7:00:20:00|Szerda-7:00:20:00|Csütörtök-7:00:20:00|Péntek-7:00:20:00|Szombat-7:00:17:00|Vasárnap-7:00:17:00
16.619;47.2116;Szombathely;Körmendi 92;Hétfő-5:00:21:00|Kedd-5:00:21:00|Szerda-5:00:21:00|Csütörtök-5:00:21:00|Péntek-5:00:21:00|Szombat-9:00:21:00|Vasárnap-9:00:17:00
16.6211;47.2324;Szombathely;Kőszegi 1663/3;Hétfő-0:00:24:00|Kedd-0:00:24:00|Szerda-0:00:24:00|Csütörtök-0:00:24:00|Péntek-0:00:24:00|Szombat-0:00:24:00|Vasárnap-0:00:24:00
16.621;47.2337;Szombathely;Kőszegi utca 24;Hétfő-7:00:19:00|Kedd-7:00:19:00|Szerda-7:00:19:00|Csütörtök-7:00:19:00|Péntek-7:00:19:00|Szombat-7:00:19:00|Vasárnap-10:00:18:00
16.6225;47.2334;Szombathely;Mártírok tere 5.;Hétfő-8:00:20:00|Kedd-8:00:20:00|Szerda-8:00:20:00|Csütörtök-8:00:20:00|Péntek-8:00:20:00|Szombat-8:00:16:00|Vasárnap-Zárva
16.6255;47.2249;Szombathely;Mátyás Király utca  46..;Hétfő-6:00:20:00|Kedd-6:00:20:00|Szerda-6:00:20:00|Csütörtök-6:00:20:00|Péntek-6:00:20:00|Szombat-8:00:20:00|Vasárnap-8:00:20:00
18.3409;47.6839;Szomód;Fő út  19.;Hétfő-6:00:20:00|Kedd-6:00:20:00|Szerda-6:00:20:00|Csütörtök-6:00:20:00|Péntek-6:00:20:00|Szombat-6:00:15:00|Vasárnap-8:00:12:00
18.339;47.6847;Szomód;Fő utca 36.;Hétfő-5:30:17:30|Kedd-5:30:17:30|Szerda-5:30:17:30|Csütörtök-5:30:17:30|Péntek-5:30:17:30|Szombat-6:30:12:00|Vasárnap-7:00:11:00
20.4922;47.8924;Szomolya;Kossuth út 24.;Hétfő-8:12:14:18|Kedd-8:12:14:18|Szerda-8:12:14:18|Csütörtök-8:12:14:18|Péntek-8:12:14:18|Szombat-8:00:13:00|Vasárnap-8:00:11:00
18.6635;47.5919;Szomor;Gyermelyi út 3.;Hétfő-7:00:17:00|Kedd-7:00:17:00|Szerda-7:00:17:00|Csütörtök-7:00:17:00|Péntek-7:00:17:00|Szombat-7:00:11:00|Vasárnap-8:00:11:00
19.7611;47.8055;Szücsi;Petőfi Sándor út 99.;Hétfő-6:00:20:00|Kedd-6:00:20:00|Szerda-6:00:20:00|Csütörtök-6:00:20:00|Péntek-6:00:20:00|Szombat-7:00:18:00|Vasárnap-Zárva
19.9154;47.9641;Szuha;Kossuth L. 237.;Hétfő-7:00:20:00|Kedd-7:00:20:00|Szerda-7:00:20:00|Csütörtök-7:00:20:00|Péntek-7:00:20:00|Szombat-7:00:22:00|Vasárnap-7:00:20:00
20.6552;48.285;Szuhakálló;Kossuth Lajos u. 4.;Hétfő-6:00:21:00|Kedd-6:00:21:00|Szerda-6:00:21:00|Csütörtök-6:00:21:00|Péntek-6:00:21:00|Szombat-6:00:21:00|Vasárnap-6:00:21:00
20.6757;48.3842;Szuhogy;József Attila utca  64.;Hétfő-6:00:16:00|Kedd-6:00:16:00|Szerda-6:00:16:00|Csütörtök-6:00:16:00|Péntek-6:00:16:00|Szombat-6:00:16:00|Vasárnap-7:00:10:00
19.6969;47.8668;Szurdokpüspöki;Szabadság út 169.;Hétfő-6:30:18:00|Kedd-6:30:18:00|Szerda-6:30:18:00|Csütörtök-6:30:18:00|Péntek-6:30:18:00|Szombat-6:30:12:00|Vasárnap-Zárva
18.6291;47.404;Tabajd;Kossuth utca  22.;Hétfő-6:00:18:00|Kedd-6:00:18:00|Szerda-6:00:18:00|Csütörtök-6:00:18:00|Péntek-6:00:18:00|Szombat-6:00:18:00|Vasárnap-7:00:16:00
19.3079;46.6845;Tabdi;Szent István utca 2.;Hétfő-6:30:18:00|Kedd-6:30:18:00|Szerda-6:30:18:00|Csütörtök-6:30:18:00|Péntek-6:30:18:00|Szombat-6:30:12:00|Vasárnap-7:00:11:30
18.4107;47.0803;Tác;Ady E. u. 3;Hétfő-5:00:21:00|Kedd-5:00:21:00|Szerda-5:00:21:00|Csütörtök-5:00:21:00|Péntek-5:00:21:00|Szombat-5:00:21:00|Vasárnap-6:00:21:00
19.089;47.7549;Tahitótfalu;Hősök tere 5/a;Hétfő-5:00:21:00|Kedd-5:00:21:00|Szerda-5:00:21:00|Csütörtök-5:00:21:00|Péntek-5:00:21:00|Szombat-6:00:16:00|Vasárnap-7:00:14:00
19.0666;47.3359;Taksony;Fő út 32.;Hétfő-6:00:20:00|Kedd-6:00:20:00|Szerda-6:00:20:00|Csütörtök-6:00:20:00|Péntek-6:00:20:00|Szombat-6:00:20:00|Vasárnap-6:00:20:00
19.0665;47.3354;Taksony;Fő út 41.;Hétfő-6:00:20:00|Kedd-6:00:20:00|Szerda-6:00:20:00|Csütörtök-6:00:20:00|Péntek-6:00:20:00|Szombat-6:00:20:00|Vasárnap-7:00:20:00
19.064;47.3293;Taksony;Szent Imre út 8.;Hétfő-6:00:20:00|Kedd-6:00:20:00|Szerda-6:00:20:00|Csütörtök-6:00:20:00|Péntek-6:00:20:00|Szombat-6:00:18:00|Vasárnap-8:00:17:00
17.5682;46.9803;Taliándörögd;Kossuth u. 46.;Hétfő-7:00:16:30|Kedd-7:00:16:30|Szerda-7:00:16:30|Csütörtök-7:00:16:30|Péntek-7:00:16:30|Szombat-7:00:11:00|Vasárnap-7:00:10:30
18.2862;46.6279;Tamási;Szabadság utca 2/B.;Hétfő-6:00:18:00|Kedd-6:00:18:00|Szerda-6:00:18:00|Csütörtök-6:00:18:00|Péntek-6:00:18:00|Szombat-8:00:12:00|Vasárnap-Zárva
18.2818;46.6369;Tamási;Zrínyi utca 2.;Hétfő-6:00:19:00|Kedd-6:00:19:00|Szerda-6:00:19:00|Csütörtök-6:00:19:00|Péntek-6:00:19:00|Szombat-6:00:12:00|Vasárnap-Zárva
18.1873676;46.6956642;Tamási;Szabadság utca 56.;Hétfő-7:00:19:00|Kedd-7:00:19:00|Szerda-7:00:19:00|Csütörtök-7:00:19:00|Péntek-7:00:19:00|Szombat-8:00:13:00|Vasárnap-Zárva
19.6935;47.3702;Tápióbicske;Nagykátai u.  45;Hétfő-5:00:21:00|Kedd-5:00:21:00|Szerda-5:00:21:00|Csütörtök-5:00:21:00|Péntek-5:00:21:00|Szombat-5:00:21:00|Vasárnap-6:30:21:00
19.6879;47.3623;Tápióbicske;Rákóczi út 85.;Hétfő-5:00:20:00|Kedd-5:00:20:00|Szerda-5:00:20:00|Csütörtök-5:00:20:00|Péntek-5:00:20:00|Szombat-7:00:16:00|Vasárnap-7:00:16:00
19.9504;47.3359;Tápiógyörgye;Batthyány u.   1.;Hétfő-6:00:19:00|Kedd-6:00:19:00|Szerda-6:00:19:00|Csütörtök-6:00:19:00|Péntek-6:00:19:00|Szombat-7:00:19:00|Vasárnap-9:00:11:00
19.9475;47.3374;Tápiógyörgye;Táncsics Mihály utca 8.;Hétfő-6:30:19:00|Kedd-6:30:19:00|Szerda-6:30:19:00|Csütörtök-6:30:19:00|Péntek-6:30:19:00|Szombat-7:30:16:00|Vasárnap-7:30:16:00
19.6086;47.446;Tápiószecső;Dózsa György út  49.;Hétfő-6:00:18:00|Kedd-6:00:18:00|Szerda-6:00:18:00|Csütörtök-6:00:18:00|Péntek-6:00:18:00|Szombat-6:00:18:00|Vasárnap-7:00:12:00
19.6078;47.4496;Tápiószecső;Kátai út 25/b.;Hétfő-6:00:19:00|Kedd-6:00:19:00|Szerda-6:00:19:00|Csütörtök-6:00:19:00|Péntek-6:00:19:00|Szombat-6:00:19:00|Vasárnap-6:00:19:00
19.5989;47.4516;Tápiószecső;Kossuth u. 1.;Hétfő-6:00:18:00|Kedd-6:00:18:00|Szerda-6:00:18:00|Csütörtök-6:00:18:00|Péntek-6:00:18:00|Szombat-6:00:14:00|Vasárnap-Zárva
19.5757;47.4477;Tápiószecső;Pesti u. 3;Hétfő-8:00:18:00|Kedd-8:00:18:00|Szerda-8:00:18:00|Csütörtök-8:00:18:00|Péntek-8:00:18:00|Szombat-8:00:18:00|Vasárnap-8:00:18:00
19.8753;47.3305;Tápiószele;Béke út  1.;Hétfő-7:00:19:00|Kedd-7:00:19:00|Szerda-7:00:19:00|Csütörtök-7:00:19:00|Péntek-7:00:19:00|Szombat-7:00:15:00|Vasárnap-8:00:16:00
19.8697;47.3372;Tápiószele;Farmosi út  21/A.;Hétfő-7:00:19:00|Kedd-7:00:19:00|Szerda-7:00:19:00|Csütörtök-7:00:19:00|Péntek-7:00:19:00|Szombat-7:00:19:00|Vasárnap-7:00:19:00
19.8723;47.346;Tápiószele;Rákóczi út   53/A.;Hétfő-6:00:20:00|Kedd-6:00:20:00|Szerda-6:00:20:00|Csütörtök-6:00:20:00|Péntek-6:00:20:00|Szombat-7:00:20:00|Vasárnap-8:00:18:00
19.7676;47.34;Tápiószentmárton;Béke tér 5.;Hétfő-6:00:20:00|Kedd-6:00:20:00|Szerda-6:00:20:00|Csütörtök-6:00:20:00|Péntek-6:00:20:00|Szombat-7:00:20:00|Vasárnap-8:00:18:00
19.7467;47.3403;Tápiószentmárton;Kossuth u. 7-9.;Hétfő-6:00:20:00|Kedd-6:00:20:00|Szerda-6:00:20:00|Csütörtök-6:00:20:00|Péntek-6:00:20:00|Szombat-7:00:20:00|Vasárnap-8:00:18:00
19.7554;47.3309;Tápiószentmárton;Sőregi út 1.;Hétfő-6:00:19:00|Kedd-6:00:19:00|Szerda-6:00:19:00|Csütörtök-6:00:19:00|Péntek-6:00:19:00|Szombat-6:00:14:00|Vasárnap-6:00:14:00
19.837447;47.293515;Tápiószőlős;Kossuth Lajos út 42.;Hétfő-6:00:20:00|Kedd-6:00:20:00|Szerda-6:00:20:00|Csütörtök-6:00:20:00|Péntek-6:00:20:00|Szombat-6:00:20:00|Vasárnap-7:00:16:00
16.6966;47.1968;Táplánszentkereszt;Széll Kálmán  18.;Hétfő-6:00:18:00|Kedd-6:00:18:00|Szerda-6:00:18:00|Csütörtök-6:00:18:00|Péntek-6:00:18:00|Szombat-6:00:14:00|Vasárnap-7:00:12:00
17.428;46.8846;Tapolca;Alkotmány u. 11.;Hétfő-8:30:17:00|Kedd-8:30:17:00|Szerda-8:30:17:00|Csütörtök-8:30:17:00|Péntek-8:30:17:00|Szombat-8:00:12:00|Vasárnap-Zárva
17.4408;46.883;Tapolca;Fő tér 11.;Hétfő-8:00:17:00|Kedd-8:00:17:00|Szerda-8:00:17:00|Csütörtök-8:00:17:00|Péntek-8:00:17:00|Szombat-8:00:12:00|Vasárnap-Zárva
17.4091;46.8809;Tapolca;Lesence utca  2.;Hétfő-5:30:13:30|Kedd-5:30:13:30|Szerda-5:30:13:30|Csütörtök-5:30:13:30|Péntek-5:30:13:30|Szombat-8:00:12:00|Vasárnap-Zárva
17.4369;46.8813;Tapolca;Petőfi u. 26.;Hétfő-5:30:14:00|Kedd-5:30:14:00|Szerda-5:30:14:00|Csütörtök-5:30:14:00|Péntek-5:30:14:00|Szombat-8:00:12:00|Vasárnap-Zárva
21.339088;48.136383;Tarcal;Fő utca 75;Hétfő-6:00:22:00|Kedd-6:00:22:00|Szerda-6:00:22:00|Csütörtök-6:00:22:00|Péntek-6:00:22:00|Szombat-6:00:22:00|Vasárnap-8:00:20:00
20.6027;47.876;Tard;Béke u. 143.;Hétfő-6:00:17:00|Kedd-6:00:17:00|Szerda-6:00:17:00|Csütörtök-6:00:17:00|Péntek-6:00:17:00|Szombat-6:00:12:00|Vasárnap-7:00:11:00
20.5278;48.1674;Tardona;Hunyadi u. 34.;Hétfő-6:00:18:00|Kedd-6:00:18:00|Szerda-6:00:18:00|Csütörtök-6:00:18:00|Péntek-6:00:18:00|Szombat-6:00:16:00|Vasárnap-8:00:12:00
18.4501;47.6627;Tardos;Béke  út 5.;Hétfő-6:00:19:00|Kedd-6:00:19:00|Szerda-6:00:19:00|Csütörtök-6:00:19:00|Péntek-6:00:19:00|Szombat-6:00:12:00|Vasárnap-7:00:12:00
21.2143;46.8098;Tarhos;Petőfi utca 30/B.;Hétfő-5:00:19:00|Kedd-5:00:19:00|Szerda-5:00:19:00|Csütörtök-5:00:19:00|Péntek-5:00:19:00|Szombat-6:00:17:00|Vasárnap-7:00:17:00
18.5035;47.6047;Tarján;József Attila utca  19.;Hétfő-5:00:18:00|Kedd-5:00:18:00|Szerda-5:00:18:00|Csütörtök-5:00:18:00|Péntek-5:00:18:00|Szombat-5:00:13:00|Vasárnap-8:00:10:00
18.5052;47.6091;Tarján;Vadász utca 44.;Hétfő-5:00:19:00|Kedd-5:00:19:00|Szerda-5:00:19:00|Csütörtök-5:00:19:00|Péntek-5:00:19:00|Szombat-6:00:17:00|Vasárnap-8:00:14:00
20.2288;47.685;Tarnabod;Petőfi Sándor utca  16.;Hétfő-6:00:20:00|Kedd-0:00:0:00|Szerda-6:00:20:00|Csütörtök-6:00:20:00|Péntek-6:00:20:00|Szombat-6:00:20:00|Vasárnap-6:00:20:00
18.845409;47.376353;Tárnok;Fő u. 43/F;Hétfő-6:00:18:00|Kedd-6:00:18:00|Szerda-6:00:18:00|Csütörtök-6:00:18:00|Péntek-6:00:18:00|Szombat-6:00:12:00|Vasárnap-Zárva
18.8718;47.3691;Tárnok;Hazatérők útja   36.;Hétfő-7:00:19:00|Kedd-7:00:19:00|Szerda-7:00:19:00|Csütörtök-7:00:19:00|Péntek-7:00:19:00|Szombat-7:00:19:00|Vasárnap-7:00:19:00
18.8654;47.3824;Tárnok;Rözler Endre u.   1.;Hétfő-6:00:20:00|Kedd-6:00:20:00|Szerda-6:00:20:00|Csütörtök-6:00:20:00|Péntek-6:00:20:00|Szombat-6:00:20:00|Vasárnap-6:00:17:00
18.862251487208216;47.3640234;Tárnok;Rákóczi út 43.;Hétfő-6:00:21:00|Kedd-6:00:21:00|Szerda-6:00:21:00|Csütörtök-6:00:21:00|Péntek-6:00:21:00|Szombat-6:00:21:00|Vasárnap-6:00:21:00
22.5284;48.1039;Tarpa;Kossuth utca    25/E.;Hétfő-7:00:19:00|Kedd-7:00:19:00|Szerda-7:00:19:00|Csütörtök-7:00:19:00|Péntek-7:00:19:00|Szombat-8:00:16:00|Vasárnap-Zárva
19.0313;47.014;Tass;Jókai utca 2.;Hétfő-5:00:18:00|Kedd-5:00:18:00|Szerda-5:00:18:00|Csütörtök-5:00:18:00|Péntek-5:00:18:00|Szombat-6:00:14:00|Vasárnap-6:00:14:00
18.6461;47.7441;Tát;Fő út  145;Hétfő-5:30:19:00|Kedd-5:30:19:00|Szerda-5:30:19:00|Csütörtök-5:30:19:00|Péntek-5:30:19:00|Szombat-6:00:14:00|Vasárnap-7:00:13:00
18.3286;47.648;Tata;Ady Endre út 45;Hétfő-5:00:22:00|Kedd-5:00:22:00|Szerda-5:00:22:00|Csütörtök-5:00:22:00|Péntek-5:00:22:00|Szombat-5:00:22:00|Vasárnap-5:00:22:00
18.3267;47.6501;Tata;Ady Endre utca  16.;Hétfő-6:00:20:00|Kedd-6:00:20:00|Szerda-6:00:20:00|Csütörtök-6:00:20:00|Péntek-6:00:20:00|Szombat-6:00:22:00|Vasárnap-Zárva
18.3271;47.6497;Tata;Ady Endre utca 20.;Hétfő-6:00:18:00|Kedd-6:00:18:00|Szerda-6:00:18:00|Csütörtök-6:00:18:00|Péntek-6:00:18:00|Szombat-6:00:14:00|Vasárnap-Zárva
18.3146;47.6448;Tata;Fürdő u.  1;Hétfő-6:00:18:00|Kedd-6:00:18:00|Szerda-6:00:18:00|Csütörtök-6:00:18:00|Péntek-6:00:18:00|Szombat-6:00:14:00|Vasárnap-Zárva
18.3133;47.6424;Tata;Kocsi utca  29;Hétfő-6:00:20:00|Kedd-6:00:20:00|Szerda-6:00:20:00|Csütörtök-6:00:20:00|Péntek-6:00:20:00|Szombat-6:00:20:00|Vasárnap-6:00:20:00
18.3198;47.6522;Tata;Május 1. út 21/a;Hétfő-6:00:20:00|Kedd-6:00:20:00|Szerda-6:00:20:00|Csütörtök-6:00:20:00|Péntek-6:00:22:00|Szombat-7:00:23:00|Vasárnap-8:00:12:00
18.3214;47.6565;Tata;Mikovényi utca 3/A;Hétfő-5:30:18:30|Kedd-5:30:18:30|Szerda-5:30:18:30|Csütörtök-5:30:18:30|Péntek-5:30:18:30|Szombat-7:00:15:00|Vasárnap-Zárva
18.3202;47.6499;Tata;Váralja utca 22.   22.;Hétfő-6:00:18:00|Kedd-6:00:18:00|Szerda-6:00:18:00|Csütörtök-6:00:18:00|Péntek-6:00:18:00|Szombat-6:00:18:00|Vasárnap-Zárva
18.3982;47.5647;Tatabánya;Árpád utca 87;Hétfő-5:00:18:00|Kedd-5:00:18:00|Szerda-5:00:18:00|Csütörtök-5:00:18:00|Péntek-5:00:18:00|Szombat-8:00:16:00|Vasárnap-8:00:12:00
18.3895;47.5782;Tatabánya;Bánhidai lakótelep 108;Hétfő-6:00:21:00|Kedd-6:00:21:00|Szerda-6:00:21:00|Csütörtök-6:00:21:00|Péntek-6:00:21:00|Szombat-6:00:21:00|Vasárnap-6:00:21:00
18.4115;47.5699;Tatabánya;Bláthy Ottó utca 1;Hétfő-6:00:20:00|Kedd-6:00:20:00|Szerda-6:00:20:00|Csütörtök-6:00:20:00|Péntek-6:00:20:00|Szombat-8:00:20:00|Vasárnap-8:00:19:00
18.3847;47.5764;Tatabánya;Dózsa György út 59/1;Hétfő-7:00:19:00|Kedd-7:00:19:00|Szerda-7:00:19:00|Csütörtök-7:00:19:00|Péntek-7:00:19:00|Szombat-7:00:16:00|Vasárnap-7:00:13:00
18.3879;47.586;Tatabánya;Erdész utca  29;Hétfő-5:00:18:00|Kedd-5:00:18:00|Szerda-5:00:18:00|Csütörtök-5:00:18:00|Péntek-5:00:18:00|Szombat-5:00:13:00|Vasárnap-Zárva
18.3979;47.5843;Tatabánya;Fő tér 14/D;Hétfő-7:00:19:00|Kedd-7:00:19:00|Szerda-7:00:19:00|Csütörtök-7:00:19:00|Péntek-7:00:19:00|Szombat-8:00:16:00|Vasárnap-Zárva
18.4462;47.5449;Tatabánya;Gábor Áron u. 43;Hétfő-7:00:19:00|Kedd-7:00:19:00|Szerda-7:00:19:00|Csütörtök-7:00:19:00|Péntek-7:00:19:00|Szombat-7:00:15:00|Vasárnap-Zárva
18.4231;47.5606;Tatabánya;Gál István lakótelep  412.;Hétfő-5:00:18:00|Kedd-5:00:18:00|Szerda-5:00:18:00|Csütörtök-5:00:18:00|Péntek-5:00:18:00|Szombat-6:00:14:00|Vasárnap-Zárva
18.4171;47.5607;Tatabánya;Gál István lakótelep 715;Hétfő-5:00:18:00|Kedd-5:00:18:00|Szerda-5:00:18:00|Csütörtök-5:00:18:00|Péntek-5:00:18:00|Szombat-8:00:16:00|Vasárnap-8:00:12:00
18.4231;47.5606;Tatabánya;Gál ltp  412;Hétfő-5:00:20:00|Kedd-5:00:20:00|Szerda-5:00:2:00|Csütörtök-5:00:20:00|Péntek-5:00:22:00|Szombat-5:00:22:00|Vasárnap-6:00:18:00
18.4154;47.5609;Tatabánya;Gál ltp 707;Hétfő-5:00:21:00|Kedd-5:00:21:00|Szerda-5:00:21:00|Csütörtök-5:00:21:00|Péntek-5:00:22:00|Szombat-5:00:22:00|Vasárnap-7:00:18:00
18.391;47.5909;Tatabánya;Győri út 25;Hétfő-7:00:19:00|Kedd-7:00:19:00|Szerda-7:00:19:00|Csütörtök-7:00:19:00|Péntek-7:00:19:00|Szombat-7:00:19:00|Vasárnap-Zárva
18.3709;47.6015;Tatabánya;Hadsereg út 131-133;Hétfő-6:00:18:00|Kedd-6:00:18:00|Szerda-6:00:18:00|Csütörtök-6:00:18:00|Péntek-6:00:18:00|Szombat-8:00:16:00|Vasárnap-8:00:16:00
18.4062;47.5786;Tatabánya;Ifjúmunkás út    11378/2.;Hétfő-5:00:24:00|Kedd-5:00:24:00|Szerda-5:00:24:00|Csütörtök-5:00:24:00|Péntek-5:00:24:00|Szombat-5:00:24:00|Vasárnap-5:00:24:00
18.4057;47.5791;Tatabánya;Ifjúmunkás út  5;Hétfő-5:00:23:00|Kedd-5:00:23:00|Szerda-5:00:23:00|Csütörtök-5:00:23:00|Péntek-5:00:23:00|Szombat-5:00:23:00|Vasárnap-Zárva
18.4074;47.5762;Tatabánya;Kodály tér  9.;Hétfő-5:00:20:00|Kedd-5:00:20:00|Szerda-5:00:20:00|Csütörtök-5:00:20:00|Péntek-5:00:22:00|Szombat-5:00:22:00|Vasárnap-Zárva
18.4081;47.5755;Tatabánya;Kodály tér 5;Hétfő-5:00:21:00|Kedd-5:00:21:00|Szerda-5:00:21:00|Csütörtök-5:00:21:00|Péntek-5:00:21:00|Szombat-6:00:17:00|Vasárnap-7:00:14:00
18.3988;47.5803;Tatabánya;Köztársaság út 1/A;Hétfő-7:00:20:00|Kedd-7:00:20:00|Szerda-7:00:20:00|Csütörtök-7:00:20:00|Péntek-7:00:20:00|Szombat-7:00:20:00|Vasárnap-9:00:19:00
18.4037;47.5764;Tatabánya;Köztársaság út 44;Hétfő-7:00:19:00|Kedd-7:00:19:00|Szerda-7:00:19:00|Csütörtök-7:00:19:00|Péntek-7:00:19:00|Szombat-7:00:13:00|Vasárnap-Zárva
18.4062;47.5799;Tatabánya;Mártírok útja 62;Hétfő-6:00:18:00|Kedd-6:00:18:00|Szerda-6:00:18:00|Csütörtök-6:00:18:00|Péntek-6:00:18:00|Szombat-8:00:16:00|Vasárnap-Zárva
20.9517;46.6562;Telekgerendás;Ady Endre utca 16;Hétfő-6:00:18:00|Kedd-6:00:18:00|Szerda-6:00:18:00|Csütörtök-6:00:18:00|Péntek-6:00:18:00|Szombat-6:00:12:00|Vasárnap-8:00:11:00
18.8205;47.5507;Telki;Muskátli u. 1/A;Hétfő-6:00:22:00|Kedd-6:00:22:00|Szerda-6:00:22:00|Csütörtök-6:00:22:00|Péntek-6:00:22:00|Szombat-6:00:18:00|Vasárnap-Zárva
17.6489;47.5416;Tényő;Munkás utca 15;Hétfő-6:00:18:00|Kedd-6:00:18:00|Szerda-6:00:18:00|Csütörtök-6:00:18:00|Péntek-6:00:18:00|Szombat-6:00:17:00|Vasárnap-Zárva
21.5715;47.3212;Tépe;Rákóczi utca 3.;Hétfő-6:00:17:00|Kedd-6:00:17:00|Szerda-6:00:17:00|Csütörtök-6:00:17:00|Péntek-6:00:17:00|Szombat-7:00:12:00|Vasárnap-7:00:10:00
19.4411;47.9455;Terény;Arany János  24;Hétfő-7:00:15:00|Kedd-7:00:15:00|Szerda-7:00:15:00|Csütörtök-7:00:15:00|Péntek-7:00:15:00|Szombat-7:00:11:00|Vasárnap-Zárva
18.0322;47.2594;Tés;Petőfi Sándor utca 51.;Hétfő-6:00:19:00|Kedd-6:00:19:00|Szerda-6:00:19:00|Csütörtök-6:00:19:00|Péntek-6:00:19:00|Szombat-6:00:18:00|Vasárnap-7:00:16:00
16.7797;46.8563;Teskánd;Sport  3.;Hétfő-6:00:20:00|Kedd-6:00:20:00|Szerda-6:00:20:00|Csütörtök-6:00:20:00|Péntek-6:00:20:00|Szombat-6:00:20:00|Vasárnap-7:00:12:00
17.5148;47.514;Tét;Fő u. 129;Hétfő-6:00:18:00|Kedd-6:00:18:00|Szerda-6:00:18:00|Csütörtök-6:00:18:00|Péntek-6:00:18:00|Szombat-9:00:17:00|Vasárnap-9:00:15:00
17.5150613;47.5140099;Tét;Fő utca 129.;Hétfő-7:00:19:00|Kedd-7:00:19:00|Szerda-7:00:19:00|Csütörtök-7:00:19:00|Péntek-7:00:19:00|Szombat-7:00:15:00|Vasárnap-Zárva
21.3074;47.3126;Tetétlen;Kossuth utca 63.;Hétfő-6:00:17:30|Kedd-6:00:17:30|Szerda-6:00:17:30|Csütörtök-6:00:17:30|Péntek-6:00:17:30|Szombat-6:00:11:00|Vasárnap-7:00:10:00
20.6344;47.9222;Tibolddaróc;Kácsi út 4.;Hétfő-6:30:17:30|Kedd-6:30:17:30|Szerda-6:30:17:30|Csütörtök-6:30:17:30|Péntek-6:30:17:30|Szombat-6:30:12:00|Vasárnap-7:00:11:00
18.7785;47.6195;Tinnye;Bajcsy-Zsilinszky utca  23.;Hétfő-6:00:17:00|Kedd-9:00:19:00|Szerda-6:00:17:00|Csütörtök-9:00:19:00|Péntek-6:00:17:00|Szombat-7:00:15:00|Vasárnap-Zárva
22.2932;48.222;Tiszaadony;Szondi út   1.;Hétfő-7:00:18:00|Kedd-7:00:18:00|Szerda-7:00:18:00|Csütörtök-7:00:18:00|Péntek-7:00:18:00|Szombat-7:00:12:00|Vasárnap-8:00:10:00
21.719;48.2102;Tiszakarád;Rákóczi Ferenc utca  67.;Hétfő-6:00:18:00|Kedd-6:00:18:00|Szerda-6:00:18:00|Csütörtök-6:00:18:00|Péntek-6:00:18:00|Szombat-6:00:14:00|Vasárnap-Zárva
20.324;47.2121;Tiszapüspöki;Fő út 125.;Hétfő-6:00:20:00|Kedd-6:00:20:00|Szerda-6:00:20:00|Csütörtök-6:00:20:00|Péntek-6:00:20:00|Szombat-8:00:16:00|Vasárnap-8:00:16:00
20.4307;47.3971;Tiszaroff;Szabadság út 41.;Hétfő-6:00:18:00|Kedd-6:00:18:00|Szerda-6:00:18:00|Csütörtök-6:00:18:00|Péntek-6:00:18:00|Szombat-6:00:12:00|Vasárnap-7:00:11:00
20.3873;47.3923;Tiszasüly;Kiséri út 36.;Hétfő-6:00:17:30|Kedd-6:00:17:30|Szerda-6:00:17:30|Csütörtök-6:00:17:30|Péntek-6:00:17:30|Szombat-6:00:12:00|Vasárnap-7:00:10:00
21.8273;48.1879;Tiszatelek;Kossuth utca    15.;Hétfő-6:00:22:00|Kedd-6:00:22:00|Szerda-6:00:22:00|Csütörtök-6:00:22:00|Péntek-6:00:22:00|Szombat-6:00:22:00|Vasárnap-8:00:14:00
19.6634;47.5085;Tóalmás;Béke utca 41;Hétfő-6:00:20:00|Kedd-6:00:20:00|Szerda-6:00:20:00|Csütörtök-6:00:20:00|Péntek-6:00:20:00|Szombat-6:00:14:00|Vasárnap-6:00:14:00
19.6728;47.5095;Tóalmás;Fő u.  108.;Hétfő-7:00:19:00|Kedd-7:00:19:00|Szerda-7:00:19:00|Csütörtök-7:00:19:00|Péntek-7:00:19:00|Szombat-7:00:19:00|Vasárnap-7:00:19:00
18.732;47.5665;Tök;Kútvölgy tér  26.;Hétfő-6:00:0:00|Kedd-6:00:0:00|Szerda-6:00:0:00|Csütörtök-6:00:0:00|Péntek-6:00:0:00|Szombat-6:00:0:00|Vasárnap-6:00:0:00
18.6694;47.7365;Tokod;József Attila út  28.;Hétfő-8:00:16:00|Kedd-8:00:16:00|Szerda-8:00:16:00|Csütörtök-8:00:16:00|Péntek-8:00:16:00|Szombat-10:00:14:00|Vasárnap-10:00:14:00
18.654;47.7187;Tokod;Széchenyi út 2.;Hétfő-7:00:18:00|Kedd-7:00:18:00|Szerda-7:00:18:00|Csütörtök-7:00:18:00|Péntek-7:00:18:00|Szombat-7:00:13:00|Vasárnap-7:00:12:00
18.6924;47.7316;Tokodaltáró;József Attila utca  1432/4.;Hétfő-6:00:19:00|Kedd-6:00:19:00|Szerda-6:00:19:00|Csütörtök-6:00:19:00|Péntek-6:00:19:00|Szombat-7:00:15:00|Vasárnap-Zárva
18.697;47.7341;Tokodaltáró;Landler Jenő  utca 21.;Hétfő-5:00:17:00|Kedd-5:00:17:00|Szerda-5:00:17:00|Csütörtök-5:00:17:00|Péntek-5:00:17:00|Szombat-5:00:13:00|Vasárnap-7:00:12:00
18.965;47.3277;Tököl;Fő út 40.;Hétfő-5:00:22:00|Kedd-5:00:22:00|Szerda-5:00:22:00|Csütörtök-5:00:22:00|Péntek-5:00:22:00|Szombat-5:00:22:00|Vasárnap-5:00:22:00
18.9958;47.3392;Tököl;Hermina utca 1-3.;Hétfő-6:00:21:00|Kedd-6:00:21:00|Szerda-6:00:21:00|Csütörtök-6:00:21:00|Péntek-6:00:21:00|Szombat-8:00:20:00|Vasárnap-8:00:20:00
18.962;47.3104;Tököl;Kölcsey utca 1938/4.;Hétfő-6:00:22:00|Kedd-6:00:22:00|Szerda-6:00:22:00|Csütörtök-6:00:22:00|Péntek-6:00:22:00|Szombat-6:00:22:00|Vasárnap-6:00:22:00
18.7708;46.4207;Tolna;Alkotmány u. 9.;Hétfő-6:00:18:00|Kedd-6:00:18:00|Szerda-6:00:18:00|Csütörtök-6:00:18:00|Péntek-6:00:18:00|Szombat-6:00:12:00|Vasárnap-6:00:11:00
18.7697;46.4198;Tolna;Alkotmány utca 22.;Hétfő-5:30:19:30|Kedd-5:30:19:30|Szerda-5:30:19:30|Csütörtök-5:30:19:30|Péntek-5:30:19:30|Szombat-5:30:19:30|Vasárnap-6:30:11:30
18.7617;46.417;Tolna;Alkotmány utca 70/B;Hétfő-6:00:18:00|Kedd-6:00:18:00|Szerda-6:00:18:00|Csütörtök-6:00:18:00|Péntek-6:00:18:00|Szombat-6:00:14:00|Vasárnap-Zárva
18.7857;46.4229;Tolna;Deák F. u. 7.;Hétfő-5:30:19:30|Kedd-5:30:19:30|Szerda-5:30:19:30|Csütörtök-5:30:19:30|Péntek-5:30:19:30|Szombat-5:30:19:30|Vasárnap-6:00:11:00
18.7829;46.4228;Tolna;Deák F. utca 21.;Hétfő-8:00:18:00|Kedd-8:00:18:00|Szerda-8:00:18:00|Csütörtök-8:00:18:00|Péntek-8:00:18:00|Szombat-8:00:12:00|Vasárnap-Zárva
18.7834;46.4225;Tolna;Deák Ferenc u 82.;Hétfő-7:00:17:00|Kedd-7:00:17:00|Szerda-7:00:17:00|Csütörtök-7:00:17:00|Péntek-7:00:17:00|Szombat-7:00:12:00|Vasárnap-8:00:12:00
17.7374;47.6258;Töltéstava;József Attila u. 22.;Hétfő-7:00:19:00|Kedd-7:00:19:00|Szerda-7:00:19:00|Csütörtök-7:00:19:00|Péntek-7:00:19:00|Szombat-7:00:13:00|Vasárnap-Zárva
20.7017;47.4317;Tomajmonostora;Széchenyi út 61/A.;Hétfő-6:00:18:00|Kedd-6:00:18:00|Szerda-6:00:18:00|Csütörtök-6:00:18:00|Péntek-6:00:18:00|Szombat-6:00:17:00|Vasárnap-6:00:11:00
19.555793;46.171715;Tompa;Alsósáskalapos 18/a.;Hétfő-6:00:18:00|Kedd-6:00:18:00|Szerda-6:00:18:00|Csütörtök-6:00:18:00|Péntek-6:00:18:00|Szombat-8:00:16:00
18.7477;47.3447;Tordas;Köztársaság út 1/A.;Hétfő-8:00:20:00|Kedd-8:00:20:00|Szerda-8:00:20:00|Csütörtök-8:00:20:00|Péntek-8:00:20:00|Szombat-8:00:20:00|Vasárnap-8:00:20:00
17.9913;46.2301;Tormás;Béke u. 36.;Hétfő-6:30:12:00|Kedd-6:30:12:00|Szerda-6:30:12:00|Csütörtök-6:30:12:00|Péntek-6:30:12:00|Szombat-6:30:11:00|Vasárnap-Zárva
18.9156;47.4349;Törökbálint;Baross utca 29.;Hétfő-6:30:20:00|Kedd-6:30:20:00|Szerda-6:30:20:00|Csütörtök-6:30:20:00|Péntek-6:30:20:00|Szombat-7:00:15:00|Vasárnap-7:00:15:00
18.9301;47.4286;Törökbálint;Hegyalja utca 54;Hétfő-6:00:20:00|Kedd-6:00:20:00|Szerda-6:00:20:00|Csütörtök-6:00:20:00|Péntek-6:00:20:00|Szombat-7:00:15:00|Vasárnap-7:00:15:00
18.9205;47.4337;Törökbálint;Szabadság tér 1;Hétfő-5:00:22:00|Kedd-5:00:22:00|Szerda-5:00:22:00|Csütörtök-5:00:22:00|Péntek-5:00:22:00|Szombat-5:00:22:00|Vasárnap-6:00:22:00
18.9190043;47.4329128;Törökbálint;Munkácsy Mihály utca 27-29.;Hétfő-5:00:20:00|Kedd-5:00:20:00|Szerda-5:00:20:00|Csütörtök-5:00:20:00|Péntek-5:00:20:00|Szombat-7:00:15:00|Vasárnap-7:00:15:00
20.4093;47.1787;Törökszentmiklós;Almásy utca 2. 2.;Hétfő-6:00:19:00|Kedd-6:00:19:00|Szerda-6:00:19:00|Csütörtök-6:00:19:00|Péntek-6:00:19:00|Szombat-8:00:18:00|Vasárnap-7:00:12:00
20.422;47.1697;Törökszentmiklós;Földvári  utca  1.;Hétfő-6:00:18:00|Kedd-6:00:18:00|Szerda-6:00:18:00|Csütörtök-6:00:18:00|Péntek-6:00:18:00|Szombat-7:00:15:00|Vasárnap-7:00:13:00
20.4076;47.1831;Törökszentmiklós;Hámán Kató út 3.;Hétfő-6:30:18:30|Kedd-6:30:18:30|Szerda-6:30:18:30|Csütörtök-6:30:18:30|Péntek-6:30:18:30|Szombat-6:30:14:00|Vasárnap-7:00:13:00
20.3863;47.1758;Törökszentmiklós;Kossuth Lajos út 280.;Hétfő-6:00:18:00|Kedd-6:00:18:00|Szerda-6:00:18:00|Csütörtök-6:00:18:00|Péntek-6:00:18:00|Szombat-7:00:15:00|Vasárnap-Zárva
20.3956;47.1783;Törökszentmiklós;Kossuth Lajos utca 217.;Hétfő-6:00:21:00|Kedd-6:00:21:00|Szerda-6:00:21:00|Csütörtök-6:00:21:00|Péntek-6:00:6:00|Szombat-6:00:6:00|Vasárnap-8:00:18:00
20.4181;47.1806;Törökszentmiklós;Kossuth Lajos utca 98-100.;Hétfő-6:00:20:00|Kedd-6:00:20:00|Szerda-6:00:20:00|Csütörtök-6:00:20:00|Péntek-6:00:20:00|Szombat-7:00:17:00|Vasárnap-7:00:13:00
20.3991;47.1786;Törökszentmiklós;Kossuth út 189.;Hétfő-6:00:21:00|Kedd-6:00:21:00|Szerda-6:00:21:00|Csütörtök-6:00:21:00|Péntek-6:00:21:00|Szombat-6:00:21:00|Vasárnap-7:00:19:00
20.405;47.1735;Törökszentmiklós;Pánthy Endre út 31.;Hétfő-6:00:21:00|Kedd-6:00:21:00|Szerda-6:00:21:00|Csütörtök-6:00:21:00|Péntek-6:00:22:00|Szombat-6:00:22:00|Vasárnap-7:00:13:00
20.4104;47.1795;Törökszentmiklós;Táncsics Mihály utca 2/a.;Hétfő-6:00:22:00|Kedd-6:00:22:00|Szerda-6:00:22:00|Csütörtök-6:00:22:00|Péntek-6:00:0:00|Szombat-6:00:0:00|Vasárnap-6:00:20:00
20.4116192;47.1784213;Törökszentmiklós;Budai Nagy Antal utca 1.;Hétfő-8:00:20:00|Kedd-8:00:20:00|Szerda-8:00:20:00|Csütörtök-8:00:20:00|Péntek-8:00:20:00|Szombat-9:00:20:00|Vasárnap-14:00:18:00
16.5377;47.2405;Torony;Ady Endre u. 1/A.;Hétfő-6:00:20:00|Kedd-6:00:20:00|Szerda-6:00:20:00|Csütörtök-6:00:20:00|Péntek-6:00:20:00|Szombat-6:00:20:00|Vasárnap-6:00:20:00
20.1292;47.1029;Tószeg;Attila út 1.;Hétfő-6:00:20:00|Kedd-6:00:20:00|Szerda-6:00:20:00|Csütörtök-6:00:20:00|Péntek-6:00:20:00|Szombat-6:00:20:00|Vasárnap-6:00:20:00
20.1407;47.0983;Tószeg;Rákóczi út 2.;Hétfő-6:00:18:00|Kedd-6:00:18:00|Szerda-6:00:18:00|Csütörtök-6:00:18:00|Péntek-6:00:18:00|Szombat-6:00:13:00|Vasárnap-6:00:10:00
20.1484;47.1006;Tószeg;Rákóczi út 39.;Hétfő-6:00:18:00|Kedd-6:00:18:00|Szerda-6:00:18:00|Csütörtök-6:00:18:00|Péntek-6:00:18:00|Szombat-6:00:14:00|Vasárnap-Zárva
20.7382;46.4085;Tótkomlós;Kereszt utca  1.;Hétfő-5:00:21:00|Kedd-5:00:21:00|Szerda-5:00:21:00|Csütörtök-5:00:21:00|Péntek-5:00:23:00|Szombat-5:00:23:00|Vasárnap-5:00:17:00
20.7344;46.4108;Tótkomlós;Kossuth utca 6-8.;Hétfő-6:00:18:00|Kedd-6:00:18:00|Szerda-6:00:18:00|Csütörtök-6:00:18:00|Péntek-6:00:18:00|Szombat-6:00:14:00|Vasárnap-Zárva
20.7372;46.4114;Tótkomlós;Széchenyi utca  4.;Hétfő-6:00:20:00|Kedd-6:00:20:00|Szerda-6:00:20:00|Csütörtök-6:00:20:00|Péntek-6:00:20:00|Szombat-6:00:12:00|Vasárnap-Zárva
19.589401;47.610123;Tura;Rákóczi Ferenc út 119.;Hétfő-6:00:21:00|Kedd-6:00:21:00|Szerda-6:00:21:00|Csütörtök-6:00:21:00|Péntek-6:00:21:00|Szombat-7:00:22:00|Vasárnap-7:00:20:00
19.5866;47.6124;Tura;Rákóczi u. 37;Hétfő-5:11:14:20|Kedd-5:11:14:20|Szerda-5:11:14:20|Csütörtök-5:11:14:20|Péntek-5:11:14:20|Szombat-6:00:20:00|Vasárnap-7:00:15:00
19.5968;47.6111;Tura;Tabán út  42.;Hétfő-7:00:19:00|Kedd-7:00:19:00|Szerda-7:00:19:00|Csütörtök-7:00:19:00|Péntek-7:00:19:00|Szombat-8:00:16:00|Vasárnap-Zárva
17.1055;46.9825;Türje;Szabadság tér 4.   4.;Hétfő-5:00:17:00|Kedd-5:00:17:00|Szerda-5:00:17:00|Csütörtök-5:00:17:00|Péntek-5:00:17:00|Szombat-5:00:12:00|Vasárnap-Zárva
20.7459;47.1113;Túrkeve;István Király utca 3.;Hétfő-6:00:20:00|Kedd-6:00:20:00|Szerda-6:00:20:00|Csütörtök-6:00:20:00|Péntek-6:00:20:00|Szombat-6:00:18:00|Vasárnap-6:00:16:00
20.742;47.1067;Túrkeve;Kenyérmezei út 41.;Hétfő-3:30:20:30|Kedd-3:30:20:30|Szerda-3:30:20:30|Csütörtök-3:30:20:30|Péntek-3:30:20:30|Szombat-6:00:22:00|Vasárnap-6:00:20:00
20.7371;47.0983;Túrkeve;Rákóczi utca 29.;Hétfő-6:00:20:00|Kedd-6:00:20:00|Szerda-6:00:20:00|Csütörtök-6:00:20:00|Péntek-6:00:20:00|Szombat-6:00:20:00|Vasárnap-6:00:20:00
20.7414;47.1037;Túrkeve;Széchenyi út 54.;Hétfő-6:00:20:00|Kedd-6:00:20:00|Szerda-6:00:20:00|Csütörtök-6:00:20:00|Péntek-6:00:20:00|Szombat-6:00:20:00|Vasárnap-6:00:20:00
17.2945;47.1138;Tüskevár;Kossuth utca  32.;Hétfő-8:00:20:00|Kedd-8:00:20:00|Szerda-8:00:20:00|Csütörtök-8:00:20:00|Péntek-8:00:20:00|Szombat-8:00:20:00|Vasárnap-8:00:20:00
18.6603;45.9025;Udvar;Fő u. 1.;Hétfő-0:00:24:00|Kedd-0:00:24:00|Szerda-0:00:24:00|Csütörtök-0:00:24:00|Péntek-0:00:24:00|Szombat-0:00:24:00|Vasárnap-0:00:24:00
21.0304;46.5954;Újkígyós;Gyulai út 24.;Hétfő-5:00:21:00|Kedd-5:00:21:00|Szerda-5:00:21:00|Csütörtök-5:00:21:00|Péntek-5:00:21:00|Szombat-5:00:21:00|Vasárnap-5:00:21:00
21.0233;46.5977;Újkígyós;Iskola 5/4.;Hétfő-6:00:18:00|Kedd-6:00:18:00|Szerda-6:00:18:00|Csütörtök-6:00:18:00|Péntek-6:00:18:00|Szombat-6:00:14:00|Vasárnap-7:00:14:00
21.0284;46.5887;Újkígyós;Petőfi utca  36..;Hétfő-7:00:19:00|Kedd-7:00:19:00|Szerda-7:00:19:00|Csütörtök-7:00:19:00|Péntek-7:00:19:00|Szombat-7:00:19:00|Vasárnap-8:00:18:00
18.3627;45.9372;Újpetre;Kossuth L. u. 28/B.;Hétfő-6:00:18:00|Kedd-6:00:18:00|Szerda-6:00:18:00|Csütörtök-6:00:18:00|Péntek-6:00:18:00|Szombat-7:00:13:00|Vasárnap-7:00:12:00
20.0728;47.2951;Újszász;Bajcsy- Zsilinszky út 10.;Hétfő-6:00:18:30|Kedd-6:00:18:30|Szerda-6:00:18:30|Csütörtök-6:00:18:30|Péntek-6:00:18:30|Szombat-6:00:14:30|Vasárnap-7:00:11:00
20.0696;47.2908;Újszász;Dózsa György út 11.;Hétfő-6:00:18:00|Kedd-6:00:18:00|Szerda-6:00:18:00|Csütörtök-6:00:18:00|Péntek-6:00:18:00|Szombat-7:00:12:00|Vasárnap-8:00:11:00
20.068;47.2881;Újszász;Dózsa György út 35.;Hétfő-5:30:18:00|Kedd-5:30:18:00|Szerda-5:30:18:00|Csütörtök-5:30:18:00|Péntek-5:30:18:00|Szombat-7:00:11:00|Vasárnap-16:00:19:00
20.0715;47.2914;Újszász;Dózsa György utca 2.;Hétfő-6:00:20:00|Kedd-6:00:20:00|Szerda-6:00:20:00|Csütörtök-6:00:20:00|Péntek-0:60:20:00|Szombat-6:00:20:00|Vasárnap-6:00:20:00
19.9117;47.2664;Újszilvás;Alkotmány u. 70;Hétfő-6:00:21:00|Kedd-6:00:21:00|Szerda-6:00:21:00|Csütörtök-6:00:21:00|Péntek-6:00:21:00|Szombat-6:00:21:00|Vasárnap-6:00:21:00
19.8986;47.2648;Újszilvás;Iskola út 1/A.;Hétfő-5:00:18:00|Kedd-5:00:18:00|Szerda-5:00:18:00|Csütörtök-5:00:18:00|Péntek-5:00:18:00|Szombat-6:00:14:00|Vasárnap-7:00:11:00
17.2197;47.044;Ukk;Kossuth utca  6.;Hétfő-7:00:19:00|Kedd-7:00:19:00|Szerda-7:00:19:00|Csütörtök-7:00:19:00|Péntek-7:00:19:00|Szombat-7:00:19:00|Vasárnap-7:00:19:00
19.3356;47.387;Üllő;Baross Gábor utca 1/B;Hétfő-5:00:22:00|Kedd-5:00:22:00|Szerda-5:00:22:00|Csütörtök-5:00:22:00|Péntek-5:00:0:00|Szombat-5:00:0:00|Vasárnap-5:00:22:00
19.3399;47.381;Üllő;Ócsai út  36.;Hétfő-7:00:19:00|Kedd-7:00:19:00|Szerda-7:00:19:00|Csütörtök-7:00:19:00|Péntek-7:00:19:00|Szombat-6:30:13:30|Vasárnap-6:30:13:30
19.353;47.3812;Üllő;Pesti út   3.;Hétfő-5:00:22:00|Kedd-5:00:22:00|Szerda-5:00:22:00|Csütörtök-5:00:22:00|Péntek-5:00:22:00|Szombat-8:00:20:00|Vasárnap-8:00:20:00
19.3422;47.387;Üllő;Pesti út  126.;Hétfő-5:00:20:00|Kedd-5:00:20:00|Szerda-5:00:20:00|Csütörtök-5:00:20:00|Péntek-5:00:20:00|Szombat-7:00:14:00|Vasárnap-7:00:14:00
19.3517;47.382;Üllő;Pesti út 15.;Hétfő-6:00:18:00|Kedd-6:00:18:00|Szerda-6:00:18:00|Csütörtök-6:00:18:00|Péntek-6:00:18:00|Szombat-7:00:12:00|Vasárnap-7:00:12:00
19.5256;47.414;Úri;Kossuth u. 19.;Hétfő-6:00:16:00|Kedd-6:00:18:00|Szerda-6:00:18:00|Csütörtök-6:00:18:00|Péntek-6:00:18:00|Szombat-6:00:13:00|Vasárnap-7:00:11:00
19.0161;47.5956;Üröm;Ady E. utca 38;Hétfő-6:30:20:00|Kedd-6:30:20:00|Szerda-6:30:20:00|Csütörtök-6:30:20:00|Péntek-6:30:20:00|Szombat-6:30:13:00|Vasárnap-7:00:13:00
18.9969;47.5861;Üröm;Külső Bécsi út 2.;Hétfő-5:00:22:00|Kedd-5:00:22:00|Szerda-5:00:22:00|Csütörtök-5:00:22:00|Péntek-5:00:22:00|Szombat-5:00:22:00|Vasárnap-5:00:22:00
19.0047;47.5854;Üröm;Ürömi u. 14;Hétfő-6:00:22:00|Kedd-6:00:22:00|Szerda-6:00:22:00|Csütörtök-6:00:22:00|Péntek-6:00:22:00|Szombat-6:00:22:00|Vasárnap-6:00:22:00
18.9049;46.5693;Uszód;Szabadság utca 21.;Hétfő-6:00:20:00|Kedd-6:00:20:00|Szerda-6:00:20:00|Csütörtök-6:00:20:00|Péntek-6:00:20:00|Szombat-6:00:20:00|Vasárnap-6:00:20:00
19.1202;47.7871;Vác;Árpád út  44.;Hétfő-6:00:20:00|Kedd-6:00:20:00|Szerda-6:00:20:00|Csütörtök-6:00:20:00|Péntek-6:00:20:00|Szombat-6:00:10:00|Vasárnap-6:00:10:00
19.1379;47.79;Vác;Deákvári főtér 31.;Hétfő-6:30:21:00|Kedd-6:30:21:00|Szerda-6:30:21:00|Csütörtök-6:30:21:00|Péntek-6:30:21:00|Szombat-7:00:20:00|Vasárnap-7:00:18:00
19.1284;47.7951;Vác;Deákvári főút  28.;Hétfő-6:00:22:00|Kedd-6:00:22:00|Szerda-6:00:22:00|Csütörtök-6:00:22:00|Péntek-6:00:22:00|Szombat-6:00:22:00|Vasárnap-8:00:22:00
19.1463;47.7556;Vác;Deres utca 2;Hétfő-8:00:20:00|Kedd-8:00:20:00|Szerda-8:00:20:00|Csütörtök-8:00:20:00|Péntek-8:00:20:00|Szombat-8:00:18:00|Vasárnap-8:00:16:00
19.1277;47.7811;Vác;Dr. Csányi László körút  23.;Hétfő-6:00:14:00|Kedd-6:00:14:00|Szerda-6:00:14:00|Csütörtök-6:00:14:00|Péntek-6:00:14:00|Szombat-6:00:12:00|Vasárnap-Zárva
19.1342;47.7788;Vác;Dr. Csányi László krt 52.;Hétfő-0:00:24:00|Kedd-0:00:24:00|Szerda-0:00:24:00|Csütörtök-0:00:24:00|Péntek-0:00:24:00|Szombat-0:00:24:00|Vasárnap-0:00:24:00
19.1309;47.7813;Vác;Galcsek u.  3;Hétfő-6:00:22:00|Kedd-6:00:22:00|Szerda-6:00:22:00|Csütörtök-6:00:22:00|Péntek-6:00:24:00|Szombat-6:00:24:00|Vasárnap-Zárva
19.1195;47.789;Vác;Hársfa utca 2.;Hétfő-6:00:22:00|Kedd-6:00:22:00|Szerda-6:00:22:00|Csütörtök-6:00:22:00|Péntek-6:00:22:00|Szombat-6:00:22:00|Vasárnap-8:00:17:00
19.1425;47.7697;Vác;Kölcsey Ferenc utca 1.;Hétfő-6:30:21:00|Kedd-6:30:21:00|Szerda-6:30:21:00|Csütörtök-6:30:21:00|Péntek-6:30:21:00|Szombat-7:00:20:00|Vasárnap-7:00:18:00
19.1281;47.7765;Vác;Köztársaság út 6.;Hétfő-6:00:18:00|Kedd-6:00:18:00|Szerda-6:00:18:00|Csütörtök-6:00:18:00|Péntek-6:00:18:00|Szombat-7:00:15:00|Vasárnap-Zárva
19.1243;47.7833;Vác;Rákóczi út   20.;Hétfő-6:00:18:00|Kedd-6:00:18:00|Szerda-6:00:18:00|Csütörtök-6:00:18:00|Péntek-6:00:24:00|Szombat-6:00:24:00|Vasárnap-Zárva
19.132;47.7813;Vác;Széchenyi utca 33.;Hétfő-7:00:19:00|Kedd-7:00:19:00|Szerda-7:00:19:00|Csütörtök-7:00:19:00|Péntek-7:00:19:00|Szombat-8:00:16:00|Vasárnap-Zárva
19.1323;47.7821;Vác;Széchenyi utca 40.;Hétfő-5:00:22:00|Kedd-5:00:22:00|Szerda-5:00:22:00|Csütörtök-5:00:22:00|Péntek-5:00:24:00|Szombat-5:00:24:00|Vasárnap-5:00:22:00
19.1291;47.7791;Vác;Széchenyi utca 9.;Hétfő-6:30:21:00|Kedd-6:30:21:00|Szerda-6:30:21:00|Csütörtök-6:30:21:00|Péntek-6:30:21:00|Szombat-7:00:20:00|Vasárnap-7:00:18:00
19.1407502;47.7746262;Vác;Magyar utca 5.;Hétfő-6:00:21:00|Kedd-6:00:21:00|Szerda-6:00:21:00|Csütörtök-6:00:21:00|Péntek-6:00:21:00|Szombat-7:00:15:00|Vasárnap-7:00:15:00
19.2609;47.7232;Váchartyán;Fő út  4.;Hétfő-8:00:17:00|Kedd-8:00:17:00|Szerda-8:00:17:00|Csütörtök-8:00:17:00|Péntek-8:00:17:00|Szombat-7:00:15:55|Vasárnap-Zárva
20.5556;48.2737;Vadna;Rákóczi Ferenc utca 1.;Hétfő-6:00:16:00|Kedd-6:00:16:00|Szerda-6:00:16:00|Csütörtök-6:00:16:00|Péntek-6:00:16:00|Szombat-6:00:12:00|Vasárnap-6:00:11:00
22.1634;47.9959;Vaja;Damjanich  39.;Hétfő-6:00:18:00|Kedd-6:00:18:00|Szerda-6:00:18:00|Csütörtök-6:00:18:00|Péntek-6:00:18:00|Szombat-6:00:16:00|Vasárnap-7:00:12:00
17.9855;45.8602;Vajszló;Széchenyi  u. 6.;Hétfő-6:00:18:00|Kedd-6:00:18:00|Szerda-6:00:18:00|Csütörtök-6:00:18:00|Péntek-6:00:18:00|Szombat-7:00:16:00|Vasárnap-7:00:11:00
18.6734;47.3596;Vál;István út  7.;Hétfő-6:00:18:00|Kedd-6:00:18:00|Szerda-6:00:18:00|Csütörtök-6:00:18:00|Péntek-6:00:18:00|Szombat-6:00:18:00|Vasárnap-7:00:16:00
18.678;47.3642;Vál;Vajda János út   54.;Hétfő-6:00:18:00|Kedd-6:00:18:00|Szerda-6:00:18:00|Csütörtök-6:00:18:00|Péntek-6:00:18:00|Szombat-6:00:18:00|Vasárnap-7:00:16:00
19.5124;47.5642;Valkó;Szabadság út 47/A.;Hétfő-6:00:19:00|Kedd-6:00:19:00|Szerda-6:00:19:00|Csütörtök-6:00:19:00|Péntek-19:00:19:00|Szombat-7:00:15:00|Vasárnap-7:00:12:00
19.9274;47.6848;Vámosgyörk;Petőfi Sándor u. 12.;Hétfő-6:30:18:00|Kedd-6:30:18:00|Szerda-6:30:18:00|Csütörtök-6:30:18:00|Péntek-6:30:18:00|Szombat-Zárva|Vasárnap-Zárva
18.7874;47.9784;Vámosmikola;Ipolysági út 9.;Hétfő-5:00:19:00|Kedd-5:00:19:00|Szerda-5:00:19:00|Csütörtök-5:00:19:00|Péntek-5:00:19:00|Szombat-5:00:19:00|Vasárnap-6:30:19:00
21.8982;47.5266;Vámospércs;Debreceni út 2. 2.;Hétfő-6:00:20:00|Kedd-6:00:20:00|Szerda-6:00:20:00|Csütörtök-6:00:20:00|Péntek-6:00:20:00|Szombat-6:00:20:00|Vasárnap-6:00:15:00
21.8991;47.5281;Vámospércs;Kossuth utca 17.;Hétfő-5:00:20:00|Kedd-5:00:20:00|Szerda-5:00:20:00|Csütörtök-5:00:20:00|Péntek-5:00:20:00|Szombat-5:00:20:00|Vasárnap-6:00:18:00
21.8958;47.5251;Vámospércs;Patika utca 5.   5.;Hétfő-5:00:21:00|Kedd-5:00:21:00|Szerda-5:00:21:00|Csütörtök-5:00:21:00|Péntek-5:00:21:00|Szombat-5:00:21:00|Vasárnap-6:00:19:00
19.449;47.8253;Vanyarc;Veres Pálné 79.;Hétfő-6:11:14:15|Kedd-6:11:14:15|Szerda-6:11:14:15|Csütörtök-6:11:14:15|Péntek-6:11:14:15|Szombat-6:11:14:15|Vasárnap-Zárva
20.6213;48.1625;Varbó;Rákóczi út 46.;Hétfő-6:30:17:00|Kedd-6:30:17:00|Szerda-6:30:17:00|Csütörtök-6:30:17:00|Péntek-6:30:17:00|Szombat-6:30:13:00|Vasárnap-7:00:11:00
17.6514;47.1449;Városlőd;Kossuth u. 45.;Hétfő-5:30:17:30|Kedd-5:30:17:30|Szerda-5:30:17:30|Csütörtök-5:30:17:30|Péntek-5:30:17:30|Szombat-6:30:14:30|Vasárnap-7:00:10:30
18.148532;47.200296;Várpalota;Fehérvári út 17.;Hétfő-6:00:22:00|Kedd-6:00:22:00|Szerda-6:00:22:00|Csütörtök-6:00:22:00|Péntek-6:00:22:00|Szombat-6:00:22:00|Vasárnap-6:00:22:00
18.1321;47.201;Várpalota;Bakony utca 8.;Hétfő-6:00:19:00|Kedd-6:00:19:00|Szerda-6:00:19:00|Csütörtök-6:00:19:00|Péntek-6:00:19:00|Szombat-6:00:19:00|Vasárnap-6:00:12:00
18.143;47.1991;Várpalota;Gárdonyi Géza utca 35.;Hétfő-6:00:19:00|Kedd-6:00:19:00|Szerda-6:00:19:00|Csütörtök-6:00:19:00|Péntek-6:00:19:00|Szombat-6:00:19:00|Vasárnap-6:00:12:00
18.1373;47.2065;Várpalota;Resán Mihály u.  14.;Hétfő-6:00:19:00|Kedd-6:00:19:00|Szerda-6:00:19:00|Csütörtök-6:00:19:00|Péntek-6:00:19:00|Szombat-6:00:19:00|Vasárnap-6:00:12:00
18.1404;47.2002;Várpalota;Szabadság tér 6.;Hétfő-7:00:19:00|Kedd-7:00:19:00|Szerda-7:00:19:00|Csütörtök-7:00:19:00|Péntek-7:00:19:00|Szombat-8:00:16:00|Vasárnap-Zárva
17.5477;47.1015;Várpalota;Szent István u. 2.;Hétfő-6:00:18:00|Kedd-6:00:18:00|Szerda-6:00:18:00|Csütörtök-6:00:18:00|Péntek-6:00:18:00|Szombat-7:00:15:00|Vasárnap-7:00:11:00
17.2973;46.8661;Várvölgy;Kossuth Lajos utca 54.;Hétfő-7:00:19:00|Kedd-7:00:19:00|Szerda-7:00:19:00|Csütörtök-7:00:19:00|Péntek-7:00:19:00|Szombat-7:00:19:00|Vasárnap-7:00:19:00
19.4028;47.3237;Vasad;Kossuth Lajos u. 21.;Hétfő-6:00:19:00|Kedd-6:00:19:00|Szerda-6:00:19:00|Csütörtök-6:00:19:00|Péntek-6:00:19:00|Szombat-6:00:12:00|Vasárnap-Zárva
16.5269;47.0146;Vasalja;Rákóczi utca  4.;Hétfő-8:00:18:00|Kedd-8:00:18:00|Szerda-8:00:18:00|Csütörtök-8:00:18:00|Péntek-8:00:18:00|Szombat-8:00:18:00|Vasárnap-8:00:18:00
22.3067;48.1294;Vásárosnamény;Árpád  7.;Hétfő-6:00:20:00|Kedd-6:00:20:00|Szerda-6:00:20:00|Csütörtök-6:00:20:00|Péntek-6:00:20:00|Szombat-6:00:20:00|Vasárnap-6:00:20:00
22.3418;48.1258;Vásárosnamény;Gulácsi út 1.;Hétfő-6:00:22:00|Kedd-6:00:22:00|Szerda-6:00:22:00|Csütörtök-6:00:22:00|Péntek-6:00:0:00|Szombat-6:00:0:00|Vasárnap-6:00:22:00
22.3184;48.1258;Vásárosnamény;Jókai út  23.;Hétfő-6:00:22:00|Kedd-6:00:22:00|Szerda-6:00:22:00|Csütörtök-6:00:22:00|Péntek-6:00:22:00|Szombat-6:00:22:00|Vasárnap-6:00:22:00
22.3181;48.1295;Vásárosnamény;Szabadság tér 19.;Hétfő-6:00:20:00|Kedd-6:00:20:00|Szerda-6:00:20:00|Csütörtök-6:00:20:00|Péntek-6:00:20:00|Szombat-6:00:20:00|Vasárnap-6:00:20:00
17.0568;47.116;Vashosszúfalu;Kossuth 113..;Hétfő-7:00:16:30|Kedd-7:00:16:30|Szerda-7:00:16:30|Csütörtök-7:00:16:30|Péntek-7:00:16:30|Szombat-7:00:12:00|Vasárnap-Zárva
21.8174;48.1103;Vasmegyer;Kossuth u. 125/A.;Hétfő-8:00:16:30|Kedd-8:00:16:30|Szerda-8:00:16:30|Csütörtök-8:00:16:30|Péntek-8:00:16:30|Szombat-8:00:12:00|Vasárnap-Zárva
16.7997;47.0483;Vasvár;Kossuth Lajos 7.;Hétfő-6:00:22:00|Kedd-6:00:22:00|Szerda-6:00:22:00|Csütörtök-6:00:22:00|Péntek-6:00:22:00|Szombat-6:00:22:00|Vasárnap-6:00:22:00
16.8022;47.048;Vasvár;Köztársaság tér  4.;Hétfő-6:00:20:00|Kedd-6:00:20:00|Szerda-6:00:20:00|Csütörtök-6:00:20:00|Péntek-6:00:20:00|Szombat-6:00:20:00|Vasárnap-8:00:20:00
16.7996;47.0495;Vasvár;Március 15 utca 3-4.;Hétfő-6:00:18:00|Kedd-6:00:18:00|Szerda-6:00:18:00|Csütörtök-6:00:18:00|Péntek-6:00:18:00|Szombat-6:00:14:00|Vasárnap-8:00:12:00
17.7589;46.9394;Vászoly;Vazul utca 8.;Hétfő-6:30:19:00|Kedd-6:30:19:00|Szerda-6:30:19:00|Csütörtök-6:30:19:00|Péntek-6:30:19:00|Szombat-7:00:12:00|Vasárnap-Zárva
19.2578;47.4094;Vecsés;Batthyány utca 12.;Hétfő-6:00:20:00|Kedd-6:00:20:00|Szerda-6:00:20:00|Csütörtök-6:00:20:00|Péntek-6:00:20:00|Szombat-6:00:20:00|Vasárnap-6:00:20:00
19.2588;47.3947;Vecsés;Budai Nagy Antal utca  97.;Hétfő-6:00:21:00|Kedd-6:00:21:00|Szerda-6:00:21:00|Csütörtök-6:00:21:00|Péntek-6:00:21:00|Szombat-7:00:21:00|Vasárnap-7:00:21:00
19.259;47.4007;Vecsés;Erzsébet tér  10.;Hétfő-8:00:20:00|Kedd-8:00:20:00|Szerda-8:00:20:00|Csütörtök-8:00:20:00|Péntek-8:00:20:00|Szombat-8:00:20:00|Vasárnap-8:00:20:00
19.253;47.4175;Vecsés;Fő út 246-248;Hétfő-6:00:22:00|Kedd-6:00:22:00|Szerda-6:00:22:00|Csütörtök-6:00:22:00|Péntek-6:00:22:00|Szombat-7:00:22:00|Vasárnap-8:00:20:00
19.255;47.4046;Vecsés;Dózsa György utca 26.;Hétfő-6:00:20:00|Kedd-6:00:20:00|Szerda-6:00:20:00|Csütörtök-6:00:20:00|Péntek-6:00:20:00|Szombat-7:00:15:00|Vasárnap-Zárva
19.2703723;47.4117254;Vecsés;Fő út 190.;Hétfő-6:00:20:00|Kedd-6:00:20:00|Szerda-6:00:20:00|Csütörtök-6:00:20:00|Péntek-6:00:20:00|Szombat-7:00:15:00|Vasárnap-Zárva
19.279357;47.4055607;Vecsés;Iskola utca 24.;Hétfő-6:00:20:00|Kedd-6:00:20:00|Szerda-6:00:20:00|Csütörtök-6:00:20:00|Péntek-6:00:20:00|Szombat-6:00:16:00|Vasárnap-Zárva
18.6535;47.237;Velence;Fő u. 16.;Hétfő-6:00:22:00|Kedd-6:00:22:00|Szerda-6:00:22:00|Csütörtök-6:00:22:00|Péntek-6:00:22:00|Szombat-6:00:22:00|Vasárnap-6:00:22:00
18.6681;47.2231;Velence;Iskola u. 2.;Hétfő-7:00:18:00|Kedd-7:00:18:00|Szerda-7:00:18:00|Csütörtök-7:00:18:00|Péntek-7:00:18:00|Szombat-7:00:13:00|Vasárnap-7:00:12:00
18.6155;46.1564;Véménd;Szabadság u. 2.;Hétfő-6:00:22:00|Kedd-6:00:22:00|Szerda-6:00:22:00|Csütörtök-6:00:22:00|Péntek-6:00:22:00|Szombat-6:00:22:00|Vasárnap-7:00:22:00
18.617;47.3204;Vereb;Petőfi u. 10/1.;Hétfő-7:00:21:00|Kedd-7:00:21:00|Szerda-7:00:21:00|Csütörtök-7:00:21:00|Péntek-7:00:21:00|Szombat-7:00:22:00|Vasárnap-7:00:22:00
19.2696;47.6579;Veresegyház;Budapesti út  1.;Hétfő-7:00:21:00|Kedd-7:00:21:00|Szerda-7:00:21:00|Csütörtök-7:00:21:00|Péntek-7:00:21:00|Szombat-7:00:18:00|Vasárnap-8:00:18:00
19.2893;47.6532;Veresegyház;Fő út 30.;Hétfő-6:00:22:00|Kedd-6:00:22:00|Szerda-6:00:22:00|Csütörtök-6:00:22:00|Péntek-6:00:22:00|Szombat-6:00:23:00|Vasárnap-6:00:16:00
19.2909;47.6514;Veresegyház;Fő út 4-6.;Hétfő-6:00:18:00|Kedd-6:00:18:00|Szerda-6:00:18:00|Csütörtök-6:00:18:00|Péntek-6:00:18:00|Szombat-7:00:15:00|Vasárnap-Zárva
19.2869;47.6547;Veresegyház;Fő út 49.;Hétfő-6:00:19:30|Kedd-6:00:19:30|Szerda-6:00:19:30|Csütörtök-6:00:19:30|Péntek-6:00:19:30|Szombat-5:30:15:00|Vasárnap-7:00:12:00
19.2855;47.6565;Veresegyház;Fő út 69;Hétfő-6:00:19:00|Kedd-6:00:19:00|Szerda-6:00:19:00|Csütörtök-6:00:19:00|Péntek-6:00:19:00|Szombat-6:00:19:00|Vasárnap-Zárva
19.2865;47.6563;Veresegyház;Fő út 70.;Hétfő-5:00:23:00|Kedd-5:00:23:00|Szerda-5:00:23:00|Csütörtök-5:00:23:00|Péntek-5:00:24:00|Szombat-5:00:24:00|Vasárnap-8:00:23:00
19.2932;47.6488;Veresegyház;Szadai út 2.;Hétfő-6:00:22:00|Kedd-6:00:22:00|Szerda-6:00:22:00|Csütörtök-6:00:22:00|Péntek-6:00:22:00|Szombat-6:00:23:00|Vasárnap-6:00:16:00
19.2926;47.6485;Veresegyház;Szadai út 7.;Hétfő-7:00:20:00|Kedd-7:00:20:00|Szerda-7:00:20:00|Csütörtök-7:00:20:00|Péntek-7:00:20:00|Szombat-7:00:17:00|Vasárnap-7:00:14:00
19.2925;47.6491;Veresegyház;Szadai út 981/59/A/5;Hétfő-7:00:22:00|Kedd-7:00:22:00|Szerda-7:00:22:00|Csütörtök-7:00:22:00|Péntek-7:00:22:00|Szombat-8:00:20:00|Vasárnap-8:00:20:00
19.0422;47.8207;Verőce;Árpád út   1.;Hétfő-6:00:23:00|Kedd-6:00:23:00|Szerda-6:00:23:00|Csütörtök-6:00:23:00|Péntek-6:00:24:00|Szombat-6:00:24:00|Vasárnap-7:00:23:00
19.0357;47.8251;Verőce;Rákóczi u. 33.;Hétfő-6:00:20:00|Kedd-6:00:20:00|Szerda-6:00:20:00|Csütörtök-6:00:20:00|Péntek-6:00:20:00|Szombat-7:00:18:00|Vasárnap-7:00:14:00
20.2312;47.8533;Verpelét;Kastély u. 4.;Hétfő-6:00:18:00|Kedd-6:00:18:00|Szerda-6:00:18:00|Csütörtök-6:00:18:00|Péntek-6:00:18:00|Szombat-12:00:20:00|Vasárnap-Zárva
20.2263;47.8463;Verpelét;Kossuth Lajos út 71.;Hétfő-5:00:20:00|Kedd-5:00:20:00|Szerda-5:00:20:00|Csütörtök-5:00:20:00|Péntek-5:00:20:00|Szombat-6:00:14:00|Vasárnap-Zárva
18.5786;47.3666;Vértesacsa;Fő utca 48.;Hétfő-6:00:19:00|Kedd-6:00:19:00|Szerda-6:00:19:00|Csütörtök-6:00:19:00|Péntek-6:00:19:00|Szombat-6:00:18:00|Vasárnap-7:00:16:00
18.08384;47.485896;Vérteskethely;Kossuth lajos út.90;Hétfő-06:40:17:40|Kedd-06:40:17:40|Szerda-06:40:17:40|Csütörtök-06:40:17:40|Péntek-06:40:17:40|Szombat-Zárva|Vasárnap-09:00:11:00
18.3668;47.5098;Vértessomló;Rákóczi Ferenc utca 48/A;Hétfő-7:00:17:30|Kedd-7:00:17:30|Szerda-7:00:17:30|Csütörtök-7:00:17:30|Péntek-7:00:17:30|Szombat-7:00:12:00|Vasárnap-7:00:10:00
18.3719;47.6239;Vértesszőlős;Gagarin utca 2/A.;Hétfő-7:00:20:00|Kedd-7:00:20:00|Szerda-7:00:20:00|Csütörtök-7:00:20:00|Péntek-7:00:20:00|Szombat-7:00:20:00|Vasárnap-7:00:20:00
17.2896;46.412;Vése;Hársfa 2.;Hétfő-6:00:17:00|Kedd-6:00:17:00|Szerda-6:00:17:00|Csütörtök-6:00:17:00|Péntek-6:00:17:00|Szombat-6:00:12:00|Vasárnap-6:00:9:00
17.0887;47.5969;Veszkény;Fő u. 67.;Hétfő-6:30:16:00|Kedd-6:30:16:00|Szerda-6:30:16:00|Csütörtök-6:30:16:00|Péntek-6:30:16:00|Szombat-6:00:12:00|Vasárnap-Zárva
17.950216;47.142753;Veszprém-Gyulafirátót;Zirci u. 14.;Hétfő-6:00:20:00|Kedd-6:00:20:00|Szerda-6:00:20:00|Csütörtök-6:00:20:00|Péntek-6:00:20:00|Szombat-6:00:20:00|Vasárnap-7:00:17:00
17.9228704;47.0831647;Veszprém;Almádi út 21.;Hétfő-06:00:22:00|Kedd-06:00:22:00|Szerda-6:00:22:00|Csütörtök-06:00:22:00|Péntek-6:00:22:00|Szombat-6:00:22:00|Vasárnap-08:00:21:00
17.9191;47.0863;Veszprém;Almádi út 15-17.;Hétfő-6:00:18:00|Kedd-6:00:18:00|Szerda-6:00:18:00|Csütörtök-6:00:18:00|Péntek-6:00:18:00|Szombat-8:00:16:00|Vasárnap-Zárva
17.9189;47.0866;Veszprém;Almádi út 7/1.;Hétfő-0:00:24:00|Kedd-0:00:24:00|Szerda-0:00:24:00|Csütörtök-0:00:24:00|Péntek-0:00:24:00|Szombat-0:00:24:00|Vasárnap-0:00:24:00
17.9159;47.0886;Veszprém;Bajcsy-Zsilinszky Endre u. 18.;Hétfő-7:00:19:00|Kedd-7:00:19:00|Szerda-7:00:19:00|Csütörtök-7:00:19:00|Péntek-7:00:19:00|Szombat-7:00:15:00|Vasárnap-Zárva
17.9156;47.094;Veszprém;Budapest u. 6.;Hétfő-0:00:24:00|Kedd-0:00:24:00|Szerda-0:00:24:00|Csütörtök-0:00:24:00|Péntek-0:00:24:00|Szombat-0:00:24:00|Vasárnap-0:00:24:00
17.9255;47.0919;Veszprém;Cholnoky u.  11.;Hétfő-6:00:22:00|Kedd-6:00:22:00|Szerda-6:00:22:00|Csütörtök-6:00:22:00|Péntek-6:00:22:00|Szombat-6:00:22:00|Vasárnap-6:00:22:00
17.9245;47.0906;Veszprém;Cholnoky u.  23/B.;Hétfő-7:00:21:00|Kedd-7:00:21:00|Szerda-7:00:21:00|Csütörtök-7:00:21:00|Péntek-7:00:21:00|Szombat-7:00:15:00|Vasárnap-8:00:13:00
17.9266;47.0975;Veszprém;Cholnoky u. 34.;Hétfő-6:00:22:00|Kedd-6:00:22:00|Szerda-6:00:22:00|Csütörtök-6:00:22:00|Péntek-6:00:22:00|Szombat-6:00:22:00|Vasárnap-6:00:20:00
17.9087;47.0858;Veszprém;Egyetem u. 19.;Hétfő-0:24:0:24|Kedd-0:24:0:24|Szerda-0:24:0:24|Csütörtök-0:24:0:24|Péntek-0:24:0:24|Szombat-0:24:0:24|Vasárnap-0:24:0:24
17.9158;47.1039;Veszprém;Halle u. 7.;Hétfő-5:00:23:00|Kedd-5:00:23:00|Szerda-5:00:23:00|Csütörtök-5:00:23:00|Péntek-5:00:23:00|Szombat-5:00:23:00|Vasárnap-5:00:23:00
17.9134;47.1059;Veszprém;Halle utca  5/H.;Hétfő-5:30:22:00|Kedd-5:30:22:00|Szerda-5:30:22:00|Csütörtök-5:30:22:00|Péntek-5:30:22:00|Szombat-5:30:22:00|Vasárnap-5:30:22:00
17.9188;47.1063;Veszprém;Haszkovó út 14.;Hétfő-6:00:18:00|Kedd-6:00:18:00|Szerda-6:00:18:00|Csütörtök-6:00:18:00|Péntek-6:00:18:00|Szombat-8:00:16:00|Vasárnap-Zárva
17.9179;47.1072;Veszprém;Haszkovó utca  16/B.;Hétfő-5:00:21:00|Kedd-5:00:21:00|Szerda-5:00:21:00|Csütörtök-5:00:21:00|Péntek-5:00:21:00|Szombat-5:00:21:00|Vasárnap-5:00:21:00
17.9176;47.1083;Veszprém;Haszkovó utca 18/D.;Hétfő-5:30:22:00|Kedd-5:30:22:00|Szerda-5:30:22:00|Csütörtök-5:30:22:00|Péntek-5:30:22:00|Szombat-5:30:22:00|Vasárnap-5:30:22:00
17.9144;47.0941;Veszprém;Jutasi u. 3.;Hétfő-5:30:22:00|Kedd-5:30:22:00|Szerda-5:30:22:00|Csütörtök-5:30:22:00|Péntek-5:30:22:00|Szombat-5:30:22:00|Vasárnap-5:30:22:00
17.9144;47.0957;Veszprém;Jutasi út 11.;Hétfő-5:00:19:00|Kedd-5:00:19:00|Szerda-5:00:19:00|Csütörtök-5:00:19:00|Péntek-5:00:19:00|Szombat-5:00:14:00|Vasárnap-13:00:19:00
17.9133;47.1032;Veszprém;Jutasi út 59.;Hétfő-6:00:19:00|Kedd-6:00:19:00|Szerda-6:00:19:00|Csütörtök-6:00:19:00|Péntek-6:00:19:00|Szombat-7:00:20:00|Vasárnap-7:00:17:00
17.909;47.0931;Veszprém;Kossuth Lajos u. 1.;Hétfő-5:30:22:00|Kedd-5:30:22:00|Szerda-5:30:22:00|Csütörtök-5:30:22:00|Péntek-5:30:22:00|Szombat-5:30:22:00|Vasárnap-5:30:22:00
17.9128;47.0935;Veszprém;Kossuth u. 21.;Hétfő-7:00:19:00|Kedd-7:00:19:00|Szerda-7:00:19:00|Csütörtök-7:00:19:00|Péntek-7:00:19:00|Szombat-7:00:15:00|Vasárnap-Zárva
17.9502;47.1428;Veszprém-Gyulafirárót;Zirci utca 14.;Hétfő-6:00:18:00|Kedd-6:00:18:00|Szerda-6:00:18:00|Csütörtök-6:00:18:00|Péntek-6:00:18:00|Szombat-6:00:14:00|Vasárnap-6:30:10:30
18.4561;45.8693;Villány;Damjanich u. 1.;Hétfő-5:30:21:30|Kedd-5:30:21:30|Szerda-5:30:21:30|Csütörtök-5:30:21:30|Péntek-5:30:21:30|Szombat-7:00:21:00|Vasárnap-7:00:15:00
18.452;45.8671;Villány;Diófás tér 2/A.;Hétfő-5:00:20:00|Kedd-5:00:20:00|Szerda-5:00:20:00|Csütörtök-5:00:20:00|Péntek-5:00:20:00|Szombat-5:00:20:00|Vasárnap-6:00:20:00
18.9702;47.786;Visegrád;Fő u.   42.;Hétfő-6:00:22:00|Kedd-6:00:22:00|Szerda-6:00:22:00|Csütörtök-6:00:22:00|Péntek-6:00:22:00|Szombat-6:00:22:00|Vasárnap-6:00:22:00
20.0269;47.7825;Visonta;Hősök tere  7/A.;Hétfő-5:00:17:00|Kedd-5:00:17:00|Szerda-5:00:17:00|Csütörtök-5:00:17:00|Péntek-5:00:17:00|Szombat-5:00:17:00|Vasárnap-Zárva
16.9891;47.586;Vitnyéd;Dózsa u. 2.;Hétfő-6:00:20:00|Kedd-6:00:20:00|Szerda-6:00:20:00|Csütörtök-6:00:20:00|Péntek-6:00:20:00|Szombat-6:00:20:00|Vasárnap-6:00:20:00
17.3152;46.762;Vonyarcvashegy;Kossuth Lajos  1.;Hétfő-7:00:18:00|Kedd-7:00:18:00|Szerda-7:00:18:00|Csütörtök-7:00:18:00|Péntek-7:00:18:00|Szombat-7:00:15:00|Vasárnap-7:00:13:00
17.3152;46.7622;Vonyarcvashegy;Rákócz Ferenc u. 2-4.;Hétfő-6:00:22:00|Kedd-6:00:22:00|Szerda-6:00:22:00|Csütörtök-6:00:22:00|Péntek-6:00:22:00|Szombat-6:00:22:00|Vasárnap-6:00:22:00
20.128;47.2681;Zagyvarékas;Fekete Lajos út 3.;Hétfő-6:00:22:00|Kedd-6:00:22:00|Szerda-6:00:22:00|Csütörtök-6:00:22:00|Péntek-6:00:22:00|Szombat-6:00:22:00|Vasárnap-6:00:13:00
20.1278;47.2673;Zagyvarékas;Rákóczi út   64.;Hétfő-8:00:17:00|Kedd-8:00:17:00|Szerda-8:00:17:00|Csütörtök-8:00:17:00|Péntek-8:00:17:00|Szombat-8:00:12:00|Vasárnap-Zárva
19.8881;46.2751;Zákányszék;Dózsa György utca 56.;Hétfő-6:00:18:00|Kedd-6:00:18:00|Szerda-6:00:18:00|Csütörtök-6:00:18:00|Péntek-6:00:18:00|Szombat-6:00:14:00|Vasárnap-6:00:11:00
17.1063;46.7277;Zalaapáti;Deák Ferenc utca 135.;Hétfő-6:00:18:00|Kedd-6:00:18:00|Szerda-6:00:18:00|Csütörtök-6:00:18:00|Péntek-6:00:18:00|Szombat-6:00:14:00|Vasárnap-7:00:12:00
17.0276;46.9762;Zalabér;Rákóczi Ferenc utca 25.;Hétfő-8:00:16:00|Kedd-8:00:16:00|Szerda-8:00:16:00|Csütörtök-8:00:16:00|Péntek-8:00:16:00|Szombat-7:00:15:00|Vasárnap-Zárva
16.8669;46.8439;Zalaegerszeg;Balatoni út 275/10;Hétfő-0:00:23:59|Kedd-0:00:23:59|Szerda-0:00:23:59|Csütörtök-0:00:23:59|Péntek-0:00:23:59|Szombat-0:00:23:59|Vasárnap-0:00:23:59
16.8471;46.8434;Zalaegerszeg;Berzsenyi Dániel u. 10/A.;Hétfő-5:00:20:00|Kedd-5:00:20:00|Szerda-5:00:20:00|Csütörtök-5:00:20:00|Péntek-5:00:20:00|Szombat-7:00:15:00|Vasárnap-Zárva
16.851;46.8432;Zalaegerszeg;Bíró Márton u. 1/15.;Hétfő-5:30:18:30|Kedd-5:30:18:30|Szerda-5:30:18:30|Csütörtök-5:30:18:30|Péntek-5:30:18:30|Szombat-6:00:14:00|Vasárnap-7:00:14:00
16.8467;46.8421;Zalaegerszeg;Dísz tér 7;Hétfő-7:30:18:00|Kedd-7:30:18:00|Szerda-7:30:18:00|Csütörtök-7:30:18:00|Péntek-7:30:18:00|Szombat-8:00:12:30|Vasárnap-8:00:12:00
16.8345;46.8252;Zalaegerszeg;Hegyalja u. 31;Hétfő-6:00:21:00|Kedd-6:00:21:00|Szerda-6:00:21:00|Csütörtök-6:00:21:00|Péntek-6:00:21:00|Szombat-6:00:21:00|Vasárnap-7:00:21:00
16.8519;46.8328;Zalaegerszeg;Kinizsi Pál u. 89.;Hétfő-5:00:19:00|Kedd-5:00:19:00|Szerda-5:00:19:00|Csütörtök-5:00:19:00|Péntek-5:00:19:00|Szombat-6:00:19:00|Vasárnap-6:00:12:00
16.7925;46.8683;Zalaegerszeg;Körmendi u. 41;Hétfő-7:00:19:00|Kedd-7:00:19:00|Szerda-7:00:19:00|Csütörtök-7:00:19:00|Péntek-7:00:19:00|Szombat-7:00:19:00|Vasárnap-8:00:20:00
16.8459;46.8392;Zalaegerszeg;Kossuth Lajos u. 42;Hétfő-8:00:19:00|Kedd-8:00:19:00|Szerda-8:00:19:00|Csütörtök-8:00:19:00|Péntek-8:00:19:00|Szombat-8:00:14:00|Vasárnap-Zárva
16.8478;46.8436;Zalaegerszeg;Kovács Károly tér 6-8;Hétfő-7:00:17:00|Kedd-7:00:17:00|Szerda-7:00:17:00|Csütörtök-7:00:17:00|Péntek-7:00:17:00|Szombat-8:00:12:00|Vasárnap-Zárva
16.8293;46.8254;Zalaegerszeg;Köztársaság u. 85/A;Hétfő-6:30:19:30|Kedd-6:30:19:30|Szerda-6:30:19:30|Csütörtök-6:30:19:30|Péntek-6:30:19:30|Szombat-7:00:15:00|Vasárnap-10:00:17:00
16.8294;46.8245;Zalaegerszeg;Köztársaság utca 89/D.;Hétfő-7:00:21:00|Kedd-7:00:21:00|Szerda-7:00:21:00|Csütörtök-7:00:21:00|Péntek-7:00:21:00|Szombat-9:00:21:00|Vasárnap-9:00:18:00
16.8252;46.8355;Zalaegerszeg;Landorhegyi u. 34;Hétfő-5:00:20:00|Kedd-5:00:20:00|Szerda-5:00:20:00|Csütörtök-5:00:20:00|Péntek-5:00:20:00|Szombat-5:00:19:00|Vasárnap-6:00:12:00
16.832;46.8467;Zalaegerszeg;Ola u. 12. fsz: 2;Hétfő-8:00:19:00|Kedd-8:00:19:00|Szerda-8:00:19:00|Csütörtök-8:00:19:00|Péntek-8:00:19:00|Szombat-8:00:14:00|Vasárnap-Zárva
16.8331;46.8469;Zalaegerszeg;Ola utca 1.;Hétfő-7:00:21:00|Kedd-7:00:21:00|Szerda-7:00:21:00|Csütörtök-7:00:21:00|Péntek-7:00:21:00|Szombat-7:00:21:00|Vasárnap-7:00:19:00
16.8463;46.8405;Zalaegerszeg;Petőfi Sándor  20.;Hétfő-6:00:20:00|Kedd-6:00:20:00|Szerda-6:00:20:00|Csütörtök-6:00:20:00|Péntek-6:00:20:00|Szombat-6:00:18:00|Vasárnap-6:00:18:00
16.8423;46.8402;Zalaegerszeg;Petőfi utca   2.;Hétfő-6:00:22:00|Kedd-6:00:22:00|Szerda-6:00:22:00|Csütörtök-6:00:22:00|Péntek-6:00:22:00|Szombat-6:00:22:00|Vasárnap-6:00:22:00
16.8336;46.8408;Zalaegerszeg;Platán sor  8/A;Hétfő-6:30:19:30|Kedd-6:30:19:30|Szerda-6:30:19:30|Csütörtök-6:30:19:30|Péntek-6:30:19:30|Szombat-7:00:15:00|Vasárnap-8:00:15:00
16.8313;46.8436;Zalaegerszeg;Platán sor 17/A;Hétfő-6:30:19:30|Kedd-6:30:19:30|Szerda-6:30:19:30|Csütörtök-6:30:19:30|Péntek-6:30:19:30|Szombat-7:00:15:00|Vasárnap-8:00:15:00
16.8622;46.8413;Zalaegerszeg;Sport utca 1.;Hétfő-7:00:21:00|Kedd-7:00:21:00|Szerda-7:00:21:00|Csütörtök-7:00:21:00|Péntek-7:00:21:00|Szombat-7:00:21:00|Vasárnap-7:00:19:00
16.851;46.844;Zalaegerszeg;Stadion  2;Hétfő-6:15:18:00|Kedd-6:15:19:00|Szerda-6:15:19:00|Csütörtök-6:15:19:00|Péntek-6:15:19:00|Szombat-6:15:12:30|Vasárnap-Zárva
17.226;47.0168;Zalagyömörő;Kisfaludy u. 7.;Hétfő-6:00:15:00|Kedd-6:00:15:00|Szerda-6:00:15:00|Csütörtök-6:00:15:00|Péntek-6:00:15:00|Szombat-6:00:12:00|Vasárnap-Zárva
17.1227;46.5603;Zalakaros;Fő    2;Hétfő-6:30:20:30|Kedd-6:30:20:30|Szerda-6:30:20:30|Csütörtök-6:30:20:30|Péntek-6:30:20:30|Szombat-6:30:20:30|Vasárnap-7:00:19:00
17.177;46.5352;Zalakomár;Attila utca 2.;Hétfő-6:00:20:30|Kedd-6:00:20:30|Szerda-6:00:20:30|Csütörtök-6:00:20:30|Péntek-6:00:20:30|Szombat-6:00:20:30|Vasárnap-6:00:20:30
17.1857134;46.5276394;Zalakomár;Tavasz utca 5.;Hétfő-6:00:18:00|Kedd-6:00:18:00|Szerda-6:00:18:00|Csütörtök-6:00:18:00|Péntek-6:00:18:00|Szombat-6:00:18:00|Vasárnap-Zárva
16.5849;46.8468;Zalalövő;Szabadság tér  14;Hétfő-5:30:18:00|Kedd-5:30:18:00|Szerda-5:30:18:00|Csütörtök-5:30:18:00|Péntek-5:30:18:00|Szombat-7:00:12:00|Vasárnap-Zárva
16.585;46.8466;Zalalövő;Szabadság tér 8.;Hétfő-5:00:21:00|Kedd-5:00:21:00|Szerda-5:00:21:00|Csütörtök-5:00:21:00|Péntek-5:00:21:00|Szombat-5:00:21:00|Vasárnap-7:00:21:00
17.2286;46.8897;Zalaszántó;Fő utca  98.;Hétfő-8:00:20:00|Kedd-8:00:20:00|Szerda-8:00:20:00|Csütörtök-8:00:20:00|Péntek-8:00:20:00|Szombat-8:00:18:00|Vasárnap-9:00:16:00
17.2222;47.0976;Zalaszegvár;Kossuth u. 42.;Hétfő-0:00:0:00|Kedd-7:30:12:00|Szerda-7:30:12:00|Csütörtök-7:30:12:00|Péntek-7:30:12:00|Szombat-7:30:12:00|Vasárnap-Zárva
17.081;46.9408;Zalaszentgrót;Batthyány Lajos  17/A.;Hétfő-6:00:20:00|Kedd-6:00:20:00|Szerda-6:00:20:00|Csütörtök-6:00:20:00|Péntek-6:00:20:00|Szombat-6:00:12:00|Vasárnap-Zárva
17.0745;46.9428;Zalaszentgrót;Batthyány Lajos  4;Hétfő-7:00:20:00|Kedd-7:00:20:00|Szerda-7:00:20:00|Csütörtök-7:00:20:00|Péntek-7:00:20:00|Szombat-7:00:20:00|Vasárnap-8:00:18:00
16.949;46.7265;Zalaszentmihály;Deák Ferenc utca  32.;Hétfő-6:00:18:00|Kedd-6:00:18:00|Szerda-6:00:18:00|Csütörtök-6:00:18:00|Péntek-6:00:18:00|Szombat-6:00:14:00|Vasárnap-7:00:12:00
17.159;46.667;Zalavár;Petőfi Sándor 22/B.;Hétfő-6:00:18:00|Kedd-6:00:18:00|Szerda-6:00:18:00|Csütörtök-6:00:18:00|Péntek-6:00:18:00|Szombat-6:00:15:00|Vasárnap-6:00:12:00
17.943868;46.880733;Zamárdi;Szent István u. 2/a;Hétfő-6:00:20:00|Kedd-6:00:20:00|Szerda-6:00:20:00|Csütörtök-6:00:20:00|Péntek-6:00:20:00|Szombat-8:00:20:00|Vasárnap-8:00:20:00
18.9108;47.8008;Zebegény;Árpád út 1/c.;Hétfő-6:30:18:30|Kedd-6:30:18:30|Szerda-6:30:18:30|Csütörtök-6:30:18:30|Péntek-6:30:18:30|Szombat-6:30:18:30|Vasárnap-6:30:13:30
18.6743;47.1251;ZICHYÚJHFALU;VASÚT UTCA 21.;Hétfő-7:00:21:00|Kedd-7:00:21:00|Szerda-7:00:21:00|Csütörtök-7:00:21:00|Péntek-7:00:21:00|Szombat-7:00:21:00|Vasárnap-7:00:21:00
17.9767;46.6772;Zics;Kossuth L. utca  2.;Hétfő-14:00:18:00|Kedd-14:00:18:00|Szerda-14:00:18:00|Csütörtök-14:00:18:00|Péntek-14:00:18:00|Szombat-14:00:18:00|Vasárnap-Zárva
17.8727;47.2641;Zirc;Alkotmány utca 2.;Hétfő-6:30:19:30|Kedd-6:30:19:30|Szerda-6:30:19:30|Csütörtök-6:30:19:30|Péntek-6:30:19:30|Szombat-6:30:14:00|Vasárnap-0:00:12:00
17.8704;47.2697;Zirc;Bercsényi u. 8.;Hétfő-6:30:16:30|Kedd-6:30:16:30|Szerda-6:30:16:30|Csütörtök-6:30:16:30|Péntek-6:30:16:30|Szombat-6:30:11:00|Vasárnap-Zárva
17.8737;47.2612;Zirc;Petőfi u. 3.;Hétfő-6:30:19:30|Kedd-6:30:19:30|Szerda-6:30:19:30|Csütörtök-6:30:19:30|Péntek-6:30:19:30|Szombat-6:30:14:00|Vasárnap-7:00:12:00
17.8709;47.2621;Zirc;Rákóczi tér 9/4.;Hétfő-5:00:21:00|Kedd-5:00:21:00|Szerda-5:00:21:00|Csütörtök-5:00:21:00|Péntek-5:00:21:00|Szombat-5:00:21:00|Vasárnap-14:00:19:00
18.5653;46.4105;Zomba;Kossuth Lajos utca 4.;Hétfő-6:00:18:00|Kedd-6:00:18:00|Szerda-6:00:18:00|Csütörtök-6:00:18:00|Péntek-6:00:18:00|Szombat-8:00:12:00|Vasárnap-Zárva
18.7184;47.5462;Zsámbék;Akadémia utca  2.;Hétfő-6:00:22:00|Kedd-6:00:22:00|Szerda-6:00:22:00|Csütörtök-6:00:22:00|Péntek-6:00:24:00|Szombat-6:00:24:00|Vasárnap-6:00:22:00
18.7215;47.5502;Zsámbék;Petőfi Sándor utca 33.;Hétfő-6:00:20:00|Kedd-6:00:20:00|Szerda-6:00:20:00|Csütörtök-6:00:20:00|Péntek-6:00:20:00|Szombat-6:00:18:00|Vasárnap-8:00:12:00
19.6076;47.5432;Zsámbok;Szent Imre tér 2.;Hétfő-6:00:20:00|Kedd-6:00:20:00|Szerda-6:00:20:00|Csütörtök-6:00:20:00|Péntek-6:00:20:00|Szombat-6:00:14:00|Vasárnap-8:00:12:00
19.6592;46.3831;Zsana;Új utca 12.;Hétfő-6:00:18:00|Kedd-6:00:18:00|Szerda-6:00:18:00|Csütörtök-6:00:18:00|Péntek-6:00:18:00|Szombat-6:00:15:00|Vasárnap-6:00:11:00
19.9748;46.3276;Zsombó;Móra Ferenc utca  1.;Hétfő-7:00:19:00|Kedd-7:00:19:00|Szerda-7:00:19:00|Csütörtök-7:00:19:00|Péntek-7:00:19:00|Szombat-7:00:19:00|Vasárnap-Zárva
20.5775;48.3796;Zubogy;Szabadság út 44.;Hétfő-6:30:17:30|Kedd-6:30:17:30|Szerda-6:30:17:30|Csütörtök-6:30:17:30|Péntek-6:30:17:30|Szombat-6:30:17:03|Vasárnap-8:00:10:00
