8127;Fejér;Aba;Rákóczi utca 13.;Balogh Lászlóné;47.0308;18.5237;Hétfő 06:00-22:00|Kedd 06:00-22:00|Szerda 06:00-22:00|Csütörtök 06:00-22:00|Péntek 06:00-22:00|Szombat 07:00-20:00|Vasárnap 07:00-13:00
8127;Fejér;Aba;Rákóczi utca 4/C.;Vaskó Ferencné;47.0308;18.5237;Hétfő 06:00-22:00|Kedd 06:00-22:00|Szerda 06:00-22:00|Csütörtök 06:00-22:00|Péntek 06:00-22:00|Szombat 07:00-20:00|Vasárnap 07:00-13:00
3261;Heves;Abasár;Fő tér 47.;Tarna Tabak Bt;47.803;20.0086;Hétfő 06:00-18:00|Kedd 06:00-18:00|Szerda 06:00-18:00|Csütörtök 06:00-18:00|Péntek 06:00-18:00|Szombat 12:00-20:00
3882;Borsod-Abaúj-Zemplén;Abaújalpár;Rákóczi út 17.;Molnár Tibor;48.305;21.2002;Hétfő 07:00-11:00|Kedd 07:00-11:00|Szerda 07:00-11:00|Csütörtök 07:00-11:00|Péntek 07:00-11:00|Szombat 07:00-11:00|Vasárnap 07:00-11:00
3881;Borsod-Abaúj-Zemplén;Abaújszántó;Jászay tér 1.;Plaszkó Gáborné;48.2827917;21.1874649;Hétfő 05:30-20:00|Kedd 05:30-20:00|Szerda 05:30-20:00|Csütörtök 05:30-20:00|Péntek 05:30-20:00|Szombat 07:00-20:00|Vasárnap 07:00-11:00
3881;Borsod-Abaúj-Zemplén;Abaújszántó;Kossuth tér 9-11.;Hom-Tabak Bt.;48.2827917;21.1874649;Hétfő 05:30-20:00|Kedd 05:30-20:00|Szerda 05:30-20:00|Csütörtök 05:30-20:00|Péntek 05:30-20:00|Szombat 07:00-20:00|Vasárnap 07:00-11:00
9151;Győr-Moson-Sopron;Abda;Bécsi út 44.;Tókáné Nagy Diána;47.695934;17.545488;Hétfő 04:30-21:00|Kedd 04:30-21:00|Szerda 04:30-21:00|Csütörtök 04:30-22:00|Péntek 04:30-22:00|Szombat 06:00-22:00|Vasárnap 07:00-20:00
9151;Győr-Moson-Sopron;Abda;Bécsi út 62.;Halász Zsuzsanna;47.695934;17.545488;Hétfő 04:30-21:00|Kedd 04:30-21:00|Szerda 04:30-21:00|Csütörtök 04:30-22:00|Péntek 04:30-22:00|Szombat 06:00-22:00|Vasárnap 07:00-20:00
2740;Pest;Abony;Baross Gábor utca 3.;Bene Lajos Antalné;47.1946;19.9974;Hétfő 06:00-21:00|Kedd 06:00-21:00|Szerda 06:00-21:00|Csütörtök 06:00-21:00|Péntek 06:00-21:00|Szombat 06:00-21:00|Vasárnap 07:00-21:00
2740;Pest;Abony;Ceglédi út 1/a;Gedi Vending Bt;47.1946;19.9974;Hétfő 06:00-21:00|Kedd 06:00-21:00|Szerda 06:00-21:00|Csütörtök 06:00-21:00|Péntek 06:00-21:00|Szombat 06:00-21:00|Vasárnap 07:00-21:00
2740;Pest;Abony;Kossuth tér 10-11.;Vadas József;47.1877088;20.0048504;Hétfő 06:00-22:00|Kedd 06:00-22:00|Szerda 06:00-22:00|Csütörtök 06:00-22:00|Péntek 06:00-23:59|Szombat 06:00-23:59|Vasárnap 06:00-22:00
2740;Pest;Abony;Radák Katalin utca 1.;3D 2001Bt;47.1946;19.9974;Hétfő 06:00-21:00|Kedd 06:00-21:00|Szerda 06:00-21:00|Csütörtök 06:00-21:00|Péntek 06:00-21:00|Szombat 06:00-21:00|Vasárnap 07:00-21:00
2740;Pest;Abony;Szemere Bertalan utca 3.;Török László;47.1946;19.9974;Hétfő 06:00-21:00|Kedd 06:00-21:00|Szerda 06:00-21:00|Csütörtök 06:00-21:00|Péntek 06:00-21:00|Szombat 06:00-21:00|Vasárnap 07:00-21:00
2740;Pest;Abony;Tószegi út 21/A.;Bene Lajos Antal;47.1946;19.9974;Hétfő 06:00-21:00|Kedd 06:00-21:00|Szerda 06:00-21:00|Csütörtök 06:00-21:00|Péntek 06:00-21:00|Szombat 06:00-21:00|Vasárnap 07:00-21:00
2740;Pest;Abony;Vasút út 38.;Heky Ker. és Szolg. Bt.;47.1946;19.9974;Hétfő 06:00-21:00|Kedd 06:00-21:00|Szerda 06:00-21:00|Csütörtök 06:00-21:00|Péntek 06:00-21:00|Szombat 06:00-21:00|Vasárnap 07:00-21:00
2941;Komárom-Esztergom;Ács;Fő út 40.;BB Milán Tabak Bt;47.7081;18.0142;Hétfő 06:00-20:00|Kedd 06:00-20:00|Szerda 06:00-20:00|Csütörtök 06:00-20:00|Péntek 06:00-20:00|Szombat 07:00-16:00
2941;Komárom-Esztergom;Ács;Gárdonyi Géza 55.;Rident Cigarette Bt.;47.7081;18.0142;Hétfő 06:00-20:00|Kedd 06:00-20:00|Szerda 06:00-20:00|Csütörtök 06:00-20:00|Péntek 06:00-20:00|Szombat 07:00-16:00
2941;Komárom-Esztergom;Ács;Gyár út 5.;Rident Cigarette Bt.;47.7081;18.0142;Hétfő 06:00-20:00|Kedd 06:00-20:00|Szerda 06:00-20:00|Csütörtök 06:00-20:00|Péntek 06:00-20:00|Szombat 07:00-16:00
2941;Komárom-Esztergom;Ács;Posta köz 23.;Tasi Pál;47.7081;18.0142;Hétfő 06:00-20:00|Kedd 06:00-20:00|Szerda 06:00-20:00|Csütörtök 06:00-20:00|Péntek 06:00-20:00|Szombat 07:00-16:00
2683;Pest;Acsa;Kossuth út 62.;Bobós Gyöngyi;47.7926;19.3857;Hétfő 06:00-18:00|Kedd 06:00-18:00|Szerda 06:00-18:00|Csütörtök 06:00-18:00|Péntek 06:00-18:00|Szombat 06:00-14:00|Vasárnap 08:00-10:00
2457;Fejér;Adony;Rákóczi utca 24.;Kirinovics-Dohány Keresk. Bt.;47.1192;18.8654;Hétfő 06:00-20:00|Kedd 06:00-20:00|Szerda 06:00-20:00|Csütörtök 06:00-20:00|Péntek 06:00-20:00|Szombat 06:00-20:00|Vasárnap 06:00-20:00
2457;Fejér;Adony;Széchenyi utca 4.;Müller-trafik Bt.;47.1192;18.8654;Hétfő 06:00-20:00|Kedd 06:00-20:00|Szerda 06:00-20:00|Csütörtök 06:00-20:00|Péntek 06:00-20:00|Szombat 06:00-20:00|Vasárnap 06:00-20:00
8497;Veszprém;Adorjánháza;Fő utca 3.;Pető Gábor;47.239;17.24;Hétfő 09:00-22:00|Kedd 09:00-22:00|Szerda 09:00-22:00|Csütörtök 09:00-22:00|Péntek 09:00-22:00|Szombat 09:00-22:00|Vasárnap 09:00-22:00
3759;Borsod-Abaúj-Zemplén;Aggtelek;Kossuth út 34.;Vitális László;48.467;20.5029;Hétfő 07:00-12:00|Kedd 07:00-12:00|Szerda 07:00-12:00|Csütörtök 07:00-12:00|Péntek 07:00-12:00|Szombat 07:00-12:00
9441;Győr-Moson-Sopron;Agyagosszergény;Kossuth utca 14/A;VÖL-COOP Kkt.;47.6092;16.9409;Hétfő 05:30-17:00|Kedd 05:30-17:00|Szerda 05:30-17:00|Csütörtök 05:30-17:00|Péntek 05:30-17:00|Szombat 06:00-12:00
4524;Szabolcs-Szatmár-Bereg;Ajak;Vasút utca 71.;Viktória Trafik Kereskedelmi Bt.;48.1796;22.0589;Hétfő 09:00-21:00|Kedd 09:00-21:00|Szerda 09:00-21:00|Csütörtök 09:00-21:00|Péntek 09:00-22:00|Szombat 09:00-22:00|Vasárnap 14:00-20:00
8400;Veszprém;Ajka;Alkotmány utca 28.;Hamukeszion Bt.;47.1053223;17.5693175;Hétfő 05:00-21:00|Kedd 05:00-21:00|Szerda 05:00-21:00|Csütörtök 05:00-21:00|Péntek 05:00-21:00|Szombat 05:00-21:00|Vasárnap 07:00-21:00
8400;Veszprém;Ajka;Alkotmány utca 9.;CREDOM Dohány- és Italáru Szaküzlet Bt.;47.1061;17.5689;Hétfő 07:00-19:00|Kedd 07:00-19:00|Szerda 07:00-19:00|Csütörtök 07:00-19:00|Péntek 07:00-19:00|Szombat 07:00-15:00|Vasárnap 08:00-12:00
8400;Veszprém;Ajka;Autóbusz Pályaudvar HRSZ. 3117/10.;ZOLCSI FILTER Bt.;47.116232;17.547715;Hétfő 05:00-22:00|Kedd 05:00-22:00|Szerda 05:00-22:00|Csütörtök 05:00-22:00|Péntek 05:00-22:00|Szombat 05:00-22:00|Vasárnap 07:00-21:00
8400;Veszprém;Ajka;Csingeri utca 2.;ZOLCSI FILTER Bt.;47.116232;17.547715;Hétfő 05:00-22:00|Kedd 05:00-22:00|Szerda 05:00-22:00|Csütörtök 05:00-22:00|Péntek 05:00-22:00|Szombat 05:00-22:00|Vasárnap 07:00-21:00
8400;Veszprém;Ajka;Fő út 1322/10 hrsz.;Diamond Lisztes Bt.;47.116232;17.547715;Hétfő 05:00-22:00|Kedd 05:00-22:00|Szerda 05:00-22:00|Csütörtök 05:00-22:00|Péntek 05:00-22:00|Szombat 05:00-22:00|Vasárnap 07:00-21:00
8400;Veszprém;Ajka;Frankel Leó utca 12.;Szivarfüst Filter Bt.;47.1057;17.5524;Hétfő 06:00-16:00|Kedd 06:00-16:00|Szerda 06:00-16:00|Csütörtök 06:00-16:00|Péntek 06:00-16:00|Szombat 06:00-11:00
8400;Veszprém;Ajka;Ifjúság utca 9.;ZOLCSI FILTER Bt.;47.1082282;17.5511825;Hétfő 06:30-20:00|Kedd 06:30-20:00|Szerda 06:30-20:00|Csütörtök 06:30-20:00|Péntek 06:30-20:00|Szombat 06:30-17:00|Vasárnap 07:00-13:00
8400;Veszprém;Ajka;Kossuth L. utca 8.;Hamukeszion Bt;47.116232;17.547715;Hétfő 05:00-22:00|Kedd 05:00-22:00|Szerda 05:00-22:00|Csütörtök 05:00-22:00|Péntek 05:00-22:00|Szombat 05:00-22:00|Vasárnap 07:00-21:00
8400;Veszprém;Ajka;Padragi utca 177.;Szivarfüst Filter Bt.;47.116232;17.547715;Hétfő 05:00-22:00|Kedd 05:00-22:00|Szerda 05:00-22:00|Csütörtök 05:00-22:00|Péntek 05:00-22:00|Szombat 05:00-22:00|Vasárnap 07:00-21:00
8400;Veszprém;Ajka;Petőfi Sándor utca 1513/3. Hrsz.;TRAFFIC-RULE Bt.;47.116232;17.547715;Hétfő 05:00-22:00|Kedd 05:00-22:00|Szerda 05:00-22:00|Csütörtök 05:00-22:00|Péntek 05:00-22:00|Szombat 05:00-22:00|Vasárnap 07:00-21:00
8400;Veszprém;Ajka;Szent István utca 112/A;György József;47.116232;17.547715;Hétfő 05:00-22:00|Kedd 05:00-22:00|Szerda 05:00-22:00|Csütörtök 05:00-22:00|Péntek 05:00-22:00|Szombat 05:00-22:00|Vasárnap 07:00-21:00
8400;Veszprém;Ajka;Tűzoltó utca 1.;Hamukeszion Bt;47.1083;17.5667;Hétfő 06:00-14:00|Kedd 06:00-14:00|Szerda 06:00-14:00|Csütörtök 06:00-14:00|Péntek 06:00-14:00|Szombat 06:00-12:00|Vasárnap 06:00-12:00
8400;Veszprém;Ajka;Tűzoltó utca 6-8.;Smoke Bt;47.1087;17.5669;Hétfő 05:00-21:00|Kedd 05:00-21:00|Szerda 05:00-21:00|Csütörtök 05:00-21:00|Péntek 05:00-21:00|Szombat 06:00-21:00|Vasárnap 08:00-20:00
8400;Veszprém;Ajka;Váci Mihály utca 2.;Diamond Lisztes Bt.;47.0944721;17.5314248;Hétfő 06:00-16:00|Kedd 06:00-16:00|Szerda 06:00-16:00|Csütörtök 06:00-16:00|Péntek 06:00-16:00|Szombat 08:00-12:00|Vasárnap 08:00-12:00
6221;Bács-Kiskun;Akasztó;Fő út 63-67.;Király és Király Bt;46.6915;19.2044;Hétfő 05:00-21:00|Kedd 05:00-21:00|Szerda 05:00-21:00|Csütörtök 05:00-21:00|Péntek 05:00-21:00|Szombat 05:00-21:00|Vasárnap 05:00-21:00
6221;Bács-Kiskun;Akasztó;Fő út 79.;Tóthné Faragó Éva;46.6903;19.2053;Hétfő 05:00-21:00|Kedd 05:00-21:00|Szerda 05:00-21:00|Csütörtök 05:00-21:00|Péntek 05:00-21:00|Szombat 05:00-21:00|Vasárnap 05:00-21:00
5142;Jász-Nagykun-Szolnok;Alattyán;Szent István utca 2-4.;Cigarette-Coop Bt.;47.4241;20.0397;Hétfő 06:15-18:30|Kedd 06:15-18:30|Szerda 06:15-18:30|Csütörtök 06:15-18:30|Péntek 06:15-18:30|Szombat 06:15-13:00|Vasárnap 07:00-12:00
8087;Fejér;Alcsútdoboz;Szabadság utca 108.;Falusi-Martin Bt.;47.4265;18.602;Hétfő 06:00-19:00|Kedd 06:00-19:00|Szerda 06:00-19:00|Csütörtök 06:00-19:00|Péntek 06:00-19:00|Szombat 06:00-18:00|Vasárnap 07:00-16:00
3353;Heves;Aldebrő;Arany János út 65.;Dohány-Kooperáció Bt.;47.7824;20.2364;Hétfő 07:00-11:00|Kedd 07:00-14:00|Szerda 07:00-14:00|Csütörtök 07:00-14:00|Péntek 07:00-14:00|Szombat 07:00-11:30
6750;Csongrád;Algyő;Kastélykert utca 104.;Geu Trafik Bt;46.3293;20.2094;Hétfő 07:00-19:00|Kedd 07:00-19:00|Szerda 07:00-19:00|Csütörtök 07:00-19:00|Péntek 07:00-19:00|Szombat 07:00-15:00
7932;Baranya;Almáskeresztúr;Batthyány utca 28. Hrsz. 12/11.;Pölcz Éva;46.1113;17.8406;Hétfő 06:00-15:00|Kedd 00:00-15:00|Szerda 06:00-15:00|Csütörtök 06:00-15:00|Péntek 06:00-15:00|Szombat 06:00-11:00
4285;Hajdú-Bihar;Álmosd;Bocskai utca 5/A.;Belényesiné Pap Mária;47.4174;21.981;Hétfő 08:00-16:00|Kedd 08:00-16:00|Szerda 08:00-16:00|Csütörtök 08:00-16:00|Péntek 08:00-16:00|Szombat 06:00-14:00
3985;Borsod-Abaúj-Zemplén;Alsóberecki;Rákóczi út 40.;Csomósné Boda Judit;48.340182;21.686577;Hétfő 08:00-21:00|Kedd 08:00-21:00|Szerda 08:00-21:00|Csütörtök 08:00-21:00|Péntek 08:00-21:00|Szombat 08:00-21:00|Vasárnap 08:00-21:00
2351;Pest;Alsónémedi;Fő utca 69.;Pálos Miklós;47.3132;19.1669;Hétfő 07:00-19:00|Kedd 07:00-19:00|Szerda 07:00-19:00|Csütörtök 07:00-19:00|Péntek 07:00-19:00|Szombat 07:00-19:00|Vasárnap 10:00-18:00
2351;Pest;Alsónémedi;Liliom utca 61.;Gábor György;47.311845;19.1546129;Hétfő 06:00-18:00|Kedd 06:00-18:00|Szerda 06:00-18:00|Csütörtök 06:00-18:00|Péntek 06:00-18:00|Szombat 06:00-12:00|Vasárnap 06:00-12:00
2351;Pest;Alsónémedi;Szabadság tér 12/C;Pipavarázs 6668 Bt;47.3112;19.1706;Hétfő 06:00-20:00|Kedd 06:00-20:00|Szerda 06:00-20:00|Csütörtök 06:00-20:00|Péntek 06:00-20:00|Szombat 06:00-16:00|Vasárnap 06:00-14:00
8226;Veszprém;Alsóörs;Endrődi Sándor utca 24/B.;Dobrosi-Sey Patricia Diána;46.9916;17.9753;Hétfő 06:00-23:59|Kedd 06:00-23:59|Szerda 06:00-23:59|Csütörtök 06:00-23:59|Péntek 06:00-23:59|Szombat 06:00-23:59|Vasárnap 06:00-23:59
8394;Zala;Alsópáhok;Hévízi utca 18.;Kerca Ker. Bt;46.7606;17.174;Hétfő 06:00-18:00|Kedd 06:00-18:00|Szerda 06:00-18:00|Csütörtök 06:00-18:00|Péntek 06:00-18:00|Szombat 07:00-12:00|Vasárnap 07:00-11:00
2617;Nógrád;Alsópetény;Petőfi út 16.;Varga Andrea;47.8753;19.2434;Hétfő 07:30-19:30|Kedd 07:30-19:00|Szerda 07:30-19:30|Csütörtök 07:30-19:30|Péntek 07:30-19:30|Szombat 07:30-19:00
8767;Zala;Alsórajk;Szabadság utca 98.;Zsuppán Etelka;46.6711;16.9903;Hétfő 06:00-18:00|Kedd 06:00-18:00|Szerda 06:00-18:00|Csütörtök 06:00-18:00|Péntek 06:00-18:00|Szombat 06:00-14:00|Vasárnap 07:00-10:00
8973;Zala;Alsószenterzsébet;Ady Endre utca 34.;Némethné Kovács Csilla Andrea;46.7161;16.5141;Hétfő 08:00-22:00|Kedd 08:00-22:00|Szerda 08:00-22:00|Csütörtök 08:00-22:00|Péntek 08:00-22:00|Szombat 08:00-12:00|Vasárnap 08:00-12:00
4546;Szabolcs-Szatmár-Bereg;Anarcs;Ady Endre út 5.;Nyírség Gold Trafik Bt.;48.1772;22.1004;Hétfő 06:00-18:00|Kedd 06:00-18:00|Szerda 06:00-18:00|Csütörtök 06:00-18:00|Péntek 06:00-18:00|Szombat 06:00-13:00|Vasárnap 06:00-10:00
8675;Somogy;Andocs;Ady Endre utca 5.;Bodakos Ferencné és Társa Bt.;46.6504;17.9259;Hétfő 06:00-14:00|Kedd 06:00-14:00|Szerda 06:00-14:00|Csütörtök 06:00-14:00|Péntek 06:00-14:00|Szombat 08:00-12:00
3399;Heves;Andornaktálya;II Rákóczi Ferenc út 285.;Bán Istvánné;47.8396;20.4148;Hétfő 06:00-17:30|Kedd 06:00-17:30|Szerda 06:00-17:30|Csütörtök 06:00-17:30|Péntek 06:00-17:30|Szombat 06:00-12:00
3399;Heves;Andornaktálya;II. Rákóczi Ferenc út 107.;Silver-Vik Trafik Bt.;47.8396;20.4148;Hétfő 06:00-17:30|Kedd 06:00-17:30|Szerda 06:00-17:30|Csütörtök 06:00-17:30|Péntek 06:00-17:30|Szombat 06:00-12:00
2529;Komárom-Esztergom;Annavölgy;Fő tér 2.;Ludman Katalin;47.6962733;18.66740470313203;Hétfő 06:00-18:00|Kedd 06:00-18:00|Szerda 06:00-18:00|Csütörtök 06:00-18:00|Péntek 06:00-18:00|Szombat 05:00-13:00|Vasárnap 07:00-11:00
8477;Veszprém;Apácatorna;Kossuth utca 32.;Molnár József Csongor;47.1138;17.2945;Hétfő 08:00-20:00|Kedd 08:00-20:00|Szerda 08:00-20:00|Csütörtök 08:00-20:00|Péntek 08:00-20:00|Szombat 08:00-20:00|Vasárnap 08:00-20:00
4553;Szabolcs-Szatmár-Bereg;Apagy;Béke utca 17. em. A.;Bartusné Kovács Anita;47.9613;21.9316;Hétfő 06:00-19:00|Kedd 06:00-19:00|Szerda 06:00-19:00|Csütörtök 06:00-19:00|Péntek 06:00-19:00|Szombat 06:00-19:00|Vasárnap 07:00-19:00
7720;Baranya;Apátvarasd;Dózsa György utca 2.;Dr. Haraszti és Társa Bt.;46.1586;18.4214;Hétfő 06:30-18:30|Kedd 06:30-18:30|Szerda 06:30-18:30|Csütörtök 06:30-18:30|Péntek 06:30-18:30|Szombat 06:30-14:30
7720;Baranya;Apátvarasd;Erzsébeti út (Penny Market parkoló) 1811 hrsz.;Pall-Petrol Bt;46.1586;18.4214;Hétfő 06:30-18:30|Kedd 06:30-18:30|Szerda 06:30-18:30|Csütörtök 06:30-18:30|Péntek 06:30-18:30|Szombat 06:30-14:30
7720;Baranya;Apátvarasd;Kossuth Lajos utca 6. Hrsz. 316/23/A/6.;Bajkó Attila;46.1586;18.4214;Hétfő 06:30-18:30|Kedd 06:30-18:30|Szerda 06:30-18:30|Csütörtök 06:30-18:30|Péntek 06:30-18:30|Szombat 06:30-14:30
3032;Heves;Apc;Fő út 37.;Renáta-Coop Bt.;47.7969;19.6924;Hétfő 06:00-20:00|Kedd 06:00-20:00|Szerda 06:00-20:00|Csütörtök 06:00-20:00|Péntek 06:00-20:00|Szombat 06:00-18:00|Vasárnap 07:00-18:00
3032;Heves;Apc;Petőfi Sándor út 4.;Németh Dezső;47.7969;19.6924;Hétfő 06:00-20:00|Kedd 06:00-20:00|Szerda 06:00-20:00|Csütörtök 06:00-20:00|Péntek 06:00-20:00|Szombat 06:00-18:00|Vasárnap 07:00-18:00
4634;Szabolcs-Szatmár-Bereg;Aranyosapáti;Kossuth utca 44/A.;Végsőné Kiss B. Zsófia;48.2149;22.2592;Hétfő 06:00-18:00|Kedd 06:00-18:00|Szerda 06:00-18:00|Csütörtök 06:00-18:00|Péntek 06:00-18:00|Szombat 06:00-14:00|Vasárnap 07:00-11:00
3663;Borsod-Abaúj-Zemplén;Arló;Ady Endre utca 274.;Rásóné Vámos Marietta;48.1729;20.2572;Hétfő 07:00-19:00|Kedd 07:00-19:00|Szerda 07:00-19:00|Csütörtök 07:00-19:00|Péntek 07:00-19:00|Szombat 07:00-15:00
3663;Borsod-Abaúj-Zemplén;Arló;Ady Endre utca 274/A;Pabe Trafik Bt.;48.1729;20.2572;Hétfő 07:00-19:00|Kedd 07:00-19:00|Szerda 07:00-19:00|Csütörtök 07:00-19:00|Péntek 07:00-19:00|Szombat 07:00-15:00
3713;Borsod-Abaúj-Zemplén;Arnót;Alkotmány út 2;Kema Trafik Bt.;48.1297;20.8593;Hétfő 06:00-18:00|Kedd 06:00-18:30|Szerda 06:00-18:30|Csütörtök 06:00-18:30|Péntek 06:00-18:30|Szombat 06:00-14:00|Vasárnap 07:00-11:00
6623;Csongrád;Árpádhalom;Dózsa György utca 2/A.;Farkas Józsefné;46.6175;20.5506;Hétfő 04:00-11:00|Kedd 04:00-18:00|Szerda 04:00-18:00|Csütörtök 04:00-18:00|Péntek 04:00-18:00|Szombat 04:00-11:00|Vasárnap 07:00-11:00
9177;Győr-Moson-Sopron;Ásványráró;Rákóczi utca 23.;Rákász Gábor;47.8292;17.4983;Hétfő 06:00-18:00|Kedd 06:00-18:00|Szerda 06:00-18:00|Csütörtök 06:00-18:00|Péntek 06:00-18:00|Szombat 06:00-14:00
2170;Pest;Aszód;Kondoros tér 5/3.;Aszód Trafik Dohánykereskedelmi Bt;47.6527;19.4883;Hétfő 06:00-20:00|Kedd 06:00-20:00|Szerda 06:00-20:00|Csütörtök 06:00-20:00|Péntek 06:00-20:00|Szombat 06:00-18:00|Vasárnap 07:00-15:00
2170;Pest;Aszód;Szabadság tér 3.;TM First Tobacco Bt.;47.6523718;19.474652;Hétfő 05:00-20:00|Kedd 05:00-20:00|Szerda 05:00-20:00|Csütörtök 05:00-20:00|Péntek 05:00-22:00|Szombat 05:00-22:00
2943;Komárom-Esztergom;Bábolna;Mészáros utca 7.;BB Milán Tabak Bt;47.6425454;17.9766357;Hétfő 06:00-20:00|Kedd 06:00-20:00|Szerda 06:00-20:00|Csütörtök 06:00-20:00|Péntek 06:00-20:00|Szombat 06:00-20:00|Vasárnap 07:00-16:00
2943;Komárom-Esztergom;Bábolna;Zrínyi Miklós utca 23.;SZABÓ ÉS TÁRSA KERESKEDELMI ÉS VENDÉGLÁTÓ BT;47.6425454;17.9766357;Hétfő 06:00-20:00|Kedd 06:00-20:00|Szerda 06:00-20:00|Csütörtök 06:00-20:00|Péntek 06:00-20:00|Szombat 06:00-20:00|Vasárnap 07:00-16:00
9351;Győr-Moson-Sopron;Babót;Ady Endre utca 1.;VÖL-COOP Kkt.;47.5764;17.0755;Hétfő 06:30-15:00|Kedd 06:30-17:00|Szerda 06:30-17:00|Csütörtök 06:30-17:00|Péntek 06:30-17:00|Szombat 06:30-12:30
2191;Pest;Bag;Dózsa Gy. út 2/A.;D-László Dohánytrafik Bt;47.6377;19.4741;Hétfő 06:00-22:00|Kedd 06:00-22:00|Szerda 06:00-22:00|Csütörtök 06:00-22:00|Péntek 06:00-22:00|Szombat 06:00-23:00|Vasárnap 06:00-16:00
2191;Pest;Bag;Szent Imre utca 75.;Fanatix Ker. és Szolg. Bt.;47.6377;19.4741;Hétfő 06:00-22:00|Kedd 06:00-22:00|Szerda 06:00-22:00|Csütörtök 06:00-22:00|Péntek 06:00-22:00|Szombat 06:00-23:00|Vasárnap 06:00-16:00
4286;Hajdú-Bihar;Bagamér;Báthori tér 2.;Balogh Imre;47.449261;20.574624;Hétfő 06:00-19:00|Kedd 06:00-19:00|Szerda 06:00-19:00|Csütörtök 06:00-19:00|Péntek 06:00-19:00|Szombat 06:00-19:00|Vasárnap 06:00-19:00
8992;Zala;Bagod;Fő utca 46.;Molnár Imre Sándor;46.9074;16.7035;Hétfő 06:00-21:00|Kedd 06:00-21:00|Szerda 06:00-21:00|Csütörtök 06:00-21:00|Péntek 06:00-21:00|Szombat 06:00-21:00|Vasárnap 07:00-09:00
9145;Győr-Moson-Sopron;Bágyogszovát;Árpád utca 24.;Pongrácz Attila;47.5847;17.3629;Hétfő 08:00-22:00|Kedd 08:00-22:00|Szerda 08:00-22:00|Csütörtök 08:00-22:00|Péntek 08:00-22:00|Szombat 08:00-22:00|Vasárnap 08:00-22:00
2836;Komárom-Esztergom;Baj;Petőfi Sándor utca 2.;SLUCK-KER Bt.;47.650861;18.364996;Hétfő 07:00-20:00|Kedd 07:00-20:00|Szerda 07:00-20:00|Csütörtök 07:00-20:00|Péntek 07:00-20:00|Szombat 07:00-20:00|Vasárnap 07:00-20:00
2525;Komárom-Esztergom;Bajna;Kossuth Lajos utca 16/A;Vazul-Tabac 2013 Bt.;47.6562;18.5968;Hétfő 06:00-18:00|Kedd 06:00-18:00|Szerda 06:00-18:00|Csütörtök 06:00-18:00|Péntek 06:00-18:00|Szombat 06:00-14:00
2533;Komárom-Esztergom;Bajót;Petőfi Sándor utca 11;Kriszeg Ilona;47.7229;18.5619;Hétfő 06:30-18:30|Kedd 06:30-18:30|Szerda 06:30-18:30|Csütörtök 06:30-18:30|Péntek 06:30-18:30|Szombat 06:30-18:30
8422;Veszprém;Bakonynána;Kossuth Lajos utca 23.;Bajor Zoltánné;47.2822;17.9694;Hétfő 06:00-22:00|Kedd 06:00-22:00|Szerda 06:00-22:00|Csütörtök 06:00-22:00|Péntek 06:00-22:00|Szombat 06:00-22:00|Vasárnap 07:00-22:00
2861;Komárom-Esztergom;Bakonysárkány;Béke utca 84.;Rakó László;47.4514;18.0971;Hétfő 06:00-16:30|Kedd 06:00-16:30|Szerda 06:00-16:30|Csütörtök 06:00-16:30|Péntek 06:00-16:30|Szombat 06:00-11:00
2884;Komárom-Esztergom;Bakonyszombathely;Petőfi Sándor utca 4.;Sally Bt;47.4702;17.9671;Hétfő 08:00-17:00|Kedd 08:00-17:00|Szerda 08:00-17:00|Csütörtök 08:00-17:00|Péntek 08:00-17:00|Szombat 08:00-17:00
7834;Baranya;Baksa;Hunyadi utca 47.;Park Trafik Bt;45.9591;18.0934;Hétfő 06:00-18:00|Kedd 06:00-18:00|Szerda 06:00-18:00|Csütörtök 06:00-18:00|Péntek 06:00-18:00|Szombat 06:00-18:00|Vasárnap 06:00-10:00
3836;Borsod-Abaúj-Zemplén;Baktakék;Rákóczi út 27.;Hirkó Miklósné;48.3727;21.0279;Hétfő 06:30-22:00|Kedd 06:30-22:00|Szerda 06:30-22:00|Csütörtök 06:30-22:00|Péntek 06:30-22:00|Szombat 06:30-22:00|Vasárnap 06:00-22:00
4561;Szabolcs-Szatmár-Bereg;Baktalórántháza;Köztársaság tér 7/b;Pócsi Miklós;47.9982;22.0772;Hétfő 06:00-20:00|Kedd 06:00-20:00|Szerda 06:00-20:00|Csütörtök 06:00-20:00|Péntek 06:00-20:00|Szombat 06:00-20:00|Vasárnap 06:00-20:00
3780;Borsod-Abaúj-Zemplén;Balajt;Borsodi út 11.;Toja Trafik Bt.;48.2961999;20.7439064;Hétfő 06:00-18:00|Kedd 06:00-18:30|Szerda 06:00-18:30|Csütörtök 06:00-18:30|Péntek 06:00-18:30|Szombat 06:00-14:00|Vasárnap 07:00-11:00
3780;Borsod-Abaúj-Zemplén;Balajt;Borsodi út 142/A.;Puskás és Társa Bt.;48.3068;20.7465;Hétfő 06:00-18:00|Kedd 06:00-18:00|Szerda 06:00-18:00|Csütörtök 06:00-18:00|Péntek 06:00-18:00|Szombat 06:00-18:00|Vasárnap 08:00-16:00
3780;Borsod-Abaúj-Zemplén;Balajt;Hősök tere 8/A.;Beke Attiláné;48.3068;20.7465;Hétfő 06:00-18:00|Kedd 06:00-18:00|Szerda 06:00-18:00|Csütörtök 06:00-18:00|Péntek 06:00-18:00|Szombat 06:00-18:00|Vasárnap 08:00-16:00
3780;Borsod-Abaúj-Zemplén;Balajt;Tóth Árpád út 2.;Lengyel Zsolt;48.295;20.7366;Hétfő 06:00-22:00|Kedd 06:00-22:00|Szerda 06:00-22:00|Csütörtök 06:00-22:00|Péntek 06:00-22:00|Szombat 06:00-22:00|Vasárnap 06:00-22:00
3780;Borsod-Abaúj-Zemplén;Balajt;Tóth Árpád út 4.;Qalitation Bt.;48.2952;20.7366;Hétfő 06:00-20:00|Kedd 06:00-20:00|Szerda 06:00-20:00|Csütörtök 06:00-20:00|Péntek 06:00-20:00|Szombat 06:00-20:00|Vasárnap 07:00-17:00
2660;Nógrád;Balassagyarmat;Erdélyi József utca 8.;Kocsis Viktor;48.0716;19.2833;Hétfő 06:00-19:00|Kedd 06:00-19:00|Szerda 06:00-19:00|Csütörtök 06:00-19:00|Péntek 06:00-19:00|Szombat 06:00-16:00|Vasárnap 08:00-12:00
2660;Nógrád;Balassagyarmat;Kóvári út 8.;Schreván Bt;48.0716;19.2833;Hétfő 06:00-19:00|Kedd 06:00-19:00|Szerda 06:00-19:00|Csütörtök 06:00-19:00|Péntek 06:00-19:00|Szombat 06:00-16:00|Vasárnap 08:00-12:00
2660;Nógrád;Balassagyarmat;Leiningen K. utca 8/a;Bukovszky Attila;48.0716;19.2833;Hétfő 06:00-19:00|Kedd 06:00-19:00|Szerda 06:00-19:00|Csütörtök 06:00-19:00|Péntek 06:00-19:00|Szombat 06:00-16:00|Vasárnap 08:00-12:00
2660;Nógrád;Balassagyarmat;Mikszáth út 34.;Fehér Sándor József;48.0716;19.2833;Hétfő 06:00-19:00|Kedd 06:00-19:00|Szerda 06:00-19:00|Csütörtök 06:00-19:00|Péntek 06:00-19:00|Szombat 06:00-16:00|Vasárnap 08:00-12:00
2660;Nógrád;Balassagyarmat;Móricz Zsigmond utca 1/a.;Tabaktéka Bt;48.0716;19.2833;Hétfő 06:00-19:00|Kedd 06:00-19:00|Szerda 06:00-19:00|Csütörtök 06:00-19:00|Péntek 06:00-19:00|Szombat 06:00-16:00|Vasárnap 08:00-12:00
2660;Nógrád;Balassagyarmat;Rákóczi út 38.;Király János;48.0716;19.2833;Hétfő 06:00-19:00|Kedd 06:00-19:00|Szerda 06:00-19:00|Csütörtök 06:00-19:00|Péntek 06:00-19:00|Szombat 06:00-16:00|Vasárnap 08:00-12:00
2660;Nógrád;Balassagyarmat;Rákóczi út 66.;Adamek István;48.0716;19.2833;Hétfő 06:00-19:00|Kedd 06:00-19:00|Szerda 06:00-19:00|Csütörtök 06:00-19:00|Péntek 06:00-19:00|Szombat 06:00-16:00|Vasárnap 08:00-12:00
2660;Nógrád;Balassagyarmat;Rákóczi utca 136.;Bukovszky Attila;48.0716;19.2833;Hétfő 06:00-19:00|Kedd 06:00-19:00|Szerda 06:00-19:00|Csütörtök 06:00-19:00|Péntek 06:00-19:00|Szombat 06:00-16:00|Vasárnap 08:00-12:00
6764;Csongrád;Balástya;Honvéd utca 1.;Ruzsa Erika;46.4196065;20.01484;Hétfő 06:00-20:00|Kedd 06:00-20:00|Szerda 06:00-20:00|Csütörtök 06:00-20:00|Péntek 06:00-20:00|Szombat 06:00-12:00|Vasárnap 06:00-11:00
6764;Csongrád;Balástya;Széchenyi utca 7.;Dzsigi Bt.;46.4232;20.0132;Hétfő 06:00-19:00|Kedd 06:00-19:00|Szerda 06:00-19:00|Csütörtök 06:00-19:00|Péntek 06:00-19:00|Szombat 06:00-14:00|Vasárnap 07:00-12:00
8220;Veszprém;Balatonalmádi;Baross G. út 47-49.;Hegyi Zoltán Rókusné;47.040042;18.008573;Hétfő 06:00-21:00|Kedd 06:00-22:00|Szerda 06:00-22:00|Csütörtök 06:00-22:00|Péntek 06:00-22:00|Szombat 06:00-22:00|Vasárnap 06:00-22:00
8220;Veszprém;Balatonalmádi;Baross Gábor út 2.;Kutics Balázs Mihály;47.040042;18.008573;Hétfő 06:00-21:00|Kedd 06:00-22:00|Szerda 06:00-22:00|Csütörtök 06:00-22:00|Péntek 06:00-22:00|Szombat 06:00-22:00|Vasárnap 06:00-22:00
8220;Veszprém;Balatonalmádi;József Attila utca 2296/15. hrsz.;Keresztes Gábor;47.040042;18.008573;Hétfő 06:00-21:00|Kedd 06:00-22:00|Szerda 06:00-22:00|Csütörtök 06:00-22:00|Péntek 06:00-22:00|Szombat 06:00-22:00|Vasárnap 06:00-22:00
8220;Veszprém;Balatonalmádi;Szabolcs utca 15.;Gubicza Fruzsina;47.0405743;18.0195645;Hétfő 07:00-19:00|Kedd 07:00-19:00|Szerda 07:00-19:00|Csütörtök 07:00-19:00|Péntek 07:00-19:00|Szombat 07:00-15:00|Vasárnap 08:00-12:00
8220;Veszprém;Balatonalmádi;Veszprémi utca 60.;Böröczné Budai Melinda;47.040042;18.008573;Hétfő 06:00-21:00|Kedd 06:00-22:00|Szerda 06:00-22:00|Csütörtök 06:00-22:00|Péntek 06:00-22:00|Szombat 06:00-22:00|Vasárnap 06:00-22:00
8649;Somogy;Balatonberény;Kossuth Lajos utca 36.;Rikker Gilbert;46.7108;17.319;Hétfő 07:00-20:00|Kedd 07:00-20:00|Szerda 07:00-20:00|Csütörtök 07:00-20:00|Péntek 07:00-20:00|Szombat 07:00-20:00|Vasárnap 07:00-20:00
8312;Veszprém;Balatonederics;Kossuth utca 163.;Badacsony Coop 2013 Bt;46.8042;17.3818;Hétfő 06:00-17:00|Kedd 06:00-17:00|Szerda 06:00-17:00|Csütörtök 06:00-17:00|Péntek 06:00-17:00|Szombat 06:00-12:00|Vasárnap 06:30-10:00
8646;Somogy;Balatonfenyves;Vörösmarty utca 10.;HB Nicotiána Bt.;46.7117;17.4798;Hétfő 06:30-20:00|Kedd 06:30-20:00|Szerda 06:30-20:00|Csütörtök 06:30-20:00|Péntek 06:30-20:00|Szombat 06:30-20:00|Vasárnap 06:30-20:00
8230;Veszprém;Balatonfüred;Castricum tér 2. hrsz:967/1;Fazekas LV Trafik Bt.;46.956871;17.880057;Hétfő 06:00-23:00|Kedd 06:00-23:00|Szerda 06:00-23:00|Csütörtök 06:00-23:00|Péntek 06:00-00:00|Szombat 06:00-00:00|Vasárnap 07:00-23:00
8230;Veszprém;Balatonfüred;Dózsa György utca 3.;VM Camel Bt.;46.956871;17.880057;Hétfő 06:00-23:00|Kedd 06:00-23:00|Szerda 06:00-23:00|Csütörtök 06:00-23:00|Péntek 06:00-00:00|Szombat 06:00-00:00|Vasárnap 07:00-23:00
8230;Veszprém;Balatonfüred;HRSZ. 69/21.;Pelso Tabak Bt.;46.956871;17.880057;Hétfő 06:00-23:00|Kedd 06:00-23:00|Szerda 06:00-23:00|Csütörtök 06:00-23:00|Péntek 06:00-00:00|Szombat 06:00-00:00|Vasárnap 07:00-23:00
8230;Veszprém;Balatonfüred;Köztársaság utca 2/c;Andó Dohány Bt;46.956871;17.880057;Hétfő 06:00-23:00|Kedd 06:00-23:00|Szerda 06:00-23:00|Csütörtök 06:00-23:00|Péntek 06:00-00:00|Szombat 06:00-00:00|Vasárnap 07:00-23:00
8230;Veszprém;Balatonfüred;Malom köz 2.;Husvéth Péterné;46.9633;17.8762;Hétfő 06:00-18:00|Kedd 06:00-18:00|Szerda 06:00-18:00|Csütörtök 06:00-18:00|Péntek 06:00-18:00|Szombat 06:00-14:00
8230;Veszprém;Balatonfüred;Petőfi Sándor utca 78.;Szabó Zoltán Tamás;46.956871;17.880057;Hétfő 06:00-23:00|Kedd 06:00-23:00|Szerda 06:00-23:00|Csütörtök 06:00-23:00|Péntek 06:00-00:00|Szombat 06:00-00:00|Vasárnap 07:00-23:00
8230;Veszprém;Balatonfüred;Széchenyi utca 43.;MAGIDOHÁNYBOLT Bt.;46.956871;17.880057;Hétfő 06:00-23:00|Kedd 06:00-23:00|Szerda 06:00-23:00|Csütörtök 06:00-23:00|Péntek 06:00-00:00|Szombat 06:00-00:00|Vasárnap 07:00-23:00
8175;Veszprém;Balatonfűzfő;Bugyogóforrás út 2.;Marton Tamás;47.0591;18.0242;Hétfő 07:00-19:00|Kedd 07:00-19:00|Szerda 07:00-19:00|Csütörtök 07:00-19:00|Péntek 07:00-19:00|Szombat 07:00-15:00
8175;Veszprém;Balatonfűzfő;Nike körút 1495/136 hrsz;Nagy Magdi Trafik Bt;47.0591;18.0242;Hétfő 07:00-19:00|Kedd 07:00-19:00|Szerda 07:00-19:00|Csütörtök 07:00-19:00|Péntek 07:00-19:00|Szombat 07:00-15:00
8175;Veszprém;Balatonfűzfő;Zombor utca 40.;Marton Tamás;47.0591;18.0242;Hétfő 07:00-19:00|Kedd 07:00-19:00|Szerda 07:00-19:00|Csütörtök 07:00-19:00|Péntek 07:00-19:00|Szombat 07:00-15:00
8174;Veszprém;Balatonkenese;Fő utca 21.;Gyenge Katalin Terézia;47.0366556;18.1082898;Hétfő 06:00-22:00|Kedd 06:00-22:00|Szerda 06:00-22:00|Csütörtök 06:00-22:00|Péntek 06:00-22:00|Szombat 06:00-22:00|Vasárnap 06:00-20:00
8647;Somogy;Balatonmáriafürdő;Keszeg utca 12.;Vészi Trafik Bt.;46.7038;17.3722;Hétfő 08:00-22:00|Kedd 08:00-22:00|Szerda 08:00-22:00|Csütörtök 08:00-22:00|Péntek 08:00-22:00|Szombat 08:00-22:00|Vasárnap 08:00-22:00
8624;Somogy;Balatonszárszó;Szóládi 1/4.;Szárszó Tabak Bt.;46.824964;17.83586;Hétfő 06:00-18:00|Kedd 06:00-18:00|Szerda 06:00-18:00|Csütörtök 06:00-18:00|Péntek 06:00-18:00|Szombat 06:00-17:00|Vasárnap 07:00-16:00
8710;Somogy;Balatonszentgyörgy;Berzsenyi Dániel utca 68.;Jenvay Lilla;46.6914;17.3016;Hétfő 07:00-19:00|Kedd 07:00-19:00|Szerda 07:00-19:00|Csütörtök 07:00-19:00|Péntek 07:00-19:00|Szombat 07:00-19:00|Vasárnap 07:00-19:00
4060;Hajdú-Bihar;Balmazújváros;Halász utca 2.;Szabó-Molnár Judit;47.6106;21.3395;Hétfő 06:00-19:00|Kedd 06:00-19:00|Szerda 06:00-19:00|Csütörtök 06:00-19:00|Péntek 06:00-19:00|Szombat 06:00-19:00|Vasárnap 07:00-16:00
4060;Hajdú-Bihar;Balmazújváros;Kossuth tér 14/3;Vargáné Kányási Judit Julianna;47.6106;21.3395;Hétfő 06:00-19:00|Kedd 06:00-19:00|Szerda 06:00-19:00|Csütörtök 06:00-19:00|Péntek 06:00-19:00|Szombat 06:00-19:00|Vasárnap 07:00-16:00
4060;Hajdú-Bihar;Balmazújváros;Nádudvari utca 11.;Kisné Tréki Margit Mária;47.6089;21.3384;Hétfő 08:00-20:00|Kedd 08:00-20:00|Szerda 08:00-20:00|Csütörtök 08:00-20:00|Péntek 08:00-20:00|Szombat 08:00-20:00|Vasárnap 08:00-20:00
4060;Hajdú-Bihar;Balmazújváros;Táncsics Mihály utca 56.;Szirén-Trafik Bt;47.6106;21.3395;Hétfő 06:00-19:00|Kedd 06:00-19:00|Szerda 06:00-19:00|Csütörtök 06:00-19:00|Péntek 06:00-19:00|Szombat 06:00-19:00|Vasárnap 07:00-16:00
4060;Hajdú-Bihar;Balmazújváros;Veres Péter utca 11.;Cs-Trafik Bt.;47.6106;21.3395;Hétfő 06:00-19:00|Kedd 06:00-19:00|Szerda 06:00-19:00|Csütörtök 06:00-19:00|Péntek 06:00-19:00|Szombat 06:00-19:00|Vasárnap 07:00-16:00
2944;Komárom-Esztergom;Bana;Jókai Mór utca 48.;Balázs László;47.6487;17.9173;Hétfő 07:00-19:00|Kedd 07:00-19:00|Szerda 07:00-19:00|Csütörtök 07:00-19:00|Péntek 07:00-19:00|Szombat 08:00-16:00|Vasárnap 08:00-16:00
3654;Borsod-Abaúj-Zemplén;Bánréve;Kossuth Lajos utca 1/B;Fumare-Dott 2012 Bt.;48.2971;20.3554;Hétfő 07:30-17:30|Kedd 07:30-17:30|Szerda 07:30-17:30|Csütörtök 07:30-17:30|Péntek 07:30-17:30|Szombat 07:30-15:30|Vasárnap 09:30-11:30
2426;Fejér;Baracs;493/B/1. HRSZ.;D-apeiron Bt.;46.911054;18.866246;Hétfő 06:00-23:00|Kedd 06:00-23:00|Szerda 06:00-23:00|Csütörtök 06:00-23:00|Péntek 06:00-23:00|Szombat 06:00-23:00|Vasárnap 07:00-16:00
2427;Fejér;Baracs;Kossuth Lajos utca 13/A;Samu András Istvánné;46.911054;18.866246;Hétfő 06:00-23:00|Kedd 06:00-23:00|Szerda 06:00-23:00|Csütörtök 06:00-23:00|Péntek 06:00-23:00|Szombat 06:00-23:00|Vasárnap 07:00-16:00
4161;Hajdú-Bihar;Báránd;Kossuth út 49/1.;Virág György;47.2922;21.2298;Hétfő 06:00-18:00|Kedd 06:00-18:00|Szerda 06:00-18:00|Csütörtök 06:00-18:00|Péntek 06:00-18:00|Szombat 06:00-14:00|Vasárnap 08:00-12:00
8948;Zala;Barlahida;Petőfi utca 4.;Simon Gyuláné;46.6867;16.6814;Hétfő 05:30-16:30|Kedd 05:30-16:30|Szerda 05:30-16:30|Csütörtök 05:30-16:30|Péntek 05:30-16:30|Szombat 06:00-12:00
8291;Veszprém;Barnag;Kinizsi Pál utca 86.;Karisztl József Ernő;46.9824;17.696;Hétfő 06:00-19:00|Kedd 06:00-19:00|Szerda 06:00-19:00|Csütörtök 06:00-19:00|Péntek 06:00-19:00|Szombat 06:00-19:00|Vasárnap 06:00-19:00
7149;Tolna;Báta;Fő utca 171.;Bát-Trafik Bt;46.1302;18.7794;Hétfő 06:00-18:00|Kedd 06:00-18:00|Szerda 06:00-18:00|Csütörtök 06:00-18:00|Péntek 06:00-18:00|Szombat 07:00-15:00|Vasárnap 07:00-15:00
7140;Tolna;Bátaszék;Bajai utca 3.;Dr. Fajszi Lajos;46.1972;18.7262;Hétfő 06:30-20:00|Kedd 06:30-20:00|Szerda 06:30-20:00|Csütörtök 06:30-20:00|Péntek 06:30-20:00|Szombat 06:30-20:00|Vasárnap 08:00-18:00
7140;Tolna;Bátaszék;Budai utca 38.;Tantos Csaba;46.1972;18.7262;Hétfő 06:30-20:00|Kedd 06:30-20:00|Szerda 06:30-20:00|Csütörtök 06:30-20:00|Péntek 06:30-20:00|Szombat 06:30-20:00|Vasárnap 08:00-18:00
7140;Tolna;Bátaszék;Garay utca 79.;Fejes Mátyásné és Társa Bt;46.1972;18.7262;Hétfő 06:30-20:00|Kedd 06:30-20:00|Szerda 06:30-20:00|Csütörtök 06:30-20:00|Péntek 06:30-20:00|Szombat 06:30-20:00|Vasárnap 08:00-18:00
7140;Tolna;Bátaszék;Szentháromság tér 8.;BÁT-TOBACCO Bt.;46.1871638;18.7237072;Hétfő 06:00-20:00|Kedd 06:00-20:00|Szerda 06:00-20:00|Csütörtök 06:00-20:00|Péntek 06:00-20:00|Szombat 08:00-21:00
3078;Nógrád;Bátonyterenye;Berekgát köz 1/A.;Horváth Gábor;47.9886;19.8284;Hétfő 05:00-20:00|Kedd 05:00-20:00|Szerda 05:00-20:00|Csütörtök 05:00-20:00|Péntek 05:00-22:00|Szombat 06:30-20:00|Vasárnap 08:00-13:00
3070;Nógrád;Bátonyterenye;Jedlik Ányos út 4.;Horváth Gábor;47.9886;19.8284;Hétfő 05:00-20:00|Kedd 05:00-20:00|Szerda 05:00-20:00|Csütörtök 05:00-20:00|Péntek 05:00-22:00|Szombat 06:30-20:00|Vasárnap 08:00-13:00
3078;Nógrád;Bátonyterenye;Madách út 6/c.;Salgó Deán Bt.;47.9886;19.8284;Hétfő 05:00-20:00|Kedd 05:00-20:00|Szerda 05:00-20:00|Csütörtök 05:00-20:00|Péntek 05:00-22:00|Szombat 06:30-20:00|Vasárnap 08:00-13:00
3070;Nógrád;Bátonyterenye;Ózdi út 1.;Bátony Tabak Bt;47.9886;19.8284;Hétfő 05:00-20:00|Kedd 05:00-20:00|Szerda 05:00-20:00|Csütörtök 05:00-20:00|Péntek 05:00-22:00|Szombat 06:30-20:00|Vasárnap 08:00-13:00
3070;Nógrád;Bátonyterenye;Ózdi út 43.;Salgó Deán Bt.;47.9886;19.8284;Hétfő 05:00-20:00|Kedd 05:00-20:00|Szerda 05:00-20:00|Csütörtök 05:00-20:00|Péntek 05:00-22:00|Szombat 06:30-20:00|Vasárnap 08:00-13:00
6351;Bács-Kiskun;Bátya;Mikes Kelemen utca 11.;Bagó Lászlóné;46.4872;18.9543;Hétfő 07:00-20:00|Kedd 07:00-20:00|Szerda 07:00-20:00|Csütörtök 07:00-20:00|Péntek 07:00-20:00|Szombat 07:00-20:00|Vasárnap 08:00-20:00
2693;Nógrád;Becske;Ady Endre út 8/A;Laczkó Ervin István;47.91;19.3772;Hétfő 07:00-17:00|Kedd 07:00-17:00|Szerda 07:00-17:00|Csütörtök 07:00-17:00|Péntek 07:00-17:00|Szombat 07:00-12:00|Vasárnap 07:00-11:00
3903;Borsod-Abaúj-Zemplén;Bekecs;Honvéd út 100;Szepesi Attila;48.1526;21.1753;Hétfő 06:00-20:00|Kedd 06:00-20:00|Szerda 06:00-20:00|Csütörtök 06:00-20:00|Péntek 06:00-20:00|Szombat 06:00-20:00|Vasárnap 06:00-20:00
3903;Borsod-Abaúj-Zemplén;Bekecs;Honvéd út 8.;Ringer Bence;48.1578;21.1835;Hétfő 06:00-22:00|Kedd 06:00-22:00|Szerda 06:00-22:00|Csütörtök 06:00-22:00|Péntek 06:00-22:00|Szombat 06:00-23:00|Vasárnap 06:00-22:00
5630;Békés;Békés;Ady Endre utca 14/B. Fsz. 2.;IP Dohánykereskedelmi Bt.;46.7708;21.128;Hétfő 06:00-20:00|Kedd 06:00-20:00|Szerda 06:00-20:00|Csütörtök 06:00-20:00|Péntek 06:00-20:00|Szombat 06:00-20:00|Vasárnap 07:00-11:00
5630;Békés;Békés;Ady utca 3.;Kürti István János;46.7708;21.128;Hétfő 06:00-20:00|Kedd 06:00-20:00|Szerda 06:00-20:00|Csütörtök 06:00-20:00|Péntek 06:00-20:00|Szombat 06:00-20:00|Vasárnap 07:00-11:00
5630;Békés;Békés;Belterület 4019/3/A. hrsz.;Békési Dohányvilág Bt.;46.7708;21.128;Hétfő 06:00-20:00|Kedd 06:00-20:00|Szerda 06:00-20:00|Csütörtök 06:00-20:00|Péntek 06:00-20:00|Szombat 06:00-20:00|Vasárnap 07:00-11:00
5630;Békés;Békés;Bocskai utca 2.;Milán és Lara Bt.;46.7708;21.128;Hétfő 06:00-20:00|Kedd 06:00-20:00|Szerda 06:00-20:00|Csütörtök 06:00-20:00|Péntek 06:00-20:00|Szombat 06:00-20:00|Vasárnap 07:00-11:00
5630;Békés;Békés;Kölcsey utca 1.;Kertész Eszter;46.7708;21.128;Hétfő 06:00-20:00|Kedd 06:00-20:00|Szerda 06:00-20:00|Csütörtök 06:00-20:00|Péntek 06:00-20:00|Szombat 06:00-20:00|Vasárnap 07:00-11:00
5630;Békés;Békés;Kőrösi Csoma Sándor utca 28.;Békéstrafik Bt;46.7708;21.128;Hétfő 06:00-20:00|Kedd 06:00-20:00|Szerda 06:00-20:00|Csütörtök 06:00-20:00|Péntek 06:00-20:00|Szombat 06:00-20:00|Vasárnap 07:00-11:00
5630;Békés;Békés;Kossuth utca 26/1.;Békéstrafik Bt;46.7708;21.128;Hétfő 06:00-20:00|Kedd 06:00-20:00|Szerda 06:00-20:00|Csütörtök 06:00-20:00|Péntek 06:00-20:00|Szombat 06:00-20:00|Vasárnap 07:00-11:00
5630;Békés;Békés;Széchenyi tér 2.;Dobi Attila István;46.7724;21.132;Hétfő 06:00-20:00|Kedd 06:00-20:00|Szerda 06:00-20:00|Csütörtök 06:00-20:00|Péntek 06:00-20:00|Szombat 06:00-14:00|Vasárnap 06:00-12:00
5630;Békés;Békés;Táncsics Mihály utca 16.;Békési Dohányvilág Bt.;46.7708;21.128;Hétfő 06:00-20:00|Kedd 06:00-20:00|Szerda 06:00-20:00|Csütörtök 06:00-20:00|Péntek 06:00-20:00|Szombat 06:00-20:00|Vasárnap 07:00-11:00
5600;Békés;Békéscsaba;Áchim lakótelep hrsz 5070;Dohánypatika Bt.;46.6763;21.0904;Hétfő 07:30-20:00|Kedd 07:30-20:00|Szerda 07:30-20:00|Csütörtök 07:30-20:00|Péntek 07:30-20:00|Szombat 07:30-20:00|Vasárnap 08:00-16:00
5600;Békés;Békéscsaba;Andrássy út 19.;Tóth Tibor József;46.6784;21.0944;Hétfő 06:00-22:00|Kedd 06:00-22:00|Szerda 06:00-22:00|Csütörtök 06:00-22:00|Péntek 06:00-23:59|Szombat 06:00-23:59|Vasárnap 06:00-18:00
5600;Békés;Békéscsaba;Andrássy út 30-32.;Center Multi Trafik Bt.;46.6763;21.0904;Hétfő 07:30-20:00|Kedd 07:30-20:00|Szerda 07:30-20:00|Csütörtök 07:30-20:00|Péntek 07:30-20:00|Szombat 07:30-20:00|Vasárnap 08:00-16:00
5600;Békés;Békéscsaba;Andrássy út 47.;Valent-Unyatinszki Edina;46.6763;21.0904;Hétfő 07:30-20:00|Kedd 07:30-20:00|Szerda 07:30-20:00|Csütörtök 07:30-20:00|Péntek 07:30-20:00|Szombat 07:30-20:00|Vasárnap 08:00-16:00
5600;Békés;Békéscsaba;Andrássy út 50.;Guantanamera Bt.;46.674;21.0868;Hétfő 06:00-22:30|Kedd 06:00-22:30|Szerda 06:00-22:30|Csütörtök 06:00-22:30|Péntek 06:00-23:59|Szombat 00:00-23:59|Vasárnap 00:00-18:00
5600;Békés;Békéscsaba;Andrássy út 51;Flóra Press Bt.;46.6763;21.0904;Hétfő 07:30-20:00|Kedd 07:30-20:00|Szerda 07:30-20:00|Csütörtök 07:30-20:00|Péntek 07:30-20:00|Szombat 07:30-20:00|Vasárnap 08:00-16:00
5600;Békés;Békéscsaba;Andrássy út 7.;Alföldiné Varga Marianna;46.6763;21.0904;Hétfő 07:30-20:00|Kedd 07:30-20:00|Szerda 07:30-20:00|Csütörtök 07:30-20:00|Péntek 07:30-20:00|Szombat 07:30-20:00|Vasárnap 08:00-16:00
5600;Békés;Békéscsaba;Bartók Béla út 66/1.;Blue Panda Bt.;46.6763;21.0904;Hétfő 07:30-20:00|Kedd 07:30-20:00|Szerda 07:30-20:00|Csütörtök 07:30-20:00|Péntek 07:30-20:00|Szombat 07:30-20:00|Vasárnap 08:00-16:00
5600;Békés;Békéscsaba;Berényi út 29.;Szivarvilág Bt.;46.6763;21.0904;Hétfő 07:30-20:00|Kedd 07:30-20:00|Szerda 07:30-20:00|Csütörtök 07:30-20:00|Péntek 07:30-20:00|Szombat 07:30-20:00|Vasárnap 08:00-16:00
5600;Békés;Békéscsaba;Corvin utca 2299/11. HRSZ.;Dohánypatika Bt.;46.6763;21.0904;Hétfő 07:30-20:00|Kedd 07:30-20:00|Szerda 07:30-20:00|Csütörtök 07:30-20:00|Péntek 07:30-20:00|Szombat 07:30-20:00|Vasárnap 08:00-16:00
5600;Békés;Békéscsaba;Gyulai út 51/2.;Prémium-Tabak Bt;46.6763;21.0904;Hétfő 07:30-20:00|Kedd 07:30-20:00|Szerda 07:30-20:00|Csütörtök 07:30-20:00|Péntek 07:30-20:00|Szombat 07:30-20:00|Vasárnap 08:00-16:00
5600;Békés;Békéscsaba;Hrsz. 3112/11.;Triann Tabak Bt.;46.6763;21.0904;Hétfő 07:30-20:00|Kedd 07:30-20:00|Szerda 07:30-20:00|Csütörtök 07:30-20:00|Péntek 07:30-20:00|Szombat 07:30-20:00|Vasárnap 08:00-16:00
5600;Békés;Békéscsaba;Illésházi 1.;Trafik Corner Bt.;46.6763;21.0904;Hétfő 07:30-20:00|Kedd 07:30-20:00|Szerda 07:30-20:00|Csütörtök 07:30-20:00|Péntek 07:30-20:00|Szombat 07:30-20:00|Vasárnap 08:00-16:00
5600;Békés;Békéscsaba;Kazinczy utca 12.;Lisztóczki Kornél Mihály;46.6763;21.0904;Hétfő 07:30-20:00|Kedd 07:30-20:00|Szerda 07:30-20:00|Csütörtök 07:30-20:00|Péntek 07:30-20:00|Szombat 07:30-20:00|Vasárnap 08:00-16:00
5600;Békés;Békéscsaba;Kolozsvári utca 55.;Dudás Istvánné;46.6763;21.0904;Hétfő 07:30-20:00|Kedd 07:30-20:00|Szerda 07:30-20:00|Csütörtök 07:30-20:00|Péntek 07:30-20:00|Szombat 07:30-20:00|Vasárnap 08:00-16:00
5600;Békés;Békéscsaba;Lencsési út 114/1.;Csaba Trafik Bt.;46.6659;21.1224;Hétfő 06:00-22:00|Kedd 06:00-22:00|Szerda 06:00-22:00|Csütörtök 06:00-22:00|Péntek 06:00-22:00|Szombat 06:00-22:00|Vasárnap 07:00-21:00
5600;Békés;Békéscsaba;Lencsési út 22.;Skumáthné Harmati Nikoletta;46.6763;21.0904;Hétfő 07:30-20:00|Kedd 07:30-20:00|Szerda 07:30-20:00|Csütörtök 07:30-20:00|Péntek 07:30-20:00|Szombat 07:30-20:00|Vasárnap 08:00-16:00
5600;Békés;Békéscsaba;Lencsési út 35-37.;Triann Tabak Bt.;46.6666;21.1181;Hétfő 07:00-19:30|Kedd 07:00-19:30|Szerda 07:00-19:30|Csütörtök 07:00-19:30|Péntek 07:00-19:30|Szombat 07:00-19:30|Vasárnap 08:00-16:00
5600;Békés;Békéscsaba;Október 23 tér 1;Ábrahám Erzsébet;46.6763;21.0904;Hétfő 07:30-20:00|Kedd 07:30-20:00|Szerda 07:30-20:00|Csütörtök 07:30-20:00|Péntek 07:30-20:00|Szombat 07:30-20:00|Vasárnap 08:00-16:00
5600;Békés;Békéscsaba;Orosházi út 33-35.;Nagy László Trafik Bt;46.6763;21.0904;Hétfő 07:30-20:00|Kedd 07:30-20:00|Szerda 07:30-20:00|Csütörtök 07:30-20:00|Péntek 07:30-20:00|Szombat 07:30-20:00|Vasárnap 08:00-16:00
5600;Békés;Békéscsaba;Orosházi út 48.;Hrabovszki Andrea;46.6763;21.0904;Hétfő 07:30-20:00|Kedd 07:30-20:00|Szerda 07:30-20:00|Csütörtök 07:30-20:00|Péntek 07:30-20:00|Szombat 07:30-20:00|Vasárnap 08:00-16:00
5600;Békés;Békéscsaba;Orosházi út 91.;Szivarvilág Bt.;46.6763;21.0904;Hétfő 07:30-20:00|Kedd 07:30-20:00|Szerda 07:30-20:00|Csütörtök 07:30-20:00|Péntek 07:30-20:00|Szombat 07:30-20:00|Vasárnap 08:00-16:00
5600;Békés;Békéscsaba;Pataky László utca 9.;Kertvárosi Trafik Bt.;46.6763;21.0904;Hétfő 07:30-20:00|Kedd 07:30-20:00|Szerda 07:30-20:00|Csütörtök 07:30-20:00|Péntek 07:30-20:00|Szombat 07:30-20:00|Vasárnap 08:00-16:00
5600;Békés;Békéscsaba;Szabadság tér 26.;Sáni Kereskedelmi Bt.;46.6763;21.0904;Hétfő 07:30-20:00|Kedd 07:30-20:00|Szerda 07:30-20:00|Csütörtök 07:30-20:00|Péntek 07:30-20:00|Szombat 07:30-20:00|Vasárnap 08:00-16:00
5600;Békés;Békéscsaba;Szarvasi út 19/A.;Üvegház Dohánybolt Kkt.;46.6763;21.0904;Hétfő 07:30-20:00|Kedd 07:30-20:00|Szerda 07:30-20:00|Csütörtök 07:30-20:00|Péntek 07:30-20:00|Szombat 07:30-20:00|Vasárnap 08:00-16:00
5600;Békés;Békéscsaba;Szent Istán tér 10.;Triann Tabak Bt.;46.6763;21.0904;Hétfő 07:30-20:00|Kedd 07:30-20:00|Szerda 07:30-20:00|Csütörtök 07:30-20:00|Péntek 07:30-20:00|Szombat 07:30-20:00|Vasárnap 08:00-16:00
5600;Békés;Békéscsaba;Szerdahelyi út 20.;Dohánypatika Bt.;46.6763;21.0904;Hétfő 07:30-20:00|Kedd 07:30-20:00|Szerda 07:30-20:00|Csütörtök 07:30-20:00|Péntek 07:30-20:00|Szombat 07:30-20:00|Vasárnap 08:00-16:00
5600;Békés;Békéscsaba;Trefort utca 5-7.;Cserei Mária;46.6763;21.0904;Hétfő 07:30-20:00|Kedd 07:30-20:00|Szerda 07:30-20:00|Csütörtök 07:30-20:00|Péntek 07:30-20:00|Szombat 07:30-20:00|Vasárnap 08:00-16:00
5600;Békés;Békéscsaba;Wenkheim Károly tér 8.;Balázsházi György;46.6763;21.0904;Hétfő 07:30-20:00|Kedd 07:30-20:00|Szerda 07:30-20:00|Csütörtök 07:30-20:00|Péntek 07:30-20:00|Szombat 07:30-20:00|Vasárnap 08:00-16:00
5946;Békés;Békéssámson;Szabadság utca 42/A.;Déliker Trade Bt.;46.4157;20.6214;Hétfő 06:00-18:00|Kedd 06:00-18:00|Szerda 06:00-18:00|Csütörtök 06:00-18:00|Péntek 06:00-18:00|Szombat 07:00-19:00|Vasárnap 07:00-11:00
8978;Zala;Belsősárd;Lenti út 5/A.;Tüske Trafik Bt.;46.6183;16.4684;Hétfő 06:00-23:59|Kedd 06:00-23:59|Szerda 06:00-23:59|Csütörtök 06:00-23:59|Péntek 06:00-23:59|Szombat 06:00-23:59|Vasárnap 06:00-23:59
2687;Nógrád;Bercel;Baross Gábor út 29.;Kertész Gábor;47.8732;19.4014;Hétfő 07:00-17:00|Kedd 07:00-17:00|Szerda 07:00-17:00|Csütörtök 07:00-17:00|Péntek 07:00-17:00|Szombat 07:00-12:00|Vasárnap 07:00-11:00
2687;Nógrád;Bercel;Baross út 35.;Második TabaCoop Bt.;47.8732;19.4014;Hétfő 07:00-17:00|Kedd 07:00-17:00|Szerda 07:00-17:00|Csütörtök 07:00-17:00|Péntek 07:00-17:00|Szombat 07:00-12:00|Vasárnap 07:00-11:00
4934;Szabolcs-Szatmár-Bereg;Beregdaróc;Szabadság út 43-45.;Fekete Sándor;48.1984;22.5269;Hétfő 07:00-21:00|Kedd 07:00-21:00|Szerda 07:00-21:00|Csütörtök 07:00-21:00|Péntek 07:00-21:00|Szombat 15:00-21:00|Vasárnap 15:00-21:00
5309;Jász-Nagykun-Szolnok;Berekfürdő;Berek tér 11.;Buczkó Zoltán Jánosné;47.3851;20.841;Hétfő 08:00-18:00|Kedd 08:00-18:00|Szerda 08:00-18:00|Csütörtök 08:00-18:00|Péntek 08:00-20:00|Szombat 08:00-20:00|Vasárnap 08:00-12:00
3704;Borsod-Abaúj-Zemplén;Berente;Dankó út 2.;Bucsák-Husonyicza Ágnes;48.2322;20.6681;Hétfő 05:00-17:00|Kedd 05:00-17:00|Szerda 05:00-17:00|Csütörtök 05:00-17:00|Péntek 05:00-17:00|Szombat 05:00-13:00|Vasárnap 05:00-12:00
8181;Veszprém;Berhida;Táncsics M. utca 2.;Grafit Tabak Bt;47.1182;18.1061;Hétfő 06:00-18:00|Kedd 06:00-18:00|Szerda 06:00-18:00|Csütörtök 06:00-18:00|Péntek 06:00-18:00|Szombat 06:00-14:00
8181;Veszprém;Berhida;Tulipán utca 17/6.;Zafir Tabak Bt;47.1182;18.1061;Hétfő 06:00-18:00|Kedd 06:00-18:00|Szerda 06:00-18:00|Csütörtök 06:00-18:00|Péntek 06:00-18:00|Szombat 06:00-14:00
8181;Veszprém;Berhida;Veszprémi út 2.;Zafir Tabak Bt;47.1182;18.1061;Hétfő 06:00-18:00|Kedd 06:00-18:00|Szerda 06:00-18:00|Csütörtök 06:00-18:00|Péntek 06:00-18:00|Szombat 06:00-14:00
4521;Szabolcs-Szatmár-Bereg;Berkesz;Rákóczi utca 54.;Szidor Attila;48.092;21.9778;Hétfő 07:00-18:00|Kedd 07:00-18:00|Szerda 07:00-18:00|Csütörtök 07:00-18:00|Péntek 07:00-18:00|Szombat 08:00-12:00
7838;Baranya;Besence;Széchenyi utca 6.;Lighter And Smoke Bt;45.8602;17.9855;Hétfő 06:00-18:00|Kedd 06:00-18:00|Szerda 06:00-18:00|Csütörtök 06:00-18:00|Péntek 06:00-18:00|Szombat 07:00-16:00|Vasárnap 07:00-11:00
3373;Heves;Besenyőtelek;Fő 77.;Tabak Diszkont Bt.;47.7081;20.4259;Hétfő 05:00-19:00|Kedd 05:00-19:00|Szerda 05:00-19:00|Csütörtök 05:00-19:00|Péntek 05:00-19:00|Szombat 05:00-19:00|Vasárnap 05:00-19:00
3373;Heves;Besenyőtelek;Fő út 18.;Bozsik Árpád;47.7081;20.4259;Hétfő 05:00-19:00|Kedd 05:00-19:00|Szerda 05:00-19:00|Csütörtök 05:00-19:00|Péntek 05:00-19:00|Szombat 05:00-19:00|Vasárnap 05:00-19:00
5071;Jász-Nagykun-Szolnok;Besenyszög;Damjanich út 5/A.;Híres Trafik Bt.;47.2956;20.257;Hétfő 09:00-21:00|Kedd 09:00-21:00|Szerda 09:00-21:00|Csütörtök 09:00-21:00|Péntek 09:00-21:00|Szombat 07:00-15:00|Vasárnap 08:00-12:00
2456;Fejér;Besnyő;Fő utca 29.;Gémesi Endre Lajos;47.1919;18.7947;Hétfő 07:00-12:00|Kedd 07:00-18:00|Szerda 07:00-18:00|Csütörtök 07:00-18:00|Péntek 07:00-18:00|Szombat 07:00-12:00|Vasárnap 07:00-12:00
2051;Pest;Biatorbágy;Csodaszarvas utca 2.;Béres János;47.4737;18.8327;Hétfő 06:00-20:00|Kedd 06:00-20:00|Szerda 06:00-20:00|Csütörtök 06:00-20:00|Péntek 06:00-20:00|Szombat 06:00-20:00|Vasárnap 06:00-20:00
2051;Pest;Biatorbágy;Nagy utca 30.;Tóth Fruzsina Magdolna;47.4737;18.8327;Hétfő 06:00-20:00|Kedd 06:00-20:00|Szerda 06:00-20:00|Csütörtök 06:00-20:00|Péntek 06:00-20:00|Szombat 06:00-20:00|Vasárnap 06:00-20:00
2051;Pest;Biatorbágy;Nagy utca 59.;Bia-Trafik Bt;47.4737;18.8327;Hétfő 06:00-20:00|Kedd 06:00-20:00|Szerda 06:00-20:00|Csütörtök 06:00-20:00|Péntek 06:00-20:00|Szombat 06:00-20:00|Vasárnap 06:00-20:00
2051;Pest;Biatorbágy;Szabadság utca 96.;Kuntabak Dohány Bt.;47.4737;18.8327;Hétfő 06:00-20:00|Kedd 06:00-20:00|Szerda 06:00-20:00|Csütörtök 06:00-20:00|Péntek 06:00-20:00|Szombat 06:00-20:00|Vasárnap 06:00-20:00
2060;Fejér;Bicske;Kossuth tér (SPAR);Papinóth Viktor;47.492;18.6341;Hétfő 07:00-19:00|Kedd 07:00-19:00|Szerda 07:00-19:00|Csütörtök 07:00-19:00|Péntek 07:00-19:00|Szombat 07:00-15:00
2060;Fejér;Bicske;Szent I. út 40.;Ju-Fe Dohánykereskedelmi Bt;47.4888;18.6309;Hétfő 06:00-22:00|Kedd 06:00-22:00|Szerda 06:00-22:00|Csütörtök 06:00-22:00|Péntek 06:00-22:00|Szombat 07:00-22:00|Vasárnap 07:00-22:00
2060;Fejér;Bicske;Szent László utca 55.;Széplaki Dohánybolt Bt;47.492;18.6341;Hétfő 07:00-19:00|Kedd 07:00-19:00|Szerda 07:00-19:00|Csütörtök 07:00-19:00|Péntek 07:00-19:00|Szombat 07:00-15:00
2060;Fejér;Bicske;Táncsics M. utca 17.;Falusi-Martin Bt.;47.4853;18.6443;Hétfő 06:00-18:00|Kedd 06:00-18:00|Szerda 06:00-18:00|Csütörtök 06:00-18:00|Péntek 06:00-18:00|Szombat 06:00-18:00|Vasárnap 07:00-16:00
2060;Fejér;Bicske;Űrhajós utca 3.;Nagy Péter;47.492;18.6341;Hétfő 07:00-19:00|Kedd 07:00-19:00|Szerda 07:00-19:00|Csütörtök 07:00-19:00|Péntek 07:00-19:00|Szombat 07:00-15:00
7346;Baranya;Bikal;Szabadság út 4.;Hild Gáspárné;46.3321;18.286;Hétfő 05:00-19:00|Kedd 05:00-19:00|Szerda 05:00-19:00|Csütörtök 05:00-19:00|Péntek 05:00-19:00|Szombat 05:00-17:00|Vasárnap 07:00-11:00
7811;Baranya;Bisse;Hunyadi János utca 116.;Mecsek Dohányértékesítő Bt.;45.9496;18.2376;Hétfő 06:00-16:00|Kedd 06:00-16:00|Szerda 06:00-16:00|Csütörtök 06:00-16:00|Péntek 06:00-16:00|Szombat 06:00-11:00|Vasárnap 07:00-10:00
3368;Bács-Kiskun;Boconád;Rákóczi Ferenc utca 1.;Kis István;47.6427;20.1884;Hétfő 05:00-17:00|Kedd 05:00-17:00|Szerda 05:00-17:00|Csütörtök 05:00-17:00|Péntek 05:00-17:00|Szombat 06:00-14:00
4241;Fejér;Bocskaikert;Baross Gábor út 1.;Tóth Sándor;47.6419;21.66;Hétfő 06:00-20:00|Kedd 06:00-20:00|Szerda 06:00-20:00|Csütörtök 06:00-20:00|Péntek 06:00-20:00|Szombat 06:00-20:00|Vasárnap 06:00-20:00
4241;Fejér;Bocskaikert;Debreceni út 60.;Nagy László;47.6419;21.66;Hétfő 06:00-20:00|Kedd 06:00-20:00|Szerda 06:00-20:00|Csütörtök 06:00-20:00|Péntek 06:00-20:00|Szombat 06:00-20:00|Vasárnap 06:00-20:00
7394;Somogy;Bodolyabér;Kossuth L. utca 10.;Lajos László;46.1877;18.1523;Hétfő 07:00-20:00|Kedd 07:00-20:00|Szerda 07:00-20:00|Csütörtök 07:00-20:00|Péntek 07:00-20:00|Szombat 07:00-20:00|Vasárnap 07:00-20:00
9134;Borsod-Abaúj-Zemplén;Bodonhely;Hrsz. 207.;Makkos János Zoltán;47.5644;17.4072;Hétfő 15:00-19:00|Kedd 15:00-19:00|Szerda 15:00-19:00|Csütörtök 15:00-19:00|Péntek 15:00-19:00|Szombat 15:00-19:00|Vasárnap 08:00-10:00
3243;Borsod-Abaúj-Zemplén;Bodony;Árpád utca 4.;Farkasné Béres Ágnes;47.9429;20.0229;Hétfő 05:00-20:00|Kedd 05:00-20:00|Szerda 05:00-20:00|Csütörtök 05:00-20:00|Péntek 05:00-20:00|Szombat 05:30-20:00|Vasárnap 05:30-20:00
3412;Tolna;Bogács;Béke utca 1.;Jankó Szabolcs;47.9023;20.5332;Hétfő 06:00-22:00|Kedd 06:00-22:00|Szerda 06:00-22:00|Csütörtök 06:00-22:00|Péntek 06:00-22:00|Szombat 06:00-22:00|Vasárnap 06:00-22:00
7742;Győr-Moson-Sopron;Bogád;Kossuth utca 34.;Petrohán Eszter;46.0878;18.326;Hétfő 07:00-19:00|Kedd 07:00-19:00|Szerda 07:00-19:00|Csütörtök 07:00-19:00|Péntek 07:00-19:00|Szombat 07:00-19:00|Vasárnap 07:00-19:00
7836;Hajdú-Bihar;Bogádmindszent;Kossuth L. utca 13.;Lighter And Smoke Bt;45.9061;18.0438;Hétfő 07:00-16:00|Kedd 07:00-16:00|Szerda 07:00-16:00|Csütörtök 07:00-16:00|Péntek 07:00-16:00|Szombat 08:00-12:00|Vasárnap 08:00-12:00
7132;Heves;Bogyiszló;Kossuth utca 26.;Puxler Gyuláné;46.3852;18.8254;Hétfő 06:00-20:00|Kedd 06:00-20:00|Szerda 06:00-20:00|Csütörtök 06:00-20:00|Péntek 06:00-20:00|Szombat 06:00-17:00
8719;Borsod-Abaúj-Zemplén;Böhönye;Fő utca 16.;FZT Kereskedelmi Bt.;46.4065;17.3884;Hétfő 05:00-18:00|Kedd 05:00-18:00|Szerda 05:00-18:00|Csütörtök 05:00-18:00|Péntek 05:00-18:00|Szombat 04:00-12:00|Vasárnap 06:00-10:00
8741;Borsod-Abaúj-Zemplén;Bókaháza;Deák Ferenc utca 139/A.;Ezüst Szipka Bt.;46.7277;17.1063;Hétfő 06:00-18:00|Kedd 06:00-18:00|Szerda 06:00-18:00|Csütörtök 06:00-18:00|Péntek 06:00-18:00|Szombat 06:00-14:00|Vasárnap 07:00-12:00
7025;Zala;Bölcske;Rákóczi utca 50.;Tibai Andrásné;46.7356;18.9587;Hétfő 06:00-18:00|Kedd 06:00-18:00|Szerda 06:00-18:00|Csütörtök 06:00-18:00|Péntek 06:00-18:00|Szombat 06:00-12:00|Vasárnap 07:00-10:00
7025;Zala;Bölcske;Templom tér 6.;Techrac Bt;46.7356;18.9587;Hétfő 06:00-18:00|Kedd 06:00-18:00|Szerda 06:00-18:00|Csütörtök 06:00-18:00|Péntek 06:00-18:00|Szombat 06:00-12:00|Vasárnap 07:00-10:00
3016;Somogy;Boldog;Hunyadi János út 341/2.;Adri-Trafik Bt.;47.6025;19.6874;Hétfő 07:00-19:00|Kedd 07:00-19:00|Szerda 07:00-19:00|Csütörtök 07:00-19:00|Péntek 07:00-19:00|Szombat 07:00-19:00|Vasárnap 07:00-13:00
3016;Somogy;Boldog;Tabán út 29.;Gender-Trafik Bt.;47.6025;19.6874;Hétfő 07:00-19:00|Kedd 07:00-19:00|Szerda 07:00-19:00|Csütörtök 07:00-19:00|Péntek 07:00-19:00|Szombat 07:00-19:00|Vasárnap 07:00-13:00
3794;Csongrád;Boldva;Mátyás király út 38.;Takács Trafik Bt;48.2199;20.7881;Hétfő 06:00-18:00|Kedd 06:00-18:00|Szerda 06:00-18:00|Csütörtök 06:00-18:00|Péntek 06:00-18:00|Szombat 06:00-13:00|Vasárnap 07:00-11:00
3794;Csongrád;Boldva;Tompa Mihály út 2.;Szűcsné Kabdebon Krisztina;48.2199;20.7881;Hétfő 06:00-18:00|Kedd 06:00-18:00|Szerda 06:00-18:00|Csütörtök 06:00-18:00|Péntek 06:00-18:00|Szombat 06:00-13:00|Vasárnap 07:00-11:00
7754;Bács-Kiskun;Bóly;Nyárádi utca 2.;Malom Trafik Bt;45.9626;18.5233;Hétfő 05:30-19:00|Kedd 05:30-19:00|Szerda 05:30-19:00|Csütörtök 05:30-19:00|Péntek 05:30-19:00|Szombat 05:30-17:00|Vasárnap 06:00-12:00
7754;Bács-Kiskun;Bóly;Szabadság utca 13.;Tábori Adél Magdolna;45.9703;18.5124;Hétfő 05:00-20:00|Kedd 05:00-20:00|Szerda 05:00-20:00|Csütörtök 05:00-20:00|Péntek 05:00-20:00|Szombat 05:00-20:00|Vasárnap 08:00-12:00
7150;Borsod-Abaúj-Zemplén;Bonyhád;Fáy lakótelep 1. fszt. 2.;Puxler Éva;46.2945;18.5197;Hétfő 05:00-20:00|Kedd 05:00-20:00|Szerda 05:00-20:00|Csütörtök 05:00-20:00|Péntek 05:00-20:00|Szombat 05:00-20:00|Vasárnap 06:00-18:00
7150;Borsod-Abaúj-Zemplén;Bonyhád;Gyár utca 6.;Mátyás Éva;46.2981;18.5335;Hétfő 04:00-16:00|Kedd 04:00-16:00|Szerda 04:00-16:00|Csütörtök 04:00-16:00|Péntek 04:00-16:00|Szombat 04:00-12:00
7150;Borsod-Abaúj-Zemplén;Bonyhád;Perczel Mór utca 4.;Krähling József;46.2945;18.5197;Hétfő 05:00-20:00|Kedd 05:00-20:00|Szerda 05:00-20:00|Csütörtök 05:00-20:00|Péntek 05:00-20:00|Szombat 05:00-20:00|Vasárnap 06:00-18:00
7150;Borsod-Abaúj-Zemplén;Bonyhád;Széchenyi tér 11.;Krähling József;46.298;18.5319;Hétfő 05:00-22:00|Kedd 05:00-22:00|Szerda 05:00-22:00|Csütörtök 05:00-22:00|Péntek 05:00-22:00|Szombat 05:00-22:00|Vasárnap 05:00-22:00
7150;Borsod-Abaúj-Zemplén;Bonyhád;Vörösmarty tér 8.;Németh Gabriella;46.2945;18.5197;Hétfő 05:00-20:00|Kedd 05:00-20:00|Szerda 05:00-20:00|Csütörtök 05:00-20:00|Péntek 05:00-20:00|Szombat 05:00-20:00|Vasárnap 06:00-18:00
7150;Borsod-Abaúj-Zemplén;Bonyhád;Zrínyi utca 25.;Szabó Zoltán;46.2945;18.5197;Hétfő 05:00-20:00|Kedd 05:00-20:00|Szerda 05:00-20:00|Csütörtök 05:00-20:00|Péntek 05:00-20:00|Szombat 05:00-20:00|Vasárnap 06:00-18:00
6795;Borsod-Abaúj-Zemplén;Bordány;Kossuth Lajos utca 145.;Haddad Samir Trafik Bt;46.3208;19.9168;Hétfő 05:30-17:30|Kedd 05:30-17:30|Szerda 05:30-17:30|Csütörtök 05:30-17:30|Péntek 05:30-17:30|Szombat 06:00-14:00|Vasárnap 07:00-12:00
6795;Borsod-Abaúj-Zemplén;Bordány;Kossuth utca 60;Ráczné Tanács Aranka Rozália;46.3208;19.9168;Hétfő 05:30-17:30|Kedd 05:30-17:30|Szerda 05:30-17:30|Csütörtök 05:30-17:30|Péntek 05:30-17:30|Szombat 06:00-14:00|Vasárnap 07:00-12:00
9554;Nógrád;Borgáta;Berzsenyi utca 45.;Baracell Bt.;47.1704;17.121;Hétfő 06:00-11:00|Kedd 06:00-17:00|Szerda 06:00-17:00|Csütörtök 06:00-17:00|Péntek 06:00-17:00|Szombat 07:00-11:00|Vasárnap 08:00-11:00
3671;Borsod-Abaúj-Zemplén;Borsodnádasd;Kővágó utca 16.;Pabe Trafik Bt.;48.1224;20.2454;Hétfő 06:00-18:30|Kedd 06:00-18:30|Szerda 06:00-18:30|Csütörtök 06:00-18:30|Péntek 06:00-18:30|Szombat 06:00-13:30|Vasárnap 07:00-11:00
8428;Vas;Borzavár;Diófa utca 1.;Gurdon Lajosné;47.2935;17.8367;Hétfő 06:00-18:00|Kedd 06:00-18:00|Szerda 06:00-18:00|Csütörtök 06:00-18:00|Péntek 06:00-18:00|Szombat 06:00-12:00|Vasárnap 07:00-09:00
9167;Somogy;Bősárkány;Petőfi út 40.;Mmtrafik Dohányértékesítő Kkt;47.6914;17.248;Hétfő 05:00-16:30|Kedd 05:00-16:30|Szerda 05:00-16:30|Csütörtök 05:00-16:30|Péntek 05:00-16:30|Szombat 05:00-12:00|Vasárnap 07:00-10:00
7900;Győr-Moson-Sopron;Botykapeterd;Almás patak 5.;Kubala Bt.;46.0458;17.8037;Hétfő 08:00-16:00|Kedd 08:00-16:00|Szerda 08:00-16:00|Csütörtök 08:00-16:00|Péntek 08:00-16:00|Szombat 08:00-12:00
7900;Győr-Moson-Sopron;Botykapeterd;Deák Ferenc tér 2;Bolygó Sándor;46.0458;17.8037;Hétfő 08:00-16:00|Kedd 08:00-16:00|Szerda 08:00-16:00|Csütörtök 08:00-16:00|Péntek 08:00-16:00|Szombat 08:00-12:00
7900;Győr-Moson-Sopron;Botykapeterd;József A. utca 75;Szigetvári Pipa Bt.;46.0458;17.8037;Hétfő 08:00-16:00|Kedd 08:00-16:00|Szerda 08:00-16:00|Csütörtök 08:00-16:00|Péntek 08:00-16:00|Szombat 08:00-12:00
7900;Győr-Moson-Sopron;Botykapeterd;Piactér HRSZ. 43/7.;Horváthné Cserveni Erzsébet;46.0458;17.8037;Hétfő 08:00-16:00|Kedd 08:00-16:00|Szerda 08:00-16:00|Csütörtök 08:00-16:00|Péntek 08:00-16:00|Szombat 08:00-12:00
7900;Győr-Moson-Sopron;Botykapeterd;Széchenyi utca 59.;Rajczi Trafik Bt.;46.047;17.7918;Hétfő 07:00-19:00|Kedd 07:00-19:00|Szerda 07:00-19:00|Csütörtök 07:00-19:00|Péntek 07:00-19:00|Szombat 08:00-18:00|Vasárnap 08:00-18:00
7900;Győr-Moson-Sopron;Botykapeterd;Szent István lakótelep 1.;Pöfékelő Bt.;46.0458;17.8037;Hétfő 08:00-16:00|Kedd 08:00-16:00|Szerda 08:00-16:00|Csütörtök 08:00-16:00|Péntek 08:00-16:00|Szombat 08:00-12:00
5527;Békés;Bucsa;Kossuth Lajos utca 64.;Lengyel Magdolna;47.2065;20.9935;Hétfő 06:00-18:00|Kedd 06:00-18:00|Szerda 06:00-18:00|Csütörtök 06:00-18:00|Péntek 06:00-18:00|Szombat 06:00-14:00|Vasárnap 06:00-14:00
5527;Békés;Bucsa;Kossuth utca 35/A.;Ivica Bt.;47.2034;20.9995;Hétfő 06:00-18:00|Kedd 06:00-18:00|Szerda 06:00-18:00|Csütörtök 06:00-18:00|Péntek 06:00-18:00|Szombat 06:00-12:00|Vasárnap 07:00-12:00
2011;Pest;Budakalász;Budai út 15.;Kalászi Dohány Bt.;47.6265;19.0467;Hétfő 06:00-18:00|Kedd 06:00-18:00|Szerda 06:00-18:00|Csütörtök 06:00-18:00|Péntek 06:00-18:00|Szombat 06:00-14:00|Vasárnap 07:00-12:00
2011;Pest;Budakalász;Budai út 8.;Régi Duna Bt;47.6265;19.0467;Hétfő 06:00-18:00|Kedd 06:00-18:00|Szerda 06:00-18:00|Csütörtök 06:00-18:00|Péntek 06:00-18:00|Szombat 06:00-14:00|Vasárnap 07:00-12:00
2011;Pest;Budakalász;HRSZ. 1861/13. (Omszk park 1.);Mészáros János;47.6265;19.0467;Hétfő 06:00-18:00|Kedd 06:00-18:00|Szerda 06:00-18:00|Csütörtök 06:00-18:00|Péntek 06:00-18:00|Szombat 06:00-14:00|Vasárnap 07:00-12:00
2011;Pest;Budakalász;Omszk park 4.;Bono Contact Bt.;47.6265;19.0467;Hétfő 06:00-18:00|Kedd 06:00-18:00|Szerda 06:00-18:00|Csütörtök 06:00-18:00|Péntek 06:00-18:00|Szombat 06:00-14:00|Vasárnap 07:00-12:00
2011;Pest;Budakalász;Vasút sor 9.;Szöszi Tobacco Bt.;47.6265;19.0467;Hétfő 06:00-18:00|Kedd 06:00-18:00|Szerda 06:00-18:00|Csütörtök 06:00-18:00|Péntek 06:00-18:00|Szombat 06:00-14:00|Vasárnap 07:00-12:00
2092;Pest;Budakeszi;Dózsa György tér 1/A.;KESZI TABAK-SHOP Bt.;47.4993;18.9157;Hétfő 08:00-20:00|Kedd 08:00-20:00|Szerda 08:00-20:00|Csütörtök 08:00-20:00|Péntek 08:00-20:00|Szombat 08:00-20:00|Vasárnap 09:00-19:00
2092;Pest;Budakeszi;Fő utca 121.;Keszi Dohány Bt;47.4993;18.9157;Hétfő 08:00-20:00|Kedd 08:00-20:00|Szerda 08:00-20:00|Csütörtök 08:00-20:00|Péntek 08:00-20:00|Szombat 08:00-20:00|Vasárnap 09:00-19:00
2092;Pest;Budakeszi;Fő utca 212.;Dohány-Trend Bt.;47.5090685;18.927664767978676;Hétfő 06:00-20:00|Kedd 06:00-20:00|Szerda 06:00-20:00|Csütörtök 06:00-20:00|Péntek 07:00-21:00|Szombat 07:00-21:00|Vasárnap 07:00-20:00
2092;Pest;Budakeszi;Fő utca 40-42.;Emporio Tabacum Bt.;47.4993;18.9157;Hétfő 08:00-20:00|Kedd 08:00-20:00|Szerda 08:00-20:00|Csütörtök 08:00-20:00|Péntek 08:00-20:00|Szombat 08:00-20:00|Vasárnap 09:00-19:00
2092;Pest;Budakeszi;Széchenyi utca 55.;NF-Tabak Bt.;47.4993;18.9157;Hétfő 08:00-20:00|Kedd 08:00-20:00|Szerda 08:00-20:00|Csütörtök 08:00-20:00|Péntek 08:00-20:00|Szombat 08:00-20:00|Vasárnap 09:00-19:00
2040;Pest;Budaörs;Budaörsi McDonald's HRSZ. 0101.;Dohány-Trend Bt;47.460294;18.943597;Hétfő 07:00-20:00|Kedd 07:00-20:00|Szerda 07:00-20:00|Csütörtök 07:00-20:00|Péntek 07:00-20:00|Szombat 08:00-16:00|Vasárnap 08:00-13:00
2040;Pest;Budaörs;Budapesti út 124.;Dostal Józsefné;47.4629314;18.9798661;Hétfő 06:00-22:00|Kedd 06:00-22:00|Szerda 06:00-22:00|Csütörtök 06:00-22:00|Péntek 06:00-22:00|Szombat 06:00-22:00|Vasárnap 06:00-22:00
2040;Pest;Budaörs;Budapesti út 61-63.;Éliás Gábor;47.460294;18.943597;Hétfő 07:00-20:00|Kedd 07:00-20:00|Szerda 07:00-20:00|Csütörtök 07:00-20:00|Péntek 07:00-20:00|Szombat 08:00-16:00|Vasárnap 08:00-13:00
2040;Pest;Budaörs;Károly király utca 68.;Nyitrai és Társa Bt.;47.460294;18.943597;Hétfő 07:00-20:00|Kedd 07:00-20:00|Szerda 07:00-20:00|Csütörtök 07:00-20:00|Péntek 07:00-20:00|Szombat 08:00-16:00|Vasárnap 08:00-13:00
2040;Pest;Budaörs;Lévai utca 33.;Rozinka-Turcsák Melinda;47.460294;18.943597;Hétfő 07:00-20:00|Kedd 07:00-20:00|Szerda 07:00-20:00|Csütörtök 07:00-20:00|Péntek 07:00-20:00|Szombat 08:00-16:00|Vasárnap 08:00-13:00
2040;Pest;Budaörs;Sport utca 2-4;Mészáros János;47.460294;18.943597;Hétfő 07:00-20:00|Kedd 07:00-20:00|Szerda 07:00-20:00|Csütörtök 07:00-20:00|Péntek 07:00-20:00|Szombat 08:00-16:00|Vasárnap 08:00-13:00
2040;Pest;Budaörs;Szabadság út 141-143.;Hajdúk Dohány Bt.;47.4603;18.9416;Hétfő 06:00-20:00|Kedd 06:00-20:00|Szerda 06:00-20:00|Csütörtök 06:00-20:00|Péntek 06:00-20:00|Szombat 08:00-15:00|Vasárnap 08:00-15:00
2040;Pest;Budaörs;Szabadság út 52-54.;Citypont Bt.;47.4612853;18.957234594321463;Hétfő 06:00-21:00|Kedd 06:00-21:00|Szerda 06:00-21:00|Csütörtök 06:00-21:00|Péntek 06:00-21:00|Szombat 06:00-20:00|Vasárnap 07:00-18:00
2040;Pest;Budaörs;Szabadság utca 106.;Dudus Trafik Bt.;47.4609;18.9503;Hétfő 07:00-19:00|Kedd 07:00-19:00|Szerda 07:00-19:00|Csütörtök 07:00-19:00|Péntek 07:00-19:00|Szombat 08:00-16:00
2040;Pest;Budaörs;Szivárvány utca 3;Harangi Gergely László;47.460294;18.943597;Hétfő 07:00-20:00|Kedd 07:00-20:00|Szerda 07:00-20:00|Csütörtök 07:00-20:00|Péntek 07:00-20:00|Szombat 08:00-16:00|Vasárnap 08:00-13:00
2040;Pest;Budaörs;Templom tér 20.;Hori Trafik Bt.;47.460294;18.943597;Hétfő 07:00-20:00|Kedd 07:00-20:00|Szerda 07:00-20:00|Csütörtök 07:00-20:00|Péntek 07:00-20:00|Szombat 08:00-16:00|Vasárnap 08:00-13:00
1011;Pest;Budapest;01. ker. Batthyány tér HÉV végállomás 014445 hrsz.;Ksmith Cigarette Bt;47.489065;19.259249;Hétfő 05:00-20:30|Kedd 05:00-20:30|Szerda 05:00-20:30|Csütörtök 05:00-20:30|Péntek 05:00-20:30|Szombat 00:00-23:59|Vasárnap 06:00-12:00
1015;Pest;Budapest;01. ker. Batthyány utca 28;Naphegy Tabak Bt.;47.489065;19.259249;Hétfő 05:00-20:30|Kedd 05:00-20:30|Szerda 05:00-20:30|Csütörtök 05:00-20:30|Péntek 05:00-20:30|Szombat 00:00-23:59|Vasárnap 06:00-12:00
1013;Pest;Budapest;01. ker. Déli pályaudvar peronszint utca front;GEGO Cigarette Bt.;47.489065;19.259249;Hétfő 05:00-20:30|Kedd 05:00-20:30|Szerda 05:00-20:30|Csütörtök 05:00-20:30|Péntek 05:00-20:30|Szombat 00:00-23:59|Vasárnap 06:00-12:00
1015;Pest;Budapest;01. ker. Fő utca 37/C.;GEGO Cigarette Bt.;47.489065;19.259249;Hétfő 05:00-20:30|Kedd 05:00-20:30|Szerda 05:00-20:30|Csütörtök 05:00-20:30|Péntek 05:00-20:30|Szombat 00:00-23:59|Vasárnap 06:00-12:00
1016;Pest;Budapest;01. ker. Naphegy tér 3.;Naphegy Tabak Bt.;47.489065;19.259249;Hétfő 05:00-20:30|Kedd 05:00-20:30|Szerda 05:00-20:30|Csütörtök 05:00-20:30|Péntek 05:00-20:30|Szombat 00:00-23:59|Vasárnap 06:00-12:00
1023;Pest;Budapest;02. ker. Árpád Fejedelem útja 8.;Rikicsi Tabak Bt.;47.489065;19.259249;Hétfő 05:00-20:30|Kedd 05:00-20:30|Szerda 05:00-20:30|Csütörtök 05:00-20:30|Péntek 05:00-20:30|Szombat 00:00-23:59|Vasárnap 06:00-12:00
1027;Pest;Budapest;02. ker. Csalogány utca 53;The Tobacconist Bt;47.489065;19.259249;Hétfő 05:00-20:30|Kedd 05:00-20:30|Szerda 05:00-20:30|Csütörtök 05:00-20:30|Péntek 05:00-20:30|Szombat 00:00-23:59|Vasárnap 06:00-12:00
1025;Pest;Budapest;02. ker. Csatárka út 58.;Kut Tabak Bt;47.489065;19.259249;Hétfő 05:00-20:30|Kedd 05:00-20:30|Szerda 05:00-20:30|Csütörtök 05:00-20:30|Péntek 05:00-20:30|Szombat 00:00-23:59|Vasárnap 06:00-12:00
1027;Pest;Budapest;02. ker. Fő utca 92.;Rózsavölgyi-Trafik Bt;47.489065;19.259249;Hétfő 05:00-20:30|Kedd 05:00-20:30|Szerda 05:00-20:30|Csütörtök 05:00-20:30|Péntek 05:00-20:30|Szombat 00:00-23:59|Vasárnap 06:00-12:00
1023;Pest;Budapest;02. ker. Frankel Leó 21-23.;Vsmith Tobacco Bt.;47.489065;19.259249;Hétfő 05:00-20:30|Kedd 05:00-20:30|Szerda 05:00-20:30|Csütörtök 05:00-20:30|Péntek 05:00-20:30|Szombat 00:00-23:59|Vasárnap 06:00-12:00
1026;Pest;Budapest;02. ker. Kelemen László 14/A.;PSB Tabak Bt;47.489065;19.259249;Hétfő 05:00-20:30|Kedd 05:00-20:30|Szerda 05:00-20:30|Csütörtök 05:00-20:30|Péntek 05:00-20:30|Szombat 00:00-23:59|Vasárnap 06:00-12:00
1024;Pest;Budapest;02. ker. Lövőház utca 12;Natrade Dohány Bt;47.489065;19.259249;Hétfő 05:00-20:30|Kedd 05:00-20:30|Szerda 05:00-20:30|Csütörtök 05:00-20:30|Péntek 05:00-20:30|Szombat 00:00-23:59|Vasárnap 06:00-12:00
1024;Pest;Budapest;02. ker. Lövőház utca 17.;The Tobacconist Bt;47.489065;19.259249;Hétfő 05:00-20:30|Kedd 05:00-20:30|Szerda 05:00-20:30|Csütörtök 05:00-20:30|Péntek 05:00-20:30|Szombat 00:00-23:59|Vasárnap 06:00-12:00
1024;Pest;Budapest;02. ker. Lövőház utca 2-6;Natrade Dohány Bt;47.489065;19.259249;Hétfő 05:00-20:30|Kedd 05:00-20:30|Szerda 05:00-20:30|Csütörtök 05:00-20:30|Péntek 05:00-20:30|Szombat 00:00-23:59|Vasárnap 06:00-12:00
1027;Pest;Budapest;02. ker. Margit körút 1.;Hídfő Tabak Bt;47.489065;19.259249;Hétfő 05:00-20:30|Kedd 05:00-20:30|Szerda 05:00-20:30|Csütörtök 05:00-20:30|Péntek 05:00-20:30|Szombat 00:00-23:59|Vasárnap 06:00-12:00
1024;Pest;Budapest;02. ker. Margit körút 105.;Vsmith Tobacco Bt.;47.489065;19.259249;Hétfő 05:00-20:30|Kedd 05:00-20:30|Szerda 05:00-20:30|Csütörtök 05:00-20:30|Péntek 05:00-20:30|Szombat 00:00-23:59|Vasárnap 06:00-12:00
1024;Pest;Budapest;02. ker. Margit körút 50-52.;Vsmith Tobacco Bt.;47.489065;19.259249;Hétfő 05:00-20:30|Kedd 05:00-20:30|Szerda 05:00-20:30|Csütörtök 05:00-20:30|Péntek 05:00-20:30|Szombat 00:00-23:59|Vasárnap 06:00-12:00
1024;Pest;Budapest;02. ker. Margit körút 95.;Joker G&N Bt.;47.489065;19.259249;Hétfő 05:00-20:30|Kedd 05:00-20:30|Szerda 05:00-20:30|Csütörtök 05:00-20:30|Péntek 05:00-20:30|Szombat 00:00-23:59|Vasárnap 06:00-12:00
1028;Pest;Budapest;02. ker. Máriaremetei út 1.;Borosi Tabak-Shop Bt;47.489065;19.259249;Hétfő 05:00-20:30|Kedd 05:00-20:30|Szerda 05:00-20:30|Csütörtök 05:00-20:30|Péntek 05:00-20:30|Szombat 00:00-23:59|Vasárnap 06:00-12:00
1025;Pest;Budapest;02. ker. Törökvész út 76.;Feld Tabak Bt;47.489065;19.259249;Hétfő 05:00-20:30|Kedd 05:00-20:30|Szerda 05:00-20:30|Csütörtök 05:00-20:30|Péntek 05:00-20:30|Szombat 00:00-23:59|Vasárnap 06:00-12:00
1025;Pest;Budapest;02. ker. Törökvész út 87-91.;Abundantia Damavand Cigars Dohánytermékek Kereskedelmi Bt.;47.489065;19.259249;Hétfő 05:00-20:30|Kedd 05:00-20:30|Szerda 05:00-20:30|Csütörtök 05:00-20:30|Péntek 05:00-20:30|Szombat 00:00-23:59|Vasárnap 06:00-12:00
1027;Pest;Budapest;02. ker. Varsányi Irén utca 1.;Cseszter- Dohány Bt;47.489065;19.259249;Hétfő 05:00-20:30|Kedd 05:00-20:30|Szerda 05:00-20:30|Csütörtök 05:00-20:30|Péntek 05:00-20:30|Szombat 00:00-23:59|Vasárnap 06:00-12:00
1032;Pest;Budapest;03. ker. Ágoston utca 1;Fortuna Dohánybolt Bt;47.489065;19.259249;Hétfő 05:00-20:30|Kedd 05:00-20:30|Szerda 05:00-20:30|Csütörtök 05:00-20:30|Péntek 05:00-20:30|Szombat 00:00-23:59|Vasárnap 06:00-12:00
1032;Pest;Budapest;03. ker. Bécsi út 136.;Mizacor-trade 2002 Bt.;47.489065;19.259249;Hétfő 05:00-20:30|Kedd 05:00-20:30|Szerda 05:00-20:30|Csütörtök 05:00-20:30|Péntek 05:00-20:30|Szombat 00:00-23:59|Vasárnap 06:00-12:00
1037;Pest;Budapest;03. ker. Bécsi út 319.;Szemerédi Zsanett;47.489065;19.259249;Hétfő 05:00-20:30|Kedd 05:00-20:30|Szerda 05:00-20:30|Csütörtök 05:00-20:30|Péntek 05:00-20:30|Szombat 00:00-23:59|Vasárnap 06:00-12:00
1036;Pest;Budapest;03. ker. Bécsi út 38-44;Borosi Tabak-Shop Bt;47.489065;19.259249;Hétfő 05:00-20:30|Kedd 05:00-20:30|Szerda 05:00-20:30|Csütörtök 05:00-20:30|Péntek 05:00-20:30|Szombat 00:00-23:59|Vasárnap 06:00-12:00
1039;Pest;Budapest;03. ker. Boglár utca 5.;Nívó-Trafik Bt.;47.489065;19.259249;Hétfő 05:00-20:30|Kedd 05:00-20:30|Szerda 05:00-20:30|Csütörtök 05:00-20:30|Péntek 05:00-20:30|Szombat 00:00-23:59|Vasárnap 06:00-12:00
1039;Pest;Budapest;03. ker. Heltai Jenő tér 2.;Vida János Lászlóné;47.489065;19.259249;Hétfő 05:00-20:30|Kedd 05:00-20:30|Szerda 05:00-20:30|Csütörtök 05:00-20:30|Péntek 05:00-20:30|Szombat 00:00-23:59|Vasárnap 06:00-12:00
1039;Pest;Budapest;03. ker. Heltai Jenő tér 3.;Orczy Tabak Bt;47.489065;19.259249;Hétfő 05:00-20:30|Kedd 05:00-20:30|Szerda 05:00-20:30|Csütörtök 05:00-20:30|Péntek 05:00-20:30|Szombat 00:00-23:59|Vasárnap 06:00-12:00
1039;Pest;Budapest;03. ker. Hímző utca 12.;Kazánkovács Bt.;47.489065;19.259249;Hétfő 05:00-20:30|Kedd 05:00-20:30|Szerda 05:00-20:30|Csütörtök 05:00-20:30|Péntek 05:00-20:30|Szombat 00:00-23:59|Vasárnap 06:00-12:00
1038;Pest;Budapest;03. ker. Hollós Korvin Lajos utca 6.;Dohány és Ital Shop Bt;47.489065;19.259249;Hétfő 05:00-20:30|Kedd 05:00-20:30|Szerda 05:00-20:30|Csütörtök 05:00-20:30|Péntek 05:00-20:30|Szombat 00:00-23:59|Vasárnap 06:00-12:00
1039;Pest;Budapest;03. ker. Jendrassik utca 2.;Happy Trafik Bt.;47.489065;19.259249;Hétfő 05:00-20:30|Kedd 05:00-20:30|Szerda 05:00-20:30|Csütörtök 05:00-20:30|Péntek 05:00-20:30|Szombat 00:00-23:59|Vasárnap 06:00-12:00
1031;Pest;Budapest;03. ker. Keve utca 45/b;Lettrich Terézia Mária;47.489065;19.259249;Hétfő 05:00-20:30|Kedd 05:00-20:30|Szerda 05:00-20:30|Csütörtök 05:00-20:30|Péntek 05:00-20:30|Szombat 00:00-23:59|Vasárnap 06:00-12:00
1032;Pest;Budapest;03. ker. Kiscelli utca 14;Orczy Tabak Bt;47.489065;19.259249;Hétfő 05:00-20:30|Kedd 05:00-20:30|Szerda 05:00-20:30|Csütörtök 05:00-20:30|Péntek 05:00-20:30|Szombat 00:00-23:59|Vasárnap 06:00-12:00
1033;Pest;Budapest;03. ker. Köles utca 1.;Arany Pipafüst Bt;47.489065;19.259249;Hétfő 05:00-20:30|Kedd 05:00-20:30|Szerda 05:00-20:30|Csütörtök 05:00-20:30|Péntek 05:00-20:30|Szombat 00:00-23:59|Vasárnap 06:00-12:00
1034;Pest;Budapest;03. ker. Kolosy tér 5-6;Fibaroson Bt;47.489065;19.259249;Hétfő 05:00-20:30|Kedd 05:00-20:30|Szerda 05:00-20:30|Csütörtök 05:00-20:30|Péntek 05:00-20:30|Szombat 00:00-23:59|Vasárnap 06:00-12:00
1039;Pest;Budapest;03. ker. Madzsar József utca 9-11.;Palus Trafik Bt;47.489065;19.259249;Hétfő 05:00-20:30|Kedd 05:00-20:30|Szerda 05:00-20:30|Csütörtök 05:00-20:30|Péntek 05:00-20:30|Szombat 00:00-23:59|Vasárnap 06:00-12:00
1039;Pest;Budapest;03. ker. Mátyás király út 82;Huntrafik Bt;47.489065;19.259249;Hétfő 05:00-20:30|Kedd 05:00-20:30|Szerda 05:00-20:30|Csütörtök 05:00-20:30|Péntek 05:00-20:30|Szombat 00:00-23:59|Vasárnap 06:00-12:00
1039;Pest;Budapest;03. ker. Pablo Neruda utca 1-2.;Katra-Sala Kkt;47.489065;19.259249;Hétfő 05:00-20:30|Kedd 05:00-20:30|Szerda 05:00-20:30|Csütörtök 05:00-20:30|Péntek 05:00-20:30|Szombat 00:00-23:59|Vasárnap 06:00-12:00
1036;Pest;Budapest;03. ker. Pacsirtamező utca 22/B.;Nagy A Dohány Bt.;47.489065;19.259249;Hétfő 05:00-20:30|Kedd 05:00-20:30|Szerda 05:00-20:30|Csütörtök 05:00-20:30|Péntek 05:00-20:30|Szombat 00:00-23:59|Vasárnap 06:00-12:00
1036;Pest;Budapest;03. ker. Pacsirtamező utca 49.;Bármikor 71 Bt;47.489065;19.259249;Hétfő 05:00-20:30|Kedd 05:00-20:30|Szerda 05:00-20:30|Csütörtök 05:00-20:30|Péntek 05:00-20:30|Szombat 00:00-23:59|Vasárnap 06:00-12:00
1031;Pest;Budapest;03. ker. Római tér 1.;Nívó-Trafik Bt.;47.489065;19.259249;Hétfő 05:00-20:30|Kedd 05:00-20:30|Szerda 05:00-20:30|Csütörtök 05:00-20:30|Péntek 05:00-20:30|Szombat 00:00-23:59|Vasárnap 06:00-12:00
1035;Pest;Budapest;03. ker. Szentendrei út 12;Káldex Hungary Bt.;47.489065;19.259249;Hétfő 05:00-20:30|Kedd 05:00-20:30|Szerda 05:00-20:30|Csütörtök 05:00-20:30|Péntek 05:00-20:30|Szombat 00:00-23:59|Vasárnap 06:00-12:00
1035;Pest;Budapest;03. ker. Szentendrei út 34.;Cipido Trafik Bt.;47.489065;19.259249;Hétfő 05:00-20:30|Kedd 05:00-20:30|Szerda 05:00-20:30|Csütörtök 05:00-20:30|Péntek 05:00-20:30|Szombat 00:00-23:59|Vasárnap 06:00-12:00
1035;Pest;Budapest;03. ker. Szentendrei út 36/a;Royal Trafik Bt.;47.489065;19.259249;Hétfő 05:00-20:30|Kedd 05:00-20:30|Szerda 05:00-20:30|Csütörtök 05:00-20:30|Péntek 05:00-20:30|Szombat 00:00-23:59|Vasárnap 06:00-12:00
1032;Pest;Budapest;03. ker. Szőlő utca 94.;Bármikor 71 Bt;47.489065;19.259249;Hétfő 05:00-20:30|Kedd 05:00-20:30|Szerda 05:00-20:30|Csütörtök 05:00-20:30|Péntek 05:00-20:30|Szombat 00:00-23:59|Vasárnap 06:00-12:00
1039;Pest;Budapest;03. ker. Viziorgona utca 3.;Pelgreen Trade Bt;47.489065;19.259249;Hétfő 05:00-20:30|Kedd 05:00-20:30|Szerda 05:00-20:30|Csütörtök 05:00-20:30|Péntek 05:00-20:30|Szombat 00:00-23:59|Vasárnap 06:00-12:00
1035;Pest;Budapest;03. ker. Vörösvári út 43.;Bagó Centrum Bt;47.489065;19.259249;Hétfő 05:00-20:30|Kedd 05:00-20:30|Szerda 05:00-20:30|Csütörtök 05:00-20:30|Péntek 05:00-20:30|Szombat 00:00-23:59|Vasárnap 06:00-12:00
1042;Pest;Budapest;04. ker. Árpád út 62;Nemes Tobacco Bt;47.489065;19.259249;Hétfő 05:00-20:30|Kedd 05:00-20:30|Szerda 05:00-20:30|Csütörtök 05:00-20:30|Péntek 05:00-20:30|Szombat 00:00-23:59|Vasárnap 06:00-12:00
1042;Pest;Budapest;04. ker. Árpád út 90-92.;Pék György István;47.489065;19.259249;Hétfő 05:00-20:30|Kedd 05:00-20:30|Szerda 05:00-20:30|Csütörtök 05:00-20:30|Péntek 05:00-20:30|Szombat 00:00-23:59|Vasárnap 06:00-12:00
1042;Pest;Budapest;04. ker. Árpád út 95;Nemes Tobacco Bt;47.489065;19.259249;Hétfő 05:00-20:30|Kedd 05:00-20:30|Szerda 05:00-20:30|Csütörtök 05:00-20:30|Péntek 05:00-20:30|Szombat 00:00-23:59|Vasárnap 06:00-12:00
1041;Pest;Budapest;04. ker. Árpád-István út Metró aluljáró 1;Enzsöl Zsuzsanna;47.489065;19.259249;Hétfő 05:00-20:30|Kedd 05:00-20:30|Szerda 05:00-20:30|Csütörtök 05:00-20:30|Péntek 05:00-20:30|Szombat 00:00-23:59|Vasárnap 06:00-12:00
1047;Pest;Budapest;04. ker. Attila utca 12-18. A épület fszt. 4.;Trafik 4 You Bt.;47.489065;19.259249;Hétfő 05:00-20:30|Kedd 05:00-20:30|Szerda 05:00-20:30|Csütörtök 05:00-20:30|Péntek 05:00-20:30|Szombat 00:00-23:59|Vasárnap 06:00-12:00
1046;Pest;Budapest;04. ker. Baross utca 130.;Fehér-Ifju Ivett;47.489065;19.259249;Hétfő 05:00-20:30|Kedd 05:00-20:30|Szerda 05:00-20:30|Csütörtök 05:00-20:30|Péntek 05:00-20:30|Szombat 00:00-23:59|Vasárnap 06:00-12:00
1047;Pest;Budapest;04. ker. Baross utca 88.;Bán Trafik Bt.;47.489065;19.259249;Hétfő 05:00-20:30|Kedd 05:00-20:30|Szerda 05:00-20:30|Csütörtök 05:00-20:30|Péntek 05:00-20:30|Szombat 00:00-23:59|Vasárnap 06:00-12:00
1043;Pest;Budapest;04. ker. Berda József utca 50-54.;Trafik 4 You Bt.;47.489065;19.259249;Hétfő 05:00-20:30|Kedd 05:00-20:30|Szerda 05:00-20:30|Csütörtök 05:00-20:30|Péntek 05:00-20:30|Szombat 00:00-23:59|Vasárnap 06:00-12:00
1041;Pest;Budapest;04. ker. Berzeviczy Gergely utca 17. A. ép.;GL Building Trafik Bt;47.489065;19.259249;Hétfő 05:00-20:30|Kedd 05:00-20:30|Szerda 05:00-20:30|Csütörtök 05:00-20:30|Péntek 05:00-20:30|Szombat 00:00-23:59|Vasárnap 06:00-12:00
1042;Pest;Budapest;04. ker. Csányi László utca 9-11.;Garinex-Trade Bt.;47.489065;19.259249;Hétfő 05:00-20:30|Kedd 05:00-20:30|Szerda 05:00-20:30|Csütörtök 05:00-20:30|Péntek 05:00-20:30|Szombat 00:00-23:59|Vasárnap 06:00-12:00
1048;Pest;Budapest;04. ker. Csíkszentiván utca 6.;GL Building Trafik Bt;47.489065;19.259249;Hétfő 05:00-20:30|Kedd 05:00-20:30|Szerda 05:00-20:30|Csütörtök 05:00-20:30|Péntek 05:00-20:30|Szombat 00:00-23:59|Vasárnap 06:00-12:00
1046;Pest;Budapest;04. ker. Eperjesi utca 1/A:;MJ-King Trafik Bt.;47.489065;19.259249;Hétfő 05:00-20:30|Kedd 05:00-20:30|Szerda 05:00-20:30|Csütörtök 05:00-20:30|Péntek 05:00-20:30|Szombat 00:00-23:59|Vasárnap 06:00-12:00
1046;Pest;Budapest;04. ker. Erdősor utca 3-5;Csajszik Vend.Ker. és Szolg. Bt;47.489065;19.259249;Hétfő 05:00-20:30|Kedd 05:00-20:30|Szerda 05:00-20:30|Csütörtök 05:00-20:30|Péntek 05:00-20:30|Szombat 00:00-23:59|Vasárnap 06:00-12:00
1044;Pest;Budapest;04. ker. Garam utca 3.;Szabal Trafik Bt;47.489065;19.259249;Hétfő 05:00-20:30|Kedd 05:00-20:30|Szerda 05:00-20:30|Csütörtök 05:00-20:30|Péntek 05:00-20:30|Szombat 00:00-23:59|Vasárnap 06:00-12:00
1042;Pest;Budapest;04. ker. Király utca 27/2.;Bagó Trafik Bt.;47.489065;19.259249;Hétfő 05:00-20:30|Kedd 05:00-20:30|Szerda 05:00-20:30|Csütörtök 05:00-20:30|Péntek 05:00-20:30|Szombat 00:00-23:59|Vasárnap 06:00-12:00
1048;Pest;Budapest;04. ker. Kordován tér 13.;Nane 3000 Bt.;47.489065;19.259249;Hétfő 05:00-20:30|Kedd 05:00-20:30|Szerda 05:00-20:30|Csütörtök 05:00-20:30|Péntek 05:00-20:30|Szombat 00:00-23:59|Vasárnap 06:00-12:00
1042;Pest;Budapest;04. ker. Lebstück Mária utca 45.;Satarel Trafik Ker. Bt;47.489065;19.259249;Hétfő 05:00-20:30|Kedd 05:00-20:30|Szerda 05:00-20:30|Csütörtök 05:00-20:30|Péntek 05:00-20:30|Szombat 00:00-23:59|Vasárnap 06:00-12:00
1048;Pest;Budapest;04. ker. Megyeri út 205. C ép.;Trafikárium Tabak Bt.;47.489065;19.259249;Hétfő 05:00-20:30|Kedd 05:00-20:30|Szerda 05:00-20:30|Csütörtök 05:00-20:30|Péntek 05:00-20:30|Szombat 00:00-23:59|Vasárnap 06:00-12:00
1044;Pest;Budapest;04. ker. Megyeri út 53.;Füstölgő-trafik Bt;47.489065;19.259249;Hétfő 05:00-20:30|Kedd 05:00-20:30|Szerda 05:00-20:30|Csütörtök 05:00-20:30|Péntek 05:00-20:30|Szombat 00:00-23:59|Vasárnap 06:00-12:00
1044;Pest;Budapest;04. ker. Megyeri út 56/A.;P.L.H. Tobacco Bt;47.489065;19.259249;Hétfő 05:00-20:30|Kedd 05:00-20:30|Szerda 05:00-20:30|Csütörtök 05:00-20:30|Péntek 05:00-20:30|Szombat 00:00-23:59|Vasárnap 06:00-12:00
1044;Pest;Budapest;04. ker. Megyeri út 86-88.;Kattra András;47.489065;19.259249;Hétfő 05:00-20:30|Kedd 05:00-20:30|Szerda 05:00-20:30|Csütörtök 05:00-20:30|Péntek 05:00-20:30|Szombat 00:00-23:59|Vasárnap 06:00-12:00
1046;Pest;Budapest;04. ker. Nádor 38. fszt.;Simon Sándorné;47.489065;19.259249;Hétfő 05:00-20:30|Kedd 05:00-20:30|Szerda 05:00-20:30|Csütörtök 05:00-20:30|Péntek 05:00-20:30|Szombat 00:00-23:59|Vasárnap 06:00-12:00
1043;Pest;Budapest;04. ker. Nap 16.;Vida János Lászlóné;47.489065;19.259249;Hétfő 05:00-20:30|Kedd 05:00-20:30|Szerda 05:00-20:30|Csütörtök 05:00-20:30|Péntek 05:00-20:30|Szombat 00:00-23:59|Vasárnap 06:00-12:00
1046;Pest;Budapest;04. ker. Óceánárok utca 29;Gyöngy&Gyöngy Bt;47.489065;19.259249;Hétfő 05:00-20:30|Kedd 05:00-20:30|Szerda 05:00-20:30|Csütörtök 05:00-20:30|Péntek 05:00-20:30|Szombat 00:00-23:59|Vasárnap 06:00-12:00
1042;Pest;Budapest;04. ker. Petőfi u.- István utca sarok;Függőség Bt;47.489065;19.259249;Hétfő 05:00-20:30|Kedd 05:00-20:30|Szerda 05:00-20:30|Csütörtök 05:00-20:30|Péntek 05:00-20:30|Szombat 00:00-23:59|Vasárnap 06:00-12:00
1041;Pest;Budapest;04. ker. Rózsa utca 73.;Nemes Tobacco Bt;47.489065;19.259249;Hétfő 05:00-20:30|Kedd 05:00-20:30|Szerda 05:00-20:30|Csütörtök 05:00-20:30|Péntek 05:00-20:30|Szombat 00:00-23:59|Vasárnap 06:00-12:00
1042;Pest;Budapest;04. ker. Rózsa utca Munkásotthon utca sarok;Törőpex Dohány Bt;47.489065;19.259249;Hétfő 05:00-20:30|Kedd 05:00-20:30|Szerda 05:00-20:30|Csütörtök 05:00-20:30|Péntek 05:00-20:30|Szombat 00:00-23:59|Vasárnap 06:00-12:00
1046;Pest;Budapest;04. ker. Szent Imre utca 1.;Tanács Istvánné;47.489065;19.259249;Hétfő 05:00-20:30|Kedd 05:00-20:30|Szerda 05:00-20:30|Csütörtök 05:00-20:30|Péntek 05:00-20:30|Szombat 00:00-23:59|Vasárnap 06:00-12:00
1041;Pest;Budapest;04. ker. Templom utca 1.;Csaszi Trafik Bt;47.489065;19.259249;Hétfő 05:00-20:30|Kedd 05:00-20:30|Szerda 05:00-20:30|Csütörtök 05:00-20:30|Péntek 05:00-20:30|Szombat 00:00-23:59|Vasárnap 06:00-12:00
1048;Pest;Budapest;04. ker. Ügető utca 2.;Nane 3000 Bt.;47.489065;19.259249;Hétfő 05:00-20:30|Kedd 05:00-20:30|Szerda 05:00-20:30|Csütörtök 05:00-20:30|Péntek 05:00-20:30|Szombat 00:00-23:59|Vasárnap 06:00-12:00
1054;Pest;Budapest;05. ker. Bajcsy Zs. 48.;RetroCity Bt.;47.489065;19.259249;Hétfő 05:00-20:30|Kedd 05:00-20:30|Szerda 05:00-20:30|Csütörtök 05:00-20:30|Péntek 05:00-20:30|Szombat 00:00-23:59|Vasárnap 06:00-12:00
1054;Pest;Budapest;05. ker. Bank utca 3.;Polovits György;47.489065;19.259249;Hétfő 05:00-20:30|Kedd 05:00-20:30|Szerda 05:00-20:30|Csütörtök 05:00-20:30|Péntek 05:00-20:30|Szombat 00:00-23:59|Vasárnap 06:00-12:00
1052;Pest;Budapest;05. ker. Deák tér metróállomás felszíni csarnok;Szivar Torony River Bt.;47.489065;19.259249;Hétfő 05:00-20:30|Kedd 05:00-20:30|Szerda 05:00-20:30|Csütörtök 05:00-20:30|Péntek 05:00-20:30|Szombat 00:00-23:59|Vasárnap 06:00-12:00
1051;Pest;Budapest;05. ker. Erzsébet tér 7-8;Szivar Torony City Bt;47.489065;19.259249;Hétfő 05:00-20:30|Kedd 05:00-20:30|Szerda 05:00-20:30|Csütörtök 05:00-20:30|Péntek 05:00-20:30|Szombat 00:00-23:59|Vasárnap 06:00-12:00
1052;Pest;Budapest;05. ker. Ferenciek tere 10.;Szivar Torony City Bt;47.489065;19.259249;Hétfő 05:00-20:30|Kedd 05:00-20:30|Szerda 05:00-20:30|Csütörtök 05:00-20:30|Péntek 05:00-20:30|Szombat 00:00-23:59|Vasárnap 06:00-12:00
1051;Pest;Budapest;05. ker. Hercegprímás utca 2.;Szivar Torony City Bt;47.489065;19.259249;Hétfő 05:00-20:30|Kedd 05:00-20:30|Szerda 05:00-20:30|Csütörtök 05:00-20:30|Péntek 05:00-20:30|Szombat 00:00-23:59|Vasárnap 06:00-12:00
1051;Pest;Budapest;05. ker. József A. utca 16.;Sun Leaves Tobacco Bt;47.489065;19.259249;Hétfő 05:00-20:30|Kedd 05:00-20:30|Szerda 05:00-20:30|Csütörtök 05:00-20:30|Péntek 05:00-20:30|Szombat 00:00-23:59|Vasárnap 06:00-12:00
1053;Pest;Budapest;05. ker. Kecskeméti utca 1.;Gallwitz-Pipa Ker. és Szolg. Bt;47.489065;19.259249;Hétfő 05:00-20:30|Kedd 05:00-20:30|Szerda 05:00-20:30|Csütörtök 05:00-20:30|Péntek 05:00-20:30|Szombat 00:00-23:59|Vasárnap 06:00-12:00
1052;Pest;Budapest;05. ker. Régiposta utca 7-9.;Szivar Torony City Bt;47.489065;19.259249;Hétfő 05:00-20:30|Kedd 05:00-20:30|Szerda 05:00-20:30|Csütörtök 05:00-20:30|Péntek 05:00-20:30|Szombat 00:00-23:59|Vasárnap 06:00-12:00
1051;Pest;Budapest;05. ker. Váci utca 54;Borosi Tabak-Shop Bt;47.489065;19.259249;Hétfő 05:00-20:30|Kedd 05:00-20:30|Szerda 05:00-20:30|Csütörtök 05:00-20:30|Péntek 05:00-20:30|Szombat 00:00-23:59|Vasárnap 06:00-12:00
1061;Pest;Budapest;06. ker. Anker köz 1-3.;Tobacco Leaves Bt;47.489065;19.259249;Hétfő 05:00-20:30|Kedd 05:00-20:30|Szerda 05:00-20:30|Csütörtök 05:00-20:30|Péntek 05:00-20:30|Szombat 00:00-23:59|Vasárnap 06:00-12:00
1067;Pest;Budapest;06. ker. Hunyadi tér 2.;Sztanó és Társa Bt.;47.489065;19.259249;Hétfő 05:00-20:30|Kedd 05:00-20:30|Szerda 05:00-20:30|Csütörtök 05:00-20:30|Péntek 05:00-20:30|Szombat 00:00-23:59|Vasárnap 06:00-12:00
1063;Pest;Budapest;06. ker. Izabella utca 81.;Szondi Trafik Bt.;47.489065;19.259249;Hétfő 05:00-20:30|Kedd 05:00-20:30|Szerda 05:00-20:30|Csütörtök 05:00-20:30|Péntek 05:00-20:30|Szombat 00:00-23:59|Vasárnap 06:00-12:00
1061;Pest;Budapest;06. ker. Király 28.;Tobacco Shop Bt;47.489065;19.259249;Hétfő 05:00-20:30|Kedd 05:00-20:30|Szerda 05:00-20:30|Csütörtök 05:00-20:30|Péntek 05:00-20:30|Szombat 00:00-23:59|Vasárnap 06:00-12:00
1065;Pest;Budapest;06. ker. Nagymező utca 21.;Donászy Péter;47.489065;19.259249;Hétfő 05:00-20:30|Kedd 05:00-20:30|Szerda 05:00-20:30|Csütörtök 05:00-20:30|Péntek 05:00-20:30|Szombat 00:00-23:59|Vasárnap 06:00-12:00
1062;Pest;Budapest;06. ker. Oktogon tér 4.;Zália Dohány Bt;47.489065;19.259249;Hétfő 05:00-20:30|Kedd 05:00-20:30|Szerda 05:00-20:30|Csütörtök 05:00-20:30|Péntek 05:00-20:30|Szombat 00:00-23:59|Vasárnap 06:00-12:00
1064;Pest;Budapest;06. ker. Szondi utca 44/A;Zália Dohány Bt;47.489065;19.259249;Hétfő 05:00-20:30|Kedd 05:00-20:30|Szerda 05:00-20:30|Csütörtök 05:00-20:30|Péntek 05:00-20:30|Szombat 00:00-23:59|Vasárnap 06:00-12:00
1063;Pest;Budapest;06. ker. Szondi utca 58.;Produkta Tabak Bt;47.489065;19.259249;Hétfő 05:00-20:30|Kedd 05:00-20:30|Szerda 05:00-20:30|Csütörtök 05:00-20:30|Péntek 05:00-20:30|Szombat 00:00-23:59|Vasárnap 06:00-12:00
1067;Pest;Budapest;06. ker. Teréz körút 21.;Kobabe Szivar Bt;47.489065;19.259249;Hétfő 05:00-20:30|Kedd 05:00-20:30|Szerda 05:00-20:30|Csütörtök 05:00-20:30|Péntek 05:00-20:30|Szombat 00:00-23:59|Vasárnap 06:00-12:00
1062;Pest;Budapest;06. ker. Teréz körút 55.;Merci Tabak Bt;47.489065;19.259249;Hétfő 05:00-20:30|Kedd 05:00-20:30|Szerda 05:00-20:30|Csütörtök 05:00-20:30|Péntek 05:00-20:30|Szombat 00:00-23:59|Vasárnap 06:00-12:00
1061;Pest;Budapest;06. ker. Teréz körút 56.;Bagó-Ért Bt;47.489065;19.259249;Hétfő 05:00-20:30|Kedd 05:00-20:30|Szerda 05:00-20:30|Csütörtök 05:00-20:30|Péntek 05:00-20:30|Szombat 00:00-23:59|Vasárnap 06:00-12:00
1071;Pest;Budapest;07. ker. Damjanich utca 11-15.;Kobabe Szivar Bt;47.489065;19.259249;Hétfő 05:00-20:30|Kedd 05:00-20:30|Szerda 05:00-20:30|Csütörtök 05:00-20:30|Péntek 05:00-20:30|Szombat 00:00-23:59|Vasárnap 06:00-12:00
1071;Pest;Budapest;07. ker. Damjanich utca 32.;Tobacconist Trade Bt;47.489065;19.259249;Hétfő 05:00-20:30|Kedd 05:00-20:30|Szerda 05:00-20:30|Csütörtök 05:00-20:30|Péntek 05:00-20:30|Szombat 00:00-23:59|Vasárnap 06:00-12:00
1072;Pest;Budapest;07. ker. Dob utca 28-30.;Hauck Tobacco Bt.;47.489065;19.259249;Hétfő 05:00-20:30|Kedd 05:00-20:30|Szerda 05:00-20:30|Csütörtök 05:00-20:30|Péntek 05:00-20:30|Szombat 00:00-23:59|Vasárnap 06:00-12:00
1073;Pest;Budapest;07. ker. Dob utca 66.;Szulimán Tobacco Bt;47.489065;19.259249;Hétfő 05:00-20:30|Kedd 05:00-20:30|Szerda 05:00-20:30|Csütörtök 05:00-20:30|Péntek 05:00-20:30|Szombat 00:00-23:59|Vasárnap 06:00-12:00
1073;Pest;Budapest;07. ker. Erzsébet körút 56.;Zália Dohány Bt;47.489065;19.259249;Hétfő 05:00-20:30|Kedd 05:00-20:30|Szerda 05:00-20:30|Csütörtök 05:00-20:30|Péntek 05:00-20:30|Szombat 00:00-23:59|Vasárnap 06:00-12:00
1078;Pest;Budapest;07. ker. István utca 10;Produkta Tabak Bt;47.489065;19.259249;Hétfő 05:00-20:30|Kedd 05:00-20:30|Szerda 05:00-20:30|Csütörtök 05:00-20:30|Péntek 05:00-20:30|Szombat 00:00-23:59|Vasárnap 06:00-12:00
1075;Pest;Budapest;07. ker. Károly körút 21.;Tabac and More Bt.;47.489065;19.259249;Hétfő 05:00-20:30|Kedd 05:00-20:30|Szerda 05:00-20:30|Csütörtök 05:00-20:30|Péntek 05:00-20:30|Szombat 00:00-23:59|Vasárnap 06:00-12:00
1074;Pest;Budapest;07. ker. Király utca 67.;Zália Dohány Bt;47.489065;19.259249;Hétfő 05:00-20:30|Kedd 05:00-20:30|Szerda 05:00-20:30|Csütörtök 05:00-20:30|Péntek 05:00-20:30|Szombat 00:00-23:59|Vasárnap 06:00-12:00
1077;Pest;Budapest;07. ker. Király utca 91.;Urmily Dohány Bt;47.489065;19.259249;Hétfő 05:00-20:30|Kedd 05:00-20:30|Szerda 05:00-20:30|Csütörtök 05:00-20:30|Péntek 05:00-20:30|Szombat 00:00-23:59|Vasárnap 06:00-12:00
1078;Pest;Budapest;07. ker. Nefelejcs utca 7;Shepherd Trafik Bt.;47.489065;19.259249;Hétfő 05:00-20:30|Kedd 05:00-20:30|Szerda 05:00-20:30|Csütörtök 05:00-20:30|Péntek 05:00-20:30|Szombat 00:00-23:59|Vasárnap 06:00-12:00
1072;Pest;Budapest;07. ker. Rákóczi út 36.;Rácz-Tabak Bt.;47.489065;19.259249;Hétfő 05:00-20:30|Kedd 05:00-20:30|Szerda 05:00-20:30|Csütörtök 05:00-20:30|Péntek 05:00-20:30|Szombat 00:00-23:59|Vasárnap 06:00-12:00
1072;Pest;Budapest;07. ker. Rákóczi út 6.;Tason Cigarette Bt;47.489065;19.259249;Hétfő 05:00-20:30|Kedd 05:00-20:30|Szerda 05:00-20:30|Csütörtök 05:00-20:30|Péntek 05:00-20:30|Szombat 00:00-23:59|Vasárnap 06:00-12:00
1074;Pest;Budapest;07. ker. Rákóczi utca 48-50;Borosi Tabak-Shop Bt;47.489065;19.259249;Hétfő 05:00-20:30|Kedd 05:00-20:30|Szerda 05:00-20:30|Csütörtök 05:00-20:30|Péntek 05:00-20:30|Szombat 00:00-23:59|Vasárnap 06:00-12:00
1071;Pest;Budapest;07. ker. Rottenbiller utca 49.;PAUL Kiskereskedelmi Bt.;47.489065;19.259249;Hétfő 05:00-20:30|Kedd 05:00-20:30|Szerda 05:00-20:30|Csütörtök 05:00-20:30|Péntek 05:00-20:30|Szombat 00:00-23:59|Vasárnap 06:00-12:00
1075;Pest;Budapest;07. ker. Rumbach Sebestyén utca 20-22.;Royal Smoke 2013 Bt;47.489065;19.259249;Hétfő 05:00-20:30|Kedd 05:00-20:30|Szerda 05:00-20:30|Csütörtök 05:00-20:30|Péntek 05:00-20:30|Szombat 00:00-23:59|Vasárnap 06:00-12:00
1076;Pest;Budapest;07. ker. Thököly út 2.;Bagó Trafik Bt.;47.489065;19.259249;Hétfő 05:00-20:30|Kedd 05:00-20:30|Szerda 05:00-20:30|Csütörtök 05:00-20:30|Péntek 05:00-20:30|Szombat 00:00-23:59|Vasárnap 06:00-12:00
1071;Pest;Budapest;07. ker. Wesselényi utca 2.;Tason Cigarette Bt;47.489065;19.259249;Hétfő 05:00-20:30|Kedd 05:00-20:30|Szerda 05:00-20:30|Csütörtök 05:00-20:30|Péntek 05:00-20:30|Szombat 00:00-23:59|Vasárnap 06:00-12:00
1073;Pest;Budapest;07. ker. Wesselényi utca 45;Kobabe Szivar Bt;47.489065;19.259249;Hétfő 05:00-20:30|Kedd 05:00-20:30|Szerda 05:00-20:30|Csütörtök 05:00-20:30|Péntek 05:00-20:30|Szombat 00:00-23:59|Vasárnap 06:00-12:00
1077;Pest;Budapest;07. ker. Wesselényi utca 61;Shepherd Trafik Bt.;47.489065;19.259249;Hétfő 05:00-20:30|Kedd 05:00-20:30|Szerda 05:00-20:30|Csütörtök 05:00-20:30|Péntek 05:00-20:30|Szombat 00:00-23:59|Vasárnap 06:00-12:00
1087;Pest;Budapest;08. ker. Baross tér 11/a.;Pernye Bt;47.489065;19.259249;Hétfő 05:00-20:30|Kedd 05:00-20:30|Szerda 05:00-20:30|Csütörtök 05:00-20:30|Péntek 05:00-20:30|Szombat 00:00-23:59|Vasárnap 06:00-12:00
1082;Pest;Budapest;08. ker. Baross utca 96. fsz. 4.;Tason Cigarette Bt;47.489065;19.259249;Hétfő 05:00-20:30|Kedd 05:00-20:30|Szerda 05:00-20:30|Csütörtök 05:00-20:30|Péntek 05:00-20:30|Szombat 00:00-23:59|Vasárnap 06:00-12:00
1089;Pest;Budapest;08. ker. Bíró Lajos utca 64-68.;Regina Tabak Bt;47.489065;19.259249;Hétfő 05:00-20:30|Kedd 05:00-20:30|Szerda 05:00-20:30|Csütörtök 05:00-20:30|Péntek 05:00-20:30|Szombat 00:00-23:59|Vasárnap 06:00-12:00
1082;Pest;Budapest;08. ker. Corvin köz 1.;Centrál Tabak Bt.;47.489065;19.259249;Hétfő 05:00-20:30|Kedd 05:00-20:30|Szerda 05:00-20:30|Csütörtök 05:00-20:30|Péntek 05:00-20:30|Szombat 00:00-23:59|Vasárnap 06:00-12:00
1084;Pest;Budapest;08. ker. Déri Miksa utca 1;GEGO Cigarette Bt.;47.489065;19.259249;Hétfő 05:00-20:30|Kedd 05:00-20:30|Szerda 05:00-20:30|Csütörtök 05:00-20:30|Péntek 05:00-20:30|Szombat 00:00-23:59|Vasárnap 06:00-12:00
1082;Pest;Budapest;08. ker. Harminckettesek tere 6;Ozayer Pipa Bt.;47.489065;19.259249;Hétfő 05:00-20:30|Kedd 05:00-20:30|Szerda 05:00-20:30|Csütörtök 05:00-20:30|Péntek 05:00-20:30|Szombat 00:00-23:59|Vasárnap 06:00-12:00
1087;Pest;Budapest;08. ker. Hős utca 9.;Merci Tabak Bt;47.489065;19.259249;Hétfő 05:00-20:30|Kedd 05:00-20:30|Szerda 05:00-20:30|Csütörtök 05:00-20:30|Péntek 05:00-20:30|Szombat 00:00-23:59|Vasárnap 06:00-12:00
1083;Pest;Budapest;08. ker. Illés utca 22.;Tálas Trafik Bt;47.489065;19.259249;Hétfő 05:00-20:30|Kedd 05:00-20:30|Szerda 05:00-20:30|Csütörtök 05:00-20:30|Péntek 05:00-20:30|Szombat 00:00-23:59|Vasárnap 06:00-12:00
1085;Pest;Budapest;08. ker. József körút 38.;Pipatórium Bt.;47.489065;19.259249;Hétfő 05:00-20:30|Kedd 05:00-20:30|Szerda 05:00-20:30|Csütörtök 05:00-20:30|Péntek 05:00-20:30|Szombat 00:00-23:59|Vasárnap 06:00-12:00
1084;Pest;Budapest;08. ker. József körút 48.;Tóth Ágnes;47.489065;19.259249;Hétfő 05:00-20:30|Kedd 05:00-20:30|Szerda 05:00-20:30|Csütörtök 05:00-20:30|Péntek 05:00-20:30|Szombat 00:00-23:59|Vasárnap 06:00-12:00
1088;Pest;Budapest;08. ker. József körút 5.;Pernye Bt;47.489065;19.259249;Hétfő 05:00-20:30|Kedd 05:00-20:30|Szerda 05:00-20:30|Csütörtök 05:00-20:30|Péntek 05:00-20:30|Szombat 00:00-23:59|Vasárnap 06:00-12:00
1085;Pest;Budapest;08. ker. József körút 84.;Regina Tabak Bt;47.489065;19.259249;Hétfő 05:00-20:30|Kedd 05:00-20:30|Szerda 05:00-20:30|Csütörtök 05:00-20:30|Péntek 05:00-20:30|Szombat 00:00-23:59|Vasárnap 06:00-12:00
1087;Pest;Budapest;08. ker. Kálvária tér 16.;Royal Smoke 2013 Bt;47.489065;19.259249;Hétfő 05:00-20:30|Kedd 05:00-20:30|Szerda 05:00-20:30|Csütörtök 05:00-20:30|Péntek 05:00-20:30|Szombat 00:00-23:59|Vasárnap 06:00-12:00
1081;Pest;Budapest;08. ker. Kenyérmező utca 2.;Safe Tabak Bt;47.489065;19.259249;Hétfő 05:00-20:30|Kedd 05:00-20:30|Szerda 05:00-20:30|Csütörtök 05:00-20:30|Péntek 05:00-20:30|Szombat 00:00-23:59|Vasárnap 06:00-12:00
1087;Pest;Budapest;08. ker. Kerepesi út 1-5.;GFAMILY TABAK Bt.;47.489065;19.259249;Hétfő 05:00-20:30|Kedd 05:00-20:30|Szerda 05:00-20:30|Csütörtök 05:00-20:30|Péntek 05:00-20:30|Szombat 00:00-23:59|Vasárnap 06:00-12:00
1084;Pest;Budapest;08. ker. Nagyfuvaros utca 16.;Paszternák Krisztina;47.489065;19.259249;Hétfő 05:00-20:30|Kedd 05:00-20:30|Szerda 05:00-20:30|Csütörtök 05:00-20:30|Péntek 05:00-20:30|Szombat 00:00-23:59|Vasárnap 06:00-12:00
1081;Pest;Budapest;08. ker. Népszínház utca 13;Ozin Tobacco Bt.;47.489065;19.259249;Hétfő 05:00-20:30|Kedd 05:00-20:30|Szerda 05:00-20:30|Csütörtök 05:00-20:30|Péntek 05:00-20:30|Szombat 00:00-23:59|Vasárnap 06:00-12:00
1081;Pest;Budapest;08. ker. Népszinház utca 27;Románc Kkt.;47.489065;19.259249;Hétfő 05:00-20:30|Kedd 05:00-20:30|Szerda 05:00-20:30|Csütörtök 05:00-20:30|Péntek 05:00-20:30|Szombat 00:00-23:59|Vasárnap 06:00-12:00
1081;Pest;Budapest;08. ker. Népszínház utca 59;Ozin Tobacco Bt.;47.489065;19.259249;Hétfő 05:00-20:30|Kedd 05:00-20:30|Szerda 05:00-20:30|Csütörtök 05:00-20:30|Péntek 05:00-20:30|Szombat 00:00-23:59|Vasárnap 06:00-12:00
1089;Pest;Budapest;08. ker. Orczy út 46-48;Orczy Tabak Bt;47.489065;19.259249;Hétfő 05:00-20:30|Kedd 05:00-20:30|Szerda 05:00-20:30|Csütörtök 05:00-20:30|Péntek 05:00-20:30|Szombat 00:00-23:59|Vasárnap 06:00-12:00
1083;Pest;Budapest;08. ker. Práter utca 30-32.;Práter Pro Bt;47.489065;19.259249;Hétfő 05:00-20:30|Kedd 05:00-20:30|Szerda 05:00-20:30|Csütörtök 05:00-20:30|Péntek 05:00-20:30|Szombat 00:00-23:59|Vasárnap 06:00-12:00
1083;Pest;Budapest;08. ker. Práter utca 59.;GFAMILY TABAK Bt.;47.489065;19.259249;Hétfő 05:00-20:30|Kedd 05:00-20:30|Szerda 05:00-20:30|Csütörtök 05:00-20:30|Péntek 05:00-20:30|Szombat 00:00-23:59|Vasárnap 06:00-12:00
1088;Pest;Budapest;08. ker. Rákóczi út - Astoria aluljáró B üzlet;Mandi Bt.;47.489065;19.259249;Hétfő 05:00-20:30|Kedd 05:00-20:30|Szerda 05:00-20:30|Csütörtök 05:00-20:30|Péntek 05:00-20:30|Szombat 00:00-23:59|Vasárnap 06:00-12:00
1088;Pest;Budapest;08. ker. Rákóczi út 1-3.;Sztanó és Társa Bt.;47.489065;19.259249;Hétfő 05:00-20:30|Kedd 05:00-20:30|Szerda 05:00-20:30|Csütörtök 05:00-20:30|Péntek 05:00-20:30|Szombat 00:00-23:59|Vasárnap 06:00-12:00
1086;Pest;Budapest;08. ker. Teleki László tér 8-9 fsz 22.;Szijártó Tobacco Bt;47.489065;19.259249;Hétfő 05:00-20:30|Kedd 05:00-20:30|Szerda 05:00-20:30|Csütörtök 05:00-20:30|Péntek 05:00-20:30|Szombat 00:00-23:59|Vasárnap 06:00-12:00
1086;Pest;Budapest;08. ker. Teleki tér 8-9;Rózsa Dohány Bt.;47.489065;19.259249;Hétfő 05:00-20:30|Kedd 05:00-20:30|Szerda 05:00-20:30|Csütörtök 05:00-20:30|Péntek 05:00-20:30|Szombat 00:00-23:59|Vasárnap 06:00-12:00
1092;Pest;Budapest;09. ker. Bakáts tér 2.;Trafikon Tobacco Bt.;47.489065;19.259249;Hétfő 05:00-20:30|Kedd 05:00-20:30|Szerda 05:00-20:30|Csütörtök 05:00-20:30|Péntek 05:00-20:30|Szombat 00:00-23:59|Vasárnap 06:00-12:00
1093;Pest;Budapest;09. ker. Balázs Béla utca 34/6;Holló Tabak Bt;47.489065;19.259249;Hétfő 05:00-20:30|Kedd 05:00-20:30|Szerda 05:00-20:30|Csütörtök 05:00-20:30|Péntek 05:00-20:30|Szombat 00:00-23:59|Vasárnap 06:00-12:00
1095;Pest;Budapest;09. ker. Boráros téri aluljáró felső szint 3.;Szijártó Tobacco Bt;47.489065;19.259249;Hétfő 05:00-20:30|Kedd 05:00-20:30|Szerda 05:00-20:30|Csütörtök 05:00-20:30|Péntek 05:00-20:30|Szombat 00:00-23:59|Vasárnap 06:00-12:00
1094;Pest;Budapest;09. ker. Ferenc körút 41.;Ozin Tobacco Bt.;47.489065;19.259249;Hétfő 05:00-20:30|Kedd 05:00-20:30|Szerda 05:00-20:30|Csütörtök 05:00-20:30|Péntek 05:00-20:30|Szombat 00:00-23:59|Vasárnap 06:00-12:00
1097;Pest;Budapest;09. ker. Gubacsi út 34.;Metro Trafik Bt;47.489065;19.259249;Hétfő 05:00-20:30|Kedd 05:00-20:30|Szerda 05:00-20:30|Csütörtök 05:00-20:30|Péntek 05:00-20:30|Szombat 00:00-23:59|Vasárnap 06:00-12:00
1095;Pest;Budapest;09. ker. Haller utca 12-14.;Sajó Dániel;47.489065;19.259249;Hétfő 05:00-20:30|Kedd 05:00-20:30|Szerda 05:00-20:30|Csütörtök 05:00-20:30|Péntek 05:00-20:30|Szombat 00:00-23:59|Vasárnap 06:00-12:00
1096;Pest;Budapest;09. ker. Haller utca 15.;Royal Smoke 2013 Bt;47.489065;19.259249;Hétfő 05:00-20:30|Kedd 05:00-20:30|Szerda 05:00-20:30|Csütörtök 05:00-20:30|Péntek 05:00-20:30|Szombat 00:00-23:59|Vasárnap 06:00-12:00
1091;Pest;Budapest;09. ker. Kálvin tér 7.;Metro Trafik Bt;47.489065;19.259249;Hétfő 05:00-20:30|Kedd 05:00-20:30|Szerda 05:00-20:30|Csütörtök 05:00-20:30|Péntek 05:00-20:30|Szombat 00:00-23:59|Vasárnap 06:00-12:00
1091;Pest;Budapest;09. ker. Kálvin tér 9.;Metro Trafik Bt;47.489065;19.259249;Hétfő 05:00-20:30|Kedd 05:00-20:30|Szerda 05:00-20:30|Csütörtök 05:00-20:30|Péntek 05:00-20:30|Szombat 00:00-23:59|Vasárnap 06:00-12:00
1097;Pest;Budapest;09. ker. Mester utca 22.;Trafik Város Bt;47.489065;19.259249;Hétfő 05:00-20:30|Kedd 05:00-20:30|Szerda 05:00-20:30|Csütörtök 05:00-20:30|Péntek 05:00-20:30|Szombat 00:00-23:59|Vasárnap 06:00-12:00
1094;Pest;Budapest;09. ker. Mester utca 4-6;Ozayer Pipa Bt.;47.489065;19.259249;Hétfő 05:00-20:30|Kedd 05:00-20:30|Szerda 05:00-20:30|Csütörtök 05:00-20:30|Péntek 05:00-20:30|Szombat 00:00-23:59|Vasárnap 06:00-12:00
1095;Pest;Budapest;09. ker. Mester utca 46;Ozayer Pipa Bt.;47.489065;19.259249;Hétfő 05:00-20:30|Kedd 05:00-20:30|Szerda 05:00-20:30|Csütörtök 05:00-20:30|Péntek 05:00-20:30|Szombat 00:00-23:59|Vasárnap 06:00-12:00
1097;Pest;Budapest;09. ker. Nagyvárad téri aluljáró 4.;Mandi Bt.;47.489065;19.259249;Hétfő 05:00-20:30|Kedd 05:00-20:30|Szerda 05:00-20:30|Csütörtök 05:00-20:30|Péntek 05:00-20:30|Szombat 00:00-23:59|Vasárnap 06:00-12:00
1098;Pest;Budapest;09. ker. Napfény utca 2.;Trafik Város Bt;47.489065;19.259249;Hétfő 05:00-20:30|Kedd 05:00-20:30|Szerda 05:00-20:30|Csütörtök 05:00-20:30|Péntek 05:00-20:30|Szombat 00:00-23:59|Vasárnap 06:00-12:00
1091;Pest;Budapest;09. ker. Népliget gyalogos aluljáró 1.;GFAMILY TABAK Bt.;47.489065;19.259249;Hétfő 05:00-20:30|Kedd 05:00-20:30|Szerda 05:00-20:30|Csütörtök 05:00-20:30|Péntek 05:00-20:30|Szombat 00:00-23:59|Vasárnap 06:00-12:00
1098;Pest;Budapest;09. ker. Pöttyös 6.;Jánosi Péter;47.489065;19.259249;Hétfő 05:00-20:30|Kedd 05:00-20:30|Szerda 05:00-20:30|Csütörtök 05:00-20:30|Péntek 05:00-20:30|Szombat 00:00-23:59|Vasárnap 06:00-12:00
1092;Pest;Budapest;09. ker. Ráday utca 33/a.;Joker G&N Bt.;47.489065;19.259249;Hétfő 05:00-20:30|Kedd 05:00-20:30|Szerda 05:00-20:30|Csütörtök 05:00-20:30|Péntek 05:00-20:30|Szombat 00:00-23:59|Vasárnap 06:00-12:00
1094;Pest;Budapest;09. ker. Üllői út 89/a;GEGO Cigarette Bt.;47.489065;19.259249;Hétfő 05:00-20:30|Kedd 05:00-20:30|Szerda 05:00-20:30|Csütörtök 05:00-20:30|Péntek 05:00-20:30|Szombat 00:00-23:59|Vasárnap 06:00-12:00
1095;Pest;Budapest;09. ker. Vágóhíd utca 3.;Ozin Tobacco Bt.;47.489065;19.259249;Hétfő 05:00-20:30|Kedd 05:00-20:30|Szerda 05:00-20:30|Csütörtök 05:00-20:30|Péntek 05:00-20:30|Szombat 00:00-23:59|Vasárnap 06:00-12:00
1096;Pest;Budapest;09. ker. Viola utca 35. 8/B.;Trafik Trend Bt;47.489065;19.259249;Hétfő 05:00-20:30|Kedd 05:00-20:30|Szerda 05:00-20:30|Csütörtök 05:00-20:30|Péntek 05:00-20:30|Szombat 00:00-23:59|Vasárnap 06:00-12:00
1102;Pest;Budapest;10. ker. Állomás utca 7.;Magát Mónika Rózsa;47.489065;19.259249;Hétfő 05:00-20:30|Kedd 05:00-20:30|Szerda 05:00-20:30|Csütörtök 05:00-20:30|Péntek 05:00-20:30|Szombat 00:00-23:59|Vasárnap 06:00-12:00
1107;Pest;Budapest;10. ker. Bihari utca 7/A.;Cziegelmayer Anita;47.489065;19.259249;Hétfő 05:00-20:30|Kedd 05:00-20:30|Szerda 05:00-20:30|Csütörtök 05:00-20:30|Péntek 05:00-20:30|Szombat 00:00-23:59|Vasárnap 06:00-12:00
1104;Pest;Budapest;10. ker. Fehér út 1.;Rácz-Tabak Bt.;47.489065;19.259249;Hétfő 05:00-20:30|Kedd 05:00-20:30|Szerda 05:00-20:30|Csütörtök 05:00-20:30|Péntek 05:00-20:30|Szombat 00:00-23:59|Vasárnap 06:00-12:00
1106;Pest;Budapest;10. ker. Fehér út 3.;Pancafé Bt;47.489065;19.259249;Hétfő 05:00-20:30|Kedd 05:00-20:30|Szerda 05:00-20:30|Csütörtök 05:00-20:30|Péntek 05:00-20:30|Szombat 00:00-23:59|Vasárnap 06:00-12:00
1105;Pest;Budapest;10. ker. Gergely utca 2.;Domonkos Eszter Judit;47.489065;19.259249;Hétfő 05:00-20:30|Kedd 05:00-20:30|Szerda 05:00-20:30|Csütörtök 05:00-20:30|Péntek 05:00-20:30|Szombat 00:00-23:59|Vasárnap 06:00-12:00
1106;Pest;Budapest;10. ker. Gyakorló utca 36.;KICSI-RÁCZ KERESKEDELMI BT.;47.489065;19.259249;Hétfő 05:00-20:30|Kedd 05:00-20:30|Szerda 05:00-20:30|Csütörtök 05:00-20:30|Péntek 05:00-20:30|Szombat 00:00-23:59|Vasárnap 06:00-12:00
1108;Pest;Budapest;10. ker. Gyömrői út 42;Tajti Zoltán;47.489065;19.259249;Hétfő 05:00-20:30|Kedd 05:00-20:30|Szerda 05:00-20:30|Csütörtök 05:00-20:30|Péntek 05:00-20:30|Szombat 00:00-23:59|Vasárnap 06:00-12:00
1103;Pest;Budapest;10. ker. Gyömröi út 99;Silding Tobacco Bt;47.489065;19.259249;Hétfő 05:00-20:30|Kedd 05:00-20:30|Szerda 05:00-20:30|Csütörtök 05:00-20:30|Péntek 05:00-20:30|Szombat 00:00-23:59|Vasárnap 06:00-12:00
1106;Pest;Budapest;10. ker. Harmat utca 113.;Nagyvadász Bt;47.489065;19.259249;Hétfő 05:00-20:30|Kedd 05:00-20:30|Szerda 05:00-20:30|Csütörtök 05:00-20:30|Péntek 05:00-20:30|Szombat 00:00-23:59|Vasárnap 06:00-12:00
1105;Pest;Budapest;10. ker. Kápolna utca 15.;Faragó Trafik Bt;47.489065;19.259249;Hétfő 05:00-20:30|Kedd 05:00-20:30|Szerda 05:00-20:30|Csütörtök 05:00-20:30|Péntek 05:00-20:30|Szombat 00:00-23:59|Vasárnap 06:00-12:00
1106;Pest;Budapest;10. ker. Kerepesi 73.;Trafikál Trade Bt;47.489065;19.259249;Hétfő 05:00-20:30|Kedd 05:00-20:30|Szerda 05:00-20:30|Csütörtök 05:00-20:30|Péntek 05:00-20:30|Szombat 00:00-23:59|Vasárnap 06:00-12:00
1102;Pest;Budapest;10. ker. Kőrösi Csoma Sándor út 40.;Dió Dohány Bt;47.489065;19.259249;Hétfő 05:00-20:30|Kedd 05:00-20:30|Szerda 05:00-20:30|Csütörtök 05:00-20:30|Péntek 05:00-20:30|Szombat 00:00-23:59|Vasárnap 06:00-12:00
1102;Pest;Budapest;10. ker. Kőrösi Csoma Sándor út 6/E;Cigibolt Bt.;47.489065;19.259249;Hétfő 05:00-20:30|Kedd 05:00-20:30|Szerda 05:00-20:30|Csütörtök 05:00-20:30|Péntek 05:00-20:30|Szombat 00:00-23:59|Vasárnap 06:00-12:00
1102;Pest;Budapest;10. ker. Kőrösi Csoma sétány 2.;Jászter Trafik Bt;47.489065;19.259249;Hétfő 05:00-20:30|Kedd 05:00-20:30|Szerda 05:00-20:30|Csütörtök 05:00-20:30|Péntek 05:00-20:30|Szombat 00:00-23:59|Vasárnap 06:00-12:00
1102;Pest;Budapest;10. ker. Liget tér hrsz 38927;Moldovainé Kavasinszky Ilona;47.489065;19.259249;Hétfő 05:00-20:30|Kedd 05:00-20:30|Szerda 05:00-20:30|Csütörtök 05:00-20:30|Péntek 05:00-20:30|Szombat 00:00-23:59|Vasárnap 06:00-12:00
1102;Pest;Budapest;10. ker. Liget utca 40.;Ónodi Trafik Bt;47.489065;19.259249;Hétfő 05:00-20:30|Kedd 05:00-20:30|Szerda 05:00-20:30|Csütörtök 05:00-20:30|Péntek 05:00-20:30|Szombat 00:00-23:59|Vasárnap 06:00-12:00
1104;Pest;Budapest;10. ker. Mádi utca 84.;Domonkos Péter Pál;47.489065;19.259249;Hétfő 05:00-20:30|Kedd 05:00-20:30|Szerda 05:00-20:30|Csütörtök 05:00-20:30|Péntek 05:00-20:30|Szombat 00:00-23:59|Vasárnap 06:00-12:00
1104;Pest;Budapest;10. ker. Mádi utca 98.;Lokomotiv Bt;47.489065;19.259249;Hétfő 05:00-20:30|Kedd 05:00-20:30|Szerda 05:00-20:30|Csütörtök 05:00-20:30|Péntek 05:00-20:30|Szombat 00:00-23:59|Vasárnap 06:00-12:00
1106;Pest;Budapest;10. ker. Maglódi út 17.;Ternes Ágnes;47.489065;19.259249;Hétfő 05:00-20:30|Kedd 05:00-20:30|Szerda 05:00-20:30|Csütörtök 05:00-20:30|Péntek 05:00-20:30|Szombat 00:00-23:59|Vasárnap 06:00-12:00
1103;Pest;Budapest;10. ker. Óhegy utca 41.;ITB Bravo Bt;47.489065;19.259249;Hétfő 05:00-20:30|Kedd 05:00-20:30|Szerda 05:00-20:30|Csütörtök 05:00-20:30|Péntek 05:00-20:30|Szombat 00:00-23:59|Vasárnap 06:00-12:00
1101;Pest;Budapest;10. ker. Pongrác utca 9.;Liget Trafik Bt.;47.489065;19.259249;Hétfő 05:00-20:30|Kedd 05:00-20:30|Szerda 05:00-20:30|Csütörtök 05:00-20:30|Péntek 05:00-20:30|Szombat 00:00-23:59|Vasárnap 06:00-12:00
1106;Pest;Budapest;10. ker. Rézvirág utca 2.;Saja Ker. Bt;47.489065;19.259249;Hétfő 05:00-20:30|Kedd 05:00-20:30|Szerda 05:00-20:30|Csütörtök 05:00-20:30|Péntek 05:00-20:30|Szombat 00:00-23:59|Vasárnap 06:00-12:00
1103;Pest;Budapest;10. ker. Sibrik Miklós utca 23.;Utry Zsanett Mónika;47.489065;19.259249;Hétfő 05:00-20:30|Kedd 05:00-20:30|Szerda 05:00-20:30|Csütörtök 05:00-20:30|Péntek 05:00-20:30|Szombat 00:00-23:59|Vasárnap 06:00-12:00
1103;Pest;Budapest;10. ker. Sibrik Mikós utca 30.;Kári Zoltán Tobacco Bt;47.489065;19.259249;Hétfő 05:00-20:30|Kedd 05:00-20:30|Szerda 05:00-20:30|Csütörtök 05:00-20:30|Péntek 05:00-20:30|Szombat 00:00-23:59|Vasárnap 06:00-12:00
1108;Pest;Budapest;10. ker. Újhegyi sétány 12.;Deme-Kisker 2013 Bt;47.489065;19.259249;Hétfő 05:00-20:30|Kedd 05:00-20:30|Szerda 05:00-20:30|Csütörtök 05:00-20:30|Péntek 05:00-20:30|Szombat 00:00-23:59|Vasárnap 06:00-12:00
1108;Pest;Budapest;10. ker. Újhegyi sétány 18.;Fekecs Róbert Imréné;47.489065;19.259249;Hétfő 05:00-20:30|Kedd 05:00-20:30|Szerda 05:00-20:30|Csütörtök 05:00-20:30|Péntek 05:00-20:30|Szombat 00:00-23:59|Vasárnap 06:00-12:00
1117;Pest;Budapest;11. ker. Alíz 6 A;Merin Tabak Bt;47.489065;19.259249;Hétfő 05:00-20:30|Kedd 05:00-20:30|Szerda 05:00-20:30|Csütörtök 05:00-20:30|Péntek 05:00-20:30|Szombat 00:00-23:59|Vasárnap 06:00-12:00
1119;Pest;Budapest;11. ker. Andor utca 2.;Kondás Orsolya;47.489065;19.259249;Hétfő 05:00-20:30|Kedd 05:00-20:30|Szerda 05:00-20:30|Csütörtök 05:00-20:30|Péntek 05:00-20:30|Szombat 00:00-23:59|Vasárnap 06:00-12:00
1119;Pest;Budapest;11. ker. Bártfai 1-3.;Merin Tabak Bt;47.489065;19.259249;Hétfő 05:00-20:30|Kedd 05:00-20:30|Szerda 05:00-20:30|Csütörtök 05:00-20:30|Péntek 05:00-20:30|Szombat 00:00-23:59|Vasárnap 06:00-12:00
1116;Pest;Budapest;11. ker. Bartók Béla út 129.;Roken Tobacco Bt;47.489065;19.259249;Hétfő 05:00-20:30|Kedd 05:00-20:30|Szerda 05:00-20:30|Csütörtök 05:00-20:30|Péntek 05:00-20:30|Szombat 00:00-23:59|Vasárnap 06:00-12:00
1117;Pest;Budapest;11. ker. Bercsényi utca 21/a;Kvintker Bt.;47.489065;19.259249;Hétfő 05:00-20:30|Kedd 05:00-20:30|Szerda 05:00-20:30|Csütörtök 05:00-20:30|Péntek 05:00-20:30|Szombat 00:00-23:59|Vasárnap 06:00-12:00
1113;Pest;Budapest;11. ker. Bocskai 44.;Dudus Trafik Bt.;47.489065;19.259249;Hétfő 05:00-20:30|Kedd 05:00-20:30|Szerda 05:00-20:30|Csütörtök 05:00-20:30|Péntek 05:00-20:30|Szombat 00:00-23:59|Vasárnap 06:00-12:00
1117;Pest;Budapest;11. ker. Budafoki út 113.;USAYER Trafik Bt.;47.489065;19.259249;Hétfő 05:00-20:30|Kedd 05:00-20:30|Szerda 05:00-20:30|Csütörtök 05:00-20:30|Péntek 05:00-20:30|Szombat 00:00-23:59|Vasárnap 06:00-12:00
1111;Pest;Budapest;11. ker. Budafoki út 57/b.;Arany Pipafüst Bt;47.489065;19.259249;Hétfő 05:00-20:30|Kedd 05:00-20:30|Szerda 05:00-20:30|Csütörtök 05:00-20:30|Péntek 05:00-20:30|Szombat 00:00-23:59|Vasárnap 06:00-12:00
1118;Pest;Budapest;11. ker. Budaörsi út 115.;Tobacconist Trade Bt;47.489065;19.259249;Hétfő 05:00-20:30|Kedd 05:00-20:30|Szerda 05:00-20:30|Csütörtök 05:00-20:30|Péntek 05:00-20:30|Szombat 00:00-23:59|Vasárnap 06:00-12:00
1112;Pest;Budapest;11. ker. Budaörsi út 35.;Zácha Dohány Bt;47.489065;19.259249;Hétfő 05:00-20:30|Kedd 05:00-20:30|Szerda 05:00-20:30|Csütörtök 05:00-20:30|Péntek 05:00-20:30|Szombat 00:00-23:59|Vasárnap 06:00-12:00
1119;Pest;Budapest;11. ker. Csurgói út 21/a;Produkta Tabak Bt;47.489065;19.259249;Hétfő 05:00-20:30|Kedd 05:00-20:30|Szerda 05:00-20:30|Csütörtök 05:00-20:30|Péntek 05:00-20:30|Szombat 00:00-23:59|Vasárnap 06:00-12:00
1115;Pest;Budapest;11. ker. Etele tér 5.;Tomore Trafik bt;47.489065;19.259249;Hétfő 05:00-20:30|Kedd 05:00-20:30|Szerda 05:00-20:30|Csütörtök 05:00-20:30|Péntek 05:00-20:30|Szombat 00:00-23:59|Vasárnap 06:00-12:00
1115;Pest;Budapest;11. ker. Etele tér gyalogos aluljáró 128/20;1x1x1 Bt.;47.489065;19.259249;Hétfő 05:00-20:30|Kedd 05:00-20:30|Szerda 05:00-20:30|Csütörtök 05:00-20:30|Péntek 05:00-20:30|Szombat 00:00-23:59|Vasárnap 06:00-12:00
1114;Pest;Budapest;11. ker. Fadrusz utca 14.;Sallayné Soós Piroska;47.489065;19.259249;Hétfő 05:00-20:30|Kedd 05:00-20:30|Szerda 05:00-20:30|Csütörtök 05:00-20:30|Péntek 05:00-20:30|Szombat 00:00-23:59|Vasárnap 06:00-12:00
1116;Pest;Budapest;11. ker. Fehérvári út 118/A;USAYER Trafik Bt.;47.489065;19.259249;Hétfő 05:00-20:30|Kedd 05:00-20:30|Szerda 05:00-20:30|Csütörtök 05:00-20:30|Péntek 05:00-20:30|Szombat 00:00-23:59|Vasárnap 06:00-12:00
1116;Pest;Budapest;11. ker. Fehérvári út 182.;Nemesdaróczi és Társa Bt;47.489065;19.259249;Hétfő 05:00-20:30|Kedd 05:00-20:30|Szerda 05:00-20:30|Csütörtök 05:00-20:30|Péntek 05:00-20:30|Szombat 00:00-23:59|Vasárnap 06:00-12:00
1116;Pest;Budapest;11. ker. Fehérvári út 211.;Latif Trafik Bt;47.489065;19.259249;Hétfő 05:00-20:30|Kedd 05:00-20:30|Szerda 05:00-20:30|Csütörtök 05:00-20:30|Péntek 05:00-20:30|Szombat 00:00-23:59|Vasárnap 06:00-12:00
1116;Pest;Budapest;11. ker. Fehérvári út 45-47.;Kondás Orsolya;47.489065;19.259249;Hétfő 05:00-20:30|Kedd 05:00-20:30|Szerda 05:00-20:30|Csütörtök 05:00-20:30|Péntek 05:00-20:30|Szombat 00:00-23:59|Vasárnap 06:00-12:00
1119;Pest;Budapest;11. ker. Fehérvári út 88/A.;Éliás Gábor;47.489065;19.259249;Hétfő 05:00-20:30|Kedd 05:00-20:30|Szerda 05:00-20:30|Csütörtök 05:00-20:30|Péntek 05:00-20:30|Szombat 00:00-23:59|Vasárnap 06:00-12:00
1118;Pest;Budapest;11. ker. Gazdagréti tér 8.;Völgy Tabak Shop Ker. Bt;47.489065;19.259249;Hétfő 05:00-20:30|Kedd 05:00-20:30|Szerda 05:00-20:30|Csütörtök 05:00-20:30|Péntek 05:00-20:30|Szombat 00:00-23:59|Vasárnap 06:00-12:00
1117;Pest;Budapest;11. ker. Hunyadi János út 19.;Mészáros János;47.489065;19.259249;Hétfő 05:00-20:30|Kedd 05:00-20:30|Szerda 05:00-20:30|Csütörtök 05:00-20:30|Péntek 05:00-20:30|Szombat 00:00-23:59|Vasárnap 06:00-12:00
1117;Pest;Budapest;11. ker. Infopark sétány 1.;Maut3nmok Bt;47.489065;19.259249;Hétfő 05:00-20:30|Kedd 05:00-20:30|Szerda 05:00-20:30|Csütörtök 05:00-20:30|Péntek 05:00-20:30|Szombat 00:00-23:59|Vasárnap 06:00-12:00
1111;Pest;Budapest;11. ker. Karinthy Frigyes út 4/6;Tomore Trafik bt;47.489065;19.259249;Hétfő 05:00-20:30|Kedd 05:00-20:30|Szerda 05:00-20:30|Csütörtök 05:00-20:30|Péntek 05:00-20:30|Szombat 00:00-23:59|Vasárnap 06:00-12:00
1113;Pest;Budapest;11. ker. Karolina út 37/a;Trafikál Trade Bt;47.489065;19.259249;Hétfő 05:00-20:30|Kedd 05:00-20:30|Szerda 05:00-20:30|Csütörtök 05:00-20:30|Péntek 05:00-20:30|Szombat 00:00-23:59|Vasárnap 06:00-12:00
1116;Pest;Budapest;11. ker. Kondorosi út 7.;Liget Tabak-Shop Bt;47.489065;19.259249;Hétfő 05:00-20:30|Kedd 05:00-20:30|Szerda 05:00-20:30|Csütörtök 05:00-20:30|Péntek 05:00-20:30|Szombat 00:00-23:59|Vasárnap 06:00-12:00
1117;Pest;Budapest;11. ker. Kőrösy József utca 7-9.;Gellért-Dohány Bt;47.489065;19.259249;Hétfő 05:00-20:30|Kedd 05:00-20:30|Szerda 05:00-20:30|Csütörtök 05:00-20:30|Péntek 05:00-20:30|Szombat 00:00-23:59|Vasárnap 06:00-12:00
1115;Pest;Budapest;11. ker. Kosztolányi Dezső tér 5.;Zácha Dohány Bt;47.489065;19.259249;Hétfő 05:00-20:30|Kedd 05:00-20:30|Szerda 05:00-20:30|Csütörtök 05:00-20:30|Péntek 05:00-20:30|Szombat 00:00-23:59|Vasárnap 06:00-12:00
1111;Pest;Budapest;11. ker. Lágymányosi utca 16.;Latif Trafik Bt;47.489065;19.259249;Hétfő 05:00-20:30|Kedd 05:00-20:30|Szerda 05:00-20:30|Csütörtök 05:00-20:30|Péntek 05:00-20:30|Szombat 00:00-23:59|Vasárnap 06:00-12:00
1111;Pest;Budapest;11. ker. Móricz Zsigmond körtér 2;Tomore Trafik bt;47.489065;19.259249;Hétfő 05:00-20:30|Kedd 05:00-20:30|Szerda 05:00-20:30|Csütörtök 05:00-20:30|Péntek 05:00-20:30|Szombat 00:00-23:59|Vasárnap 06:00-12:00
1117;Pest;Budapest;11. ker. Móricz Zsigmond körtér 9.;Kvintker Bt.;47.489065;19.259249;Hétfő 05:00-20:30|Kedd 05:00-20:30|Szerda 05:00-20:30|Csütörtök 05:00-20:30|Péntek 05:00-20:30|Szombat 00:00-23:59|Vasárnap 06:00-12:00
1118;Pest;Budapest;11. ker. Nagyszeben tér 2. Fsz.;Uzoni Tamás;47.489065;19.259249;Hétfő 05:00-20:30|Kedd 05:00-20:30|Szerda 05:00-20:30|Csütörtök 05:00-20:30|Péntek 05:00-20:30|Szombat 00:00-23:59|Vasárnap 06:00-12:00
1117;Pest;Budapest;11. ker. Október huszonharmadika utca 21. fsz.;Zácha Dohány Bt;47.489065;19.259249;Hétfő 05:00-20:30|Kedd 05:00-20:30|Szerda 05:00-20:30|Csütörtök 05:00-20:30|Péntek 05:00-20:30|Szombat 00:00-23:59|Vasárnap 06:00-12:00
1112;Pest;Budapest;11. ker. Péterhegyi lejtő 71.;Holló Tabak Bt;47.489065;19.259249;Hétfő 05:00-20:30|Kedd 05:00-20:30|Szerda 05:00-20:30|Csütörtök 05:00-20:30|Péntek 05:00-20:30|Szombat 00:00-23:59|Vasárnap 06:00-12:00
1118;Pest;Budapest;11. ker. Sasadi út 83.;Naphegy Tabak Bt.;47.489065;19.259249;Hétfő 05:00-20:30|Kedd 05:00-20:30|Szerda 05:00-20:30|Csütörtök 05:00-20:30|Péntek 05:00-20:30|Szombat 00:00-23:59|Vasárnap 06:00-12:00
1111;Pest;Budapest;11. ker. Szent Gellért tér 3.;Héthéthét Dohány Bt.;47.489065;19.259249;Hétfő 05:00-20:30|Kedd 05:00-20:30|Szerda 05:00-20:30|Csütörtök 05:00-20:30|Péntek 05:00-20:30|Szombat 00:00-23:59|Vasárnap 06:00-12:00
1115;Pest;Budapest;11. ker. Tétényi út 16.;Produkta Tabak Bt;47.489065;19.259249;Hétfő 05:00-20:30|Kedd 05:00-20:30|Szerda 05:00-20:30|Csütörtök 05:00-20:30|Péntek 05:00-20:30|Szombat 00:00-23:59|Vasárnap 06:00-12:00
1118;Pest;Budapest;11. ker. Torbágy utca 7/A.;Andaro Bt;47.489065;19.259249;Hétfő 05:00-20:30|Kedd 05:00-20:30|Szerda 05:00-20:30|Csütörtök 05:00-20:30|Péntek 05:00-20:30|Szombat 00:00-23:59|Vasárnap 06:00-12:00
1113;Pest;Budapest;11. ker. Villányi út 6.;1x1x1 Bt.;47.489065;19.259249;Hétfő 05:00-20:30|Kedd 05:00-20:30|Szerda 05:00-20:30|Csütörtök 05:00-20:30|Péntek 05:00-20:30|Szombat 00:00-23:59|Vasárnap 06:00-12:00
1123;Pest;Budapest;12. ker. Alkotás utca 13.;Vident Tabak Bt.;47.489065;19.259249;Hétfő 05:00-20:30|Kedd 05:00-20:30|Szerda 05:00-20:30|Csütörtök 05:00-20:30|Péntek 05:00-20:30|Szombat 00:00-23:59|Vasárnap 06:00-12:00
1123;Pest;Budapest;12. ker. Alkotás utca 53.;Vident Tabak Bt.;47.489065;19.259249;Hétfő 05:00-20:30|Kedd 05:00-20:30|Szerda 05:00-20:30|Csütörtök 05:00-20:30|Péntek 05:00-20:30|Szombat 00:00-23:59|Vasárnap 06:00-12:00
1123;Pest;Budapest;12. ker. Csörsz utca 23-25.;Hegyvidék Tabak Bt;47.489065;19.259249;Hétfő 05:00-20:30|Kedd 05:00-20:30|Szerda 05:00-20:30|Csütörtök 05:00-20:30|Péntek 05:00-20:30|Szombat 00:00-23:59|Vasárnap 06:00-12:00
1126;Pest;Budapest;12. ker. Dolgos utca 2. fsz. 171. üzlet;Mirabend Bt.;47.489065;19.259249;Hétfő 05:00-20:30|Kedd 05:00-20:30|Szerda 05:00-20:30|Csütörtök 05:00-20:30|Péntek 05:00-20:30|Szombat 00:00-23:59|Vasárnap 06:00-12:00
1121;Pest;Budapest;12. ker. Eötvös út 38/B;Hegyvidék Tabak Bt;47.489065;19.259249;Hétfő 05:00-20:30|Kedd 05:00-20:30|Szerda 05:00-20:30|Csütörtök 05:00-20:30|Péntek 05:00-20:30|Szombat 00:00-23:59|Vasárnap 06:00-12:00
1124;Pest;Budapest;12. ker. Kiss János altábornagy utca 50/a;Vident Tabak Bt.;47.489065;19.259249;Hétfő 05:00-20:30|Kedd 05:00-20:30|Szerda 05:00-20:30|Csütörtök 05:00-20:30|Péntek 05:00-20:30|Szombat 00:00-23:59|Vasárnap 06:00-12:00
1125;Pest;Budapest;12. ker. Kútvölgyi út 12;Kut Tabak Bt;47.489065;19.259249;Hétfő 05:00-20:30|Kedd 05:00-20:30|Szerda 05:00-20:30|Csütörtök 05:00-20:30|Péntek 05:00-20:30|Szombat 00:00-23:59|Vasárnap 06:00-12:00
1122;Pest;Budapest;12. ker. Magyar Jakobinusok tere 7;Produkta Tabak Bt;47.489065;19.259249;Hétfő 05:00-20:30|Kedd 05:00-20:30|Szerda 05:00-20:30|Csütörtök 05:00-20:30|Péntek 05:00-20:30|Szombat 00:00-23:59|Vasárnap 06:00-12:00
1125;Pest;Budapest;12. ker. Nógrádi utca 39.;Hegyvidék Tabak Bt;47.489065;19.259249;Hétfő 05:00-20:30|Kedd 05:00-20:30|Szerda 05:00-20:30|Csütörtök 05:00-20:30|Péntek 05:00-20:30|Szombat 00:00-23:59|Vasárnap 06:00-12:00
1124;Pest;Budapest;12. ker. Pagony utca 29.;Vudent Cigarette Bt.;47.489065;19.259249;Hétfő 05:00-20:30|Kedd 05:00-20:30|Szerda 05:00-20:30|Csütörtök 05:00-20:30|Péntek 05:00-20:30|Szombat 00:00-23:59|Vasárnap 06:00-12:00
1121;Pest;Budapest;12. ker. Zugligeti út 58;Kut Tabak Bt;47.489065;19.259249;Hétfő 05:00-20:30|Kedd 05:00-20:30|Szerda 05:00-20:30|Csütörtök 05:00-20:30|Péntek 05:00-20:30|Szombat 00:00-23:59|Vasárnap 06:00-12:00
1134;Pest;Budapest;13. ker. Árpád híd M. 11. sz. üzlet;Pengő Trafik Bt;47.489065;19.259249;Hétfő 05:00-20:30|Kedd 05:00-20:30|Szerda 05:00-20:30|Csütörtök 05:00-20:30|Péntek 05:00-20:30|Szombat 00:00-23:59|Vasárnap 06:00-12:00
1134;Pest;Budapest;13. ker. Árpád híd M. 4 sz. üzlet;Pengő Tabak Bt.;47.489065;19.259249;Hétfő 05:00-20:30|Kedd 05:00-20:30|Szerda 05:00-20:30|Csütörtök 05:00-20:30|Péntek 05:00-20:30|Szombat 00:00-23:59|Vasárnap 06:00-12:00
1134;Pest;Budapest;13. ker. Árpád híd M. 6. sz. üzlet;Pengő Tabak Bt.;47.489065;19.259249;Hétfő 05:00-20:30|Kedd 05:00-20:30|Szerda 05:00-20:30|Csütörtök 05:00-20:30|Péntek 05:00-20:30|Szombat 00:00-23:59|Vasárnap 06:00-12:00
1139;Pest;Budapest;13. ker. Balzac utca 8-10;Bimba Tabak Bt.;47.489065;19.259249;Hétfő 05:00-20:30|Kedd 05:00-20:30|Szerda 05:00-20:30|Csütörtök 05:00-20:30|Péntek 05:00-20:30|Szombat 00:00-23:59|Vasárnap 06:00-12:00
1135;Pest;Budapest;13. ker. Béke út 13-19.;Bimba Tabak Bt.;47.489065;19.259249;Hétfő 05:00-20:30|Kedd 05:00-20:30|Szerda 05:00-20:30|Csütörtök 05:00-20:30|Péntek 05:00-20:30|Szombat 00:00-23:59|Vasárnap 06:00-12:00
1131;Pest;Budapest;13. ker. Béke út 69/F20;Béke-Trafik Bt.;47.489065;19.259249;Hétfő 05:00-20:30|Kedd 05:00-20:30|Szerda 05:00-20:30|Csütörtök 05:00-20:30|Péntek 05:00-20:30|Szombat 00:00-23:59|Vasárnap 06:00-12:00
1132;Pest;Budapest;13. ker. Csanády utca 4/B;LI-ZO-Tabak Bt;47.489065;19.259249;Hétfő 05:00-20:30|Kedd 05:00-20:30|Szerda 05:00-20:30|Csütörtök 05:00-20:30|Péntek 05:00-20:30|Szombat 00:00-23:59|Vasárnap 06:00-12:00
1133;Pest;Budapest;13. ker. Dráva utca 22.;Fumatore Bt;47.489065;19.259249;Hétfő 05:00-20:30|Kedd 05:00-20:30|Szerda 05:00-20:30|Csütörtök 05:00-20:30|Péntek 05:00-20:30|Szombat 00:00-23:59|Vasárnap 06:00-12:00
1138;Pest;Budapest;13. ker. Dunavirág utca 2.;Fumatore Bt;47.489065;19.259249;Hétfő 05:00-20:30|Kedd 05:00-20:30|Szerda 05:00-20:30|Csütörtök 05:00-20:30|Péntek 05:00-20:30|Szombat 00:00-23:59|Vasárnap 06:00-12:00
1134;Pest;Budapest;13. ker. Dunyov István utca 9.;Pengő Dohány Bt.;47.489065;19.259249;Hétfő 05:00-20:30|Kedd 05:00-20:30|Szerda 05:00-20:30|Csütörtök 05:00-20:30|Péntek 05:00-20:30|Szombat 00:00-23:59|Vasárnap 06:00-12:00
1139;Pest;Budapest;13. ker. Fáy utca 4.;Szirák Dohány Bt;47.489065;19.259249;Hétfő 05:00-20:30|Kedd 05:00-20:30|Szerda 05:00-20:30|Csütörtök 05:00-20:30|Péntek 05:00-20:30|Szombat 00:00-23:59|Vasárnap 06:00-12:00
1139;Pest;Budapest;13. ker. Fiastyúk utca 23-25;LOLA Tabak Bt;47.489065;19.259249;Hétfő 05:00-20:30|Kedd 05:00-20:30|Szerda 05:00-20:30|Csütörtök 05:00-20:30|Péntek 05:00-20:30|Szombat 00:00-23:59|Vasárnap 06:00-12:00
1136;Pest;Budapest;13. ker. Hegedűs Gyula utca 20/A.;Rab Judit;47.489065;19.259249;Hétfő 05:00-20:30|Kedd 05:00-20:30|Szerda 05:00-20:30|Csütörtök 05:00-20:30|Péntek 05:00-20:30|Szombat 00:00-23:59|Vasárnap 06:00-12:00
1136;Pest;Budapest;13. ker. Hollán Ernő utca 3.;Pengő Trafik Bt;47.489065;19.259249;Hétfő 05:00-20:30|Kedd 05:00-20:30|Szerda 05:00-20:30|Csütörtök 05:00-20:30|Péntek 05:00-20:30|Szombat 00:00-23:59|Vasárnap 06:00-12:00
1136;Pest;Budapest;13. ker. Hollán Ernő utca 4.;Szulimán Tobacco Bt;47.489065;19.259249;Hétfő 05:00-20:30|Kedd 05:00-20:30|Szerda 05:00-20:30|Csütörtök 05:00-20:30|Péntek 05:00-20:30|Szombat 00:00-23:59|Vasárnap 06:00-12:00
1135;Pest;Budapest;13. ker. Jász utca 105.;LOLA Tabak Bt;47.489065;19.259249;Hétfő 05:00-20:30|Kedd 05:00-20:30|Szerda 05:00-20:30|Csütörtök 05:00-20:30|Péntek 05:00-20:30|Szombat 00:00-23:59|Vasárnap 06:00-12:00
1137;Pest;Budapest;13. ker. Jászai Mari tér 5.;Pengő Trafik Bt;47.489065;19.259249;Hétfő 05:00-20:30|Kedd 05:00-20:30|Szerda 05:00-20:30|Csütörtök 05:00-20:30|Péntek 05:00-20:30|Szombat 00:00-23:59|Vasárnap 06:00-12:00
1137;Pest;Budapest;13. ker. Katona József utca 3. fszt.;Hauck Tobacco Bt.;47.489065;19.259249;Hétfő 05:00-20:30|Kedd 05:00-20:30|Szerda 05:00-20:30|Csütörtök 05:00-20:30|Péntek 05:00-20:30|Szombat 00:00-23:59|Vasárnap 06:00-12:00
1135;Pest;Budapest;13. ker. Kisgömb utca 14-16.;Bodegita Tobacco Bt;47.489065;19.259249;Hétfő 05:00-20:30|Kedd 05:00-20:30|Szerda 05:00-20:30|Csütörtök 05:00-20:30|Péntek 05:00-20:30|Szombat 00:00-23:59|Vasárnap 06:00-12:00
1135;Pest;Budapest;13. ker. Lehel út 64-68.;MagikTrafik Dohányáru Ker. Bt.;47.489065;19.259249;Hétfő 05:00-20:30|Kedd 05:00-20:30|Szerda 05:00-20:30|Csütörtök 05:00-20:30|Péntek 05:00-20:30|Szombat 00:00-23:59|Vasárnap 06:00-12:00
1134;Pest;Budapest;13. ker. Lehel utca 33.;Pelikán Bt;47.489065;19.259249;Hétfő 05:00-20:30|Kedd 05:00-20:30|Szerda 05:00-20:30|Csütörtök 05:00-20:30|Péntek 05:00-20:30|Szombat 00:00-23:59|Vasárnap 06:00-12:00
1138;Pest;Budapest;13. ker. Népfürdő utca 15/A;Dopi Cigi Bt;47.489065;19.259249;Hétfő 05:00-20:30|Kedd 05:00-20:30|Szerda 05:00-20:30|Csütörtök 05:00-20:30|Péntek 05:00-20:30|Szombat 00:00-23:59|Vasárnap 06:00-12:00
1132;Pest;Budapest;13. ker. Országbíró utca 38-40.;Bodegita Tobacco Bt;47.489065;19.259249;Hétfő 05:00-20:30|Kedd 05:00-20:30|Szerda 05:00-20:30|Csütörtök 05:00-20:30|Péntek 05:00-20:30|Szombat 00:00-23:59|Vasárnap 06:00-12:00
1133;Pest;Budapest;13. ker. Pannónia utca 68.;Lipót Trafik Bt.;47.489065;19.259249;Hétfő 05:00-20:30|Kedd 05:00-20:30|Szerda 05:00-20:30|Csütörtök 05:00-20:30|Péntek 05:00-20:30|Szombat 00:00-23:59|Vasárnap 06:00-12:00
1139;Pest;Budapest;13. ker. Pap Károly utca 22/B;MagikTrafik Dohányáru Ker. Bt.;47.489065;19.259249;Hétfő 05:00-20:30|Kedd 05:00-20:30|Szerda 05:00-20:30|Csütörtök 05:00-20:30|Péntek 05:00-20:30|Szombat 00:00-23:59|Vasárnap 06:00-12:00
1137;Pest;Budapest;13. ker. Radnóti Miklós 4.;Pengő Dohány Bt.;47.489065;19.259249;Hétfő 05:00-20:30|Kedd 05:00-20:30|Szerda 05:00-20:30|Csütörtök 05:00-20:30|Péntek 05:00-20:30|Szombat 00:00-23:59|Vasárnap 06:00-12:00
1137;Pest;Budapest;13. ker. Szent István körút 20;Szirák Dohány Bt;47.489065;19.259249;Hétfő 05:00-20:30|Kedd 05:00-20:30|Szerda 05:00-20:30|Csütörtök 05:00-20:30|Péntek 05:00-20:30|Szombat 00:00-23:59|Vasárnap 06:00-12:00
1131;Pest;Budapest;13. ker. Szent László utca 152.;Touluol Bt;47.489065;19.259249;Hétfő 05:00-20:30|Kedd 05:00-20:30|Szerda 05:00-20:30|Csütörtök 05:00-20:30|Péntek 05:00-20:30|Szombat 00:00-23:59|Vasárnap 06:00-12:00
1131;Pest;Budapest;13. ker. Váci út 141-143.;Tabák Bt;47.489065;19.259249;Hétfő 05:00-20:30|Kedd 05:00-20:30|Szerda 05:00-20:30|Csütörtök 05:00-20:30|Péntek 05:00-20:30|Szombat 00:00-23:59|Vasárnap 06:00-12:00
1138;Pest;Budapest;13. ker. Váci út 178.;Tabák Bt;47.489065;19.259249;Hétfő 05:00-20:30|Kedd 05:00-20:30|Szerda 05:00-20:30|Csütörtök 05:00-20:30|Péntek 05:00-20:30|Szombat 00:00-23:59|Vasárnap 06:00-12:00
1138;Pest;Budapest;13. ker. Váci út 187.;Dopi Cigi Bt;47.489065;19.259249;Hétfő 05:00-20:30|Kedd 05:00-20:30|Szerda 05:00-20:30|Csütörtök 05:00-20:30|Péntek 05:00-20:30|Szombat 00:00-23:59|Vasárnap 06:00-12:00
1134;Pest;Budapest;13. ker. Váci út 9-15.;Fumatore Bt;47.489065;19.259249;Hétfő 05:00-20:30|Kedd 05:00-20:30|Szerda 05:00-20:30|Csütörtök 05:00-20:30|Péntek 05:00-20:30|Szombat 00:00-23:59|Vasárnap 06:00-12:00
1133;Pest;Budapest;13. ker. Véső utca 11.;Cipido Trafik Bt.;47.489065;19.259249;Hétfő 05:00-20:30|Kedd 05:00-20:30|Szerda 05:00-20:30|Csütörtök 05:00-20:30|Péntek 05:00-20:30|Szombat 00:00-23:59|Vasárnap 06:00-12:00
1132;Pest;Budapest;13. ker. Visegrádi utca 4.;Bodicoop Bt.;47.489065;19.259249;Hétfő 05:00-20:30|Kedd 05:00-20:30|Szerda 05:00-20:30|Csütörtök 05:00-20:30|Péntek 05:00-20:30|Szombat 00:00-23:59|Vasárnap 06:00-12:00
1132;Pest;Budapest;13. ker. Visegrádi utca 43-45.;Pengő Dohány Bt.;47.489065;19.259249;Hétfő 05:00-20:30|Kedd 05:00-20:30|Szerda 05:00-20:30|Csütörtök 05:00-20:30|Péntek 05:00-20:30|Szombat 00:00-23:59|Vasárnap 06:00-12:00
1149;Pest;Budapest;14. ker. Bosnyák tér 15.;Németh-Tabak Bt;47.489065;19.259249;Hétfő 05:00-20:30|Kedd 05:00-20:30|Szerda 05:00-20:30|Csütörtök 05:00-20:30|Péntek 05:00-20:30|Szombat 00:00-23:59|Vasárnap 06:00-12:00
1144;Pest;Budapest;14. ker. Csertő park 20;Panatella Trafik Bt;47.489065;19.259249;Hétfő 05:00-20:30|Kedd 05:00-20:30|Szerda 05:00-20:30|Csütörtök 05:00-20:30|Péntek 05:00-20:30|Szombat 00:00-23:59|Vasárnap 06:00-12:00
1144;Pest;Budapest;14. ker. Csertő utca 5-7.;Bagó Trafik Bt.;47.489065;19.259249;Hétfő 05:00-20:30|Kedd 05:00-20:30|Szerda 05:00-20:30|Csütörtök 05:00-20:30|Péntek 05:00-20:30|Szombat 00:00-23:59|Vasárnap 06:00-12:00
1146;Pest;Budapest;14. ker. Dózsa György utca 29.;Liso Trafik Bt.;47.489065;19.259249;Hétfő 05:00-20:30|Kedd 05:00-20:30|Szerda 05:00-20:30|Csütörtök 05:00-20:30|Péntek 05:00-20:30|Szombat 00:00-23:59|Vasárnap 06:00-12:00
1149;Pest;Budapest;14. ker. Egressy 9/A;Kvintker Bt.;47.489065;19.259249;Hétfő 05:00-20:30|Kedd 05:00-20:30|Szerda 05:00-20:30|Csütörtök 05:00-20:30|Péntek 05:00-20:30|Szombat 00:00-23:59|Vasárnap 06:00-12:00
1148;Pest;Budapest;14. ker. Fogarasi út 47-51.;Récsei Tabak Bt;47.489065;19.259249;Hétfő 05:00-20:30|Kedd 05:00-20:30|Szerda 05:00-20:30|Csütörtök 05:00-20:30|Péntek 05:00-20:30|Szombat 00:00-23:59|Vasárnap 06:00-12:00
1148;Pest;Budapest;14. ker. Kerepesi út 34.;Liso Trafik Bt.;47.489065;19.259249;Hétfő 05:00-20:30|Kedd 05:00-20:30|Szerda 05:00-20:30|Csütörtök 05:00-20:30|Péntek 05:00-20:30|Szombat 00:00-23:59|Vasárnap 06:00-12:00
1149;Pest;Budapest;14. ker. Mogyoródi utca 23-39.;Ion Tibor Atila;47.489065;19.259249;Hétfő 05:00-20:30|Kedd 05:00-20:30|Szerda 05:00-20:30|Csütörtök 05:00-20:30|Péntek 05:00-20:30|Szombat 00:00-23:59|Vasárnap 06:00-12:00
1142;Pest;Budapest;14. ker. Nagy Lajos Király 82/B;Trafik Akumal Bt.;47.489065;19.259249;Hétfő 05:00-20:30|Kedd 05:00-20:30|Szerda 05:00-20:30|Csütörtök 05:00-20:30|Péntek 05:00-20:30|Szombat 00:00-23:59|Vasárnap 06:00-12:00
1148;Pest;Budapest;14. ker. Nagy Lajos király útja 100.;Kishunor Bt.;47.489065;19.259249;Hétfő 05:00-20:30|Kedd 05:00-20:30|Szerda 05:00-20:30|Csütörtök 05:00-20:30|Péntek 05:00-20:30|Szombat 00:00-23:59|Vasárnap 06:00-12:00
1144;Pest;Budapest;14. ker. Örs Vezér tér 2.;Holló Tabak Bt;47.489065;19.259249;Hétfő 05:00-20:30|Kedd 05:00-20:30|Szerda 05:00-20:30|Csütörtök 05:00-20:30|Péntek 05:00-20:30|Szombat 00:00-23:59|Vasárnap 06:00-12:00
1148;Pest;Budapest;14. ker. Örs Vezér tere 24.;Roken Tobacco Bt;47.489065;19.259249;Hétfő 05:00-20:30|Kedd 05:00-20:30|Szerda 05:00-20:30|Csütörtök 05:00-20:30|Péntek 05:00-20:30|Szombat 00:00-23:59|Vasárnap 06:00-12:00
1143;Pest;Budapest;14. ker. Pillangó utca 22;Jáger trafik Bt;47.489065;19.259249;Hétfő 05:00-20:30|Kedd 05:00-20:30|Szerda 05:00-20:30|Csütörtök 05:00-20:30|Péntek 05:00-20:30|Szombat 00:00-23:59|Vasárnap 06:00-12:00
1145;Pest;Budapest;14. ker. Róna utca 125.;Negretto Bt.;47.489065;19.259249;Hétfő 05:00-20:30|Kedd 05:00-20:30|Szerda 05:00-20:30|Csütörtök 05:00-20:30|Péntek 05:00-20:30|Szombat 00:00-23:59|Vasárnap 06:00-12:00
1141;Pest;Budapest;14. ker. Stadionok metróállomás Kerepesi út felé;Rózsa Dohány Bt.;47.489065;19.259249;Hétfő 05:00-20:30|Kedd 05:00-20:30|Szerda 05:00-20:30|Csütörtök 05:00-20:30|Péntek 05:00-20:30|Szombat 00:00-23:59|Vasárnap 06:00-12:00
1146;Pest;Budapest;14. ker. Szabó József utca 6;Récsei Tabak Bt;47.489065;19.259249;Hétfő 05:00-20:30|Kedd 05:00-20:30|Szerda 05:00-20:30|Csütörtök 05:00-20:30|Péntek 05:00-20:30|Szombat 00:00-23:59|Vasárnap 06:00-12:00
1146;Pest;Budapest;14. ker. Thököly utca 151/c.;Tobacconist Trade Bt;47.489065;19.259249;Hétfő 05:00-20:30|Kedd 05:00-20:30|Szerda 05:00-20:30|Csütörtök 05:00-20:30|Péntek 05:00-20:30|Szombat 00:00-23:59|Vasárnap 06:00-12:00
1146;Pest;Budapest;14. ker. Thököly utca 96.;Smoke City Bt;47.489065;19.259249;Hétfő 05:00-20:30|Kedd 05:00-20:30|Szerda 05:00-20:30|Csütörtök 05:00-20:30|Péntek 05:00-20:30|Szombat 00:00-23:59|Vasárnap 06:00-12:00
1154;Pest;Budapest;15. ker. Bánkút utca 108.;Palota Trafik Bt;47.489065;19.259249;Hétfő 05:00-20:30|Kedd 05:00-20:30|Szerda 05:00-20:30|Csütörtök 05:00-20:30|Péntek 05:00-20:30|Szombat 00:00-23:59|Vasárnap 06:00-12:00
1154;Pest;Budapest;15. ker. Bezerédi Pál utca 136.;Triola-Trafik Bt;47.489065;19.259249;Hétfő 05:00-20:30|Kedd 05:00-20:30|Szerda 05:00-20:30|Csütörtök 05:00-20:30|Péntek 05:00-20:30|Szombat 00:00-23:59|Vasárnap 06:00-12:00
1152;Pest;Budapest;15. ker. Bogáncs utca 1-3.;Pál Ildikó;47.489065;19.259249;Hétfő 05:00-20:30|Kedd 05:00-20:30|Szerda 05:00-20:30|Csütörtök 05:00-20:30|Péntek 05:00-20:30|Szombat 00:00-23:59|Vasárnap 06:00-12:00
1158;Pest;Budapest;15. ker. Drégelyvár - Molnár Viktor utca sarok;Spisák Barbara;47.489065;19.259249;Hétfő 05:00-20:30|Kedd 05:00-20:30|Szerda 05:00-20:30|Csütörtök 05:00-20:30|Péntek 05:00-20:30|Szombat 00:00-23:59|Vasárnap 06:00-12:00
1158;Pest;Budapest;15. ker. Drégelyvár utca 57-63.;Smoke Trainer 93 Bt;47.489065;19.259249;Hétfő 05:00-20:30|Kedd 05:00-20:30|Szerda 05:00-20:30|Csütörtök 05:00-20:30|Péntek 05:00-20:30|Szombat 00:00-23:59|Vasárnap 06:00-12:00
1157;Pest;Budapest;15. ker. Erdőkerülő út 1-7;Soel Trafik Bt;47.489065;19.259249;Hétfő 05:00-20:30|Kedd 05:00-20:30|Szerda 05:00-20:30|Csütörtök 05:00-20:30|Péntek 05:00-20:30|Szombat 00:00-23:59|Vasárnap 06:00-12:00
1157;Pest;Budapest;15. ker. Erdőkerülő utca 36.;Fehérfüst Bt;47.489065;19.259249;Hétfő 05:00-20:30|Kedd 05:00-20:30|Szerda 05:00-20:30|Csütörtök 05:00-20:30|Péntek 05:00-20:30|Szombat 00:00-23:59|Vasárnap 06:00-12:00
1152;Pest;Budapest;15. ker. Fő út 2.;Kovács Nikolett;47.489065;19.259249;Hétfő 05:00-20:30|Kedd 05:00-20:30|Szerda 05:00-20:30|Csütörtök 05:00-20:30|Péntek 05:00-20:30|Szombat 00:00-23:59|Vasárnap 06:00-12:00
1151;Pest;Budapest;15. ker. Fő út 61.;Dohányzóklub Bt;47.489065;19.259249;Hétfő 05:00-20:30|Kedd 05:00-20:30|Szerda 05:00-20:30|Csütörtök 05:00-20:30|Péntek 05:00-20:30|Szombat 00:00-23:59|Vasárnap 06:00-12:00
1152;Pest;Budapest;15. ker. Illyés Gyula utca 12-16.;Pál Ildikó;47.489065;19.259249;Hétfő 05:00-20:30|Kedd 05:00-20:30|Szerda 05:00-20:30|Csütörtök 05:00-20:30|Péntek 05:00-20:30|Szombat 00:00-23:59|Vasárnap 06:00-12:00
1158;Pest;Budapest;15. ker. Késmárk utca 10.;Varázs Trafik Bt;47.489065;19.259249;Hétfő 05:00-20:30|Kedd 05:00-20:30|Szerda 05:00-20:30|Csütörtök 05:00-20:30|Péntek 05:00-20:30|Szombat 00:00-23:59|Vasárnap 06:00-12:00
1155;Pest;Budapest;15. ker. Kolozsvár utca 48-50.;Kürcha Tobacco Bt;47.489065;19.259249;Hétfő 05:00-20:30|Kedd 05:00-20:30|Szerda 05:00-20:30|Csütörtök 05:00-20:30|Péntek 05:00-20:30|Szombat 00:00-23:59|Vasárnap 06:00-12:00
1157;Pest;Budapest;15. ker. Legénybíró utca 2.;Tobacco Leaves Bt;47.489065;19.259249;Hétfő 05:00-20:30|Kedd 05:00-20:30|Szerda 05:00-20:30|Csütörtök 05:00-20:30|Péntek 05:00-20:30|Szombat 00:00-23:59|Vasárnap 06:00-12:00
1156;Pest;Budapest;15. ker. Nyírpalota út 52;Röné Trafik Store Bt.;47.489065;19.259249;Hétfő 05:00-20:30|Kedd 05:00-20:30|Szerda 05:00-20:30|Csütörtök 05:00-20:30|Péntek 05:00-20:30|Szombat 00:00-23:59|Vasárnap 06:00-12:00
1156;Pest;Budapest;15. ker. Nyírpalota utca 2.;Kürcha Tobacco Bt;47.489065;19.259249;Hétfő 05:00-20:30|Kedd 05:00-20:30|Szerda 05:00-20:30|Csütörtök 05:00-20:30|Péntek 05:00-20:30|Szombat 00:00-23:59|Vasárnap 06:00-12:00
1152;Pest;Budapest;15. ker. Öregfalusi utca 2.;Dohány-Palota Bt;47.489065;19.259249;Hétfő 05:00-20:30|Kedd 05:00-20:30|Szerda 05:00-20:30|Csütörtök 05:00-20:30|Péntek 05:00-20:30|Szombat 00:00-23:59|Vasárnap 06:00-12:00
1157;Pest;Budapest;15. ker. Páskomliget utca 26;Kürcha Tobacco Bt;47.489065;19.259249;Hétfő 05:00-20:30|Kedd 05:00-20:30|Szerda 05:00-20:30|Csütörtök 05:00-20:30|Péntek 05:00-20:30|Szombat 00:00-23:59|Vasárnap 06:00-12:00
1156;Pest;Budapest;15. ker. Páskomliget utca 6.;Hor-Macz Bt;47.489065;19.259249;Hétfő 05:00-20:30|Kedd 05:00-20:30|Szerda 05:00-20:30|Csütörtök 05:00-20:30|Péntek 05:00-20:30|Szombat 00:00-23:59|Vasárnap 06:00-12:00
1152;Pest;Budapest;15. ker. Rákos út 33/a.;Paulovits Henriette;47.489065;19.259249;Hétfő 05:00-20:30|Kedd 05:00-20:30|Szerda 05:00-20:30|Csütörtök 05:00-20:30|Péntek 05:00-20:30|Szombat 00:00-23:59|Vasárnap 06:00-12:00
1152;Pest;Budapest;15. ker. Rákos út 48.;Kremmer Tabak Bt.;47.489065;19.259249;Hétfő 05:00-20:30|Kedd 05:00-20:30|Szerda 05:00-20:30|Csütörtök 05:00-20:30|Péntek 05:00-20:30|Szombat 00:00-23:59|Vasárnap 06:00-12:00
1152;Pest;Budapest;15. ker. Rákos út 84.;Kremmer Tabak Bt.;47.489065;19.259249;Hétfő 05:00-20:30|Kedd 05:00-20:30|Szerda 05:00-20:30|Csütörtök 05:00-20:30|Péntek 05:00-20:30|Szombat 00:00-23:59|Vasárnap 06:00-12:00
1152;Pest;Budapest;15. ker. Régifóti út 30.;Kislutri Bt;47.489065;19.259249;Hétfő 05:00-20:30|Kedd 05:00-20:30|Szerda 05:00-20:30|Csütörtök 05:00-20:30|Péntek 05:00-20:30|Szombat 00:00-23:59|Vasárnap 06:00-12:00
1154;Pest;Budapest;15. ker. Széchenyi utca 2.;Táltos Hungary 2000 Bt;47.489065;19.259249;Hétfő 05:00-20:30|Kedd 05:00-20:30|Szerda 05:00-20:30|Csütörtök 05:00-20:30|Péntek 05:00-20:30|Szombat 00:00-23:59|Vasárnap 06:00-12:00
1152;Pest;Budapest;15. ker. Szentmihályi út 167-169.;Szabal Trafik Bt;47.489065;19.259249;Hétfő 05:00-20:30|Kedd 05:00-20:30|Szerda 05:00-20:30|Csütörtök 05:00-20:30|Péntek 05:00-20:30|Szombat 00:00-23:59|Vasárnap 06:00-12:00
1152;Pest;Budapest;15. ker. Szentmihályi utca 137.;Hegedüs Dóra Edit;47.489065;19.259249;Hétfő 05:00-20:30|Kedd 05:00-20:30|Szerda 05:00-20:30|Csütörtök 05:00-20:30|Péntek 05:00-20:30|Szombat 00:00-23:59|Vasárnap 06:00-12:00
1158;Pest;Budapest;15. ker. Sztárai Mihály tér 4.;Badacsonyi Zoltán;47.489065;19.259249;Hétfő 05:00-20:30|Kedd 05:00-20:30|Szerda 05:00-20:30|Csütörtök 05:00-20:30|Péntek 05:00-20:30|Szombat 00:00-23:59|Vasárnap 06:00-12:00
1152;Pest;Budapest;15. ker. Töltés utca 4.;Kremmer Tabak Bt.;47.489065;19.259249;Hétfő 05:00-20:30|Kedd 05:00-20:30|Szerda 05:00-20:30|Csütörtök 05:00-20:30|Péntek 05:00-20:30|Szombat 00:00-23:59|Vasárnap 06:00-12:00
1157;Pest;Budapest;15. ker. Zsókavár utca 2-4.;Pál Ildikó;47.489065;19.259249;Hétfő 05:00-20:30|Kedd 05:00-20:30|Szerda 05:00-20:30|Csütörtök 05:00-20:30|Péntek 05:00-20:30|Szombat 00:00-23:59|Vasárnap 06:00-12:00
1157;Pest;Budapest;15. ker. Zsókavár utca 43-47 fszt;REMYVERA kereskedelmi és Szolgáltató Bt.;47.489065;19.259249;Hétfő 05:00-20:30|Kedd 05:00-20:30|Szerda 05:00-20:30|Csütörtök 05:00-20:30|Péntek 05:00-20:30|Szombat 00:00-23:59|Vasárnap 06:00-12:00
1162;Pest;Budapest;16. ker. Állás 52.;Rebacco Dohánybolt Bt;47.489065;19.259249;Hétfő 05:00-20:30|Kedd 05:00-20:30|Szerda 05:00-20:30|Csütörtök 05:00-20:30|Péntek 05:00-20:30|Szombat 00:00-23:59|Vasárnap 06:00-12:00
1162;Pest;Budapest;16. ker. Arany János utca 102;Nacsavin Tabak Bt.;47.489065;19.259249;Hétfő 05:00-20:30|Kedd 05:00-20:30|Szerda 05:00-20:30|Csütörtök 05:00-20:30|Péntek 05:00-20:30|Szombat 00:00-23:59|Vasárnap 06:00-12:00
1162;Pest;Budapest;16. ker. Budapesti út 119/D;Tobakko Magyar Dohány Bt;47.489065;19.259249;Hétfő 05:00-20:30|Kedd 05:00-20:30|Szerda 05:00-20:30|Csütörtök 05:00-20:30|Péntek 05:00-20:30|Szombat 00:00-23:59|Vasárnap 06:00-12:00
1165;Pest;Budapest;16. ker. Centenárium sétány 16-24.;Sun Leaves Tobacco Bt;47.489065;19.259249;Hétfő 05:00-20:30|Kedd 05:00-20:30|Szerda 05:00-20:30|Csütörtök 05:00-20:30|Péntek 05:00-20:30|Szombat 00:00-23:59|Vasárnap 06:00-12:00
1162;Pest;Budapest;16. ker. György utca 2.;Nagy Erika;47.489065;19.259249;Hétfő 05:00-20:30|Kedd 05:00-20:30|Szerda 05:00-20:30|Csütörtök 05:00-20:30|Péntek 05:00-20:30|Szombat 00:00-23:59|Vasárnap 06:00-12:00
1161;Pest;Budapest;16. ker. János utca 196.;Domino Tabak Bt;47.489065;19.259249;Hétfő 05:00-20:30|Kedd 05:00-20:30|Szerda 05:00-20:30|Csütörtök 05:00-20:30|Péntek 05:00-20:30|Szombat 00:00-23:59|Vasárnap 06:00-12:00
1165;Pest;Budapest;16. ker. Jókai Mór utca 2.;Tobacco Leaves Bt;47.489065;19.259249;Hétfő 05:00-20:30|Kedd 05:00-20:30|Szerda 05:00-20:30|Csütörtök 05:00-20:30|Péntek 05:00-20:30|Szombat 00:00-23:59|Vasárnap 06:00-12:00
1165;Pest;Budapest;16. ker. Margit utca 102.;Mihók Anita Andrea;47.489065;19.259249;Hétfő 05:00-20:30|Kedd 05:00-20:30|Szerda 05:00-20:30|Csütörtök 05:00-20:30|Péntek 05:00-20:30|Szombat 00:00-23:59|Vasárnap 06:00-12:00
1162;Pest;Budapest;16. ker. Mátyás király út 58.;N&J Family Dohány BT;47.489065;19.259249;Hétfő 05:00-20:30|Kedd 05:00-20:30|Szerda 05:00-20:30|Csütörtök 05:00-20:30|Péntek 05:00-20:30|Szombat 00:00-23:59|Vasárnap 06:00-12:00
1164;Pest;Budapest;16. ker. Ostoros utca 8.;Ritter Beatrix;47.489065;19.259249;Hétfő 05:00-20:30|Kedd 05:00-20:30|Szerda 05:00-20:30|Csütörtök 05:00-20:30|Péntek 05:00-20:30|Szombat 00:00-23:59|Vasárnap 06:00-12:00
1162;Pest;Budapest;16. ker. Rákosi út 142-146.;Nagydohány-1161 Bt.;47.489065;19.259249;Hétfő 05:00-20:30|Kedd 05:00-20:30|Szerda 05:00-20:30|Csütörtök 05:00-20:30|Péntek 05:00-20:30|Szombat 00:00-23:59|Vasárnap 06:00-12:00
1162;Pest;Budapest;16. ker. Rákosi út 265/B;Kondás Zsolt Attila;47.489065;19.259249;Hétfő 05:00-20:30|Kedd 05:00-20:30|Szerda 05:00-20:30|Csütörtök 05:00-20:30|Péntek 05:00-20:30|Szombat 00:00-23:59|Vasárnap 06:00-12:00
1163;Pest;Budapest;16. ker. Sashalmi tér 1.;Csiszitipp Bt.;47.489065;19.259249;Hétfő 05:00-20:30|Kedd 05:00-20:30|Szerda 05:00-20:30|Csütörtök 05:00-20:30|Péntek 05:00-20:30|Szombat 00:00-23:59|Vasárnap 06:00-12:00
1164;Pest;Budapest;16. ker. Szabadföld út 19/B.;Fortuna Dohánybolt Bt;47.489065;19.259249;Hétfő 05:00-20:30|Kedd 05:00-20:30|Szerda 05:00-20:30|Csütörtök 05:00-20:30|Péntek 05:00-20:30|Szombat 00:00-23:59|Vasárnap 06:00-12:00
1162;Pest;Budapest;16. ker. Szlovák út 82.;Tobakko Magyar Dohány Bt;47.489065;19.259249;Hétfő 05:00-20:30|Kedd 05:00-20:30|Szerda 05:00-20:30|Csütörtök 05:00-20:30|Péntek 05:00-20:30|Szombat 00:00-23:59|Vasárnap 06:00-12:00
1162;Pest;Budapest;16. ker. Szlovák út hrsz. 114749;Beba Trafik Bt;47.489065;19.259249;Hétfő 05:00-20:30|Kedd 05:00-20:30|Szerda 05:00-20:30|Csütörtök 05:00-20:30|Péntek 05:00-20:30|Szombat 00:00-23:59|Vasárnap 06:00-12:00
1163;Pest;Budapest;16. ker. Thököly út 10.;Fekete 86 Dohány Bt.;47.489065;19.259249;Hétfő 05:00-20:30|Kedd 05:00-20:30|Szerda 05:00-20:30|Csütörtök 05:00-20:30|Péntek 05:00-20:30|Szombat 00:00-23:59|Vasárnap 06:00-12:00
1165;Pest;Budapest;16. ker. Újszász utca 45/B G épület;Váradi András;47.489065;19.259249;Hétfő 05:00-20:30|Kedd 05:00-20:30|Szerda 05:00-20:30|Csütörtök 05:00-20:30|Péntek 05:00-20:30|Szombat 00:00-23:59|Vasárnap 06:00-12:00
1165;Pest;Budapest;16. ker. Újszász utca 47/b.;Rácz-Tabak Bt.;47.489065;19.259249;Hétfő 05:00-20:30|Kedd 05:00-20:30|Szerda 05:00-20:30|Csütörtök 05:00-20:30|Péntek 05:00-20:30|Szombat 00:00-23:59|Vasárnap 06:00-12:00
1165;Pest;Budapest;16. ker. Újszász utca 87.;Mátyás Dohány Ker. Bt;47.489065;19.259249;Hétfő 05:00-20:30|Kedd 05:00-20:30|Szerda 05:00-20:30|Csütörtök 05:00-20:30|Péntek 05:00-20:30|Szombat 00:00-23:59|Vasárnap 06:00-12:00
1165;Pest;Budapest;16. ker. Veres Péter út 114.;Dorkó Zsolt;47.489065;19.259249;Hétfő 05:00-20:30|Kedd 05:00-20:30|Szerda 05:00-20:30|Csütörtök 05:00-20:30|Péntek 05:00-20:30|Szombat 00:00-23:59|Vasárnap 06:00-12:00
1163;Pest;Budapest;16. ker. Veres Péter út 43;Barna István;47.489065;19.259249;Hétfő 05:00-20:30|Kedd 05:00-20:30|Szerda 05:00-20:30|Csütörtök 05:00-20:30|Péntek 05:00-20:30|Szombat 00:00-23:59|Vasárnap 06:00-12:00
1163;Pest;Budapest;16. ker. Veres Péter utca 15/c.;Tubak Trafik Bt;47.489065;19.259249;Hétfő 05:00-20:30|Kedd 05:00-20:30|Szerda 05:00-20:30|Csütörtök 05:00-20:30|Péntek 05:00-20:30|Szombat 00:00-23:59|Vasárnap 06:00-12:00
1172;Pest;Budapest;17. ker. Almásháza utca 2.;Almásháza ABC Kereskedelmi és Szolgáltató Bt.;47.489065;19.259249;Hétfő 05:00-20:30|Kedd 05:00-20:30|Szerda 05:00-20:30|Csütörtök 05:00-20:30|Péntek 05:00-20:30|Szombat 00:00-23:59|Vasárnap 06:00-12:00
1173;Pest;Budapest;17. ker. Bakancsos utca 5.;Mucsányi Károly Ferencné;47.489065;19.259249;Hétfő 05:00-20:30|Kedd 05:00-20:30|Szerda 05:00-20:30|Csütörtök 05:00-20:30|Péntek 05:00-20:30|Szombat 00:00-23:59|Vasárnap 06:00-12:00
1174;Pest;Budapest;17. ker. Baross utca 2.;UPA Dohánybolt Bt;47.489065;19.259249;Hétfő 05:00-20:30|Kedd 05:00-20:30|Szerda 05:00-20:30|Csütörtök 05:00-20:30|Péntek 05:00-20:30|Szombat 00:00-23:59|Vasárnap 06:00-12:00
1173;Pest;Budapest;17. ker. Borsó utca 64/B.;Ambrus Ágnes Réka;47.489065;19.259249;Hétfő 05:00-20:30|Kedd 05:00-20:30|Szerda 05:00-20:30|Csütörtök 05:00-20:30|Péntek 05:00-20:30|Szombat 00:00-23:59|Vasárnap 06:00-12:00
1173;Pest;Budapest;17. ker. Ferihegyi út 132.;Lavanderia Bt.;47.489065;19.259249;Hétfő 05:00-20:30|Kedd 05:00-20:30|Szerda 05:00-20:30|Csütörtök 05:00-20:30|Péntek 05:00-20:30|Szombat 00:00-23:59|Vasárnap 06:00-12:00
1172;Pest;Budapest;17. ker. Ferihegyi út 29.;Pethő Melinda;47.489065;19.259249;Hétfő 05:00-20:30|Kedd 05:00-20:30|Szerda 05:00-20:30|Csütörtök 05:00-20:30|Péntek 05:00-20:30|Szombat 00:00-23:59|Vasárnap 06:00-12:00
1172;Pest;Budapest;17. ker. Ferihegyi út 39;Bedko Ker. és Szolg. Bt;47.489065;19.259249;Hétfő 05:00-20:30|Kedd 05:00-20:30|Szerda 05:00-20:30|Csütörtök 05:00-20:30|Péntek 05:00-20:30|Szombat 00:00-23:59|Vasárnap 06:00-12:00
1173;Pest;Budapest;17. ker. Ferihegyi utca 93/C;Horváth Károly Róbert;47.489065;19.259249;Hétfő 05:00-20:30|Kedd 05:00-20:30|Szerda 05:00-20:30|Csütörtök 05:00-20:30|Péntek 05:00-20:30|Szombat 00:00-23:59|Vasárnap 06:00-12:00
1173;Pest;Budapest;17. ker. Flamingó utca 19.;Ferenczi Gyöngyi;47.489065;19.259249;Hétfő 05:00-20:30|Kedd 05:00-20:30|Szerda 05:00-20:30|Csütörtök 05:00-20:30|Péntek 05:00-20:30|Szombat 00:00-23:59|Vasárnap 06:00-12:00
1173;Pest;Budapest;17. ker. Jósika utca 42.;Faragóné Mandrik Andrea;47.489065;19.259249;Hétfő 05:00-20:30|Kedd 05:00-20:30|Szerda 05:00-20:30|Csütörtök 05:00-20:30|Péntek 05:00-20:30|Szombat 00:00-23:59|Vasárnap 06:00-12:00
1173;Pest;Budapest;17. ker. Kaszáló utca 47.;Tabak 17 Hungary Bt;47.489065;19.259249;Hétfő 05:00-20:30|Kedd 05:00-20:30|Szerda 05:00-20:30|Csütörtök 05:00-20:30|Péntek 05:00-20:30|Szombat 00:00-23:59|Vasárnap 06:00-12:00
1173;Pest;Budapest;17. ker. Kis utca 3.;Dé-Es Tabak Bt;47.489065;19.259249;Hétfő 05:00-20:30|Kedd 05:00-20:30|Szerda 05:00-20:30|Csütörtök 05:00-20:30|Péntek 05:00-20:30|Szombat 00:00-23:59|Vasárnap 06:00-12:00
1174;Pest;Budapest;17. ker. Kvasz András utca 27/C. 3.a;Zácha Dohány Bt;47.489065;19.259249;Hétfő 05:00-20:30|Kedd 05:00-20:30|Szerda 05:00-20:30|Csütörtök 05:00-20:30|Péntek 05:00-20:30|Szombat 00:00-23:59|Vasárnap 06:00-12:00
1172;Pest;Budapest;17. ker. Naplás út 11.;Keresztur Tabac Shop Bt;47.489065;19.259249;Hétfő 05:00-20:30|Kedd 05:00-20:30|Szerda 05:00-20:30|Csütörtök 05:00-20:30|Péntek 05:00-20:30|Szombat 00:00-23:59|Vasárnap 06:00-12:00
1171;Pest;Budapest;17. ker. Nyomdász utca 1.;Darabos Levente;47.489065;19.259249;Hétfő 05:00-20:30|Kedd 05:00-20:30|Szerda 05:00-20:30|Csütörtök 05:00-20:30|Péntek 05:00-20:30|Szombat 00:00-23:59|Vasárnap 06:00-12:00
1171;Pest;Budapest;17. ker. Péceli út 126.;Epres Gábor László;47.489065;19.259249;Hétfő 05:00-20:30|Kedd 05:00-20:30|Szerda 05:00-20:30|Csütörtök 05:00-20:30|Péntek 05:00-20:30|Szombat 00:00-23:59|Vasárnap 06:00-12:00
1171;Pest;Budapest;17. ker. Péceli út 147.;Trio M3 Kereskedelmi Bt;47.489065;19.259249;Hétfő 05:00-20:30|Kedd 05:00-20:30|Szerda 05:00-20:30|Csütörtök 05:00-20:30|Péntek 05:00-20:30|Szombat 00:00-23:59|Vasárnap 06:00-12:00
1171;Pest;Budapest;17. ker. Péceli út 207-209.;Dr. Guzmics Tibor;47.489065;19.259249;Hétfő 05:00-20:30|Kedd 05:00-20:30|Szerda 05:00-20:30|Csütörtök 05:00-20:30|Péntek 05:00-20:30|Szombat 00:00-23:59|Vasárnap 06:00-12:00
1173;Pest;Budapest;17. ker. Pesti út 159.;Faragó Trafik Bt;47.489065;19.259249;Hétfő 05:00-20:30|Kedd 05:00-20:30|Szerda 05:00-20:30|Csütörtök 05:00-20:30|Péntek 05:00-20:30|Szombat 00:00-23:59|Vasárnap 06:00-12:00
1173;Pest;Budapest;17. ker. Pesti út 16-18;Zácha Dohány Bt;47.489065;19.259249;Hétfő 05:00-20:30|Kedd 05:00-20:30|Szerda 05:00-20:30|Csütörtök 05:00-20:30|Péntek 05:00-20:30|Szombat 00:00-23:59|Vasárnap 06:00-12:00
1173;Pest;Budapest;17. ker. Pesti út 169;Tabak 17 Hungary Bt;47.489065;19.259249;Hétfő 05:00-20:30|Kedd 05:00-20:30|Szerda 05:00-20:30|Csütörtök 05:00-20:30|Péntek 05:00-20:30|Szombat 00:00-23:59|Vasárnap 06:00-12:00
1173;Pest;Budapest;17. ker. Pesti út 211.;Nemes-Tabak Bt;47.489065;19.259249;Hétfő 05:00-20:30|Kedd 05:00-20:30|Szerda 05:00-20:30|Csütörtök 05:00-20:30|Péntek 05:00-20:30|Szombat 00:00-23:59|Vasárnap 06:00-12:00
1173;Pest;Budapest;17. ker. Pesti út 237/H.;Domino Tabak Bt;47.489065;19.259249;Hétfő 05:00-20:30|Kedd 05:00-20:30|Szerda 05:00-20:30|Csütörtök 05:00-20:30|Péntek 05:00-20:30|Szombat 00:00-23:59|Vasárnap 06:00-12:00
1173;Pest;Budapest;17. ker. Pesti út 4.;Slikk-Slukk Bt.;47.489065;19.259249;Hétfő 05:00-20:30|Kedd 05:00-20:30|Szerda 05:00-20:30|Csütörtök 05:00-20:30|Péntek 05:00-20:30|Szombat 00:00-23:59|Vasárnap 06:00-12:00
1173;Pest;Budapest;17. ker. Pesti út 70.;M-Braun Bt;47.489065;19.259249;Hétfő 05:00-20:30|Kedd 05:00-20:30|Szerda 05:00-20:30|Csütörtök 05:00-20:30|Péntek 05:00-20:30|Szombat 00:00-23:59|Vasárnap 06:00-12:00
1173;Pest;Budapest;17. ker. Pesti-501 utca Hrsz 120003;Héthéthét Dohány Bt.;47.489065;19.259249;Hétfő 05:00-20:30|Kedd 05:00-20:30|Szerda 05:00-20:30|Csütörtök 05:00-20:30|Péntek 05:00-20:30|Szombat 00:00-23:59|Vasárnap 06:00-12:00
1174;Pest;Budapest;17. ker. Szabad Május tér 1.;Roken Tobacco Bt;47.489065;19.259249;Hétfő 05:00-20:30|Kedd 05:00-20:30|Szerda 05:00-20:30|Csütörtök 05:00-20:30|Péntek 05:00-20:30|Szombat 00:00-23:59|Vasárnap 06:00-12:00
1171;Pest;Budapest;17. ker. Ujlak-Sima utca sarok 0.;Szíj József Máté;47.489065;19.259249;Hétfő 05:00-20:30|Kedd 05:00-20:30|Szerda 05:00-20:30|Csütörtök 05:00-20:30|Péntek 05:00-20:30|Szombat 00:00-23:59|Vasárnap 06:00-12:00
1188;Pest;Budapest;18. ker. Alacskai út 3.;Vudent Cigarette Bt.;47.489065;19.259249;Hétfő 05:00-20:30|Kedd 05:00-20:30|Szerda 05:00-20:30|Csütörtök 05:00-20:30|Péntek 05:00-20:30|Szombat 00:00-23:59|Vasárnap 06:00-12:00
1183;Pest;Budapest;18. ker. Balassa Bálint utca 2-10.;Virginia Tabak Bt.;47.489065;19.259249;Hétfő 05:00-20:30|Kedd 05:00-20:30|Szerda 05:00-20:30|Csütörtök 05:00-20:30|Péntek 05:00-20:30|Szombat 00:00-23:59|Vasárnap 06:00-12:00
1183;Pest;Budapest;18. ker. Balassa utca 2-10.;Nagy Márta;47.489065;19.259249;Hétfő 05:00-20:30|Kedd 05:00-20:30|Szerda 05:00-20:30|Csütörtök 05:00-20:30|Péntek 05:00-20:30|Szombat 00:00-23:59|Vasárnap 06:00-12:00
1181;Pest;Budapest;18. ker. Baross utca 50.;Tabak Via Hungary Bt;47.489065;19.259249;Hétfő 05:00-20:30|Kedd 05:00-20:30|Szerda 05:00-20:30|Csütörtök 05:00-20:30|Péntek 05:00-20:30|Szombat 00:00-23:59|Vasárnap 06:00-12:00
1181;Pest;Budapest;18. ker. Barta Lajos utca 151159/20.;Simonj Cigarette Bt;47.489065;19.259249;Hétfő 05:00-20:30|Kedd 05:00-20:30|Szerda 05:00-20:30|Csütörtök 05:00-20:30|Péntek 05:00-20:30|Szombat 00:00-23:59|Vasárnap 06:00-12:00
1181;Pest;Budapest;18. ker. Csontváry utca 23.;Vident Tabak Bt.;47.489065;19.259249;Hétfő 05:00-20:30|Kedd 05:00-20:30|Szerda 05:00-20:30|Csütörtök 05:00-20:30|Péntek 05:00-20:30|Szombat 00:00-23:59|Vasárnap 06:00-12:00
1181;Pest;Budapest;18. ker. Est utca 50.;Kultúr Dohány Bt.;47.489065;19.259249;Hétfő 05:00-20:30|Kedd 05:00-20:30|Szerda 05:00-20:30|Csütörtök 05:00-20:30|Péntek 05:00-20:30|Szombat 00:00-23:59|Vasárnap 06:00-12:00
1186;Pest;Budapest;18. ker. Goroszló utca 15. G-61.;Simonj Cigarette Bt;47.489065;19.259249;Hétfő 05:00-20:30|Kedd 05:00-20:30|Szerda 05:00-20:30|Csütörtök 05:00-20:30|Péntek 05:00-20:30|Szombat 00:00-23:59|Vasárnap 06:00-12:00
1186;Pest;Budapest;18. ker. Goroszló utca 4.;Természetes Hang Bt;47.489065;19.259249;Hétfő 05:00-20:30|Kedd 05:00-20:30|Szerda 05:00-20:30|Csütörtök 05:00-20:30|Péntek 05:00-20:30|Szombat 00:00-23:59|Vasárnap 06:00-12:00
1181;Pest;Budapest;18. ker. Havanna utca 13.;Bodó Brigitta;47.489065;19.259249;Hétfő 05:00-20:30|Kedd 05:00-20:30|Szerda 05:00-20:30|Csütörtök 05:00-20:30|Péntek 05:00-20:30|Szombat 00:00-23:59|Vasárnap 06:00-12:00
1184;Pest;Budapest;18. ker. Havanna utca 44;Vident Tabak Bt.;47.489065;19.259249;Hétfő 05:00-20:30|Kedd 05:00-20:30|Szerda 05:00-20:30|Csütörtök 05:00-20:30|Péntek 05:00-20:30|Szombat 00:00-23:59|Vasárnap 06:00-12:00
1188;Pest;Budapest;18. ker. Kisfaludy utca 112.;Esze-Láng Bettina Anett;47.489065;19.259249;Hétfő 05:00-20:30|Kedd 05:00-20:30|Szerda 05:00-20:30|Csütörtök 05:00-20:30|Péntek 05:00-20:30|Szombat 00:00-23:59|Vasárnap 06:00-12:00
1181;Pest;Budapest;18. ker. Kondor Béla sétány 9-11.;Regina Tabak Bt;47.489065;19.259249;Hétfő 05:00-20:30|Kedd 05:00-20:30|Szerda 05:00-20:30|Csütörtök 05:00-20:30|Péntek 05:00-20:30|Szombat 00:00-23:59|Vasárnap 06:00-12:00
1183;Pest;Budapest;18. ker. Margó Tivadar utca 83.;Simonj Cigarette Bt;47.489065;19.259249;Hétfő 05:00-20:30|Kedd 05:00-20:30|Szerda 05:00-20:30|Csütörtök 05:00-20:30|Péntek 05:00-20:30|Szombat 00:00-23:59|Vasárnap 06:00-12:00
1181;Pest;Budapest;18. ker. Margó Tivadar utca 9.;Tálas Trafik Bt;47.489065;19.259249;Hétfő 05:00-20:30|Kedd 05:00-20:30|Szerda 05:00-20:30|Csütörtök 05:00-20:30|Péntek 05:00-20:30|Szombat 00:00-23:59|Vasárnap 06:00-12:00
1186;Pest;Budapest;18. ker. Méta 156140/16;Természetes Hang Bt;47.489065;19.259249;Hétfő 05:00-20:30|Kedd 05:00-20:30|Szerda 05:00-20:30|Csütörtök 05:00-20:30|Péntek 05:00-20:30|Szombat 00:00-23:59|Vasárnap 06:00-12:00
1188;Pest;Budapest;18. ker. Nagykőrösi út 35.;Simonj Cigarette Bt;47.489065;19.259249;Hétfő 05:00-20:30|Kedd 05:00-20:30|Szerda 05:00-20:30|Csütörtök 05:00-20:30|Péntek 05:00-20:30|Szombat 00:00-23:59|Vasárnap 06:00-12:00
1188;Pest;Budapest;18. ker. Nagykőrösi út 5/B.;Természetes Hang Bt;47.489065;19.259249;Hétfő 05:00-20:30|Kedd 05:00-20:30|Szerda 05:00-20:30|Csütörtök 05:00-20:30|Péntek 05:00-20:30|Szombat 00:00-23:59|Vasárnap 06:00-12:00
1188;Pest;Budapest;18. ker. Nagykőrösi út 73.;Vudent Cigarette Bt.;47.489065;19.259249;Hétfő 05:00-20:30|Kedd 05:00-20:30|Szerda 05:00-20:30|Csütörtök 05:00-20:30|Péntek 05:00-20:30|Szombat 00:00-23:59|Vasárnap 06:00-12:00
1183;Pest;Budapest;18. ker. Nefelejcs utca 89/A;Természetes Hang Bt;47.489065;19.259249;Hétfő 05:00-20:30|Kedd 05:00-20:30|Szerda 05:00-20:30|Csütörtök 05:00-20:30|Péntek 05:00-20:30|Szombat 00:00-23:59|Vasárnap 06:00-12:00
1183;Pest;Budapest;18. ker. Ráday Gedeon utca 93.;Mátrai Péter Róbert;47.489065;19.259249;Hétfő 05:00-20:30|Kedd 05:00-20:30|Szerda 05:00-20:30|Csütörtök 05:00-20:30|Péntek 05:00-20:30|Szombat 00:00-23:59|Vasárnap 06:00-12:00
1182;Pest;Budapest;18. ker. Reviczky Gy. út 76.;Bán Trafik Bt.;47.489065;19.259249;Hétfő 05:00-20:30|Kedd 05:00-20:30|Szerda 05:00-20:30|Csütörtök 05:00-20:30|Péntek 05:00-20:30|Szombat 00:00-23:59|Vasárnap 06:00-12:00
1183;Pest;Budapest;18. ker. Széchenyi István utca 6.;Ertinger Tiborné;47.489065;19.259249;Hétfő 05:00-20:30|Kedd 05:00-20:30|Szerda 05:00-20:30|Csütörtök 05:00-20:30|Péntek 05:00-20:30|Szombat 00:00-23:59|Vasárnap 06:00-12:00
1184;Pest;Budapest;18. ker. Üllői út 346.;Vudent Cigarette Bt.;47.489065;19.259249;Hétfő 05:00-20:30|Kedd 05:00-20:30|Szerda 05:00-20:30|Csütörtök 05:00-20:30|Péntek 05:00-20:30|Szombat 00:00-23:59|Vasárnap 06:00-12:00
1184;Pest;Budapest;18. ker. Üllői út 440-442.;Természetes Hang Bt;47.489065;19.259249;Hétfő 05:00-20:30|Kedd 05:00-20:30|Szerda 05:00-20:30|Csütörtök 05:00-20:30|Péntek 05:00-20:30|Szombat 00:00-23:59|Vasárnap 06:00-12:00
1185;Pest;Budapest;18. ker. Üllői út 610. hrsz.:159374;Simonj Cigarette Bt;47.489065;19.259249;Hétfő 05:00-20:30|Kedd 05:00-20:30|Szerda 05:00-20:30|Csütörtök 05:00-20:30|Péntek 05:00-20:30|Szombat 00:00-23:59|Vasárnap 06:00-12:00
1182;Pest;Budapest;18. ker. Üllői út 661.;Szabó-Sartoriale Tobacco Bt.;47.489065;19.259249;Hétfő 05:00-20:30|Kedd 05:00-20:30|Szerda 05:00-20:30|Csütörtök 05:00-20:30|Péntek 05:00-20:30|Szombat 00:00-23:59|Vasárnap 06:00-12:00
1185;Pest;Budapest;18. ker. Üllői út 696 .;Magyar Ákos;47.489065;19.259249;Hétfő 05:00-20:30|Kedd 05:00-20:30|Szerda 05:00-20:30|Csütörtök 05:00-20:30|Péntek 05:00-20:30|Szombat 00:00-23:59|Vasárnap 06:00-12:00
1195;Pest;Budapest;19. ker. Ady Endre - Arany János utca sarka;Drexler Tobacco Bt;47.489065;19.259249;Hétfő 05:00-20:30|Kedd 05:00-20:30|Szerda 05:00-20:30|Csütörtök 05:00-20:30|Péntek 05:00-20:30|Szombat 00:00-23:59|Vasárnap 06:00-12:00
1191;Pest;Budapest;19. ker. Eötvös utca 1-3.;Héthéthét Dohány Bt.;47.489065;19.259249;Hétfő 05:00-20:30|Kedd 05:00-20:30|Szerda 05:00-20:30|Csütörtök 05:00-20:30|Péntek 05:00-20:30|Szombat 00:00-23:59|Vasárnap 06:00-12:00
1191;Pest;Budapest;19. ker. József Attila utca 57-63.;Tibaco Gold Bt;47.489065;19.259249;Hétfő 05:00-20:30|Kedd 05:00-20:30|Szerda 05:00-20:30|Csütörtök 05:00-20:30|Péntek 05:00-20:30|Szombat 00:00-23:59|Vasárnap 06:00-12:00
1192;Pest;Budapest;19. ker. Kós Károly tér 1.;Szikra Trafik Bt.;47.489065;19.259249;Hétfő 05:00-20:30|Kedd 05:00-20:30|Szerda 05:00-20:30|Csütörtök 05:00-20:30|Péntek 05:00-20:30|Szombat 00:00-23:59|Vasárnap 06:00-12:00
1193;Pest;Budapest;19. ker. Kossuth tér;Pazsovin Dohány Bt.;47.489065;19.259249;Hétfő 05:00-20:30|Kedd 05:00-20:30|Szerda 05:00-20:30|Csütörtök 05:00-20:30|Péntek 05:00-20:30|Szombat 00:00-23:59|Vasárnap 06:00-12:00
1191;Pest;Budapest;19. ker. M3 metróvonal Kőbánya-Kispest állomás;Törőpex Dohány Bt;47.489065;19.259249;Hétfő 05:00-20:30|Kedd 05:00-20:30|Szerda 05:00-20:30|Csütörtök 05:00-20:30|Péntek 05:00-20:30|Szombat 00:00-23:59|Vasárnap 06:00-12:00
1192;Pest;Budapest;19. ker. Nádasdy utca 31.;We-Tassy Ker.Bt.;47.489065;19.259249;Hétfő 05:00-20:30|Kedd 05:00-20:30|Szerda 05:00-20:30|Csütörtök 05:00-20:30|Péntek 05:00-20:30|Szombat 00:00-23:59|Vasárnap 06:00-12:00
1193;Pest;Budapest;19. ker. Ötvenhatosok tere 17.;Mészáros Jánosné;47.489065;19.259249;Hétfő 05:00-20:30|Kedd 05:00-20:30|Szerda 05:00-20:30|Csütörtök 05:00-20:30|Péntek 05:00-20:30|Szombat 00:00-23:59|Vasárnap 06:00-12:00
1191;Pest;Budapest;19. ker. Simonyi Zsigmond utca 31.;Szabadka Bt.;47.489065;19.259249;Hétfő 05:00-20:30|Kedd 05:00-20:30|Szerda 05:00-20:30|Csütörtök 05:00-20:30|Péntek 05:00-20:30|Szombat 00:00-23:59|Vasárnap 06:00-12:00
1194;Pest;Budapest;19. ker. Szegfű utca 21;Golido Bt.;47.489065;19.259249;Hétfő 05:00-20:30|Kedd 05:00-20:30|Szerda 05:00-20:30|Csütörtök 05:00-20:30|Péntek 05:00-20:30|Szombat 00:00-23:59|Vasárnap 06:00-12:00
1191;Pest;Budapest;19. ker. Templom tér 21.;Sári Line Bt;47.489065;19.259249;Hétfő 05:00-20:30|Kedd 05:00-20:30|Szerda 05:00-20:30|Csütörtök 05:00-20:30|Péntek 05:00-20:30|Szombat 00:00-23:59|Vasárnap 06:00-12:00
1191;Pest;Budapest;19. ker. Üllői út 210.;Lohár  Péter;47.489065;19.259249;Hétfő 05:00-20:30|Kedd 05:00-20:30|Szerda 05:00-20:30|Csütörtök 05:00-20:30|Péntek 05:00-20:30|Szombat 00:00-23:59|Vasárnap 06:00-12:00
1195;Pest;Budapest;19. ker. Üllői út 248;Tájpex Tabak Bt;47.489065;19.259249;Hétfő 05:00-20:30|Kedd 05:00-20:30|Szerda 05:00-20:30|Csütörtök 05:00-20:30|Péntek 05:00-20:30|Szombat 00:00-23:59|Vasárnap 06:00-12:00
1193;Pest;Budapest;19. ker. Üllői út 248/4;Bodó Brigitta;47.489065;19.259249;Hétfő 05:00-20:30|Kedd 05:00-20:30|Szerda 05:00-20:30|Csütörtök 05:00-20:30|Péntek 05:00-20:30|Szombat 00:00-23:59|Vasárnap 06:00-12:00
1193;Pest;Budapest;19. ker. Üllői út 266.;Smoke City Bt;47.489065;19.259249;Hétfő 05:00-20:30|Kedd 05:00-20:30|Szerda 05:00-20:30|Csütörtök 05:00-20:30|Péntek 05:00-20:30|Szombat 00:00-23:59|Vasárnap 06:00-12:00
1191;Pest;Budapest;19. ker. Vak Bottyán utca 1.;Trafik Holding Bt.;47.489065;19.259249;Hétfő 05:00-20:30|Kedd 05:00-20:30|Szerda 05:00-20:30|Csütörtök 05:00-20:30|Péntek 05:00-20:30|Szombat 00:00-23:59|Vasárnap 06:00-12:00
1195;Pest;Budapest;19. ker. Városház tér 6.;PATLEX TABAK BT;47.489065;19.259249;Hétfő 05:00-20:30|Kedd 05:00-20:30|Szerda 05:00-20:30|Csütörtök 05:00-20:30|Péntek 05:00-20:30|Szombat 00:00-23:59|Vasárnap 06:00-12:00
1203;Pest;Budapest;20. ker. Ady Endre utca 68-70.;Drexler Tobacco Bt;47.489065;19.259249;Hétfő 05:00-20:30|Kedd 05:00-20:30|Szerda 05:00-20:30|Csütörtök 05:00-20:30|Péntek 05:00-20:30|Szombat 00:00-23:59|Vasárnap 06:00-12:00
1204;Pest;Budapest;20. ker. Ady Endre utca 90/92.;Kribaco Shop Bt;47.489065;19.259249;Hétfő 05:00-20:30|Kedd 05:00-20:30|Szerda 05:00-20:30|Csütörtök 05:00-20:30|Péntek 05:00-20:30|Szombat 00:00-23:59|Vasárnap 06:00-12:00
1203;Pest;Budapest;20. ker. Baross utca 5/A;Moldovainé Kavasinszky Ilona;47.489065;19.259249;Hétfő 05:00-20:30|Kedd 05:00-20:30|Szerda 05:00-20:30|Csütörtök 05:00-20:30|Péntek 05:00-20:30|Szombat 00:00-23:59|Vasárnap 06:00-12:00
1203;Pest;Budapest;20. ker. Baross utca hrsz. 170204/9;Magyar Ákos;47.489065;19.259249;Hétfő 05:00-20:30|Kedd 05:00-20:30|Szerda 05:00-20:30|Csütörtök 05:00-20:30|Péntek 05:00-20:30|Szombat 00:00-23:59|Vasárnap 06:00-12:00
1205;Pest;Budapest;20. ker. Határ út 95;Nagy A Dohány Bt.;47.489065;19.259249;Hétfő 05:00-20:30|Kedd 05:00-20:30|Szerda 05:00-20:30|Csütörtök 05:00-20:30|Péntek 05:00-20:30|Szombat 00:00-23:59|Vasárnap 06:00-12:00
1203;Pest;Budapest;20. ker. Kossuth Lajos utca 99/B.;Kele Árpád;47.489065;19.259249;Hétfő 05:00-20:30|Kedd 05:00-20:30|Szerda 05:00-20:30|Csütörtök 05:00-20:30|Péntek 05:00-20:30|Szombat 00:00-23:59|Vasárnap 06:00-12:00
1204;Pest;Budapest;20. ker. Lázár utca 94.;Erdei János László;47.489065;19.259249;Hétfő 05:00-20:30|Kedd 05:00-20:30|Szerda 05:00-20:30|Csütörtök 05:00-20:30|Péntek 05:00-20:30|Szombat 00:00-23:59|Vasárnap 06:00-12:00
1201;Pest;Budapest;20. ker. Nagysándor J. utca 170;Pazsovin Dohány Bt.;47.489065;19.259249;Hétfő 05:00-20:30|Kedd 05:00-20:30|Szerda 05:00-20:30|Csütörtök 05:00-20:30|Péntek 05:00-20:30|Szombat 00:00-23:59|Vasárnap 06:00-12:00
1204;Pest;Budapest;20. ker. Nagysándor József utca 59.;Vogt Trafik Bt;47.489065;19.259249;Hétfő 05:00-20:30|Kedd 05:00-20:30|Szerda 05:00-20:30|Csütörtök 05:00-20:30|Péntek 05:00-20:30|Szombat 00:00-23:59|Vasárnap 06:00-12:00
1204;Pest;Budapest;20. ker. Orsolya utca 17.;Vogt Trafik Bt;47.489065;19.259249;Hétfő 05:00-20:30|Kedd 05:00-20:30|Szerda 05:00-20:30|Csütörtök 05:00-20:30|Péntek 05:00-20:30|Szombat 00:00-23:59|Vasárnap 06:00-12:00
1204;Pest;Budapest;20. ker. Radnó utca 2.;Kovi Tabak Bt.;47.489065;19.259249;Hétfő 05:00-20:30|Kedd 05:00-20:30|Szerda 05:00-20:30|Csütörtök 05:00-20:30|Péntek 05:00-20:30|Szombat 00:00-23:59|Vasárnap 06:00-12:00
1202;Pest;Budapest;20. ker. Tátra tér 1;Pazsovin Dohány Bt.;47.489065;19.259249;Hétfő 05:00-20:30|Kedd 05:00-20:30|Szerda 05:00-20:30|Csütörtök 05:00-20:30|Péntek 05:00-20:30|Szombat 00:00-23:59|Vasárnap 06:00-12:00
1204;Pest;Budapest;20. ker. Tátra tér 1.;Vogt Trafik Bt;47.489065;19.259249;Hétfő 05:00-20:30|Kedd 05:00-20:30|Szerda 05:00-20:30|Csütörtök 05:00-20:30|Péntek 05:00-20:30|Szombat 00:00-23:59|Vasárnap 06:00-12:00
1203;Pest;Budapest;20. ker. Téglagyár tér 7-9.;Bodicoop Bt.;47.489065;19.259249;Hétfő 05:00-20:30|Kedd 05:00-20:30|Szerda 05:00-20:30|Csütörtök 05:00-20:30|Péntek 05:00-20:30|Szombat 00:00-23:59|Vasárnap 06:00-12:00
1204;Pest;Budapest;20. ker. Török Flóris 187/A.;Erdei János László;47.489065;19.259249;Hétfő 05:00-20:30|Kedd 05:00-20:30|Szerda 05:00-20:30|Csütörtök 05:00-20:30|Péntek 05:00-20:30|Szombat 00:00-23:59|Vasárnap 06:00-12:00
1201;Pest;Budapest;20. ker. Török Flóris utca 240.;Vogt Trafik Bt;47.489065;19.259249;Hétfő 05:00-20:30|Kedd 05:00-20:30|Szerda 05:00-20:30|Csütörtök 05:00-20:30|Péntek 05:00-20:30|Szombat 00:00-23:59|Vasárnap 06:00-12:00
1201;Pest;Budapest;20. ker. Vágóhíd utca 44.;Liget Tabak-Shop Bt;47.489065;19.259249;Hétfő 05:00-20:30|Kedd 05:00-20:30|Szerda 05:00-20:30|Csütörtök 05:00-20:30|Péntek 05:00-20:30|Szombat 00:00-23:59|Vasárnap 06:00-12:00
1205;Pest;Budapest;20. ker. Vízisport utca 21/c. fsz. 23.;Pazsovin Dohány Bt.;47.489065;19.259249;Hétfő 05:00-20:30|Kedd 05:00-20:30|Szerda 05:00-20:30|Csütörtök 05:00-20:30|Péntek 05:00-20:30|Szombat 00:00-23:59|Vasárnap 06:00-12:00
1201;Pest;Budapest;20. ker. Vörösmarty utca 178;Cukicigi Bt;47.489065;19.259249;Hétfő 05:00-20:30|Kedd 05:00-20:30|Szerda 05:00-20:30|Csütörtök 05:00-20:30|Péntek 05:00-20:30|Szombat 00:00-23:59|Vasárnap 06:00-12:00
1201;Pest;Budapest;20. ker. Vörösmarty utca 72-76;Szendi Szilvia;47.489065;19.259249;Hétfő 05:00-20:30|Kedd 05:00-20:30|Szerda 05:00-20:30|Csütörtök 05:00-20:30|Péntek 05:00-20:30|Szombat 00:00-23:59|Vasárnap 06:00-12:00
1215;Pest;Budapest;21. ker. Ady Endre út 58.;P-SZ Tabak Bt;47.489065;19.259249;Hétfő 05:00-20:30|Kedd 05:00-20:30|Szerda 05:00-20:30|Csütörtök 05:00-20:30|Péntek 05:00-20:30|Szombat 00:00-23:59|Vasárnap 06:00-12:00
1215;Pest;Budapest;21. ker. Ady Endre út 65;Dident Tobacco Bt;47.489065;19.259249;Hétfő 05:00-20:30|Kedd 05:00-20:30|Szerda 05:00-20:30|Csütörtök 05:00-20:30|Péntek 05:00-20:30|Szombat 00:00-23:59|Vasárnap 06:00-12:00
1215;Pest;Budapest;21. ker. Csete Balázs utca 6.;Mádá Team Plus Bt;47.489065;19.259249;Hétfő 05:00-20:30|Kedd 05:00-20:30|Szerda 05:00-20:30|Csütörtök 05:00-20:30|Péntek 05:00-20:30|Szombat 00:00-23:59|Vasárnap 06:00-12:00
1212;Pest;Budapest;21. ker. Deák Ferenc tér 1.;Natrade Dohány Bt;47.489065;19.259249;Hétfő 05:00-20:30|Kedd 05:00-20:30|Szerda 05:00-20:30|Csütörtök 05:00-20:30|Péntek 05:00-20:30|Szombat 00:00-23:59|Vasárnap 06:00-12:00
1212;Pest;Budapest;21. ker. Görgey Artúr tér 1/A.;Hauck Tobacco Bt.;47.489065;19.259249;Hétfő 05:00-20:30|Kedd 05:00-20:30|Szerda 05:00-20:30|Csütörtök 05:00-20:30|Péntek 05:00-20:30|Szombat 00:00-23:59|Vasárnap 06:00-12:00
1213;Pest;Budapest;21. ker. Görgey Artúr tér 20.;Mádá Team Plus Bt;47.489065;19.259249;Hétfő 05:00-20:30|Kedd 05:00-20:30|Szerda 05:00-20:30|Csütörtök 05:00-20:30|Péntek 05:00-20:30|Szombat 00:00-23:59|Vasárnap 06:00-12:00
1211;Pest;Budapest;21. ker. II. Rákóczi F. utca 154-170 (Csepel Pláza);Abullding Pipa Bt;47.489065;19.259249;Hétfő 05:00-20:30|Kedd 05:00-20:30|Szerda 05:00-20:30|Csütörtök 05:00-20:30|Péntek 05:00-20:30|Szombat 00:00-23:59|Vasárnap 06:00-12:00
1214;Pest;Budapest;21. ker. II. Rákóczi Ferenc út 366.;Dident Tobacco Bt;47.489065;19.259249;Hétfő 05:00-20:30|Kedd 05:00-20:30|Szerda 05:00-20:30|Csütörtök 05:00-20:30|Péntek 05:00-20:30|Szombat 00:00-23:59|Vasárnap 06:00-12:00
1214;Pest;Budapest;21. ker. II. Rákóczi Ferenc utca 142.;Abullding Pipa Bt;47.489065;19.259249;Hétfő 05:00-20:30|Kedd 05:00-20:30|Szerda 05:00-20:30|Csütörtök 05:00-20:30|Péntek 05:00-20:30|Szombat 00:00-23:59|Vasárnap 06:00-12:00
1212;Pest;Budapest;21. ker. II. Rákóczi Ferenc utca 167.;Szikra Trafik Bt.;47.489065;19.259249;Hétfő 05:00-20:30|Kedd 05:00-20:30|Szerda 05:00-20:30|Csütörtök 05:00-20:30|Péntek 05:00-20:30|Szombat 00:00-23:59|Vasárnap 06:00-12:00
1211;Pest;Budapest;21. ker. Karácsony Sándor utca 10/A.;Abullding Pipa Bt;47.489065;19.259249;Hétfő 05:00-20:30|Kedd 05:00-20:30|Szerda 05:00-20:30|Csütörtök 05:00-20:30|Péntek 05:00-20:30|Szombat 00:00-23:59|Vasárnap 06:00-12:00
1211;Pest;Budapest;21. ker. Karácsony Sándor utca 19.;Soká Team Plus Bt.;47.489065;19.259249;Hétfő 05:00-20:30|Kedd 05:00-20:30|Szerda 05:00-20:30|Csütörtök 05:00-20:30|Péntek 05:00-20:30|Szombat 00:00-23:59|Vasárnap 06:00-12:00
1211;Pest;Budapest;21. ker. Kossuth Lajos utca 70.;Soká Team Plus Bt.;47.489065;19.259249;Hétfő 05:00-20:30|Kedd 05:00-20:30|Szerda 05:00-20:30|Csütörtök 05:00-20:30|Péntek 05:00-20:30|Szombat 00:00-23:59|Vasárnap 06:00-12:00
1211;Pest;Budapest;21. ker. Mansfeld Péter utca 92.;Dident Tobacco Bt;47.489065;19.259249;Hétfő 05:00-20:30|Kedd 05:00-20:30|Szerda 05:00-20:30|Csütörtök 05:00-20:30|Péntek 05:00-20:30|Szombat 00:00-23:59|Vasárnap 06:00-12:00
1214;Pest;Budapest;21. ker. Nap utca 2.;Dident Tobacco Bt;47.489065;19.259249;Hétfő 05:00-20:30|Kedd 05:00-20:30|Szerda 05:00-20:30|Csütörtök 05:00-20:30|Péntek 05:00-20:30|Szombat 00:00-23:59|Vasárnap 06:00-12:00
1214;Pest;Budapest;21. ker. Nyírfa utca 27;Vinos Trafik Bt.;47.489065;19.259249;Hétfő 05:00-20:30|Kedd 05:00-20:30|Szerda 05:00-20:30|Csütörtök 05:00-20:30|Péntek 05:00-20:30|Szombat 00:00-23:59|Vasárnap 06:00-12:00
1212;Pest;Budapest;21. ker. Szebeni utca 2.;Trafikárium Tabak Bt.;47.489065;19.259249;Hétfő 05:00-20:30|Kedd 05:00-20:30|Szerda 05:00-20:30|Csütörtök 05:00-20:30|Péntek 05:00-20:30|Szombat 00:00-23:59|Vasárnap 06:00-12:00
1211;Pest;Budapest;21. ker. Szent Imre tér 19.;Nagy A Dohány Bt.;47.489065;19.259249;Hétfő 05:00-20:30|Kedd 05:00-20:30|Szerda 05:00-20:30|Csütörtök 05:00-20:30|Péntek 05:00-20:30|Szombat 00:00-23:59|Vasárnap 06:00-12:00
1211;Pest;Budapest;21. ker. Szent Imre tér 4.;P-SZ Tabak Bt;47.489065;19.259249;Hétfő 05:00-20:30|Kedd 05:00-20:30|Szerda 05:00-20:30|Csütörtök 05:00-20:30|Péntek 05:00-20:30|Szombat 00:00-23:59|Vasárnap 06:00-12:00
1213;Pest;Budapest;21. ker. Szent László utca 115.;Abullding Pipa Bt;47.489065;19.259249;Hétfő 05:00-20:30|Kedd 05:00-20:30|Szerda 05:00-20:30|Csütörtök 05:00-20:30|Péntek 05:00-20:30|Szombat 00:00-23:59|Vasárnap 06:00-12:00
1214;Pest;Budapest;21. ker. Szent László utca 3.;ASR Bt.;47.489065;19.259249;Hétfő 05:00-20:30|Kedd 05:00-20:30|Szerda 05:00-20:30|Csütörtök 05:00-20:30|Péntek 05:00-20:30|Szombat 00:00-23:59|Vasárnap 06:00-12:00
1214;Pest;Budapest;21. ker. Vas Gereben utca 1;Smokefull Bt;47.489065;19.259249;Hétfő 05:00-20:30|Kedd 05:00-20:30|Szerda 05:00-20:30|Csütörtök 05:00-20:30|Péntek 05:00-20:30|Szombat 00:00-23:59|Vasárnap 06:00-12:00
1214;Pest;Budapest;21. ker. Vénusz utca 13-15.;P-SZ Tabak Bt;47.489065;19.259249;Hétfő 05:00-20:30|Kedd 05:00-20:30|Szerda 05:00-20:30|Csütörtök 05:00-20:30|Péntek 05:00-20:30|Szombat 00:00-23:59|Vasárnap 06:00-12:00
1214;Pest;Budapest;21. ker. Vénusz utca 33.;Dident Tobacco Bt;47.489065;19.259249;Hétfő 05:00-20:30|Kedd 05:00-20:30|Szerda 05:00-20:30|Csütörtök 05:00-20:30|Péntek 05:00-20:30|Szombat 00:00-23:59|Vasárnap 06:00-12:00
1214;Pest;Budapest;21. ker. Zrínyi utca 1 ( SPAR );P-SZ Tabak Bt;47.489065;19.259249;Hétfő 05:00-20:30|Kedd 05:00-20:30|Szerda 05:00-20:30|Csütörtök 05:00-20:30|Péntek 05:00-20:30|Szombat 00:00-23:59|Vasárnap 06:00-12:00
1221;Pest;Budapest;22. ker. Ady Endre út 99.;Buda Dohány Bt;47.489065;19.259249;Hétfő 05:00-20:30|Kedd 05:00-20:30|Szerda 05:00-20:30|Csütörtök 05:00-20:30|Péntek 05:00-20:30|Szombat 00:00-23:59|Vasárnap 06:00-12:00
1221;Pest;Budapest;22. ker. Arany János utca 55.;Virginia Dohány Bt;47.489065;19.259249;Hétfő 05:00-20:30|Kedd 05:00-20:30|Szerda 05:00-20:30|Csütörtök 05:00-20:30|Péntek 05:00-20:30|Szombat 00:00-23:59|Vasárnap 06:00-12:00
1224;Pest;Budapest;22. ker. Barackos út 1.;Háromtrafik Bt.;47.489065;19.259249;Hétfő 05:00-20:30|Kedd 05:00-20:30|Szerda 05:00-20:30|Csütörtök 05:00-20:30|Péntek 05:00-20:30|Szombat 00:00-23:59|Vasárnap 06:00-12:00
1224;Pest;Budapest;22. ker. Dózsa György út 29;Kriprint Bt;47.489065;19.259249;Hétfő 05:00-20:30|Kedd 05:00-20:30|Szerda 05:00-20:30|Csütörtök 05:00-20:30|Péntek 05:00-20:30|Szombat 00:00-23:59|Vasárnap 06:00-12:00
1222;Pest;Budapest;22. ker. Gádor utca 128.;Krila Trafik Bt;47.489065;19.259249;Hétfő 05:00-20:30|Kedd 05:00-20:30|Szerda 05:00-20:30|Csütörtök 05:00-20:30|Péntek 05:00-20:30|Szombat 00:00-23:59|Vasárnap 06:00-12:00
1221;Pest;Budapest;22. ker. Játék utca 2-12.;Erős Dohány Bt;47.489065;19.259249;Hétfő 05:00-20:30|Kedd 05:00-20:30|Szerda 05:00-20:30|Csütörtök 05:00-20:30|Péntek 05:00-20:30|Szombat 00:00-23:59|Vasárnap 06:00-12:00
1223;Pest;Budapest;22. ker. Jókai Mór utca 38.;Brucker Plusz Kereskedelmi Bt.;47.489065;19.259249;Hétfő 05:00-20:30|Kedd 05:00-20:30|Szerda 05:00-20:30|Csütörtök 05:00-20:30|Péntek 05:00-20:30|Szombat 00:00-23:59|Vasárnap 06:00-12:00
1221;Pest;Budapest;22. ker. Kossuth Lajos utca 25-29.;FM Tabak Bt;47.489065;19.259249;Hétfő 05:00-20:30|Kedd 05:00-20:30|Szerda 05:00-20:30|Csütörtök 05:00-20:30|Péntek 05:00-20:30|Szombat 00:00-23:59|Vasárnap 06:00-12:00
1223;Pest;Budapest;22. ker. Közgazdász utca 4.;Viktor Tobacco Bt.;47.489065;19.259249;Hétfő 05:00-20:30|Kedd 05:00-20:30|Szerda 05:00-20:30|Csütörtök 05:00-20:30|Péntek 05:00-20:30|Szombat 00:00-23:59|Vasárnap 06:00-12:00
1221;Pest;Budapest;22. ker. Leányka utca 13.;Virginia Dohány Bt;47.489065;19.259249;Hétfő 05:00-20:30|Kedd 05:00-20:30|Szerda 05:00-20:30|Csütörtök 05:00-20:30|Péntek 05:00-20:30|Szombat 00:00-23:59|Vasárnap 06:00-12:00
1223;Pest;Budapest;22. ker. Nagytétényi út 136-138.;Protabaco Bt.;47.489065;19.259249;Hétfő 05:00-20:30|Kedd 05:00-20:30|Szerda 05:00-20:30|Csütörtök 05:00-20:30|Péntek 05:00-20:30|Szombat 00:00-23:59|Vasárnap 06:00-12:00
1225;Pest;Budapest;22. ker. Nagytétényi út 216.;Háromtrafik Bt.;47.489065;19.259249;Hétfő 05:00-20:30|Kedd 05:00-20:30|Szerda 05:00-20:30|Csütörtök 05:00-20:30|Péntek 05:00-20:30|Szombat 00:00-23:59|Vasárnap 06:00-12:00
1225;Pest;Budapest;22. ker. Nagytétényi út 238.;Protabaco Bt.;47.489065;19.259249;Hétfő 05:00-20:30|Kedd 05:00-20:30|Szerda 05:00-20:30|Csütörtök 05:00-20:30|Péntek 05:00-20:30|Szombat 00:00-23:59|Vasárnap 06:00-12:00
1225;Pest;Budapest;22. ker. Nagytétényi út 242.;Buda Dohány Bt;47.489065;19.259249;Hétfő 05:00-20:30|Kedd 05:00-20:30|Szerda 05:00-20:30|Csütörtök 05:00-20:30|Péntek 05:00-20:30|Szombat 00:00-23:59|Vasárnap 06:00-12:00
1225;Pest;Budapest;22. ker. Nagytétényi út 293.;Korozmán Anikó;47.489065;19.259249;Hétfő 05:00-20:30|Kedd 05:00-20:30|Szerda 05:00-20:30|Csütörtök 05:00-20:30|Péntek 05:00-20:30|Szombat 00:00-23:59|Vasárnap 06:00-12:00
1222;Pest;Budapest;22. ker. Tóth József utca 49.;Krila Trafik Bt;47.489065;19.259249;Hétfő 05:00-20:30|Kedd 05:00-20:30|Szerda 05:00-20:30|Csütörtök 05:00-20:30|Péntek 05:00-20:30|Szombat 00:00-23:59|Vasárnap 06:00-12:00
1222;Pest;Budapest;22. ker. Verseci utca 4.;Janitz Csabáné;47.489065;19.259249;Hétfő 05:00-20:30|Kedd 05:00-20:30|Szerda 05:00-20:30|Csütörtök 05:00-20:30|Péntek 05:00-20:30|Szombat 00:00-23:59|Vasárnap 06:00-12:00
1239;Pest;Budapest;23. ker. Grassalkovich út 171;Nagy A Dohány Bt.;47.489065;19.259249;Hétfő 05:00-20:30|Kedd 05:00-20:30|Szerda 05:00-20:30|Csütörtök 05:00-20:30|Péntek 05:00-20:30|Szombat 00:00-23:59|Vasárnap 06:00-12:00
1239;Pest;Budapest;23. ker. Grassalkovich út 176;Kabát Henriett;47.489065;19.259249;Hétfő 05:00-20:30|Kedd 05:00-20:30|Szerda 05:00-20:30|Csütörtök 05:00-20:30|Péntek 05:00-20:30|Szombat 00:00-23:59|Vasárnap 06:00-12:00
1237;Pest;Budapest;23. ker. Grassalkovich utca 37.;Suhajda Tabak Bt;47.489065;19.259249;Hétfő 05:00-20:30|Kedd 05:00-20:30|Szerda 05:00-20:30|Csütörtök 05:00-20:30|Péntek 05:00-20:30|Szombat 00:00-23:59|Vasárnap 06:00-12:00
1239;Pest;Budapest;23. ker. Haraszti út 26.;Siki-Sori Bt.;47.489065;19.259249;Hétfő 05:00-20:30|Kedd 05:00-20:30|Szerda 05:00-20:30|Csütörtök 05:00-20:30|Péntek 05:00-20:30|Szombat 00:00-23:59|Vasárnap 06:00-12:00
1237;Pest;Budapest;23. ker. Haraszti út 34-36;Kürcha Tobacco Bt;47.489065;19.259249;Hétfő 05:00-20:30|Kedd 05:00-20:30|Szerda 05:00-20:30|Csütörtök 05:00-20:30|Péntek 05:00-20:30|Szombat 00:00-23:59|Vasárnap 06:00-12:00
1237;Pest;Budapest;23. ker. Köves út 40.;Kürcha Tobacco Bt;47.489065;19.259249;Hétfő 05:00-20:30|Kedd 05:00-20:30|Szerda 05:00-20:30|Csütörtök 05:00-20:30|Péntek 05:00-20:30|Szombat 00:00-23:59|Vasárnap 06:00-12:00
1239;Pest;Budapest;23. ker. Nagykőrösi út 353.;Pintér Gyula Ferencné;47.489065;19.259249;Hétfő 05:00-20:30|Kedd 05:00-20:30|Szerda 05:00-20:30|Csütörtök 05:00-20:30|Péntek 05:00-20:30|Szombat 00:00-23:59|Vasárnap 06:00-12:00
1097;Pest;Budapest;38236/202. hrsz.;Trafik Város Bt;47.489065;19.259249;Hétfő 05:00-20:30|Kedd 05:00-20:30|Szerda 05:00-20:30|Csütörtök 05:00-20:30|Péntek 05:00-20:30|Szombat 00:00-23:59|Vasárnap 06:00-12:00
1042;Pest;Budapest;73312/8/A. hrsz.;Panatella Trafik Bt;47.489065;19.259249;Hétfő 05:00-20:30|Kedd 05:00-20:30|Szerda 05:00-20:30|Csütörtök 05:00-20:30|Péntek 05:00-20:30|Szombat 00:00-23:59|Vasárnap 06:00-12:00
1151;Pest;Budapest;88195. hrsz.;Kobabe Szivar Bt;47.489065;19.259249;Hétfő 05:00-20:30|Kedd 05:00-20:30|Szerda 05:00-20:30|Csütörtök 05:00-20:30|Péntek 05:00-20:30|Szombat 00:00-23:59|Vasárnap 06:00-12:00
1211;Pest;Budapest;Acélcső utca 2-20.;Natrade Dohány Bt;47.489065;19.259249;Hétfő 05:00-20:30|Kedd 05:00-20:30|Szerda 05:00-20:30|Csütörtök 05:00-20:30|Péntek 05:00-20:30|Szombat 00:00-23:59|Vasárnap 06:00-12:00
1191;Pest;Budapest;Ady Endre út 42-44.;Koki Trafik Bt.;47.489065;19.259249;Hétfő 05:00-20:30|Kedd 05:00-20:30|Szerda 05:00-20:30|Csütörtök 05:00-20:30|Péntek 05:00-20:30|Szombat 00:00-23:59|Vasárnap 06:00-12:00
1072;Pest;Budapest;Akácfa utca 16.;Unger-Dohány Bt.;47.489065;19.259249;Hétfő 05:00-20:30|Kedd 05:00-20:30|Szerda 05:00-20:30|Csütörtök 05:00-20:30|Péntek 05:00-20:30|Szombat 00:00-23:59|Vasárnap 06:00-12:00
1013;Pest;Budapest;Alagút utca 5.;Józsa Csaba Trafik Bt.;47.489065;19.259249;Hétfő 05:00-20:30|Kedd 05:00-20:30|Szerda 05:00-20:30|Csütörtök 05:00-20:30|Péntek 05:00-20:30|Szombat 00:00-23:59|Vasárnap 06:00-12:00
1154;Pest;Budapest;Alkotmány út 20.;M3 SZTRÁDA TRAFIK SHOP Bt.;47.489065;19.259249;Hétfő 05:00-20:30|Kedd 05:00-20:30|Szerda 05:00-20:30|Csütörtök 05:00-20:30|Péntek 05:00-20:30|Szombat 00:00-23:59|Vasárnap 06:00-12:00
1164;Pest;Budapest;Alsómalom utca 8-10.;Rebacco Dohánybolt Bt.;47.489065;19.259249;Hétfő 05:00-20:30|Kedd 05:00-20:30|Szerda 05:00-20:30|Csütörtök 05:00-20:30|Péntek 05:00-20:30|Szombat 00:00-23:59|Vasárnap 06:00-12:00
1062;Pest;Budapest;Andrássy út 84.;Tobacco Heaven Bt;47.489065;19.259249;Hétfő 05:00-20:30|Kedd 05:00-20:30|Szerda 05:00-20:30|Csütörtök 05:00-20:30|Péntek 05:00-20:30|Szombat 00:00-23:59|Vasárnap 06:00-12:00
1124;Pest;Budapest;Apor Vilmos tér 11.;Récsei Tabak Bt.;47.489065;19.259249;Hétfő 05:00-20:30|Kedd 05:00-20:30|Szerda 05:00-20:30|Csütörtök 05:00-20:30|Péntek 05:00-20:30|Szombat 00:00-23:59|Vasárnap 06:00-12:00
1133;Pest;Budapest;Árbóc utca 6.;Indigó Trafik Bt.;47.489065;19.259249;Hétfő 05:00-20:30|Kedd 05:00-20:30|Szerda 05:00-20:30|Csütörtök 05:00-20:30|Péntek 05:00-20:30|Szombat 00:00-23:59|Vasárnap 06:00-12:00
1042;Pest;Budapest;Árpád út 153.;KŐRAKÁS-Élelmiszer Bt.;47.489065;19.259249;Hétfő 05:00-20:30|Kedd 05:00-20:30|Szerda 05:00-20:30|Csütörtök 05:00-20:30|Péntek 05:00-20:30|Szombat 00:00-23:59|Vasárnap 06:00-12:00
1042;Pest;Budapest;Árpád út 183.;Lucky Trafik Bt.;47.489065;19.259249;Hétfő 05:00-20:30|Kedd 05:00-20:30|Szerda 05:00-20:30|Csütörtök 05:00-20:30|Péntek 05:00-20:30|Szombat 00:00-23:59|Vasárnap 06:00-12:00
1042;Pest;Budapest;Árpád út 56.;Három BM Market ker Bt.;47.489065;19.259249;Hétfő 05:00-20:30|Kedd 05:00-20:30|Szerda 05:00-20:30|Csütörtök 05:00-20:30|Péntek 05:00-20:30|Szombat 00:00-23:59|Vasárnap 06:00-12:00
1173;Pest;Budapest;Ásvány utca 1.;Indigó Trafik Bt.;47.489065;19.259249;Hétfő 05:00-20:30|Kedd 05:00-20:30|Szerda 05:00-20:30|Csütörtök 05:00-20:30|Péntek 05:00-20:30|Szombat 00:00-23:59|Vasárnap 06:00-12:00
1112;Pest;Budapest;Balatoni út 1.;Filtol Trafik Bt;47.489065;19.259249;Hétfő 05:00-20:30|Kedd 05:00-20:30|Szerda 05:00-20:30|Csütörtök 05:00-20:30|Péntek 05:00-20:30|Szombat 00:00-23:59|Vasárnap 06:00-12:00
1041;Pest;Budapest;Bárdos Artúr utca 71422/9. hrsz.;Három BM Market Bt.;47.489065;19.259249;Hétfő 05:00-20:30|Kedd 05:00-20:30|Szerda 05:00-20:30|Csütörtök 05:00-20:30|Péntek 05:00-20:30|Szombat 00:00-23:59|Vasárnap 06:00-12:00
1083;Pest;Budapest;Baross utca 111.;Snüssz Trafik Bt.;47.489065;19.259249;Hétfő 05:00-20:30|Kedd 05:00-20:30|Szerda 05:00-20:30|Csütörtök 05:00-20:30|Péntek 05:00-20:30|Szombat 00:00-23:59|Vasárnap 06:00-12:00
1086;Pest;Budapest;Baross utca 129. földszint;CSITABAK Bt.;47.489065;19.259249;Hétfő 05:00-20:30|Kedd 05:00-20:30|Szerda 05:00-20:30|Csütörtök 05:00-20:30|Péntek 05:00-20:30|Szombat 00:00-23:59|Vasárnap 06:00-12:00
1082;Pest;Budapest;Baross utca 70-72.;Trafikoord Sales Bt.;47.489065;19.259249;Hétfő 05:00-20:30|Kedd 05:00-20:30|Szerda 05:00-20:30|Csütörtök 05:00-20:30|Péntek 05:00-20:30|Szombat 00:00-23:59|Vasárnap 06:00-12:00
1111;Pest;Budapest;Bartók Béla út 25.;Lucky Trafik Bt.;47.489065;19.259249;Hétfő 05:00-20:30|Kedd 05:00-20:30|Szerda 05:00-20:30|Csütörtök 05:00-20:30|Péntek 05:00-20:30|Szombat 00:00-23:59|Vasárnap 06:00-12:00
1114;Pest;Budapest;Bartók Béla út 49.;Diego Trade Bt.;47.489065;19.259249;Hétfő 05:00-20:30|Kedd 05:00-20:30|Szerda 05:00-20:30|Csütörtök 05:00-20:30|Péntek 05:00-20:30|Szombat 00:00-23:59|Vasárnap 06:00-12:00
1054;Pest;Budapest;Báthory utca 8.;Szivar Torony CASTLE Bt.;47.489065;19.259249;Hétfő 05:00-20:30|Kedd 05:00-20:30|Szerda 05:00-20:30|Csütörtök 05:00-20:30|Péntek 05:00-20:30|Szombat 00:00-23:59|Vasárnap 06:00-12:00
1195;Pest;Budapest;Batthyány utca 3.;Annamari Trafik Bt.;47.489065;19.259249;Hétfő 05:00-20:30|Kedd 05:00-20:30|Szerda 05:00-20:30|Csütörtök 05:00-20:30|Péntek 05:00-20:30|Szombat 00:00-23:59|Vasárnap 06:00-12:00
1037;Pest;Budapest;Bécsi út 265.;CigiMarket Bt.;47.489065;19.259249;Hétfő 05:00-20:30|Kedd 05:00-20:30|Szerda 05:00-20:30|Csütörtök 05:00-20:30|Péntek 05:00-20:30|Szombat 00:00-23:59|Vasárnap 06:00-12:00
1037;Pest;Budapest;Bécsi út 300.;Luna Trafik Bt.;47.489065;19.259249;Hétfő 05:00-20:30|Kedd 05:00-20:30|Szerda 05:00-20:30|Csütörtök 05:00-20:30|Péntek 05:00-20:30|Szombat 00:00-23:59|Vasárnap 06:00-12:00
1035;Pest;Budapest;Bécsi út 325-337.;CSITABAK Bt.;47.489065;19.259249;Hétfő 05:00-20:30|Kedd 05:00-20:30|Szerda 05:00-20:30|Csütörtök 05:00-20:30|Péntek 05:00-20:30|Szombat 00:00-23:59|Vasárnap 06:00-12:00
1036;Pest;Budapest;Bécsi út 37.;Fitti Tobacco Bt.;47.489065;19.259249;Hétfő 05:00-20:30|Kedd 05:00-20:30|Szerda 05:00-20:30|Csütörtök 05:00-20:30|Péntek 05:00-20:30|Szombat 00:00-23:59|Vasárnap 06:00-12:00
1037;Pest;Budapest;Bécsi út 43.;Mizacor-trade 2002 Bt.;47.489065;19.259249;Hétfő 05:00-20:30|Kedd 05:00-20:30|Szerda 05:00-20:30|Csütörtök 05:00-20:30|Péntek 05:00-20:30|Szombat 00:00-23:59|Vasárnap 06:00-12:00
1032;Pest;Budapest;Bécsi út 88-90.;AC TRAFIK Bt.;47.489065;19.259249;Hétfő 05:00-20:30|Kedd 05:00-20:30|Szerda 05:00-20:30|Csütörtök 05:00-20:30|Péntek 05:00-20:30|Szombat 00:00-23:59|Vasárnap 06:00-12:00
1139;Pest;Budapest;Béke tér 10-11. földszint 6. ajtó;Krattinger András Attiláné;47.489065;19.259249;Hétfő 05:00-20:30|Kedd 05:00-20:30|Szerda 05:00-20:30|Csütörtök 05:00-20:30|Péntek 05:00-20:30|Szombat 00:00-23:59|Vasárnap 06:00-12:00
1027;Pest;Budapest;Bem József utca 9.;Kiscigaretta Bt.;47.489065;19.259249;Hétfő 05:00-20:30|Kedd 05:00-20:30|Szerda 05:00-20:30|Csütörtök 05:00-20:30|Péntek 05:00-20:30|Szombat 00:00-23:59|Vasárnap 06:00-12:00
1077;Pest;Budapest;Bethlen Gábor utca 8.;Tótász Pipa Bt;47.489065;19.259249;Hétfő 05:00-20:30|Kedd 05:00-20:30|Szerda 05:00-20:30|Csütörtök 05:00-20:30|Péntek 05:00-20:30|Szombat 00:00-23:59|Vasárnap 06:00-12:00
1022;Pest;Budapest;Bimbó út 45.;ETA és KRISZTINA Kereskedelmi Betéti Társaság;47.489065;19.259249;Hétfő 05:00-20:30|Kedd 05:00-20:30|Szerda 05:00-20:30|Csütörtök 05:00-20:30|Péntek 05:00-20:30|Szombat 00:00-23:59|Vasárnap 06:00-12:00
1022;Pest;Budapest;Bimbó út 91.;P-57 Tabak Bt.;47.489065;19.259249;Hétfő 05:00-20:30|Kedd 05:00-20:30|Szerda 05:00-20:30|Csütörtök 05:00-20:30|Péntek 05:00-20:30|Szombat 00:00-23:59|Vasárnap 06:00-12:00
1165;Pest;Budapest;Bökényföldi út 117547. hrsz.;Nacsavin Tabak Bt.;47.489065;19.259249;Hétfő 05:00-20:30|Kedd 05:00-20:30|Szerda 05:00-20:30|Csütörtök 05:00-20:30|Péntek 05:00-20:30|Szombat 00:00-23:59|Vasárnap 06:00-12:00
1095;Pest;Budapest;Boráros téri aluljáró alsó szint 12.;Diego Trade Bt.;47.489065;19.259249;Hétfő 05:00-20:30|Kedd 05:00-20:30|Szerda 05:00-20:30|Csütörtök 05:00-20:30|Péntek 05:00-20:30|Szombat 00:00-23:59|Vasárnap 06:00-12:00
1185;Pest;Budapest;BUD Nemzetközi Repülőtér T 2 A 1.106 üzlet (érkezési szint);Trafikárium Tabak Bt.;47.489065;19.259249;Hétfő 05:00-20:30|Kedd 05:00-20:30|Szerda 05:00-20:30|Csütörtök 05:00-20:30|Péntek 05:00-20:30|Szombat 00:00-23:59|Vasárnap 06:00-12:00
1021;Pest;Budapest;Budenz utca 24.;P-57 Tabak Bt.;47.5203;18.9874;Hétfő 06:30-21:00|Kedd 06:30-21:00|Szerda 06:30-21:00|Csütörtök 06:30-21:00|Péntek 06:30-21:00|Szombat 06:30-17:00|Vasárnap 08:00-17:00
1237;Pest;Budapest;Ciklámen utca 3.;HOTYADOHÁNY Bt.;47.489065;19.259249;Hétfő 05:00-20:30|Kedd 05:00-20:30|Szerda 05:00-20:30|Csütörtök 05:00-20:30|Péntek 05:00-20:30|Szombat 00:00-23:59|Vasárnap 06:00-12:00
1027;Pest;Budapest;Csalogány utca 55.;Domonkos László István;47.489065;19.259249;Hétfő 05:00-20:30|Kedd 05:00-20:30|Szerda 05:00-20:30|Csütörtök 05:00-20:30|Péntek 05:00-20:30|Szombat 00:00-23:59|Vasárnap 06:00-12:00
1039;Pest;Budapest;Csobánka tér 3.;Trafikmax Bt.;47.489065;19.259249;Hétfő 05:00-20:30|Kedd 05:00-20:30|Szerda 05:00-20:30|Csütörtök 05:00-20:30|Péntek 05:00-20:30|Szombat 00:00-23:59|Vasárnap 06:00-12:00
1161;Pest;Budapest;Csömöri út 109.;METRO-MOBIL Bt;47.489065;19.259249;Hétfő 05:00-20:30|Kedd 05:00-20:30|Szerda 05:00-20:30|Csütörtök 05:00-20:30|Péntek 05:00-20:30|Szombat 00:00-23:59|Vasárnap 06:00-12:00
1145;Pest;Budapest;Csömöri út 9-11.;Hunters Tobacco Bt;47.489065;19.259249;Hétfő 05:00-20:30|Kedd 05:00-20:30|Szerda 05:00-20:30|Csütörtök 05:00-20:30|Péntek 05:00-20:30|Szombat 00:00-23:59|Vasárnap 06:00-12:00
1147;Pest;Budapest;Csömöri utca Bosnyák téri vásárcsarnok 9-11.;Annamari Trafik Bt.;47.489065;19.259249;Hétfő 05:00-20:30|Kedd 05:00-20:30|Szerda 05:00-20:30|Csütörtök 05:00-20:30|Péntek 05:00-20:30|Szombat 00:00-23:59|Vasárnap 06:00-12:00
1186;Pest;Budapest;Csontváry Kosztka Tivadar utca 46.;Szászik Duó Bt;47.489065;19.259249;Hétfő 05:00-20:30|Kedd 05:00-20:30|Szerda 05:00-20:30|Csütörtök 05:00-20:30|Péntek 05:00-20:30|Szombat 00:00-23:59|Vasárnap 06:00-12:00
1182;Pest;Budapest;Cziffra György utca 15/B.;Kovi Tabak Bt.;47.489065;19.259249;Hétfő 05:00-20:30|Kedd 05:00-20:30|Szerda 05:00-20:30|Csütörtök 05:00-20:30|Péntek 05:00-20:30|Szombat 00:00-23:59|Vasárnap 06:00-12:00
1071;Pest;Budapest;Damjanich utca 58.;Dukhan Team Bt.;47.489065;19.259249;Hétfő 05:00-20:30|Kedd 05:00-20:30|Szerda 05:00-20:30|Csütörtök 05:00-20:30|Péntek 05:00-20:30|Szombat 00:00-23:59|Vasárnap 06:00-12:00
1098;Pest;Budapest;Dési Huber utca 20. fsz. 14.;Gfamily Tabak Bt.;47.489065;19.259249;Hétfő 05:00-20:30|Kedd 05:00-20:30|Szerda 05:00-20:30|Csütörtök 05:00-20:30|Péntek 05:00-20:30|Szombat 00:00-23:59|Vasárnap 06:00-12:00
1086;Pest;Budapest;Diószeghy Sámuel utca 15.;AG TRAFIK Bt.;47.489065;19.259249;Hétfő 05:00-20:30|Kedd 05:00-20:30|Szerda 05:00-20:30|Csütörtök 05:00-20:30|Péntek 05:00-20:30|Szombat 00:00-23:59|Vasárnap 06:00-12:00
1074;Pest;Budapest;Dob utca 52.;LOTTOBACCO 7 Bt.;47.489065;19.259249;Hétfő 05:00-20:30|Kedd 05:00-20:30|Szerda 05:00-20:30|Csütörtök 05:00-20:30|Péntek 05:00-20:30|Szombat 00:00-23:59|Vasárnap 06:00-12:00
1074;Pest;Budapest;Dohány utca 47.;AC TRAFIK Bt.;47.489065;19.259249;Hétfő 05:00-20:30|Kedd 05:00-20:30|Szerda 05:00-20:30|Csütörtök 05:00-20:30|Péntek 05:00-20:30|Szombat 00:00-23:59|Vasárnap 06:00-12:00
1117;Pest;Budapest;Dombóvári út 27.;Matusek Mónika Gyöngyi;47.489065;19.259249;Hétfő 05:00-20:30|Kedd 05:00-20:30|Szerda 05:00-20:30|Csütörtök 05:00-20:30|Péntek 05:00-20:30|Szombat 00:00-23:59|Vasárnap 06:00-12:00
1146;Pest;Budapest;Dózsa György út 13.;Kuuba Trafik Bt.;47.489065;19.259249;Hétfő 05:00-20:30|Kedd 05:00-20:30|Szerda 05:00-20:30|Csütörtök 05:00-20:30|Péntek 05:00-20:30|Szombat 00:00-23:59|Vasárnap 06:00-12:00
1077;Pest;Budapest;Dózsa György utca 54.;Dukhan Team Bt.;47.489065;19.259249;Hétfő 05:00-20:30|Kedd 05:00-20:30|Szerda 05:00-20:30|Csütörtök 05:00-20:30|Péntek 05:00-20:30|Szombat 00:00-23:59|Vasárnap 06:00-12:00
1134;Pest;Budapest;Dózsa György úti aluljáró Csat. Műv. telep;Diego Trade Bt.;47.489065;19.259249;Hétfő 05:00-20:30|Kedd 05:00-20:30|Szerda 05:00-20:30|Csütörtök 05:00-20:30|Péntek 05:00-20:30|Szombat 00:00-23:59|Vasárnap 06:00-12:00
1149;Pest;Budapest;Egressy út 108.;SZEGO-TOBACCO Bt.;47.489065;19.259249;Hétfő 05:00-20:30|Kedd 05:00-20:30|Szerda 05:00-20:30|Csütörtök 05:00-20:30|Péntek 05:00-20:30|Szombat 00:00-23:59|Vasárnap 06:00-12:00
1121;Pest;Budapest;Eötvös út 6.;Récsei Tabak Bt.;47.489065;19.259249;Hétfő 05:00-20:30|Kedd 05:00-20:30|Szerda 05:00-20:30|Csütörtök 05:00-20:30|Péntek 05:00-20:30|Szombat 00:00-23:59|Vasárnap 06:00-12:00
1213;Pest;Budapest;Erdősor utca 133.;Vinos Trafik Bt.;47.489065;19.259249;Hétfő 05:00-20:30|Kedd 05:00-20:30|Szerda 05:00-20:30|Csütörtök 05:00-20:30|Péntek 05:00-20:30|Szombat 00:00-23:59|Vasárnap 06:00-12:00
1142;Pest;Budapest;Erzsébet királyné útja 125.;CSÍKOSA TRAFIK Bt.;47.489065;19.259249;Hétfő 05:00-20:30|Kedd 05:00-20:30|Szerda 05:00-20:30|Csütörtök 05:00-20:30|Péntek 05:00-20:30|Szombat 00:00-23:59|Vasárnap 06:00-12:00
1146;Pest;Budapest;Erzsébet királyné útja 6/a;Promore Szivar Bt.;47.489065;19.259249;Hétfő 05:00-20:30|Kedd 05:00-20:30|Szerda 05:00-20:30|Csütörtök 05:00-20:30|Péntek 05:00-20:30|Szombat 00:00-23:59|Vasárnap 06:00-12:00
1142;Pest;Budapest;Erzsébet királyné útja 60. B. ép.;Trafik Akumal Bt.;47.489065;19.259249;Hétfő 05:00-20:30|Kedd 05:00-20:30|Szerda 05:00-20:30|Csütörtök 05:00-20:30|Péntek 05:00-20:30|Szombat 00:00-23:59|Vasárnap 06:00-12:00
1119;Pest;Budapest;Etele 65. fszt. 4.;Albert Kinga;47.489065;19.259249;Hétfő 05:00-20:30|Kedd 05:00-20:30|Szerda 05:00-20:30|Csütörtök 05:00-20:30|Péntek 05:00-20:30|Szombat 00:00-23:59|Vasárnap 06:00-12:00
1119;Pest;Budapest;Etele tér 3.;NET-DOHÁNYBOLTOK.hu Bt.;47.489065;19.259249;Hétfő 05:00-20:30|Kedd 05:00-20:30|Szerda 05:00-20:30|Csütörtök 05:00-20:30|Péntek 05:00-20:30|Szombat 00:00-23:59|Vasárnap 06:00-12:00
1119;Pest;Budapest;Etele út 32.;Trafikárium Bt.;47.489065;19.259249;Hétfő 05:00-20:30|Kedd 05:00-20:30|Szerda 05:00-20:30|Csütörtök 05:00-20:30|Péntek 05:00-20:30|Szombat 00:00-23:59|Vasárnap 06:00-12:00
1114;Pest;Budapest;Fehérvári út 13.;Korona Trafik Bt.;47.489065;19.259249;Hétfő 05:00-20:30|Kedd 05:00-20:30|Szerda 05:00-20:30|Csütörtök 05:00-20:30|Péntek 05:00-20:30|Szombat 00:00-23:59|Vasárnap 06:00-12:00
1116;Pest;Budapest;Fehérvári út 168-178. Fsz. 11.;Arany Pipafüst Bt.;47.489065;19.259249;Hétfő 05:00-20:30|Kedd 05:00-20:30|Szerda 05:00-20:30|Csütörtök 05:00-20:30|Péntek 05:00-20:30|Szombat 00:00-23:59|Vasárnap 06:00-12:00
1116;Pest;Budapest;Fehérvári út 192.;KRISZTINA TABAK-SHOP Bt.;47.489065;19.259249;Hétfő 05:00-20:30|Kedd 05:00-20:30|Szerda 05:00-20:30|Csütörtök 05:00-20:30|Péntek 05:00-20:30|Szombat 00:00-23:59|Vasárnap 06:00-12:00
1117;Pest;Budapest;Fehérvári út 24.;DOHÁNYÁRUDA Bt.;47.489065;19.259249;Hétfő 05:00-20:30|Kedd 05:00-20:30|Szerda 05:00-20:30|Csütörtök 05:00-20:30|Péntek 05:00-20:30|Szombat 00:00-23:59|Vasárnap 06:00-12:00
1053;Pest;Budapest;Ferenciek tere 7-8.;Józsa Csaba Trafik Bt.;47.4927281;19.0565437;Hétfő 08:00-22:00|Kedd 08:00-22:00|Szerda 08:00-22:00|Csütörtök 08:00-22:00|Péntek 08:00-22:00|Szombat 08:00-22:00|Vasárnap 08:00-22:00
1033;Pest;Budapest;Flórián tér 6-9.;Flórián Tabak Bt.;47.489065;19.259249;Hétfő 05:00-20:30|Kedd 05:00-20:30|Szerda 05:00-20:30|Csütörtök 05:00-20:30|Péntek 05:00-20:30|Szombat 00:00-23:59|Vasárnap 06:00-12:00
1011;Pest;Budapest;Fő utca 4. földszint;Ksmith Cigarette Bt.;47.489065;19.259249;Hétfő 05:00-20:30|Kedd 05:00-20:30|Szerda 05:00-20:30|Csütörtök 05:00-20:30|Péntek 05:00-20:30|Szombat 00:00-23:59|Vasárnap 06:00-12:00
1148;Pest;Budapest;Fogarasi utca 18.;Tinadri Bt;47.489065;19.259249;Hétfő 05:00-20:30|Kedd 05:00-20:30|Szerda 05:00-20:30|Csütörtök 05:00-20:30|Péntek 05:00-20:30|Szombat 00:00-23:59|Vasárnap 06:00-12:00
1026;Pest;Budapest;Gábor Áron utca 74-78.;LG 23 Bt.;47.489065;19.259249;Hétfő 05:00-20:30|Kedd 05:00-20:30|Szerda 05:00-20:30|Csütörtök 05:00-20:30|Péntek 05:00-20:30|Szombat 00:00-23:59|Vasárnap 06:00-12:00
1076;Pest;Budapest;Garay tér 3-4.;Trafikoord Sales Bt.;47.489065;19.259249;Hétfő 05:00-20:30|Kedd 05:00-20:30|Szerda 05:00-20:30|Csütörtök 05:00-20:30|Péntek 05:00-20:30|Szombat 00:00-23:59|Vasárnap 06:00-12:00
1103;Pest;Budapest;Gergely utca 38.;Tajti Trafik Bt.;47.489065;19.259249;Hétfő 05:00-20:30|Kedd 05:00-20:30|Szerda 05:00-20:30|Csütörtök 05:00-20:30|Péntek 05:00-20:30|Szombat 00:00-23:59|Vasárnap 06:00-12:00
1181;Pest;Budapest;Gilice tér 49.;Bident Dohány Bt;47.489065;19.259249;Hétfő 05:00-20:30|Kedd 05:00-20:30|Szerda 05:00-20:30|Csütörtök 05:00-20:30|Péntek 05:00-20:30|Szombat 00:00-23:59|Vasárnap 06:00-12:00
1133;Pest;Budapest;Gogol utca 23.;AG TRAFIK Bt.;47.489065;19.259249;Hétfő 05:00-20:30|Kedd 05:00-20:30|Szerda 05:00-20:30|Csütörtök 05:00-20:30|Péntek 05:00-20:30|Szombat 00:00-23:59|Vasárnap 06:00-12:00
1093;Pest;Budapest;Gönczy Pál utca 2. földszint IV. ajtó;Metro Trafik Bt.;47.489065;19.259249;Hétfő 05:00-20:30|Kedd 05:00-20:30|Szerda 05:00-20:30|Csütörtök 05:00-20:30|Péntek 05:00-20:30|Szombat 00:00-23:59|Vasárnap 06:00-12:00
1239;Pest;Budapest;Grassalkovich út 256.;Gedi Trafik Bt;47.489065;19.259249;Hétfő 05:00-20:30|Kedd 05:00-20:30|Szerda 05:00-20:30|Csütörtök 05:00-20:30|Péntek 05:00-20:30|Szombat 00:00-23:59|Vasárnap 06:00-12:00
1182;Pest;Budapest;Gyékény tér 1.;Bident Dohány Bt;47.489065;19.259249;Hétfő 05:00-20:30|Kedd 05:00-20:30|Szerda 05:00-20:30|Csütörtök 05:00-20:30|Péntek 05:00-20:30|Szombat 00:00-23:59|Vasárnap 06:00-12:00
1032;Pest;Budapest;Gyenes utca 2.;Gyenes Tabak Bt.;47.489065;19.259249;Hétfő 05:00-20:30|Kedd 05:00-20:30|Szerda 05:00-20:30|Csütörtök 05:00-20:30|Péntek 05:00-20:30|Szombat 00:00-23:59|Vasárnap 06:00-12:00
1181;Pest;Budapest;Gyömrői út 154444/2. Hrsz.;Vudent Cigarette Bt.;47.489065;19.259249;Hétfő 05:00-20:30|Kedd 05:00-20:30|Szerda 05:00-20:30|Csütörtök 05:00-20:30|Péntek 05:00-20:30|Szombat 00:00-23:59|Vasárnap 06:00-12:00
1183;Pest;Budapest;Gyömrői út 174.;DO & MA '96 Bt.;47.489065;19.259249;Hétfő 05:00-20:30|Kedd 05:00-20:30|Szerda 05:00-20:30|Csütörtök 05:00-20:30|Péntek 05:00-20:30|Szombat 00:00-23:59|Vasárnap 06:00-12:00
1103;Pest;Budapest;Gyömrői út 76-80.;Korona Trafik Bt.;47.489065;19.259249;Hétfő 05:00-20:30|Kedd 05:00-20:30|Szerda 05:00-20:30|Csütörtök 05:00-20:30|Péntek 05:00-20:30|Szombat 00:00-23:59|Vasárnap 06:00-12:00
1065;Pest;Budapest;Hajós utca 23.;MULTI TRAFIK Bt.;47.5037;19.0578;Hétfő 06:00-21:00|Kedd 06:00-21:00|Szerda 06:00-21:00|Csütörtök 06:00-21:00|Péntek 06:00-21:00|Szombat 08:00-21:00|Vasárnap 08:00-21:00
1039;Pest;Budapest;Hatvany Lajos utca 10.;Snüssz Trafik Bt.;47.489065;19.259249;Hétfő 05:00-20:30|Kedd 05:00-20:30|Szerda 05:00-20:30|Csütörtök 05:00-20:30|Péntek 05:00-20:30|Szombat 00:00-23:59|Vasárnap 06:00-12:00
1026;Pest;Budapest;Házmán utca 2.;Fitti Tobacco Bt.;47.489065;19.259249;Hétfő 05:00-20:30|Kedd 05:00-20:30|Szerda 05:00-20:30|Csütörtök 05:00-20:30|Péntek 05:00-20:30|Szombat 00:00-23:59|Vasárnap 06:00-12:00
1133;Pest;Budapest;Hegedűs Gyula utca 91.;PomPom Dohány Bt.;47.489065;19.259249;Hétfő 05:00-20:30|Kedd 05:00-20:30|Szerda 05:00-20:30|Csütörtök 05:00-20:30|Péntek 05:00-20:30|Szombat 00:00-23:59|Vasárnap 06:00-12:00
1051;Pest;Budapest;Hercegprímás utca 2.;NORTORF Bt.;47.4992663;19.0532842;Hétfő 09:00-21:00|Kedd 09:00-21:00|Szerda 09:00-21:00|Csütörtök 09:00-22:00|Péntek 09:00-23:00|Szombat 09:00-23:00|Vasárnap 10:00-18:00
1028;Pest;Budapest;Hidegkúti út 172.;Borosi Tabak-Shop Bt.;47.489065;19.259249;Hétfő 05:00-20:30|Kedd 05:00-20:30|Szerda 05:00-20:30|Csütörtök 05:00-20:30|Péntek 05:00-20:30|Szombat 00:00-23:59|Vasárnap 06:00-12:00
1028;Pest;Budapest;Hidegkúti út 76/A.;2Bacco Bt.;47.489065;19.259249;Hétfő 05:00-20:30|Kedd 05:00-20:30|Szerda 05:00-20:30|Csütörtök 05:00-20:30|Péntek 05:00-20:30|Szombat 00:00-23:59|Vasárnap 06:00-12:00
1194;Pest;Budapest;Hofherr Albert utca 42.;Tálas Trafik Bt.;47.489065;19.259249;Hétfő 05:00-20:30|Kedd 05:00-20:30|Szerda 05:00-20:30|Csütörtök 05:00-20:30|Péntek 05:00-20:30|Szombat 00:00-23:59|Vasárnap 06:00-12:00
1141;Pest;Budapest;Hrsz. 31484/136.;Dallos Klára Ágnes;47.489065;19.259249;Hétfő 05:00-20:30|Kedd 05:00-20:30|Szerda 05:00-20:30|Csütörtök 05:00-20:30|Péntek 05:00-20:30|Szombat 00:00-23:59|Vasárnap 06:00-12:00
1146;Pest;Budapest;Hungária körút 140-144.;Kincsem Tabak-Shop Bt.;47.489065;19.259249;Hétfő 05:00-20:30|Kedd 05:00-20:30|Szerda 05:00-20:30|Csütörtök 05:00-20:30|Péntek 05:00-20:30|Szombat 00:00-23:59|Vasárnap 06:00-12:00
1101;Pest;Budapest;Hungária körút 5-7.;Alfa Trafik Bt.;47.489065;19.259249;Hétfő 05:00-20:30|Kedd 05:00-20:30|Szerda 05:00-20:30|Csütörtök 05:00-20:30|Péntek 05:00-20:30|Szombat 00:00-23:59|Vasárnap 06:00-12:00
1021;Pest;Budapest;Hűvösvölgyi út 138.;Summum Trafik Bt.;47.5376128;18.9666043;Hétfő 07:00-21:00|Kedd 07:00-21:00|Szerda 07:00-21:00|Csütörtök 07:00-21:00|Péntek 07:00-21:00|Szombat 07:00-18:00|Vasárnap 08:00-17:00
1081;Pest;Budapest;II. János Pál pápa tér 13.;Kremmer Tabak Bt.;47.489065;19.259249;Hétfő 05:00-20:30|Kedd 05:00-20:30|Szerda 05:00-20:30|Csütörtök 05:00-20:30|Péntek 05:00-20:30|Szombat 00:00-23:59|Vasárnap 06:00-12:00
1214;Pest;Budapest;II. Rákóczi Ferenc út 277.;Bopet Trafik Bt;47.489065;19.259249;Hétfő 05:00-20:30|Kedd 05:00-20:30|Szerda 05:00-20:30|Csütörtök 05:00-20:30|Péntek 05:00-20:30|Szombat 00:00-23:59|Vasárnap 06:00-12:00
1143;Pest;Budapest;Ilka utca 25.;Trafik Akumal Bt.;47.489065;19.259249;Hétfő 05:00-20:30|Kedd 05:00-20:30|Szerda 05:00-20:30|Csütörtök 05:00-20:30|Péntek 05:00-20:30|Szombat 00:00-23:59|Vasárnap 06:00-12:00
1097;Pest;Budapest;Illatos út 1.;TRAFIK VÁROS Bt.;47.489065;19.259249;Hétfő 05:00-20:30|Kedd 05:00-20:30|Szerda 05:00-20:30|Csütörtök 05:00-20:30|Péntek 05:00-20:30|Szombat 00:00-23:59|Vasárnap 06:00-12:00
1118;Pest;Budapest;Jagelló út 4/A.;Nájkopex Trafik Bt.;47.489065;19.259249;Hétfő 05:00-20:30|Kedd 05:00-20:30|Szerda 05:00-20:30|Csütörtök 05:00-20:30|Péntek 05:00-20:30|Szombat 00:00-23:59|Vasárnap 06:00-12:00
1061;Pest;Budapest;Jókai tér 8.;AC TRAFIK Bt.;47.5055397;19.0614093;Hétfő 00:00-23:59|Kedd 00:00-23:59|Szerda 00:00-23:59|Csütörtök 00:00-23:59|Péntek 00:00-23:59|Szombat 00:00-23:59|Vasárnap 00:00-23:59
1085;Pest;Budapest;József körút 31/A.;Luna Trafik Bt.;47.489065;19.259249;Hétfő 05:00-20:30|Kedd 05:00-20:30|Szerda 05:00-20:30|Csütörtök 05:00-20:30|Péntek 05:00-20:30|Szombat 00:00-23:59|Vasárnap 06:00-12:00
1085;Pest;Budapest;József körút 66.;Kimo Tabak Bt.;47.489065;19.259249;Hétfő 05:00-20:30|Kedd 05:00-20:30|Szerda 05:00-20:30|Csütörtök 05:00-20:30|Péntek 05:00-20:30|Szombat 00:00-23:59|Vasárnap 06:00-12:00
1146;Pest;Budapest;Kacsóh Pongrác út 9-23.;Szulimán Tobacco Bt;47.489065;19.259249;Hétfő 05:00-20:30|Kedd 05:00-20:30|Szerda 05:00-20:30|Csütörtök 05:00-20:30|Péntek 05:00-20:30|Szombat 00:00-23:59|Vasárnap 06:00-12:00
1086;Pest;Budapest;Karácsony Sándor utca 19. A. lph. fsz.;Varnyú Csaba;47.489065;19.259249;Hétfő 05:00-20:30|Kedd 05:00-20:30|Szerda 05:00-20:30|Csütörtök 05:00-20:30|Péntek 05:00-20:30|Szombat 00:00-23:59|Vasárnap 06:00-12:00
1111;Pest;Budapest;Karinthy Frigyes út 12.;Filtol Trafik Bt;47.489065;19.259249;Hétfő 05:00-20:30|Kedd 05:00-20:30|Szerda 05:00-20:30|Csütörtök 05:00-20:30|Péntek 05:00-20:30|Szombat 00:00-23:59|Vasárnap 06:00-12:00
1151;Pest;Budapest;Károlyi Sándor út 126.;SZEGO-TOBACCO Bt.;47.489065;19.259249;Hétfő 05:00-20:30|Kedd 05:00-20:30|Szerda 05:00-20:30|Csütörtök 05:00-20:30|Péntek 05:00-20:30|Szombat 00:00-23:59|Vasárnap 06:00-12:00
1173;Pest;Budapest;Kaszáló utca 47.;Hunters Tobacco Bt;47.489065;19.259249;Hétfő 05:00-20:30|Kedd 05:00-20:30|Szerda 05:00-20:30|Csütörtök 05:00-20:30|Péntek 05:00-20:30|Szombat 00:00-23:59|Vasárnap 06:00-12:00
1223;Pest;Budapest;Kelenvölgyi utca 4.;Szijj Sándor;47.489065;19.259249;Hétfő 05:00-20:30|Kedd 05:00-20:30|Szerda 05:00-20:30|Csütörtök 05:00-20:30|Péntek 05:00-20:30|Szombat 00:00-23:59|Vasárnap 06:00-12:00
1044;Pest;Budapest;Kemény Zsigmond utca 75836. hrsz.;Bopet Trafik Bt.;47.489065;19.259249;Hétfő 05:00-20:30|Kedd 05:00-20:30|Szerda 05:00-20:30|Csütörtök 05:00-20:30|Péntek 05:00-20:30|Szombat 00:00-23:59|Vasárnap 06:00-12:00
1087;Pest;Budapest;Kerepesi út 5.;Matusek Mónika Gyöngyi;47.4994315;19.0847796;Hétfő 00:00-23:59|Kedd 00:00-23:59|Szerda 00:00-23:59|Csütörtök 00:00-23:59|Péntek 00:00-23:59|Szombat 00:00-23:59|Vasárnap 00:00-23:59
1184;Pest;Budapest;Kézműves utca 6.;Elszívlak Bt.;47.489065;19.259249;Hétfő 05:00-20:30|Kedd 05:00-20:30|Szerda 05:00-20:30|Csütörtök 05:00-20:30|Péntek 05:00-20:30|Szombat 00:00-23:59|Vasárnap 06:00-12:00
1071;Pest;Budapest;Király utca 51.;Samsara Life Bt.;47.489065;19.259249;Hétfő 05:00-20:30|Kedd 05:00-20:30|Szerda 05:00-20:30|Csütörtök 05:00-20:30|Péntek 05:00-20:30|Szombat 00:00-23:59|Vasárnap 06:00-12:00
1126;Pest;Budapest;Királyhágó tér 2.;Orkisen-528 Tabak Bt;47.489065;19.259249;Hétfő 05:00-20:30|Kedd 05:00-20:30|Szerda 05:00-20:30|Csütörtök 05:00-20:30|Péntek 05:00-20:30|Szombat 00:00-23:59|Vasárnap 06:00-12:00
1126;Pest;Budapest;Királyhágó utca 2.;Mázsa Tabak Bt;47.489065;19.259249;Hétfő 05:00-20:30|Kedd 05:00-20:30|Szerda 05:00-20:30|Csütörtök 05:00-20:30|Péntek 05:00-20:30|Szombat 00:00-23:59|Vasárnap 06:00-12:00
1182;Pest;Budapest;Királyhágó utca 64.;Gedi Trafik Bt;47.489065;19.259249;Hétfő 05:00-20:30|Kedd 05:00-20:30|Szerda 05:00-20:30|Csütörtök 05:00-20:30|Péntek 05:00-20:30|Szombat 00:00-23:59|Vasárnap 06:00-12:00
1032;Pest;Budapest;Kiscelli utca 2.;Trafikárium Bt.;47.489065;19.259249;Hétfő 05:00-20:30|Kedd 05:00-20:30|Szerda 05:00-20:30|Csütörtök 05:00-20:30|Péntek 05:00-20:30|Szombat 00:00-23:59|Vasárnap 06:00-12:00
1171;Pest;Budapest;Kispajtás utca 1.;Tájpex Tabak Bt;47.489065;19.259249;Hétfő 05:00-20:30|Kedd 05:00-20:30|Szerda 05:00-20:30|Csütörtök 05:00-20:30|Péntek 05:00-20:30|Szombat 00:00-23:59|Vasárnap 06:00-12:00
1087;Pest;Budapest;Kőbányai út 27. 24. ép.;Promore Szivar Bt.;47.489065;19.259249;Hétfő 05:00-20:30|Kedd 05:00-20:30|Szerda 05:00-20:30|Csütörtök 05:00-20:30|Péntek 05:00-20:30|Szombat 00:00-23:59|Vasárnap 06:00-12:00
1097;Pest;Budapest;Könyves Kálmán körút 12-14.;Koki Trafik Bt.;47.489065;19.259249;Hétfő 05:00-20:30|Kedd 05:00-20:30|Szerda 05:00-20:30|Csütörtök 05:00-20:30|Péntek 05:00-20:30|Szombat 00:00-23:59|Vasárnap 06:00-12:00
1102;Pest;Budapest;Kőrösi Csoma Sándor sétány 16/E.;OPPORT-ZCS Bt.;47.489065;19.259249;Hétfő 05:00-20:30|Kedd 05:00-20:30|Szerda 05:00-20:30|Csütörtök 05:00-20:30|Péntek 05:00-20:30|Szombat 00:00-23:59|Vasárnap 06:00-12:00
1105;Pest;Budapest;Körösi Csoma Sándor út 43.;Kremmer Sztár Bt.;47.489065;19.259249;Hétfő 05:00-20:30|Kedd 05:00-20:30|Szerda 05:00-20:30|Csütörtök 05:00-20:30|Péntek 05:00-20:30|Szombat 00:00-23:59|Vasárnap 06:00-12:00
1203;Pest;Budapest;Kossuth Lajos utca 31/b;Nájkopex Trafik Bt.;47.489065;19.259249;Hétfő 05:00-20:30|Kedd 05:00-20:30|Szerda 05:00-20:30|Csütörtök 05:00-20:30|Péntek 05:00-20:30|Szombat 00:00-23:59|Vasárnap 06:00-12:00
1203;Pest;Budapest;Kossuth Lajos utca 33.;Smoke Shop Bt;47.489065;19.259249;Hétfő 05:00-20:30|Kedd 05:00-20:30|Szerda 05:00-20:30|Csütörtök 05:00-20:30|Péntek 05:00-20:30|Szombat 00:00-23:59|Vasárnap 06:00-12:00
1203;Pest;Budapest;Kossuth Lajos utca 33. hrsz. 170204/97.;Smoke City Bt;47.489065;19.259249;Hétfő 05:00-20:30|Kedd 05:00-20:30|Szerda 05:00-20:30|Csütörtök 05:00-20:30|Péntek 05:00-20:30|Szombat 00:00-23:59|Vasárnap 06:00-12:00
1211;Pest;Budapest;Kossuth Lajos utca 87.;NEDO Dohány Kereskedelmi Bt.;47.489065;19.259249;Hétfő 05:00-20:30|Kedd 05:00-20:30|Szerda 05:00-20:30|Csütörtök 05:00-20:30|Péntek 05:00-20:30|Szombat 00:00-23:59|Vasárnap 06:00-12:00
1203;Pest;Budapest;Kossuth Lajos utca 91.;BERNUS Bt.;47.489065;19.259249;Hétfő 05:00-20:30|Kedd 05:00-20:30|Szerda 05:00-20:30|Csütörtök 05:00-20:30|Péntek 05:00-20:30|Szombat 00:00-23:59|Vasárnap 06:00-12:00
1191;Pest;Budapest;Kossuth tér piac 2. sz. üzlet;Bodó Gyula;47.489065;19.259249;Hétfő 05:00-20:30|Kedd 05:00-20:30|Szerda 05:00-20:30|Csütörtök 05:00-20:30|Péntek 05:00-20:30|Szombat 00:00-23:59|Vasárnap 06:00-12:00
1191;Pest;Budapest;Kossuth tér villamos megálló;Király Tobacco Shop Bt.;47.489065;19.259249;Hétfő 05:00-20:30|Kedd 05:00-20:30|Szerda 05:00-20:30|Csütörtök 05:00-20:30|Péntek 05:00-20:30|Szombat 00:00-23:59|Vasárnap 06:00-12:00
1013;Pest;Budapest;Krisztina körút 37.;KRISZTINA TABAK-SHOP Bt.;47.4990056;19.0258619;Hétfő 06:00-22:00|Kedd 06:00-22:00|Szerda 06:00-22:00|Csütörtök 06:00-22:00|Péntek 06:00-22:00|Szombat 06:00-22:00|Vasárnap 06:00-22:00
1122;Pest;Budapest;Krisztina körút 7.;VÖLGY TABAK-SHOP Bt.;47.489065;19.259249;Hétfő 05:00-20:30|Kedd 05:00-20:30|Szerda 05:00-20:30|Csütörtök 05:00-20:30|Péntek 05:00-20:30|Szombat 00:00-23:59|Vasárnap 06:00-12:00
1151;Pest;Budapest;Külső Fóti út 1.;Indigó Trafik Bt.;47.489065;19.259249;Hétfő 05:00-20:30|Kedd 05:00-20:30|Szerda 05:00-20:30|Csütörtök 05:00-20:30|Péntek 05:00-20:30|Szombat 00:00-23:59|Vasárnap 06:00-12:00
1184;Pest;Budapest;Lakatos út 7.;Smoke Shop Bt;47.489065;19.259249;Hétfő 05:00-20:30|Kedd 05:00-20:30|Szerda 05:00-20:30|Csütörtök 05:00-20:30|Péntek 05:00-20:30|Szombat 00:00-23:59|Vasárnap 06:00-12:00
1184;Pest;Budapest;Lakatos utca 7.;NEDO Dohány Kereskedelmi Bt.;47.489065;19.259249;Hétfő 05:00-20:30|Kedd 05:00-20:30|Szerda 05:00-20:30|Csütörtök 05:00-20:30|Péntek 05:00-20:30|Szombat 00:00-23:59|Vasárnap 06:00-12:00
1135;Pest;Budapest;Lehel út 26.;Samsara Life Bt.;47.489065;19.259249;Hétfő 05:00-20:30|Kedd 05:00-20:30|Szerda 05:00-20:30|Csütörtök 05:00-20:30|Péntek 05:00-20:30|Szombat 00:00-23:59|Vasárnap 06:00-12:00
1082;Pest;Budapest;Leonardo Da Vinci utca 23.;Nyolcpipa Bt.;47.489065;19.259249;Hétfő 05:00-20:30|Kedd 05:00-20:30|Szerda 05:00-20:30|Csütörtök 05:00-20:30|Péntek 05:00-20:30|Szombat 00:00-23:59|Vasárnap 06:00-12:00
1106;Pest;Budapest;Maglódi út 53. 2. épület 3. ajtó;Kátai Tibor Jánosné;47.489065;19.259249;Hétfő 05:00-20:30|Kedd 05:00-20:30|Szerda 05:00-20:30|Csütörtök 05:00-20:30|Péntek 05:00-20:30|Szombat 00:00-23:59|Vasárnap 06:00-12:00
1024;Pest;Budapest;Margit körút 69.;Natrade Dohány Bt.;47.489065;19.259249;Hétfő 05:00-20:30|Kedd 05:00-20:30|Szerda 05:00-20:30|Csütörtök 05:00-20:30|Péntek 05:00-20:30|Szombat 00:00-23:59|Vasárnap 06:00-12:00
1202;Pest;Budapest;Mártírok útja 205.;Herbi Tabak Bt;47.489065;19.259249;Hétfő 05:00-20:30|Kedd 05:00-20:30|Szerda 05:00-20:30|Csütörtök 05:00-20:30|Péntek 05:00-20:30|Szombat 00:00-23:59|Vasárnap 06:00-12:00
1125;Pest;Budapest;Márvány utca 33;Orkisen-528 Tabak Bt;47.489065;19.259249;Hétfő 05:00-20:30|Kedd 05:00-20:30|Szerda 05:00-20:30|Csütörtök 05:00-20:30|Péntek 05:00-20:30|Szombat 00:00-23:59|Vasárnap 06:00-12:00
1039;Pest;Budapest;Mátyás király út 1.;Ion Tibor Atila;47.489065;19.259249;Hétfő 05:00-20:30|Kedd 05:00-20:30|Szerda 05:00-20:30|Csütörtök 05:00-20:30|Péntek 05:00-20:30|Szombat 00:00-23:59|Vasárnap 06:00-12:00
1044;Pest;Budapest;Megyeri út 12. fszt. 9.;AG TRAFIK Bt.;47.489065;19.259249;Hétfő 05:00-20:30|Kedd 05:00-20:30|Szerda 05:00-20:30|Csütörtök 05:00-20:30|Péntek 05:00-20:30|Szombat 00:00-23:59|Vasárnap 06:00-12:00
1033;Pest;Budapest;Miklós tér 4.;Flórián Tabak Bt.;47.489065;19.259249;Hétfő 05:00-20:30|Kedd 05:00-20:30|Szerda 05:00-20:30|Csütörtök 05:00-20:30|Péntek 05:00-20:30|Szombat 00:00-23:59|Vasárnap 06:00-12:00
1033;Pest;Budapest;Miklós utca 5.;CSÍKOSA TRAFIK Bt.;47.489065;19.259249;Hétfő 05:00-20:30|Kedd 05:00-20:30|Szerda 05:00-20:30|Csütörtök 05:00-20:30|Péntek 05:00-20:30|Szombat 00:00-23:59|Vasárnap 06:00-12:00
1196;Pest;Budapest;Nádasdy utca 115.;Annamari Trafik Bt.;47.4426;19.1404;Hétfő 06:00-20:00|Kedd 06:00-20:00|Szerda 06:00-20:00|Csütörtök 06:00-20:00|Péntek 06:00-20:00|Szombat 06:00-20:00|Vasárnap 07:00-19:00
1051;Pest;Budapest;Nádor utca 14. földszint;Szivar Torony CASTLE Bt.;47.489065;19.259249;Hétfő 05:00-20:30|Kedd 05:00-20:30|Szerda 05:00-20:30|Csütörtök 05:00-20:30|Péntek 05:00-20:30|Szombat 00:00-23:59|Vasárnap 06:00-12:00
1117;Pest;Budapest;Nádorliget utca 5/A. földszint 4. ajtó;Samsara Life Bt.;47.489065;19.259249;Hétfő 05:00-20:30|Kedd 05:00-20:30|Szerda 05:00-20:30|Csütörtök 05:00-20:30|Péntek 05:00-20:30|Szombat 00:00-23:59|Vasárnap 06:00-12:00
1149;Pest;Budapest;Nagy Lajos király útja 189.;Hunters Tobacco Bt;47.489065;19.259249;Hétfő 05:00-20:30|Kedd 05:00-20:30|Szerda 05:00-20:30|Csütörtök 05:00-20:30|Péntek 05:00-20:30|Szombat 00:00-23:59|Vasárnap 06:00-12:00
1145;Pest;Budapest;Nagy Lajos király útja 210.;Koki Trafik Bt.;47.489065;19.259249;Hétfő 05:00-20:30|Kedd 05:00-20:30|Szerda 05:00-20:30|Csütörtök 05:00-20:30|Péntek 05:00-20:30|Szombat 00:00-23:59|Vasárnap 06:00-12:00
1065;Pest;Budapest;Nagymező utca 14.;Kentaurus Gold Bt.;47.489065;19.259249;Hétfő 05:00-20:30|Kedd 05:00-20:30|Szerda 05:00-20:30|Csütörtök 05:00-20:30|Péntek 05:00-20:30|Szombat 00:00-23:59|Vasárnap 06:00-12:00
1225;Pest;Budapest;Nagytétényi út 315.;Rebeka Tabak Bt.;47.489065;19.259249;Hétfő 05:00-20:30|Kedd 05:00-20:30|Szerda 05:00-20:30|Csütörtök 05:00-20:30|Péntek 05:00-20:30|Szombat 00:00-23:59|Vasárnap 06:00-12:00
1031;Pest;Budapest;Nánási út 24/A.;MA-MA-LA Bt.;47.489065;19.259249;Hétfő 05:00-20:30|Kedd 05:00-20:30|Szerda 05:00-20:30|Csütörtök 05:00-20:30|Péntek 05:00-20:30|Szombat 00:00-23:59|Vasárnap 06:00-12:00
1188;Pest;Budapest;Nemes utca 3.;DRSMOKE Bt.;47.4044;19.1872;Hétfő 05:00-20:00|Kedd 05:00-20:00|Szerda 05:00-20:00|Csütörtök 05:00-20:00|Péntek 05:00-20:00|Szombat 07:00-19:00|Vasárnap 07:00-19:00
1188;Pest;Budapest;Nemes utca 51-53. B lház. földszint 1. ajtó;Gedi Trafik Bt.;47.489065;19.259249;Hétfő 05:00-20:30|Kedd 05:00-20:30|Szerda 05:00-20:30|Csütörtök 05:00-20:30|Péntek 05:00-20:30|Szombat 00:00-23:59|Vasárnap 06:00-12:00
1132;Pest;Budapest;Nyugati tér 4.;Bimba Tabak Bt.;47.489065;19.259249;Hétfő 05:00-20:30|Kedd 05:00-20:30|Szerda 05:00-20:30|Csütörtök 05:00-20:30|Péntek 05:00-20:30|Szombat 00:00-23:59|Vasárnap 06:00-12:00
1048;Pest;Budapest;Óceánárok utca 5.;Tinadri Bt;47.489065;19.259249;Hétfő 05:00-20:30|Kedd 05:00-20:30|Szerda 05:00-20:30|Csütörtök 05:00-20:30|Péntek 05:00-20:30|Szombat 00:00-23:59|Vasárnap 06:00-12:00
1116;Pest;Budapest;Olajbogyó utca 3.;Kuuba Trafik Bt.;47.489065;19.259249;Hétfő 05:00-20:30|Kedd 05:00-20:30|Szerda 05:00-20:30|Csütörtök 05:00-20:30|Péntek 05:00-20:30|Szombat 00:00-23:59|Vasárnap 06:00-12:00
1148;Pest;Budapest;Örs vezér tere 3. fsz.;P-SZ Tabak Bt;47.489065;19.259249;Hétfő 05:00-20:30|Kedd 05:00-20:30|Szerda 05:00-20:30|Csütörtök 05:00-20:30|Péntek 05:00-20:30|Szombat 00:00-23:59|Vasárnap 06:00-12:00
1161;Pest;Budapest;Pálya utca 129.;Baár György;47.489065;19.259249;Hétfő 05:00-20:30|Kedd 05:00-20:30|Szerda 05:00-20:30|Csütörtök 05:00-20:30|Péntek 05:00-20:30|Szombat 00:00-23:59|Vasárnap 06:00-12:00
1156;Pest;Budapest;Páskomliget utca 49.;AG TRAFIK Bt.;47.489065;19.259249;Hétfő 05:00-20:30|Kedd 05:00-20:30|Szerda 05:00-20:30|Csütörtök 05:00-20:30|Péntek 05:00-20:30|Szombat 00:00-23:59|Vasárnap 06:00-12:00
1173;Pest;Budapest;Pesti út 2.;Talent Service Betéti Társaság;47.489065;19.259249;Hétfő 05:00-20:30|Kedd 05:00-20:30|Szerda 05:00-20:30|Csütörtök 05:00-20:30|Péntek 05:00-20:30|Szombat 00:00-23:59|Vasárnap 06:00-12:00
1173;Pest;Budapest;Pesti út 39. 11. ü.;Máté János;47.489065;19.259249;Hétfő 05:00-20:30|Kedd 05:00-20:30|Szerda 05:00-20:30|Csütörtök 05:00-20:30|Péntek 05:00-20:30|Szombat 00:00-23:59|Vasárnap 06:00-12:00
1065;Pest;Budapest;Podmaniczky utca 2.;AG TRAFIK Bt.;47.489065;19.259249;Hétfő 05:00-20:30|Kedd 05:00-20:30|Szerda 05:00-20:30|Csütörtök 05:00-20:30|Péntek 05:00-20:30|Szombat 00:00-23:59|Vasárnap 06:00-12:00
1039;Pest;Budapest;Pünkösdfürdő utca 52.;FREEMIND TOBACCO Bt.;47.489065;19.259249;Hétfő 05:00-20:30|Kedd 05:00-20:30|Szerda 05:00-20:30|Csütörtök 05:00-20:30|Péntek 05:00-20:30|Szombat 00:00-23:59|Vasárnap 06:00-12:00
1025;Pest;Budapest;Pusztaszeri út 57.;P-57 Tabak Bt.;47.489065;19.259249;Hétfő 05:00-20:30|Kedd 05:00-20:30|Szerda 05:00-20:30|Csütörtök 05:00-20:30|Péntek 05:00-20:30|Szombat 00:00-23:59|Vasárnap 06:00-12:00
1025;Pest;Budapest;Pusztaszeri út 72.;P-57 Tabak Bt.;47.489065;19.259249;Hétfő 05:00-20:30|Kedd 05:00-20:30|Szerda 05:00-20:30|Csütörtök 05:00-20:30|Péntek 05:00-20:30|Szombat 00:00-23:59|Vasárnap 06:00-12:00
1137;Pest;Budapest;Radnóti Miklós utca 38.;AC TRAFIK Bt.;47.489065;19.259249;Hétfő 05:00-20:30|Kedd 05:00-20:30|Szerda 05:00-20:30|Csütörtök 05:00-20:30|Péntek 05:00-20:30|Szombat 00:00-23:59|Vasárnap 06:00-12:00
1223;Pest;Budapest;Rákóczi út 20/A.;Háromtrafik Bt.;47.489065;19.259249;Hétfő 05:00-20:30|Kedd 05:00-20:30|Szerda 05:00-20:30|Csütörtök 05:00-20:30|Péntek 05:00-20:30|Szombat 00:00-23:59|Vasárnap 06:00-12:00
1039;Pest;Budapest;Rákóczi utca 36.;Trafik Holding Bt.;47.489065;19.259249;Hétfő 05:00-20:30|Kedd 05:00-20:30|Szerda 05:00-20:30|Csütörtök 05:00-20:30|Péntek 05:00-20:30|Szombat 00:00-23:59|Vasárnap 06:00-12:00
1144;Pest;Budapest;Rákosfalva park 3.;Dallos Klára Ágnes;47.489065;19.259249;Hétfő 05:00-20:30|Kedd 05:00-20:30|Szerda 05:00-20:30|Csütörtök 05:00-20:30|Péntek 05:00-20:30|Szombat 00:00-23:59|Vasárnap 06:00-12:00
1161;Pest;Budapest;Rákosi út 103.;Better Life Bt.;47.489065;19.259249;Hétfő 05:00-20:30|Kedd 05:00-20:30|Szerda 05:00-20:30|Csütörtök 05:00-20:30|Péntek 05:00-20:30|Szombat 00:00-23:59|Vasárnap 06:00-12:00
1161;Pest;Budapest;Rákosi út 116.;Kincsem Tabak-Shop Bt.;47.489065;19.259249;Hétfő 05:00-20:30|Kedd 05:00-20:30|Szerda 05:00-20:30|Csütörtök 05:00-20:30|Péntek 05:00-20:30|Szombat 00:00-23:59|Vasárnap 06:00-12:00
1152;Pest;Budapest;Régi Fóti út 64.;Samsara Life Bt.;47.489065;19.259249;Hétfő 05:00-20:30|Kedd 05:00-20:30|Szerda 05:00-20:30|Csütörtök 05:00-20:30|Péntek 05:00-20:30|Szombat 00:00-23:59|Vasárnap 06:00-12:00
1131;Pest;Budapest;Reitter Ferenc utca 132.;PomPom Dohány Bt.;47.489065;19.259249;Hétfő 05:00-20:30|Kedd 05:00-20:30|Szerda 05:00-20:30|Csütörtök 05:00-20:30|Péntek 05:00-20:30|Szombat 00:00-23:59|Vasárnap 06:00-12:00
1118;Pest;Budapest;Rétköz utca 3.;Kuuba Trafik Bt.;47.489065;19.259249;Hétfő 05:00-20:30|Kedd 05:00-20:30|Szerda 05:00-20:30|Csütörtök 05:00-20:30|Péntek 05:00-20:30|Szombat 00:00-23:59|Vasárnap 06:00-12:00
1134;Pest;Budapest;Róbert Károly körút 38.;Alfa Trafik Bt.;47.489065;19.259249;Hétfő 05:00-20:30|Kedd 05:00-20:30|Szerda 05:00-20:30|Csütörtök 05:00-20:30|Péntek 05:00-20:30|Szombat 00:00-23:59|Vasárnap 06:00-12:00
1131;Pest;Budapest;Rokolya utca 1-13.;Fumo Gold Bt.;47.489065;19.259249;Hétfő 05:00-20:30|Kedd 05:00-20:30|Szerda 05:00-20:30|Csütörtök 05:00-20:30|Péntek 05:00-20:30|Szombat 00:00-23:59|Vasárnap 06:00-12:00
1031;Pest;Budapest;Római tér 1.;LG 23 Bt.;47.489065;19.259249;Hétfő 05:00-20:30|Kedd 05:00-20:30|Szerda 05:00-20:30|Csütörtök 05:00-20:30|Péntek 05:00-20:30|Szombat 00:00-23:59|Vasárnap 06:00-12:00
1042;Pest;Budapest;Rózsa utca 12.;Alfa Trafik Bt.;47.489065;19.259249;Hétfő 05:00-20:30|Kedd 05:00-20:30|Szerda 05:00-20:30|Csütörtök 05:00-20:30|Péntek 05:00-20:30|Szombat 00:00-23:59|Vasárnap 06:00-12:00
1116;Pest;Budapest;Sopron utca 60.;Trafikárium Bt.;47.489065;19.259249;Hétfő 05:00-20:30|Kedd 05:00-20:30|Szerda 05:00-20:30|Csütörtök 05:00-20:30|Péntek 05:00-20:30|Szombat 00:00-23:59|Vasárnap 06:00-12:00
1104;Pest;Budapest;Sörgyár utca 75.;Uzoni Roland Tamás;47.489065;19.259249;Hétfő 05:00-20:30|Kedd 05:00-20:30|Szerda 05:00-20:30|Csütörtök 05:00-20:30|Péntek 05:00-20:30|Szombat 00:00-23:59|Vasárnap 06:00-12:00
1095;Pest;Budapest;Soroksári út 56.;Netti Trafik Bt.;47.489065;19.259249;Hétfő 05:00-20:30|Kedd 05:00-20:30|Szerda 05:00-20:30|Csütörtök 05:00-20:30|Péntek 05:00-20:30|Szombat 00:00-23:59|Vasárnap 06:00-12:00
1107;Pest;Budapest;Szállás utca 11/A.;Cziegelmayer Anita;47.489065;19.259249;Hétfő 05:00-20:30|Kedd 05:00-20:30|Szerda 05:00-20:30|Csütörtök 05:00-20:30|Péntek 05:00-20:30|Szombat 00:00-23:59|Vasárnap 06:00-12:00
1125;Pest;Budapest;Szarvas Gábor utca 8.;Orkisen-528 Tabak Bt;47.489065;19.259249;Hétfő 05:00-20:30|Kedd 05:00-20:30|Szerda 05:00-20:30|Csütörtök 05:00-20:30|Péntek 05:00-20:30|Szombat 00:00-23:59|Vasárnap 06:00-12:00
1212;Pest;Budapest;Széchenyi István utca 86.;Major-Lottó Bt.;47.489065;19.259249;Hétfő 05:00-20:30|Kedd 05:00-20:30|Szerda 05:00-20:30|Csütörtök 05:00-20:30|Péntek 05:00-20:30|Szombat 00:00-23:59|Vasárnap 06:00-12:00
1203;Pest;Budapest;Széchenyi utca 3-5. C. lh. fsz.;Székely Izabella Etelka;47.489065;19.259249;Hétfő 05:00-20:30|Kedd 05:00-20:30|Szerda 05:00-20:30|Csütörtök 05:00-20:30|Péntek 05:00-20:30|Szombat 00:00-23:59|Vasárnap 06:00-12:00
1211;Pest;Budapest;Szent Imre tér 1.;NEDO Dohány Kereskedelmi Bt.;47.489065;19.259249;Hétfő 05:00-20:30|Kedd 05:00-20:30|Szerda 05:00-20:30|Csütörtök 05:00-20:30|Péntek 05:00-20:30|Szombat 00:00-23:59|Vasárnap 06:00-12:00
1137;Pest;Budapest;Szent István körút 12.;Tobacco World Bt.;47.489065;19.259249;Hétfő 05:00-20:30|Kedd 05:00-20:30|Szerda 05:00-20:30|Csütörtök 05:00-20:30|Péntek 05:00-20:30|Szombat 00:00-23:59|Vasárnap 06:00-12:00
1213;Pest;Budapest;Szent István út 190/A.;Viktor Tobacco Bt.;47.489065;19.259249;Hétfő 05:00-20:30|Kedd 05:00-20:30|Szerda 05:00-20:30|Csütörtök 05:00-20:30|Péntek 05:00-20:30|Szombat 00:00-23:59|Vasárnap 06:00-12:00
1212;Pest;Budapest;Szent István út 73.;Abullding Pipa Bt.;47.489065;19.259249;Hétfő 05:00-20:30|Kedd 05:00-20:30|Szerda 05:00-20:30|Csütörtök 05:00-20:30|Péntek 05:00-20:30|Szombat 00:00-23:59|Vasárnap 06:00-12:00
1155;Pest;Budapest;Szent Korona útja 25/B.;Pócsy László Béláné;47.489065;19.259249;Hétfő 05:00-20:30|Kedd 05:00-20:30|Szerda 05:00-20:30|Csütörtök 05:00-20:30|Péntek 05:00-20:30|Szombat 00:00-23:59|Vasárnap 06:00-12:00
1039;Pest;Budapest;Szentendrei út 251-253;Tündi Trafik Bt.;47.489065;19.259249;Hétfő 05:00-20:30|Kedd 05:00-20:30|Szerda 05:00-20:30|Csütörtök 05:00-20:30|Péntek 05:00-20:30|Szombat 00:00-23:59|Vasárnap 06:00-12:00
1033;Pest;Budapest;Szentendrei út 95.;Tabac 4 You Bt.;47.489065;19.259249;Hétfő 05:00-20:30|Kedd 05:00-20:30|Szerda 05:00-20:30|Csütörtök 05:00-20:30|Péntek 05:00-20:30|Szombat 00:00-23:59|Vasárnap 06:00-12:00
1034;Pest;Budapest;Szentlélek tér 3.;Tabac 4 You Bt.;47.54051705;19.04571100824176;Hétfő 05:00-23:00|Kedd 05:00-23:00|Szerda 05:00-23:00|Csütörtök 05:00-23:00|Péntek 05:00-10:00|Szombat 05:00-10:00|Vasárnap 05:00-23:00
1144;Pest;Budapest;Szentmihályi út 23.;Ugra Szivar Bt.;47.489065;19.259249;Hétfő 05:00-20:30|Kedd 05:00-20:30|Szerda 05:00-20:30|Csütörtök 05:00-20:30|Péntek 05:00-20:30|Szombat 00:00-23:59|Vasárnap 06:00-12:00
1143;Pest;Budapest;Szobránc 20.;Kvintker Bt.;47.489065;19.259249;Hétfő 05:00-20:30|Kedd 05:00-20:30|Szerda 05:00-20:30|Csütörtök 05:00-20:30|Péntek 05:00-20:30|Szombat 00:00-23:59|Vasárnap 06:00-12:00
1149;Pest;Budapest;Szugló utca 80. fszt. 3/Ü.;Pelgreen Trade Bt;47.489065;19.259249;Hétfő 05:00-20:30|Kedd 05:00-20:30|Szerda 05:00-20:30|Csütörtök 05:00-20:30|Péntek 05:00-20:30|Szombat 00:00-23:59|Vasárnap 06:00-12:00
1014;Pest;Budapest;Tárnok utca 26.;Józsa Csaba Trafik Bt.;47.489065;19.259249;Hétfő 05:00-20:30|Kedd 05:00-20:30|Szerda 05:00-20:30|Csütörtök 05:00-20:30|Péntek 05:00-20:30|Szombat 00:00-23:59|Vasárnap 06:00-12:00
1108;Pest;Budapest;Tavas utca 1. C. épület földszint 18. ajtó;Nagyvadász Bt.;47.489065;19.259249;Hétfő 05:00-20:30|Kedd 05:00-20:30|Szerda 05:00-20:30|Csütörtök 05:00-20:30|Péntek 05:00-20:30|Szombat 00:00-23:59|Vasárnap 06:00-12:00
1116;Pest;Budapest;Temesvár utca 1.;Tündi Trafik Bt.;47.489065;19.259249;Hétfő 05:00-20:30|Kedd 05:00-20:30|Szerda 05:00-20:30|Csütörtök 05:00-20:30|Péntek 05:00-20:30|Szombat 00:00-23:59|Vasárnap 06:00-12:00
1119;Pest;Budapest;Tétényi út 63.;KESZI TABAK-SHOP Bt.;47.489065;19.259249;Hétfő 05:00-20:30|Kedd 05:00-20:30|Szerda 05:00-20:30|Csütörtök 05:00-20:30|Péntek 05:00-20:30|Szombat 00:00-23:59|Vasárnap 06:00-12:00
1146;Pest;Budapest;Thököly út 117.;Diego Trade Bt.;47.489065;19.259249;Hétfő 05:00-20:30|Kedd 05:00-20:30|Szerda 05:00-20:30|Csütörtök 05:00-20:30|Péntek 05:00-20:30|Szombat 00:00-23:59|Vasárnap 06:00-12:00
1146;Pest;Budapest;Thököly út 150.;CigiMarket Bt.;47.489065;19.259249;Hétfő 05:00-20:30|Kedd 05:00-20:30|Szerda 05:00-20:30|Csütörtök 05:00-20:30|Péntek 05:00-20:30|Szombat 00:00-23:59|Vasárnap 06:00-12:00
1146;Pest;Budapest;Thököly út 63.;Indigó Trafik Bt.;47.489065;19.259249;Hétfő 05:00-20:30|Kedd 05:00-20:30|Szerda 05:00-20:30|Csütörtök 05:00-20:30|Péntek 05:00-20:30|Szombat 00:00-23:59|Vasárnap 06:00-12:00
1163;Pest;Budapest;Timur utca 96.;Szerencse-Füst Bt.;47.489065;19.259249;Hétfő 05:00-20:30|Kedd 05:00-20:30|Szerda 05:00-20:30|Csütörtök 05:00-20:30|Péntek 05:00-20:30|Szombat 00:00-23:59|Vasárnap 06:00-12:00
1203;Pest;Budapest;Topánka HRSZ. 170204/10;Nájkopex Trafik Bt.;47.489065;19.259249;Hétfő 05:00-20:30|Kedd 05:00-20:30|Szerda 05:00-20:30|Csütörtök 05:00-20:30|Péntek 05:00-20:30|Szombat 00:00-23:59|Vasárnap 06:00-12:00
1094;Pest;Budapest;Tűzoltó utca 78-80.;AC TRAFIK Bt.;47.489065;19.259249;Hétfő 05:00-20:30|Kedd 05:00-20:30|Szerda 05:00-20:30|Csütörtök 05:00-20:30|Péntek 05:00-20:30|Szombat 00:00-23:59|Vasárnap 06:00-12:00
1173;Pest;Budapest;Újlak utca 9.;CSERR-TRAFIK Bt.;47.489065;19.259249;Hétfő 05:00-20:30|Kedd 05:00-20:30|Szerda 05:00-20:30|Csütörtök 05:00-20:30|Péntek 05:00-20:30|Szombat 00:00-23:59|Vasárnap 06:00-12:00
1101;Pest;Budapest;Üllői út 112.;Bagóra Bt.;47.489065;19.259249;Hétfő 05:00-20:30|Kedd 05:00-20:30|Szerda 05:00-20:30|Csütörtök 05:00-20:30|Péntek 05:00-20:30|Szombat 00:00-23:59|Vasárnap 06:00-12:00
1101;Pest;Budapest;Üllői út 124/B.;Németh László;47.489065;19.259249;Hétfő 05:00-20:30|Kedd 05:00-20:30|Szerda 05:00-20:30|Csütörtök 05:00-20:30|Péntek 05:00-20:30|Szombat 00:00-23:59|Vasárnap 06:00-12:00
1091;Pest;Budapest;Üllői út 143.;Bényi Trafik Bt.;47.489065;19.259249;Hétfő 05:00-20:30|Kedd 05:00-20:30|Szerda 05:00-20:30|Csütörtök 05:00-20:30|Péntek 05:00-20:30|Szombat 00:00-23:59|Vasárnap 06:00-12:00
1184;Pest;Budapest;Üllői út 379-381.;Bident Dohány Bt;47.489065;19.259249;Hétfő 05:00-20:30|Kedd 05:00-20:30|Szerda 05:00-20:30|Csütörtök 05:00-20:30|Péntek 05:00-20:30|Szombat 00:00-23:59|Vasárnap 06:00-12:00
1082;Pest;Budapest;Üllői út 54. földszint 4. ajtó;DOHÁNY-ÁSZ Bt.;47.489065;19.259249;Hétfő 05:00-20:30|Kedd 05:00-20:30|Szerda 05:00-20:30|Csütörtök 05:00-20:30|Péntek 05:00-20:30|Szombat 00:00-23:59|Vasárnap 06:00-12:00
1085;Pest;Budapest;Üllői út 6. földszint 33-34. ajtó;Nyolcpipa Bt.;47.489065;19.259249;Hétfő 05:00-20:30|Kedd 05:00-20:30|Szerda 05:00-20:30|Csütörtök 05:00-20:30|Péntek 05:00-20:30|Szombat 00:00-23:59|Vasárnap 06:00-12:00
1182;Pest;Budapest;Üllői út 745.;Kozmix Trafik Bt.;47.489065;19.259249;Hétfő 05:00-20:30|Kedd 05:00-20:30|Szerda 05:00-20:30|Csütörtök 05:00-20:30|Péntek 05:00-20:30|Szombat 00:00-23:59|Vasárnap 06:00-12:00
1142;Pest;Budapest;Ungvár utca 50.;MULTI TRAFIK Bt.;47.489065;19.259249;Hétfő 05:00-20:30|Kedd 05:00-20:30|Szerda 05:00-20:30|Csütörtök 05:00-20:30|Péntek 05:00-20:30|Szombat 00:00-23:59|Vasárnap 06:00-12:00
1138;Pest;Budapest;Váci út 134/C.;Tobacco World Bt;47.489065;19.259249;Hétfő 05:00-20:30|Kedd 05:00-20:30|Szerda 05:00-20:30|Csütörtök 05:00-20:30|Péntek 05:00-20:30|Szombat 00:00-23:59|Vasárnap 06:00-12:00
1138;Pest;Budapest;Váci út 165.;Tsmith Dohány Bt;47.489065;19.259249;Hétfő 05:00-20:30|Kedd 05:00-20:30|Szerda 05:00-20:30|Csütörtök 05:00-20:30|Péntek 05:00-20:30|Szombat 00:00-23:59|Vasárnap 06:00-12:00
1191;Pest;Budapest;Vak Bottyán utca 72. földszint 3. ajtó;Nagyvadász Bt.;47.489065;19.259249;Hétfő 05:00-20:30|Kedd 05:00-20:30|Szerda 05:00-20:30|Csütörtök 05:00-20:30|Péntek 05:00-20:30|Szombat 00:00-23:59|Vasárnap 06:00-12:00
1155;Pest;Budapest;Vasutastelep utca 5.;Lendeczkiné Kővári Katalin Piroska;47.489065;19.259249;Hétfő 05:00-20:30|Kedd 05:00-20:30|Szerda 05:00-20:30|Csütörtök 05:00-20:30|Péntek 05:00-20:30|Szombat 00:00-23:59|Vasárnap 06:00-12:00
1148;Pest;Budapest;Vezér utca 129.;Kuuba Trafik Bt.;47.489065;19.259249;Hétfő 05:00-20:30|Kedd 05:00-20:30|Szerda 05:00-20:30|Csütörtök 05:00-20:30|Péntek 05:00-20:30|Szombat 00:00-23:59|Vasárnap 06:00-12:00
1148;Pest;Budapest;Vezér utca 148-150.;Samsara Life Bt.;47.489065;19.259249;Hétfő 05:00-20:30|Kedd 05:00-20:30|Szerda 05:00-20:30|Csütörtök 05:00-20:30|Péntek 05:00-20:30|Szombat 00:00-23:59|Vasárnap 06:00-12:00
1141;Pest;Budapest;Vezér utca 74.;Dallos Klára Ágnes;47.489065;19.259249;Hétfő 05:00-20:30|Kedd 05:00-20:30|Szerda 05:00-20:30|Csütörtök 05:00-20:30|Péntek 05:00-20:30|Szombat 00:00-23:59|Vasárnap 06:00-12:00
1035;Pest;Budapest;Vihar utca 17.;Snüssz Trafik Bt.;47.489065;19.259249;Hétfő 05:00-20:30|Kedd 05:00-20:30|Szerda 05:00-20:30|Csütörtök 05:00-20:30|Péntek 05:00-20:30|Szombat 00:00-23:59|Vasárnap 06:00-12:00
1113;Pest;Budapest;Villányi út 74. földszint 2. ajtó;HADRON-LILO Bt.;47.489065;19.259249;Hétfő 05:00-20:30|Kedd 05:00-20:30|Szerda 05:00-20:30|Csütörtök 05:00-20:30|Péntek 05:00-20:30|Szombat 00:00-23:59|Vasárnap 06:00-12:00
1041;Pest;Budapest;Virág utca 7. fszt. Ü-7.;Bopet Trafik Bt;47.489065;19.259249;Hétfő 05:00-20:30|Kedd 05:00-20:30|Szerda 05:00-20:30|Csütörtök 05:00-20:30|Péntek 05:00-20:30|Szombat 00:00-23:59|Vasárnap 06:00-12:00
1031;Pest;Budapest;Vízimolnár utca 8.;Kvintker Bt.;47.489065;19.259249;Hétfő 05:00-20:30|Kedd 05:00-20:30|Szerda 05:00-20:30|Csütörtök 05:00-20:30|Péntek 05:00-20:30|Szombat 00:00-23:59|Vasárnap 06:00-12:00
1112;Pest;Budapest;Vőfély utca 1.;Dudus Trafik Bt.;47.489065;19.259249;Hétfő 05:00-20:30|Kedd 05:00-20:30|Szerda 05:00-20:30|Csütörtök 05:00-20:30|Péntek 05:00-20:30|Szombat 00:00-23:59|Vasárnap 06:00-12:00
1064;Pest;Budapest;Vörösmarty utca 63.;Trafik-System Dél Bt.;47.489065;19.259249;Hétfő 05:00-20:30|Kedd 05:00-20:30|Szerda 05:00-20:30|Csütörtök 05:00-20:30|Péntek 05:00-20:30|Szombat 00:00-23:59|Vasárnap 06:00-12:00
1035;Pest;Budapest;Vörösvári út 23/17.;Diego Trade Bt.;47.489065;19.259249;Hétfő 05:00-20:30|Kedd 05:00-20:30|Szerda 05:00-20:30|Csütörtök 05:00-20:30|Péntek 05:00-20:30|Szombat 00:00-23:59|Vasárnap 06:00-12:00
1077;Pest;Budapest;Wesselényi utca 19.;CSITABAK Bt.;47.489065;19.259249;Hétfő 05:00-20:30|Kedd 05:00-20:30|Szerda 05:00-20:30|Csütörtök 05:00-20:30|Péntek 05:00-20:30|Szombat 00:00-23:59|Vasárnap 06:00-12:00
1077;Pest;Budapest;Wesselényi utca 33.;Indigó Trafik Bt.;47.489065;19.259249;Hétfő 05:00-20:30|Kedd 05:00-20:30|Szerda 05:00-20:30|Csütörtök 05:00-20:30|Péntek 05:00-20:30|Szombat 00:00-23:59|Vasárnap 06:00-12:00
1116;Pest;Budapest;XI.ker 43903/2/A/28. címképzés alatt;Trafikárium Bt.;47.489065;19.259249;Hétfő 05:00-20:30|Kedd 05:00-20:30|Szerda 05:00-20:30|Csütörtök 05:00-20:30|Péntek 05:00-20:30|Szombat 00:00-23:59|Vasárnap 06:00-12:00
1033;Pest;Budapest;Zab utca 10.;Trafikmax Bt.;47.489065;19.259249;Hétfő 05:00-20:30|Kedd 05:00-20:30|Szerda 05:00-20:30|Csütörtök 05:00-20:30|Péntek 05:00-20:30|Szombat 00:00-23:59|Vasárnap 06:00-12:00
1066;Pest;Budapest;Zichy Jenő utca 1.;Matusek Mónika Gyöngyi;47.5029844;19.0554128;Hétfő 00:00-23:59|Kedd 00:00-23:59|Szerda 00:00-23:59|Csütörtök 00:00-23:59|Péntek 00:00-23:59|Szombat 00:00-23:59|Vasárnap 00:00-23:59
1171;Pest;Budapest;Zrínyi út - Pesti út sarok 1.;Szij József Máté;47.489065;19.259249;Hétfő 05:00-20:30|Kedd 05:00-20:30|Szerda 05:00-20:30|Csütörtök 05:00-20:30|Péntek 05:00-20:30|Szombat 00:00-23:59|Vasárnap 06:00-12:00
1214;Pest;Budapest;Zrínyi utca 1/a;Bopet Trafik Bt;47.489065;19.259249;Hétfő 05:00-20:30|Kedd 05:00-20:30|Szerda 05:00-20:30|Csütörtök 05:00-20:30|Péntek 05:00-20:30|Szombat 00:00-23:59|Vasárnap 06:00-12:00
1171;Pest;Budapest;Zrínyi utca 86.;Kremmer Sztár Bt.;47.489065;19.259249;Hétfő 05:00-20:30|Kedd 05:00-20:30|Szerda 05:00-20:30|Csütörtök 05:00-20:30|Péntek 05:00-20:30|Szombat 00:00-23:59|Vasárnap 06:00-12:00
6114;Bács-Kiskun;Bugac;Béke utca 14.;Csöndike Bt;46.6868;19.6819;Hétfő 06:00-19:00|Kedd 06:00-19:00|Szerda 06:00-19:00|Csütörtök 06:00-19:00|Péntek 06:00-19:00|Szombat 06:00-19:00|Vasárnap 06:00-19:00
6114;Bács-Kiskun;Bugac;Szabadság tér 4/A/1;Szalai István;46.6868;19.6819;Hétfő 06:00-19:00|Kedd 06:00-19:00|Szerda 06:00-19:00|Csütörtök 06:00-19:00|Péntek 06:00-19:00|Szombat 06:00-19:00|Vasárnap 06:00-19:00
4483;Szabolcs-Szatmár-Bereg;Buj;Kossuth utca 18.;Dr. Berencsi Mónika;48.1066;21.654;Hétfő 06:00-18:00|Kedd 06:00-18:00|Szerda 06:00-18:00|Csütörtök 06:00-18:00|Péntek 06:00-18:00|Szombat 06:00-18:00|Vasárnap 07:00-11:00
4483;Szabolcs-Szatmár-Bereg;Buj;Rákóczi utca 37.;Bazsó Istvánné;48.1066;21.654;Hétfő 06:00-18:00|Kedd 06:00-18:00|Szerda 06:00-18:00|Csütörtök 06:00-18:00|Péntek 06:00-18:00|Szombat 06:00-18:00|Vasárnap 07:00-11:00
3047;Nógrád;Buják;Kossuth út 33;Kucsik Krisztina;47.8832;19.5428;Hétfő 06:00-18:00|Kedd 06:00-18:00|Szerda 06:00-18:00|Csütörtök 06:00-18:00|Péntek 06:00-18:00|Szombat 06:00-14:00
3047;Nógrád;Buják;Kossuth út 70/A.;Molnárné Kurunczi Katalin Valéria;47.8803;19.5417;Hétfő 06:00-17:30|Kedd 06:00-17:30|Szerda 06:00-17:30|Csütörtök 06:00-17:30|Péntek 06:00-17:30|Szombat 06:00-12:00|Vasárnap 07:00-11:00
3422;Vas;Bükkábrány;Mátyás király út 23.;Intersmoke Bt;47.891;20.6801;Hétfő 07:00-21:00|Kedd 07:00-21:00|Szerda 07:00-21:00|Csütörtök 07:00-21:00|Péntek 07:00-21:00|Szombat 07:00-21:00|Vasárnap 07:00-21:00
7682;Borsod-Abaúj-Zemplén;Bükkösd;Kossuth L utca 53.;Grávics József Gábor;46.1051;17.9914;Hétfő 06:00-18:00|Kedd 06:00-18:00|Szerda 06:00-18:00|Csütörtök 06:00-18:00|Péntek 06:00-18:00|Szombat 06:00-12:00|Vasárnap 07:00-11:00
7013;Fejér;Cece;Deák Ferenc 24.;Márkus Milán;46.770868;18.631055;Hétfő 06:00-23:00|Kedd 06:00-23:00|Szerda 06:00-23:00|Csütörtök 06:00-23:00|Péntek 06:00-23:59|Szombat 06:00-23:59|Vasárnap 06:00-23:00
9500;Vas;Celldömölk;Dr. Géfin Lajos tér 12.;BUDAI-CELL Bt.;47.2571;17.1515;Hétfő 06:00-18:00|Kedd 06:00-18:00|Szerda 06:00-18:00|Csütörtök 06:00-18:00|Péntek 06:00-18:00|Szombat 06:00-12:00
9500;Vas;Celldömölk;Sági út 188;Horváth Krisztián;47.2337;17.1474;Hétfő 06:30-17:00|Kedd 06:30-17:00|Szerda 06:30-17:00|Csütörtök 06:30-17:00|Péntek 06:30-17:00|Szombat 06:30-12:00
9500;Vas;Celldömölk;Sági utca 12/A fsz 2.;Horváth Krisztián;47.2571;17.1515;Hétfő 06:00-18:00|Kedd 06:00-18:00|Szerda 06:00-18:00|Csütörtök 06:00-18:00|Péntek 06:00-18:00|Szombat 06:00-12:00
9500;Vas;Celldömölk;Sági utca 43.;Végh Szilárd;47.2571;17.1515;Hétfő 06:00-18:00|Kedd 06:00-18:00|Szerda 06:00-18:00|Csütörtök 06:00-18:00|Péntek 06:00-18:00|Szombat 06:00-12:00
9364;Győr-Moson-Sopron;Cirák;Csapodi utca 2/A.;Mesterházy Károly Csabáné;47.4788;17.0285;Hétfő 06:00-22:00|Kedd 06:00-22:00|Szerda 06:00-22:00|Csütörtök 06:00-22:00|Péntek 06:00-00:00|Szombat 06:00-00:00|Vasárnap 06:00-22:00
5551;Békés;Csabacsűd;Szabadság utca 64.;Szilágyiné Jancsó Erzsébet Edit;46.8260518;20.6513059;Hétfő 07:00-20:00|Kedd 07:00-20:00|Szerda 07:00-20:00|Csütörtök 07:00-20:00|Péntek 07:00-20:00|Szombat 07:00-15:00|Vasárnap 07:00-12:00
5662;Békés;Csanádapáca;Batthyány út 7.;Déliker Trade Bt;46.543;20.8839;Hétfő 06:00-18:00|Kedd 06:00-18:00|Szerda 06:00-18:00|Csütörtök 06:00-18:00|Péntek 06:00-18:00|Szombat 07:00-19:00|Vasárnap 07:00-11:00
6913;Csongrád;Csanádpalota;Kálmány Lajos utca 2.;Kohajda Zsuzsanna Barbara;46.2439;20.7228;Hétfő 06:00-20:00|Kedd 06:00-20:00|Szerda 06:00-20:00|Csütörtök 06:00-20:00|Péntek 06:00-20:00|Szombat 06:00-12:00|Vasárnap 06:00-12:00
3015;Heves;Csány;Petőfi S. út 4.;Halászné Horváth Rita;47.6478;19.8282;Hétfő 06:00-21:00|Kedd 06:00-21:00|Szerda 06:00-21:00|Csütörtök 06:00-21:00|Péntek 06:00-21:00|Szombat 06:00-21:00|Vasárnap 06:00-21:00
7964;Baranya;Csányoszró;Kossuth utca 46.;Dokker 2013 Bt.;45.8799;17.9117;Hétfő 06:00-17:00|Kedd 06:00-17:00|Szerda 06:00-17:00|Csütörtök 06:00-17:00|Péntek 06:00-17:00|Szombat 06:00-17:00|Vasárnap 07:00-11:00
6239;Bács-Kiskun;Császártöltés;Keceli utca 3.;Lakner Gábor;46.4209;19.1759;Hétfő 05:30-20:30|Kedd 05:30-20:30|Szerda 05:30-20:30|Csütörtök 05:30-20:30|Péntek 05:30-21:00|Szombat 07:00-22:00|Vasárnap 08:00-19:00
8445;Veszprém;Csehbánya;Kossuth utca 45.;Trafimax Ker. Bt;47.1449;17.6514;Hétfő 05:30-17:30|Kedd 05:30-17:30|Szerda 05:30-17:30|Csütörtök 05:30-17:30|Péntek 05:30-17:30|Szombat 06:30-14:30|Vasárnap 07:00-10:30
6222;Bács-Kiskun;Csengőd;Dózsa Gy. utca 52.;Krich Zoltán Mihályné;46.7156;19.2684;Hétfő 05:00-18:00|Kedd 05:00-18:00|Szerda 05:00-18:00|Csütörtök 05:00-18:00|Péntek 05:00-18:00|Szombat 06:00-14:00|Vasárnap 07:00-11:00
9611;Vas;Csénye;Ady Endre utca 20.;Sárvári Trafik S+S Kkt.;47.2351;16.8706;Hétfő 09:00-22:00|Kedd 09:00-22:00|Szerda 09:00-22:00|Csütörtök 09:00-22:00|Péntek 09:00-22:00|Szombat 09:00-22:00|Vasárnap 09:00-22:00
2946;Komárom-Esztergom;Csép;Petőfi Sándor utca 17.;Bergendi Zsolt;47.5781;18.0608;Hétfő 06:00-21:00|Kedd 06:00-21:00|Szerda 06:00-21:00|Csütörtök 06:00-21:00|Péntek 06:00-21:00|Szombat 07:00-21:00|Vasárnap 07:00-21:00
3413;Borsod-Abaúj-Zemplén;Cserépfalu;Petőfi út 44;Virág András;47.9469;20.5326;Hétfő 07:00-19:00|Kedd 07:00-19:00|Szerda 07:00-19:00|Csütörtök 07:00-19:00|Péntek 07:00-19:00|Szombat 07:00-19:00|Vasárnap 07:00-12:00
2694;Nógrád;Cserháthaláp;Fő út 31.;Kiss Ker. és Vendéglátóipari Kkt.;47.9825;19.3726;Hétfő 06:00-19:00|Kedd 06:00-19:00|Szerda 06:00-19:00|Csütörtök 06:00-19:00|Péntek 06:00-19:00|Szombat 06:00-19:00|Vasárnap 06:00-10:00
7673;Baranya;Cserkút;Újtelep utca 8.;Hadnagy Géza Gábor;46.0787;18.117;Hétfő 06:00-20:00|Kedd 06:00-20:00|Szerda 06:00-20:00|Csütörtök 06:00-20:00|Péntek 06:00-20:00|Szombat 06:00-20:00|Vasárnap 06:00-20:00
8372;Zala;Cserszegtomaj;Búzavirág utca 6.;Kerék Imre;46.8068;17.229;Hétfő 06:30-17:30|Kedd 06:30-17:30|Szerda 06:30-17:30|Csütörtök 06:30-17:30|Péntek 06:30-17:30|Szombat 06:30-11:30
8372;Zala;Cserszegtomaj;Porkoláb utca 2.;Mobil Trafik Bt.;46.8068;17.229;Hétfő 06:30-17:30|Kedd 06:30-17:30|Szerda 06:30-17:30|Csütörtök 06:30-17:30|Péntek 06:30-17:30|Szombat 06:30-11:30
9836;Vas;Csipkerek;Rákóczi utca 65.;Horváth Pius;47.0748;16.9414;Hétfő 10:00-22:00|Kedd 10:00-22:00|Szerda 10:00-22:00|Csütörtök 10:00-22:00|Péntek 10:00-22:00|Szombat 10:00-22:00|Vasárnap 10:00-22:00
2014;Pest;Csobánka;Fő út 69.;Kárpáti Ilona;47.6446;18.9682;Hétfő 07:00-19:00|Kedd 07:00-19:00|Szerda 07:00-19:00|Csütörtök 07:00-19:00|Péntek 07:00-19:00|Szombat 07:00-15:00|Vasárnap 07:00-14:00
2014;Pest;Csobánka;Sport utca 3.;Kárpáti Zoltán Richárd;47.6444;18.9632;Hétfő 07:00-19:00|Kedd 07:00-19:00|Szerda 07:00-19:00|Csütörtök 07:00-19:00|Péntek 07:00-19:00|Szombat 07:00-15:00|Vasárnap 07:00-14:00
8999;Fejér;Csöde;Szabadság tér 14.;Molnár László;46.8468;16.5849;Hétfő 05:30-18:00|Kedd 05:30-18:00|Szerda 05:30-18:00|Csütörtök 05:30-18:00|Péntek 05:30-18:00|Szombat 07:00-12:00
8700;Veszprém;Csömend;Csomos Gergely utca 5.;Hódos Árpád;46.5795;17.415;Hétfő 05:00-19:00|Kedd 05:00-19:00|Szerda 05:00-19:00|Csütörtök 05:00-19:00|Péntek 05:00-19:00|Szombat 08:00-20:00
8700;Veszprém;Csömend;Marczali Henrik utca 1/D.;Szita Gabriella Katalin;46.5795;17.415;Hétfő 05:00-19:00|Kedd 05:00-19:00|Szerda 05:00-19:00|Csütörtök 05:00-19:00|Péntek 05:00-19:00|Szombat 08:00-20:00
8700;Veszprém;Csömend;Rákóczi utca 17.;Buna Gábor István;46.5795;17.415;Hétfő 05:00-19:00|Kedd 05:00-19:00|Szerda 05:00-19:00|Csütörtök 05:00-19:00|Péntek 05:00-19:00|Szombat 08:00-20:00
8700;Veszprém;Csömend;Rákóczi utca 6-10.;Fekete Zoltán Antal;46.5798;17.4128;Hétfő 06:00-22:00|Kedd 06:00-22:00|Szerda 06:00-22:00|Csütörtök 06:00-22:00|Péntek 06:00-22:00|Szombat 06:00-22:00|Vasárnap 06:00-22:00
8700;Veszprém;Csömend;Rákóczi utca 68.;Bojtor Béla István;46.5795;17.415;Hétfő 05:00-19:00|Kedd 05:00-19:00|Szerda 05:00-19:00|Csütörtök 05:00-19:00|Péntek 05:00-19:00|Szombat 08:00-20:00
8700;Veszprém;Csömend;Széchenyi 30/C.;Huszár Sándor József;46.5795;17.415;Hétfő 05:00-19:00|Kedd 05:00-19:00|Szerda 05:00-19:00|Csütörtök 05:00-19:00|Péntek 05:00-19:00|Szombat 08:00-20:00
2141;Győr-Moson-Sopron;Csömör;Szabadság út 41.;Dombrádi László;47.5401;19.2244;Hétfő 07:00-19:00|Kedd 07:00-19:00|Szerda 07:00-19:00|Csütörtök 07:00-19:00|Péntek 07:00-19:00|Szombat 07:00-15:00
2141;Győr-Moson-Sopron;Csömör;Széchenyi utca 50.;Csányi Zsolt László;47.5401;19.2244;Hétfő 07:00-19:00|Kedd 07:00-19:00|Szerda 07:00-19:00|Csütörtök 07:00-19:00|Péntek 07:00-19:00|Szombat 07:00-15:00
2141;Győr-Moson-Sopron;Csömör;Széchenyi utca 96.;Fogd Zsuzsanna;47.5401;19.2244;Hétfő 07:00-19:00|Kedd 07:00-19:00|Szerda 07:00-19:00|Csütörtök 07:00-19:00|Péntek 07:00-19:00|Szombat 07:00-15:00
2141;Győr-Moson-Sopron;Csömör;Vasút sor 1.1.;Fekete 86 Dohány Bt.;47.5401;19.2244;Hétfő 07:00-19:00|Kedd 07:00-19:00|Szerda 07:00-19:00|Csütörtök 07:00-19:00|Péntek 07:00-19:00|Szombat 07:00-15:00
7940;Hajdú-Bihar;Csonkamindszent;Erzsébet utca 28.;Gallovich Csabáné;46.0369;17.9848;Hétfő 05:00-20:00|Kedd 05:00-20:00|Szerda 05:00-20:00|Csütörtök 05:00-20:00|Péntek 05:00-20:00|Szombat 06:00-20:00|Vasárnap 06:00-20:00
7940;Hajdú-Bihar;Csonkamindszent;Március 15. tér 1.;Lehőczné Varga Andrea;46.0369;17.9848;Hétfő 05:00-20:00|Kedd 05:00-20:00|Szerda 05:00-20:00|Csütörtök 05:00-20:00|Péntek 05:00-20:00|Szombat 06:00-20:00|Vasárnap 06:00-20:00
7940;Hajdú-Bihar;Csonkamindszent;Pécsi út 17.;Moós és Társa Bt;46.0398;17.9888;Hétfő 05:00-21:00|Kedd 05:00-21:00|Szerda 05:00-21:00|Csütörtök 05:00-21:00|Péntek 05:00-21:00|Szombat 07:00-11:00
8229;Somogy;Csopak;Kossuth Lajos utca 103.;Forrás Trafik Bt.;46.9818;17.9216;Hétfő 07:00-19:00|Kedd 07:00-19:00|Szerda 07:00-19:00|Csütörtök 07:00-19:00|Péntek 07:00-19:00|Szombat 07:00-15:00|Vasárnap 07:00-13:00
8041;Somogy;Csór;Felsőtabán utca 358/3;Klesitz Tibor;47.2054;18.2576;Hétfő 05:00-20:00|Kedd 05:00-20:00|Szerda 05:00-20:00|Csütörtök 05:00-20:00|Péntek 05:00-20:00|Szombat 06:00-14:00|Vasárnap 06:00-14:00
9300;Zala;Csorna;Cserépgyári út 1.;Gudo Trafik Bt.;47.6074;17.2445;Hétfő 06:00-22:00|Kedd 06:00-22:00|Szerda 06:00-22:00|Csütörtök 06:00-22:00|Péntek 06:00-22:00|Szombat 06:00-22:00|Vasárnap 06:00-22:00
9300;Zala;Csorna;Erzsébet királyné utca 104;Rédecsiné Knapp Ildikó;47.6074;17.2445;Hétfő 06:00-22:00|Kedd 06:00-22:00|Szerda 06:00-22:00|Csütörtök 06:00-22:00|Péntek 06:00-22:00|Szombat 06:00-22:00|Vasárnap 06:00-22:00
9300;Zala;Csorna;Mártírok tere 1.;NADO Dohány Bt.;47.6111656;17.2508841;Hétfő 06:00-22:00|Kedd 06:00-22:00|Szerda 06:00-22:00|Csütörtök 06:00-22:00|Péntek 06:00-22:00|Szombat 06:00-22:00|Vasárnap 06:00-22:00
9300;Zala;Csorna;Soproni utca 66/C;Andrea Tabak Bt;47.6074;17.2445;Hétfő 06:00-22:00|Kedd 06:00-22:00|Szerda 06:00-22:00|Csütörtök 06:00-22:00|Péntek 06:00-22:00|Szombat 06:00-22:00|Vasárnap 06:00-22:00
9300;Zala;Csorna;Soproni utca 66/F.;Korsolya Ker. és Szolg. Bt;47.6102;17.2393;Hétfő 05:00-19:00|Kedd 05:00-19:00|Szerda 05:00-19:00|Csütörtök 05:00-19:00|Péntek 05:00-19:00|Szombat 08:00-19:00|Vasárnap 08:00-19:00
9300;Zala;Csorna;Szent István tér 28.;NADO Dohány Bt.;47.6114964;17.2486982;Hétfő 08:00-16:00|Kedd 08:00-16:00|Szerda 08:00-16:00|Csütörtök 08:00-16:00|Péntek 08:00-16:00|Szombat 08:00-12:00
9962;Vas;Csörötnek;Fő út 3.;Horváthné Fébert Zsuzsanna;46.9518;16.3614;Hétfő 07:00-15:00|Kedd 07:00-15:00|Szerda 07:00-15:00|Csütörtök 07:00-15:00|Péntek 07:00-15:00|Szombat 08:00-12:00
5920;Zala;Csorvás;Bajcsy-Zsilinszky utca 59.;Piros Anita;46.6338597;20.8342096;Hétfő 05:00-17:30|Kedd 05:00-17:30|Szerda 05:00-17:30|Csütörtök 05:00-17:30|Péntek 05:00-17:30|Szombat 07:00-15:30|Vasárnap 07:00-11:00
5920;Zala;Csorvás;Rákóczi utca 30;Vargáné Harmati Boglárka Margit;46.6348;20.8338;Hétfő 05:00-17:30|Kedd 05:00-17:30|Szerda 05:00-17:30|Csütörtök 05:00-17:30|Péntek 05:00-17:30|Szombat 07:00-19:30
5920;Zala;Csorvás;Rákóczi utca 6.;Anitabak Bt.;46.6348;20.8338;Hétfő 05:00-17:30|Kedd 05:00-17:30|Szerda 05:00-17:30|Csütörtök 05:00-17:30|Péntek 05:00-17:30|Szombat 07:00-19:30
2854;Komárom-Esztergom;Dad;Kossuth L. utca 11;Kunkli Ferenc;47.5174;18.2305;Hétfő 06:00-18:00|Kedd 06:00-18:00|Szerda 06:00-18:00|Csütörtök 06:00-18:00|Péntek 06:00-18:00|Szombat 06:00-11:00|Vasárnap 07:00-10:00
7211;Tolna;Dalmand;Fő utca 7.;Sajgó Csaba;46.4943;18.1907;Hétfő 06:00-18:00|Kedd 06:00-18:00|Szerda 06:00-18:00|Csütörtök 06:00-18:00|Péntek 06:00-18:00|Szombat 16:00-18:00|Vasárnap 07:00-11:00
2118;Pest;Dány;Damjanich utca 1.;Kovács András;47.523;19.5485;Hétfő 06:00-21:00|Kedd 06:00-21:00|Szerda 06:00-21:00|Csütörtök 06:00-21:00|Péntek 06:00-21:00|Szombat 06:00-21:00|Vasárnap 06:00-21:00
2118;Pest;Dány;Pesti út 13.;Szabó Márta;47.5196;19.545;Hétfő 06:00-20:00|Kedd 06:00-20:00|Szerda 06:00-20:00|Csütörtök 06:00-20:00|Péntek 06:00-20:00|Szombat 07:00-16:00|Vasárnap 07:00-12:00
2118;Pest;Dány;Zöld utca 6.;Shade Tabac Bt;47.523;19.5485;Hétfő 06:00-21:00|Kedd 06:00-21:00|Szerda 06:00-21:00|Csütörtök 06:00-21:00|Péntek 06:00-21:00|Szombat 06:00-21:00|Vasárnap 06:00-21:00
4031;Hajdú-Bihar;Debrecen;15855/158. hrsz.;Zsoró Bt.;47.5233;21.6023;Hétfő 06:00-22:00|Kedd 06:00-22:00|Szerda 06:00-22:00|Csütörtök 06:00-22:00|Péntek 06:00-22:00|Szombat 08:00-18:00|Vasárnap 08:00-18:00
4026;Hajdú-Bihar;Debrecen;20004/C/5. Hrsz.;Császár Trafik Bt.;47.5233;21.6023;Hétfő 06:00-22:00|Kedd 06:00-22:00|Szerda 06:00-22:00|Csütörtök 06:00-22:00|Péntek 06:00-22:00|Szombat 08:00-18:00|Vasárnap 08:00-18:00
4031;Hajdú-Bihar;Debrecen;Angyalföld tér 10.;Láng és Füst Bt;47.5233;21.6023;Hétfő 06:00-22:00|Kedd 06:00-22:00|Szerda 06:00-22:00|Csütörtök 06:00-22:00|Péntek 06:00-22:00|Szombat 08:00-18:00|Vasárnap 08:00-18:00
4031;Hajdú-Bihar;Debrecen;Angyalföld tér 17.;Zsoró Bt.;47.5233;21.6023;Hétfő 06:00-22:00|Kedd 06:00-22:00|Szerda 06:00-22:00|Csütörtök 06:00-22:00|Péntek 06:00-22:00|Szombat 08:00-18:00|Vasárnap 08:00-18:00
4026;Hajdú-Bihar;Debrecen;Bem tér 30.;TMG Tabak Ker. és Szolg. Bt;47.5233;21.6023;Hétfő 06:00-22:00|Kedd 06:00-22:00|Szerda 06:00-22:00|Csütörtök 06:00-22:00|Péntek 06:00-22:00|Szombat 08:00-18:00|Vasárnap 08:00-18:00
4002;Hajdú-Bihar;Debrecen;Biczókert utca 1/B.;BICZÓ TABAK TRADE Bt.;47.5233;21.6023;Hétfő 06:00-22:00|Kedd 06:00-22:00|Szerda 06:00-22:00|Csütörtök 06:00-22:00|Péntek 06:00-22:00|Szombat 08:00-18:00|Vasárnap 08:00-18:00
4032;Hajdú-Bihar;Debrecen;Borbíró tér 6. fszt. 3.;Kentaurus Gold Bt.;47.5233;21.6023;Hétfő 06:00-22:00|Kedd 06:00-22:00|Szerda 06:00-22:00|Csütörtök 06:00-22:00|Péntek 06:00-22:00|Szombat 08:00-18:00|Vasárnap 08:00-18:00
4032;Hajdú-Bihar;Debrecen;Böszörményi út 68.;Bodogán Ferenc;47.5429;21.6089;Hétfő 06:00-19:00|Kedd 06:00-19:00|Szerda 06:00-19:00|Csütörtök 06:00-19:00|Péntek 06:00-19:00|Szombat 06:00-14:00|Vasárnap 06:00-12:00
4032;Hajdú-Bihar;Debrecen;Cívis utca 14-16.;TRADOBIZ Bt.;47.5233;21.6023;Hétfő 06:00-22:00|Kedd 06:00-22:00|Szerda 06:00-22:00|Csütörtök 06:00-22:00|Péntek 06:00-22:00|Szombat 08:00-18:00|Vasárnap 08:00-18:00
4029;Hajdú-Bihar;Debrecen;Csapó utca 106.;Papp György;47.5233;21.6023;Hétfő 06:00-22:00|Kedd 06:00-22:00|Szerda 06:00-22:00|Csütörtök 06:00-22:00|Péntek 06:00-22:00|Szombat 08:00-18:00|Vasárnap 08:00-18:00
4024;Hajdú-Bihar;Debrecen;Csapó utca 15.;Katonáné Pór Margit;47.531255;21.627281;Hétfő 06:00-22:00|Kedd 06:00-22:00|Szerda 06:00-23:59|Csütörtök 06:00-22:00|Péntek 06:00-23:59|Szombat 06:00-23:59|Vasárnap 07:00-22:00
4029;Hajdú-Bihar;Debrecen;Csapó utca 30.;Sásdi-Marczinka Hanna Barbara;47.5233;21.6023;Hétfő 06:00-22:00|Kedd 06:00-22:00|Szerda 06:00-22:00|Csütörtök 06:00-22:00|Péntek 06:00-22:00|Szombat 08:00-18:00|Vasárnap 08:00-18:00
4029;Hajdú-Bihar;Debrecen;Csapó utca 78.;Bodogán Ferenc;47.5233;21.6023;Hétfő 06:00-22:00|Kedd 06:00-22:00|Szerda 06:00-22:00|Csütörtök 06:00-22:00|Péntek 06:00-22:00|Szombat 08:00-18:00|Vasárnap 08:00-18:00
4030;Hajdú-Bihar;Debrecen;Cseresznye utca 19.;TMG Tabak Ker. és Szolg. Bt;47.5233;21.6023;Hétfő 06:00-22:00|Kedd 06:00-22:00|Szerda 06:00-22:00|Csütörtök 06:00-22:00|Péntek 06:00-22:00|Szombat 08:00-18:00|Vasárnap 08:00-18:00
4026;Hajdú-Bihar;Debrecen;Darabos utca 14.;RIA TABAK Bt.;47.5233;21.6023;Hétfő 06:00-22:00|Kedd 06:00-22:00|Szerda 06:00-22:00|Csütörtök 06:00-22:00|Péntek 06:00-22:00|Szombat 08:00-18:00|Vasárnap 08:00-18:00
4000;Hajdú-Bihar;Debrecen;Derék utca 64;Szatmáry-Buka Helga Katalin;47.5233;21.6023;Hétfő 06:00-22:00|Kedd 06:00-22:00|Szerda 06:00-22:00|Csütörtök 06:00-22:00|Péntek 06:00-22:00|Szombat 08:00-18:00|Vasárnap 08:00-18:00
4030;Hajdú-Bihar;Debrecen;Diószegi út 36.;Teletobacco Bt.;47.5233;21.6023;Hétfő 06:00-22:00|Kedd 06:00-22:00|Szerda 06:00-22:00|Csütörtök 06:00-22:00|Péntek 06:00-22:00|Szombat 08:00-18:00|Vasárnap 08:00-18:00
4030;Hajdú-Bihar;Debrecen;Diószegi utca 6.;Enitabak Bt;47.5233;21.6023;Hétfő 06:00-22:00|Kedd 06:00-22:00|Szerda 06:00-22:00|Csütörtök 06:00-22:00|Péntek 06:00-22:00|Szombat 08:00-18:00|Vasárnap 08:00-18:00
4027;Hajdú-Bihar;Debrecen;Domokos Lajos utca 4.;Szöllősy Janka;47.5233;21.6023;Hétfő 06:00-22:00|Kedd 06:00-22:00|Szerda 06:00-22:00|Csütörtök 06:00-22:00|Péntek 06:00-22:00|Szombat 08:00-18:00|Vasárnap 08:00-18:00
4027;Hajdú-Bihar;Debrecen;Dózsa György utca 16.;Jofra Bt.;47.5233;21.6023;Hétfő 06:00-22:00|Kedd 06:00-22:00|Szerda 06:00-22:00|Csütörtök 06:00-22:00|Péntek 06:00-22:00|Szombat 08:00-18:00|Vasárnap 08:00-18:00
4032;Hajdú-Bihar;Debrecen;Egyetem sugárút 54.;Deczki Lajos;47.5233;21.6023;Hétfő 06:00-22:00|Kedd 06:00-22:00|Szerda 06:00-22:00|Csütörtök 06:00-22:00|Péntek 06:00-22:00|Szombat 08:00-18:00|Vasárnap 08:00-18:00
4027;Hajdú-Bihar;Debrecen;Egyetem sugárút 8.;Hajdú Dohánybolt Bt;47.5233;21.6023;Hétfő 06:00-22:00|Kedd 06:00-22:00|Szerda 06:00-22:00|Csütörtök 06:00-22:00|Péntek 06:00-22:00|Szombat 08:00-18:00|Vasárnap 08:00-18:00
4030;Hajdú-Bihar;Debrecen;Epreskert utca 69.;Dr. Katona Nóra;47.5233;21.6023;Hétfő 06:00-22:00|Kedd 06:00-22:00|Szerda 06:00-22:00|Csütörtök 06:00-22:00|Péntek 06:00-22:00|Szombat 08:00-18:00|Vasárnap 08:00-18:00
4029;Hajdú-Bihar;Debrecen;Faraktár utca 58;Zápor Trafik Bt;47.5233;21.6023;Hétfő 06:00-22:00|Kedd 06:00-22:00|Szerda 06:00-22:00|Csütörtök 06:00-22:00|Péntek 06:00-22:00|Szombat 08:00-18:00|Vasárnap 08:00-18:00
4027;Hajdú-Bihar;Debrecen;Füredi út 27.;PADAMA-SMOKE BT;47.5233;21.6023;Hétfő 06:00-22:00|Kedd 06:00-22:00|Szerda 06:00-22:00|Csütörtök 06:00-22:00|Péntek 06:00-22:00|Szombat 08:00-18:00|Vasárnap 08:00-18:00
4032;Hajdú-Bihar;Debrecen;Füredi út 44.;Top-Tabak Bt;47.5413;21.6148;Hétfő 06:00-20:00|Kedd 06:00-20:00|Szerda 06:00-20:00|Csütörtök 06:00-20:00|Péntek 06:00-20:00|Szombat 08:00-20:00|Vasárnap 08:00-20:00
4027;Hajdú-Bihar;Debrecen;Füredi utca 75.;Piramis Ital Ker. és Szolg. Bt.;47.5233;21.6023;Hétfő 06:00-22:00|Kedd 06:00-22:00|Szerda 06:00-22:00|Csütörtök 06:00-22:00|Péntek 06:00-22:00|Szombat 08:00-18:00|Vasárnap 08:00-18:00
4032;Hajdú-Bihar;Debrecen;Görgey utca 13.;Doberdó Trafik Bt.;47.5233;21.6023;Hétfő 06:00-22:00|Kedd 06:00-22:00|Szerda 06:00-22:00|Csütörtök 06:00-22:00|Péntek 06:00-22:00|Szombat 08:00-18:00|Vasárnap 08:00-18:00
4031;Hajdú-Bihar;Debrecen;Határ út 96.;Mandala Trafik Bt.;47.5233;21.6023;Hétfő 06:00-22:00|Kedd 06:00-22:00|Szerda 06:00-22:00|Csütörtök 06:00-22:00|Péntek 06:00-22:00|Szombat 08:00-18:00|Vasárnap 08:00-18:00
4025;Hajdú-Bihar;Debrecen;Hatvan utca 8-10.;HATVAN-TABAK Bt.;47.5233;21.6023;Hétfő 06:00-22:00|Kedd 06:00-22:00|Szerda 06:00-22:00|Csütörtök 06:00-22:00|Péntek 06:00-22:00|Szombat 08:00-18:00|Vasárnap 08:00-18:00
4026;Hajdú-Bihar;Debrecen;Honvéd utca 37/b.;Mb Quality Bt;47.5233;21.6023;Hétfő 06:00-22:00|Kedd 06:00-22:00|Szerda 06:00-22:00|Csütörtök 06:00-22:00|Péntek 06:00-22:00|Szombat 08:00-18:00|Vasárnap 08:00-18:00
4026;Hajdú-Bihar;Debrecen;Hunyadi utca 2.;Hajdú Dohánybolt Bt;47.5233;21.6023;Hétfő 06:00-22:00|Kedd 06:00-22:00|Szerda 06:00-22:00|Csütörtök 06:00-22:00|Péntek 06:00-22:00|Szombat 08:00-18:00|Vasárnap 08:00-18:00
4031;Hajdú-Bihar;Debrecen;István út 137.;Császár Trafik Bt;47.5233;21.6023;Hétfő 06:00-22:00|Kedd 06:00-22:00|Szerda 06:00-22:00|Csütörtök 06:00-22:00|Péntek 06:00-22:00|Szombat 08:00-18:00|Vasárnap 08:00-18:00
4031;Hajdú-Bihar;Debrecen;Jerikó utca 16-18.;Jofra Bt.;47.5233;21.6023;Hétfő 06:00-22:00|Kedd 06:00-22:00|Szerda 06:00-22:00|Csütörtök 06:00-22:00|Péntek 06:00-22:00|Szombat 08:00-18:00|Vasárnap 08:00-18:00
4024;Hajdú-Bihar;Debrecen;Kandia utca 1.;RIA TABAK Bt.;47.5233;21.6023;Hétfő 06:00-22:00|Kedd 06:00-22:00|Szerda 06:00-22:00|Csütörtök 06:00-22:00|Péntek 06:00-22:00|Szombat 08:00-18:00|Vasárnap 08:00-18:00
4028;Hajdú-Bihar;Debrecen;Kassai út 1.;Argosz Trade Bt.;47.5233;21.6023;Hétfő 06:00-22:00|Kedd 06:00-22:00|Szerda 06:00-22:00|Csütörtök 06:00-22:00|Péntek 06:00-22:00|Szombat 08:00-18:00|Vasárnap 08:00-18:00
4028;Hajdú-Bihar;Debrecen;Kassai utca 92.;TMG Tabak Ker. és Szolg. Bt;47.5233;21.6023;Hétfő 06:00-22:00|Kedd 06:00-22:00|Szerda 06:00-22:00|Csütörtök 06:00-22:00|Péntek 06:00-22:00|Szombat 08:00-18:00|Vasárnap 08:00-18:00
4034;Hajdú-Bihar;Debrecen;Keresztesi út 102.;Smoky Center Bt;47.5233;21.6023;Hétfő 06:00-22:00|Kedd 06:00-22:00|Szerda 06:00-22:00|Csütörtök 06:00-22:00|Péntek 06:00-22:00|Szombat 08:00-18:00|Vasárnap 08:00-18:00
4031;Hajdú-Bihar;Debrecen;Kishatár utca 9.;Bednár Noémi;47.5233;21.6023;Hétfő 06:00-22:00|Kedd 06:00-22:00|Szerda 06:00-22:00|Csütörtök 06:00-22:00|Péntek 06:00-22:00|Szombat 08:00-18:00|Vasárnap 08:00-18:00
4031;Hajdú-Bihar;Debrecen;Kishegyesi út 142.;Lisztes Tiborné;47.5233;21.6023;Hétfő 06:00-22:00|Kedd 06:00-22:00|Szerda 06:00-22:00|Csütörtök 06:00-22:00|Péntek 06:00-22:00|Szombat 08:00-18:00|Vasárnap 08:00-18:00
4031;Hajdú-Bihar;Debrecen;Kishegyesi út 38.;Bán Orsolya Judit;47.5233;21.6023;Hétfő 06:00-22:00|Kedd 06:00-22:00|Szerda 06:00-22:00|Csütörtök 06:00-22:00|Péntek 06:00-22:00|Szombat 08:00-18:00|Vasárnap 08:00-18:00
4031;Hajdú-Bihar;Debrecen;Kishegyesi út 75.;Boros György;47.5233;21.6023;Hétfő 06:00-22:00|Kedd 06:00-22:00|Szerda 06:00-22:00|Csütörtök 06:00-22:00|Péntek 06:00-22:00|Szombat 08:00-18:00|Vasárnap 08:00-18:00
4025;Hajdú-Bihar;Debrecen;Kossuth utca 3/A.;Cigi-Zen Bt.;47.5233;21.6023;Hétfő 06:00-22:00|Kedd 06:00-22:00|Szerda 06:00-22:00|Csütörtök 06:00-22:00|Péntek 06:00-22:00|Szombat 08:00-18:00|Vasárnap 08:00-18:00
4031;Hajdú-Bihar;Debrecen;Külső Szoboszlói út 1.;Vígh-Szöllősy Zsanett EV.;47.5233;21.6023;Hétfő 06:00-22:00|Kedd 06:00-22:00|Szerda 06:00-22:00|Csütörtök 06:00-22:00|Péntek 06:00-22:00|Szombat 08:00-18:00|Vasárnap 08:00-18:00
4025;Hajdú-Bihar;Debrecen;Külsővásártér utca 1.;Gavitrad Bt;47.5233;21.6023;Hétfő 06:00-22:00|Kedd 06:00-22:00|Szerda 06:00-22:00|Csütörtök 06:00-22:00|Péntek 06:00-22:00|Szombat 08:00-18:00|Vasárnap 08:00-18:00
4028;Hajdú-Bihar;Debrecen;Laktanya utca 50.;Pancafé Bt;47.5233;21.6023;Hétfő 06:00-22:00|Kedd 06:00-22:00|Szerda 06:00-22:00|Csütörtök 06:00-22:00|Péntek 06:00-22:00|Szombat 08:00-18:00|Vasárnap 08:00-18:00
4030;Hajdú-Bihar;Debrecen;Mikepércsi út 168.;Trafiksziget Bt.;47.5233;21.6023;Hétfő 06:00-22:00|Kedd 06:00-22:00|Szerda 06:00-22:00|Csütörtök 06:00-22:00|Péntek 06:00-22:00|Szombat 08:00-18:00|Vasárnap 08:00-18:00
4030;Hajdú-Bihar;Debrecen;Monostorpályi utca 132.;Teletobacco Bt.;47.5233;21.6023;Hétfő 06:00-22:00|Kedd 06:00-22:00|Szerda 06:00-22:00|Csütörtök 06:00-22:00|Péntek 06:00-22:00|Szombat 08:00-18:00|Vasárnap 08:00-18:00
4030;Hajdú-Bihar;Debrecen;Monostorpályi utca 25.;Silver Tabak Bt.;47.5233;21.6023;Hétfő 06:00-22:00|Kedd 06:00-22:00|Szerda 06:00-22:00|Csütörtök 06:00-22:00|Péntek 06:00-22:00|Szombat 08:00-18:00|Vasárnap 08:00-18:00
4034;Hajdú-Bihar;Debrecen;Nagybánya utca 4.;Ritmár Duo Bt;47.5233;21.6023;Hétfő 06:00-22:00|Kedd 06:00-22:00|Szerda 06:00-22:00|Csütörtök 06:00-22:00|Péntek 06:00-22:00|Szombat 08:00-18:00|Vasárnap 08:00-18:00
4032;Hajdú-Bihar;Debrecen;Nagyerdei körút 22322 hrsz.;Zápor Trafik Bt;47.5233;21.6023;Hétfő 06:00-22:00|Kedd 06:00-22:00|Szerda 06:00-22:00|Csütörtök 06:00-22:00|Péntek 06:00-22:00|Szombat 08:00-18:00|Vasárnap 08:00-18:00
4225;Hajdú-Bihar;Debrecen;Nagyszentgyörgy utca 78.;Zsupos Attila;47.5233;21.6023;Hétfő 06:00-22:00|Kedd 06:00-22:00|Szerda 06:00-22:00|Csütörtök 06:00-22:00|Péntek 06:00-22:00|Szombat 08:00-18:00|Vasárnap 08:00-18:00
4028;Hajdú-Bihar;Debrecen;Ótemető utca 29/A. földszint 4.;Sági Pipa Bt;47.5233;21.6023;Hétfő 06:00-22:00|Kedd 06:00-22:00|Szerda 06:00-22:00|Csütörtök 06:00-22:00|Péntek 06:00-22:00|Szombat 08:00-18:00|Vasárnap 08:00-18:00
4032;Hajdú-Bihar;Debrecen;Ötvenhatosok tere 6. ajtó: 2.;Metercsik Helga;47.5233;21.6023;Hétfő 06:00-22:00|Kedd 06:00-22:00|Szerda 06:00-22:00|Csütörtök 06:00-22:00|Péntek 06:00-22:00|Szombat 08:00-18:00|Vasárnap 08:00-18:00
4026;Hajdú-Bihar;Debrecen;Péterfia utca 29. 3. ajtó;Verdó Brigitta;47.5233;21.6023;Hétfő 06:00-22:00|Kedd 06:00-22:00|Szerda 06:00-22:00|Csütörtök 06:00-22:00|Péntek 06:00-22:00|Szombat 08:00-18:00|Vasárnap 08:00-18:00
4000;Hajdú-Bihar;Debrecen;Petőfi tér 10.;Farkasné Galla Anikó;47.5233;21.6023;Hétfő 06:00-22:00|Kedd 06:00-22:00|Szerda 06:00-22:00|Csütörtök 06:00-22:00|Péntek 06:00-22:00|Szombat 08:00-18:00|Vasárnap 08:00-18:00
4024;Hajdú-Bihar;Debrecen;Petőfi tér 17-18.;Anna Tabak Bt;47.5233;21.6023;Hétfő 06:00-22:00|Kedd 06:00-22:00|Szerda 06:00-22:00|Csütörtök 06:00-22:00|Péntek 06:00-22:00|Szombat 08:00-18:00|Vasárnap 08:00-18:00
4025;Hajdú-Bihar;Debrecen;Piac utca 11-15.;Trenyisán Emil;47.5233;21.6023;Hétfő 06:00-22:00|Kedd 06:00-22:00|Szerda 06:00-22:00|Csütörtök 06:00-22:00|Péntek 06:00-22:00|Szombat 08:00-18:00|Vasárnap 08:00-18:00
4025;Hajdú-Bihar;Debrecen;Piac utca 77;Verdó Brigitta;47.5233;21.6023;Hétfő 06:00-22:00|Kedd 06:00-22:00|Szerda 06:00-22:00|Csütörtök 06:00-22:00|Péntek 06:00-22:00|Szombat 08:00-18:00|Vasárnap 08:00-18:00
4033;Hajdú-Bihar;Debrecen;Sámsoni út 48.;Bodogán Ferenc;47.5233;21.6023;Hétfő 06:00-22:00|Kedd 06:00-22:00|Szerda 06:00-22:00|Csütörtök 06:00-22:00|Péntek 06:00-22:00|Szombat 08:00-18:00|Vasárnap 08:00-18:00
4033;Hajdú-Bihar;Debrecen;Sámsoni út 57.;Zsupos Attila;47.5233;21.6023;Hétfő 06:00-22:00|Kedd 06:00-22:00|Szerda 06:00-22:00|Csütörtök 06:00-22:00|Péntek 06:00-22:00|Szombat 08:00-18:00|Vasárnap 08:00-18:00
4033;Hajdú-Bihar;Debrecen;Sámsoni út 70.;Merkaba Tabak Bt.;47.5233;21.6023;Hétfő 06:00-22:00|Kedd 06:00-22:00|Szerda 06:00-22:00|Csütörtök 06:00-22:00|Péntek 06:00-22:00|Szombat 08:00-18:00|Vasárnap 08:00-18:00
4030;Hajdú-Bihar;Debrecen;Sámsoni út 99-103.;Vígh-Szöllősy Zsanett EV.;47.5233;21.6023;Hétfő 06:00-22:00|Kedd 06:00-22:00|Szerda 06:00-22:00|Csütörtök 06:00-22:00|Péntek 06:00-22:00|Szombat 08:00-18:00|Vasárnap 08:00-18:00
4031;Hajdú-Bihar;Debrecen;Segner tér 7/b;Fortuna Dohánybolt Bt;47.5233;21.6023;Hétfő 06:00-22:00|Kedd 06:00-22:00|Szerda 06:00-22:00|Csütörtök 06:00-22:00|Péntek 06:00-22:00|Szombat 08:00-18:00|Vasárnap 08:00-18:00
4030;Hajdú-Bihar;Debrecen;Somlyai utca 3.;Simon Imréné;47.5233;21.6023;Hétfő 06:00-22:00|Kedd 06:00-22:00|Szerda 06:00-22:00|Csütörtök 06:00-22:00|Péntek 06:00-22:00|Szombat 08:00-18:00|Vasárnap 08:00-18:00
4030;Hajdú-Bihar;Debrecen;Szabó Kálmán utca 21.;Szombathy Gabriella;47.5233;21.6023;Hétfő 06:00-22:00|Kedd 06:00-22:00|Szerda 06:00-22:00|Csütörtök 06:00-22:00|Péntek 06:00-22:00|Szombat 08:00-18:00|Vasárnap 08:00-18:00
4027;Hajdú-Bihar;Debrecen;Szabó Lőrinc utca 39/A.;Deczki Lajos;47.5233;21.6023;Hétfő 06:00-22:00|Kedd 06:00-22:00|Szerda 06:00-22:00|Csütörtök 06:00-22:00|Péntek 06:00-22:00|Szombat 08:00-18:00|Vasárnap 08:00-18:00
4025;Hajdú-Bihar;Debrecen;Széchenyi utca 57/B.;Mandala Trafik Bt.;47.5233;21.6023;Hétfő 06:00-22:00|Kedd 06:00-22:00|Szerda 06:00-22:00|Csütörtök 06:00-22:00|Péntek 06:00-22:00|Szombat 08:00-18:00|Vasárnap 08:00-18:00
4000;Hajdú-Bihar;Debrecen;Szentgyörgyfalvi utca 26420/120;Rio Tobacco Bt;47.5233;21.6023;Hétfő 06:00-22:00|Kedd 06:00-22:00|Szerda 06:00-22:00|Csütörtök 06:00-22:00|Péntek 06:00-22:00|Szombat 08:00-18:00|Vasárnap 08:00-18:00
4225;Hajdú-Bihar;Debrecen;Szentgyörgyfalvi utca 9.;DRL Bt.;47.5233;21.6023;Hétfő 06:00-22:00|Kedd 06:00-22:00|Szerda 06:00-22:00|Csütörtök 06:00-22:00|Péntek 06:00-22:00|Szombat 08:00-18:00|Vasárnap 08:00-18:00
4031;Hajdú-Bihar;Debrecen;Tócóskert tér 4.;Szabó Lajos;47.5233;21.6023;Hétfő 06:00-22:00|Kedd 06:00-22:00|Szerda 06:00-22:00|Csütörtök 06:00-22:00|Péntek 06:00-22:00|Szombat 08:00-18:00|Vasárnap 08:00-18:00
4031;Hajdú-Bihar;Debrecen;Tócóvölgyi garázs sor 16477/14 hrsz.;Fábián Gábor;47.5233;21.6023;Hétfő 06:00-22:00|Kedd 06:00-22:00|Szerda 06:00-22:00|Csütörtök 06:00-22:00|Péntek 06:00-22:00|Szombat 08:00-18:00|Vasárnap 08:00-18:00
4031;Hajdú-Bihar;Debrecen;Torockó utca 18.;Sagittarius Zenit Bt.;47.5233;21.6023;Hétfő 06:00-22:00|Kedd 06:00-22:00|Szerda 06:00-22:00|Csütörtök 06:00-22:00|Péntek 06:00-22:00|Szombat 08:00-18:00|Vasárnap 08:00-18:00
4034;Hajdú-Bihar;Debrecen;Vámospércsi út 77.;Tóth Csaba;47.5233;21.6023;Hétfő 06:00-22:00|Kedd 06:00-22:00|Szerda 06:00-22:00|Csütörtök 06:00-22:00|Péntek 06:00-22:00|Szombat 08:00-18:00|Vasárnap 08:00-18:00
4034;Hajdú-Bihar;Debrecen;Vámospércsi út 9.;Fácska Krisztián;47.5233;21.6023;Hétfő 06:00-22:00|Kedd 06:00-22:00|Szerda 06:00-22:00|Csütörtök 06:00-22:00|Péntek 06:00-22:00|Szombat 08:00-18:00|Vasárnap 08:00-18:00
4024;Hajdú-Bihar;Debrecen;Vár utca 8.;Máté Erzsébet;47.5233;21.6023;Hétfő 06:00-22:00|Kedd 06:00-22:00|Szerda 06:00-22:00|Csütörtök 06:00-22:00|Péntek 06:00-22:00|Szombat 08:00-18:00|Vasárnap 08:00-18:00
4033;Hajdú-Bihar;Debrecen;Veres Péter utca 108.;Trenyisán Emil;47.5233;21.6023;Hétfő 06:00-22:00|Kedd 06:00-22:00|Szerda 06:00-22:00|Csütörtök 06:00-22:00|Péntek 06:00-22:00|Szombat 08:00-18:00|Vasárnap 08:00-18:00
4000;Hajdú-Bihar;Debrecen;Veres Péter utca 119.;Trafiksziget Bt;47.5233;21.6023;Hétfő 06:00-22:00|Kedd 06:00-22:00|Szerda 06:00-22:00|Csütörtök 06:00-22:00|Péntek 06:00-22:00|Szombat 08:00-18:00|Vasárnap 08:00-18:00
4033;Hajdú-Bihar;Debrecen;Veres Péter utca 57.;Trafiksziget Bt;47.5233;21.6023;Hétfő 06:00-22:00|Kedd 06:00-22:00|Szerda 06:00-22:00|Csütörtök 06:00-22:00|Péntek 06:00-22:00|Szombat 08:00-18:00|Vasárnap 08:00-18:00
4029;Hajdú-Bihar;Debrecen;Víztorony utca 6.;Sagittarius Zenit Bt.;47.5233;21.6023;Hétfő 06:00-22:00|Kedd 06:00-22:00|Szerda 06:00-22:00|Csütörtök 06:00-22:00|Péntek 06:00-22:00|Szombat 08:00-18:00|Vasárnap 08:00-18:00
4029;Hajdú-Bihar;Debrecen;Víztorony utca 9-11.;PADAMA-SMOKE BT;47.5233;21.6023;Hétfő 06:00-22:00|Kedd 06:00-22:00|Szerda 06:00-22:00|Csütörtök 06:00-22:00|Péntek 06:00-22:00|Szombat 08:00-18:00|Vasárnap 08:00-18:00
7144;Tolna;Decs;Ady Endre 2.;Dr. Fajszi Lajos;46.2871;18.7564;Hétfő 06:00-18:00|Kedd 06:00-18:00|Szerda 06:00-18:00|Csütörtök 06:00-18:00|Péntek 06:00-18:00|Szombat 06:00-18:00|Vasárnap 06:00-12:00
7144;Tolna;Decs;Bélyei Tamás utca 1.;Tantos Csaba;46.2871;18.7564;Hétfő 06:00-18:00|Kedd 06:00-18:00|Szerda 06:00-18:00|Csütörtök 06:00-18:00|Péntek 06:00-18:00|Szombat 06:00-18:00|Vasárnap 06:00-12:00
3643;Borsod-Abaúj-Zemplén;Dédestapolcsány;Alkotmány utca 2.;Győrfiné Kriston Zsuzsanna;48.1861;20.4804;Hétfő 06:30-21:00|Kedd 06:30-21:00|Szerda 06:30-21:00|Csütörtök 06:30-21:00|Péntek 06:30-21:00|Szombat 07:00-21:00|Vasárnap 07:00-12:00
4130;Hajdú-Bihar;Derecske;Köztársaság utca 127.;Orbán Szabolcs;47.3491;21.5667;Hétfő 06:00-18:00|Kedd 06:00-18:00|Szerda 06:00-18:00|Csütörtök 06:00-18:00|Péntek 06:00-18:00|Szombat 06:00-14:00
4130;Hajdú-Bihar;Derecske;Köztársaság utca 85.;VM Trafik Bt;47.3527;21.5705;Hétfő 06:00-20:00|Kedd 06:00-20:00|Szerda 06:00-20:00|Csütörtök 06:00-20:00|Péntek 06:00-20:00|Szombat 06:00-12:00|Vasárnap 08:00-11:00
4130;Hajdú-Bihar;Derecske;Piac utca 11.;Tőzsérné Fórián Éva;47.3486243;21.567742;Hétfő 05:00-21:00|Kedd 05:00-21:00|Szerda 05:00-21:00|Csütörtök 05:00-21:00|Péntek 05:00-21:00|Szombat 05:00-21:00|Vasárnap 05:00-21:00
8460;Veszprém;Devecser;Csokonai utca 45/B.;Mátics Martin Attila;47.097;17.4412;Hétfő 06:00-19:00|Kedd 06:00-19:00|Szerda 06:00-19:00|Csütörtök 06:00-19:00|Péntek 06:00-19:00|Szombat 06:00-19:00|Vasárnap 06:00-19:00
8460;Veszprém;Devecser;Deák tér 4.;Kovács Balázs;47.1036778;17.4357585;Hétfő 05:30-18:30|Kedd 05:30-18:30|Szerda 05:30-18:30|Csütörtök 05:30-18:30|Péntek 05:30-18:30|Szombat 05:30-18:00|Vasárnap 07:00-18:00
8460;Veszprém;Devecser;Deák tér 7.;Áment Boglárka Erzsébet;47.097;17.4412;Hétfő 06:00-19:00|Kedd 06:00-19:00|Szerda 06:00-19:00|Csütörtök 06:00-19:00|Péntek 06:00-19:00|Szombat 06:00-19:00|Vasárnap 06:00-19:00
2049;Pest;Diósd;Bartók Béla út 4/C;Astrotabak Dohánykereskedelmi Bt;47.4083;18.9511;Hétfő 06:30-20:00|Kedd 06:30-20:00|Szerda 06:30-20:00|Csütörtök 06:30-20:00|Péntek 06:30-20:00|Szombat 08:00-20:00|Vasárnap 08:00-20:00
2049;Pest;Diósd;Gyár utca 43.;Szerencsesarok Bt;47.4034585;18.9419612;Hétfő 06:30-21:00|Kedd 06:30-21:00|Szerda 06:30-21:00|Csütörtök 06:30-21:00|Péntek 06:30-21:00|Szombat 06:30-21:00
2049;Pest;Diósd;Sashegyi utca 10.;Topezocorp Bt;47.4075;18.9508;Hétfő 06:30-20:00|Kedd 06:30-20:00|Szerda 06:30-20:00|Csütörtök 06:30-20:00|Péntek 06:30-20:00|Szombat 06:30-17:00|Vasárnap 08:00-13:00
2643;Nógrád;Diósjenő;Dózsa György utca 28/B.;Tóthné Kovács Kinga;47.9434;19.0418;Hétfő 06:00-18:00|Kedd 06:00-18:00|Szerda 06:00-18:00|Csütörtök 06:00-18:00|Péntek 06:00-18:00|Szombat 07:00-19:00|Vasárnap 07:00-19:00
2643;Nógrád;Diósjenő;Szabadság utca 51.;Első TabaCoop Bt;47.9434;19.0418;Hétfő 06:00-18:00|Kedd 06:00-18:00|Szerda 06:00-18:00|Csütörtök 06:00-18:00|Péntek 06:00-18:00|Szombat 07:00-19:00|Vasárnap 07:00-19:00
5624;Zala;Doboz;Faluhelyi utca 1.;Erdei Tabak Bt.;46.7298669;21.2406965;Hétfő 05:00-21:00|Kedd 05:00-21:00|Szerda 05:00-21:00|Csütörtök 05:00-21:00|Péntek 05:00-21:00|Szombat 05:00-21:00|Vasárnap 05:00-21:00
5624;Zala;Doboz;Kossuth tér 8.;Szivardoboz Bt.;46.7359;21.2443;Hétfő 07:00-19:00|Kedd 07:00-19:00|Szerda 07:00-19:00|Csütörtök 07:00-19:00|Péntek 07:00-19:00|Szombat 07:00-15:00
5624;Zala;Doboz;Nagyváradi utca 8.;Dobozi Tabak Bt.;46.7359;21.2443;Hétfő 07:00-19:00|Kedd 07:00-19:00|Szerda 07:00-19:00|Csütörtök 07:00-19:00|Péntek 07:00-19:00|Szombat 07:00-15:00
7228;Borsod-Abaúj-Zemplén;Döbrököz;Széchenyi utca 1/A;Herke Istvánné;46.4203;18.2552;Hétfő 06:00-18:00|Kedd 06:00-18:00|Szerda 06:00-18:00|Csütörtök 06:00-18:00|Péntek 06:00-18:00|Szombat 06:00-14:00|Vasárnap 10:00-12:00
7228;Borsod-Abaúj-Zemplén;Döbrököz;Újtelep utca 99/1;Régensburger Martin;46.4203;18.2552;Hétfő 06:00-18:00|Kedd 06:00-18:00|Szerda 06:00-18:00|Csütörtök 06:00-18:00|Péntek 06:00-18:00|Szombat 06:00-14:00|Vasárnap 10:00-12:00
6781;Pest;Domaszék;Petőfi utca 6/A.;Domatrafik bt;46.2431;19.9917;Hétfő 06:00-18:00|Kedd 06:00-18:00|Szerda 06:00-18:00|Csütörtök 06:00-18:00|Péntek 06:00-18:00|Szombat 07:00-15:00|Vasárnap 07:00-12:00
6781;Pest;Domaszék;Tanya 701.;Makó Rozália;46.2431;19.9917;Hétfő 06:00-18:00|Kedd 06:00-18:00|Szerda 06:00-18:00|Csütörtök 06:00-18:00|Péntek 06:00-18:00|Szombat 07:00-15:00|Vasárnap 07:00-12:00
7200;Komárom-Esztergom;Dombóvár;Ady Endre utca 15.;KK Trafik Bt.;46.37799755;18.128740680081695;Hétfő 06:00-20:00|Kedd 06:00-20:00|Szerda 06:00-20:00|Csütörtök 06:00-20:00|Péntek 06:00-20:00|Szombat 06:00-22:00|Vasárnap 07:00-19:00
7200;Komárom-Esztergom;Dombóvár;Bajcsy-Zsilinszky utca 31.;Nikotikum Bt.;46.3731;18.1414;Hétfő 05:30-20:00|Kedd 05:30-20:00|Szerda 05:30-20:00|Csütörtök 05:30-20:00|Péntek 05:30-20:00|Szombat 05:30-14:00|Vasárnap 06:00-12:00
7200;Komárom-Esztergom;Dombóvár;Horvay János utca 15.;Koszti-Tabak Bt;46.3731;18.1414;Hétfő 05:30-20:00|Kedd 05:30-20:00|Szerda 05:30-20:00|Csütörtök 05:30-20:00|Péntek 05:30-20:00|Szombat 05:30-14:00|Vasárnap 06:00-12:00
7200;Komárom-Esztergom;Dombóvár;Hunyadi tér 2.;Stoner Tabak Bt;46.3731;18.1414;Hétfő 05:30-20:00|Kedd 05:30-20:00|Szerda 05:30-20:00|Csütörtök 05:30-20:00|Péntek 05:30-20:00|Szombat 05:30-14:00|Vasárnap 06:00-12:00
7200;Komárom-Esztergom;Dombóvár;Hunyadi tér 42.;Dombó-Trafik BT.;46.3731;18.1414;Hétfő 05:30-20:00|Kedd 05:30-20:00|Szerda 05:30-20:00|Csütörtök 05:30-20:00|Péntek 05:30-20:00|Szombat 05:30-14:00|Vasárnap 06:00-12:00
7200;Komárom-Esztergom;Dombóvár;Kórház utca 120.;Dombó-Trafik BT.;46.3731;18.1414;Hétfő 05:30-20:00|Kedd 05:30-20:00|Szerda 05:30-20:00|Csütörtök 05:30-20:00|Péntek 05:30-20:00|Szombat 05:30-14:00|Vasárnap 06:00-12:00
7200;Komárom-Esztergom;Dombóvár;Köztársaság utca 38.;Nikotikum Bt.;46.3731;18.1414;Hétfő 05:30-20:00|Kedd 05:30-20:00|Szerda 05:30-20:00|Csütörtök 05:30-20:00|Péntek 05:30-20:00|Szombat 05:30-14:00|Vasárnap 06:00-12:00
7200;Komárom-Esztergom;Dombóvár;Pannónia utca 37.;Cziffra Attila;46.3731;18.1414;Hétfő 05:30-20:00|Kedd 05:30-20:00|Szerda 05:30-20:00|Csütörtök 05:30-20:00|Péntek 05:30-20:00|Szombat 05:30-14:00|Vasárnap 06:00-12:00
2027;Vas;Dömös;Kossuth utca 16/A;Horváth Krisztina;47.7636;18.9124;Hétfő 06:00-18:00|Kedd 06:00-18:00|Szerda 06:00-18:00|Csütörtök 06:00-18:00|Péntek 06:00-18:00|Szombat 06:00-14:00
3263;Zala;Domoszló;Deák tér 329 hrsz;Bélkő Tabak Bt.;47.826;20.1147;Hétfő 05:00-20:00|Kedd 05:00-20:00|Szerda 05:00-20:00|Csütörtök 05:00-20:00|Péntek 05:00-20:00|Szombat 06:00-14:00
2344;Tolna;Dömsöd;Kossuth Lajos utca 118.;P+P KER Bt.;47.0885;19.0045;Hétfő 05:00-19:00|Kedd 05:00-19:00|Szerda 05:00-19:00|Csütörtök 05:00-19:00|Péntek 05:00-19:00|Szombat 06:00-19:00
2344;Tolna;Dömsöd;Kossuth Lajos utca 88.;P+P KER Bt.;47.0885;19.0045;Hétfő 05:00-19:00|Kedd 05:00-19:00|Szerda 05:00-19:00|Csütörtök 05:00-19:00|Péntek 05:00-19:00|Szombat 06:00-19:00
2344;Tolna;Dömsöd;Kossuth utca 64.;Fábiánné Cser Ilona;47.0955;19.009;Hétfő 05:30-20:00|Kedd 05:30-20:00|Szerda 05:30-20:00|Csütörtök 05:30-20:00|Péntek 05:30-20:00|Szombat 05:30-20:00|Vasárnap 05:30-20:00
2510;Pest;Dorog;Bányász körönd 1864/1.;Szilágyi Szabina;47.7155;18.7351;Hétfő 05:00-20:00|Kedd 05:00-20:00|Szerda 05:00-20:00|Csütörtök 05:00-20:00|Péntek 05:00-20:00|Szombat 07:00-15:00|Vasárnap 08:00-12:00
2510;Pest;Dorog;Bécsi út 1643/1 hrsz;Karcagi Pál;47.7155;18.7351;Hétfő 05:00-20:00|Kedd 05:00-20:00|Szerda 05:00-20:00|Csütörtök 05:00-20:00|Péntek 05:00-20:00|Szombat 07:00-15:00|Vasárnap 08:00-12:00
2510;Pest;Dorog;Esztergomi út 1.;Szilágyi Szabina;47.7203747;18.7288765;Hétfő 05:00-19:00|Kedd 05:00-19:00|Szerda 05:00-19:00|Csütörtök 05:00-19:00|Péntek 05:00-19:00|Szombat 07:00-12:00
2510;Pest;Dorog;Köztársaság 24.;Merényi Lipótné;47.7155;18.7351;Hétfő 05:00-20:00|Kedd 05:00-20:00|Szerda 05:00-20:00|Csütörtök 05:00-20:00|Péntek 05:00-20:00|Szombat 07:00-15:00|Vasárnap 08:00-12:00
2510;Pest;Dorog;Mária utca 19.;Hosszú Szivar Ker. Bt;47.7181;18.7352;Hétfő 06:00-18:00|Kedd 06:00-18:00|Szerda 06:00-18:00|Csütörtök 06:00-18:00|Péntek 06:00-18:00|Szombat 06:00-14:00
2510;Pest;Dorog;Széchenyi lakótelep 4.;Fedoma Bt.;47.7333835;18.7305896;Hétfő 05:00-20:00|Kedd 05:00-20:00|Szerda 05:00-20:00|Csütörtök 05:00-20:00|Péntek 05:00-20:00|Szombat 06:00-18:00|Vasárnap 08:00-12:00
3721;Zala;Dövény;Dózsa György út 14.;Zuti György;48.3281;20.6005;Hétfő 06:00-18:00|Kedd 06:00-18:00|Szerda 06:00-18:00|Csütörtök 06:00-18:00|Péntek 06:00-18:00|Szombat 06:00-13:00|Vasárnap 07:00-12:00
9791;Borsod-Abaúj-Zemplén;Dozmat;Felsőőri utca 41;Kovács Zita;47.2405;16.5377;Hétfő 06:00-20:00|Kedd 06:00-20:00|Szerda 06:00-20:00|Csütörtök 06:00-20:00|Péntek 06:00-20:00|Szombat 06:00-20:00|Vasárnap 06:00-20:00
7960;Baranya;Drávaiványi;Mátyás király utca 54.;KRISZKER 2013 Bt.;45.8726;17.8501;Hétfő 06:00-18:00|Kedd 06:00-18:00|Szerda 06:00-18:00|Csütörtök 06:00-18:00|Péntek 06:00-18:00|Szombat 06:00-18:00|Vasárnap 06:00-18:00
2646;Nógrád;Drégelypalánk;Fő utca 79.;Első TabaCoop Bt;48.052;19.0476;Hétfő 07:00-17:00|Kedd 07:00-17:00|Szerda 07:00-17:00|Csütörtök 07:00-17:00|Péntek 07:00-17:00|Szombat 07:00-12:00
2545;Komárom-Esztergom;Dunaalmás;Almási utca 15.;Szijártó Melinda;47.7334;18.3379;Hétfő 07:00-19:00|Kedd 07:00-19:00|Szerda 07:00-19:00|Csütörtök 07:00-19:00|Péntek 07:00-19:00|Szombat 06:00-12:00|Vasárnap 13:00-18:00
2023;Pest;Dunabogdány;Kossuth Lajos utca 61.;Vazul-Tabac 2013 Bt.;47.7944;19.0352;Hétfő 06:00-18:00|Kedd 06:00-18:00|Szerda 06:00-18:00|Csütörtök 06:00-18:00|Péntek 06:00-18:00|Szombat 06:00-14:00
2330;Pest;Dunaharaszti;51.számú főút 8202/6.;Witzing M.N.R. Bt;47.358934;19.086186;Hétfő 00:00-23:59|Kedd 00:00-23:59|Szerda 00:00-23:59|Csütörtök 00:00-23:59|Péntek 00:00-23:59|Szombat 00:00-23:59|Vasárnap 00:00-23:59
2330;Pest;Dunaharaszti;Baktay tér 5.;Goslar Bt;47.3492;19.0898;Hétfő 07:00-19:00|Kedd 07:00-19:00|Szerda 07:00-19:00|Csütörtök 07:00-19:00|Péntek 07:00-19:00|Szombat 07:00-15:00
2330;Pest;Dunaharaszti;Dózsa György út 3.;Höchst Zsolt;47.358934;19.086186;Hétfő 00:00-23:59|Kedd 00:00-23:59|Szerda 00:00-23:59|Csütörtök 00:00-23:59|Péntek 00:00-23:59|Szombat 00:00-23:59|Vasárnap 00:00-23:59
2330;Pest;Dunaharaszti;Dózsa György utca 75.;Trafik Trend Bt;47.358934;19.086186;Hétfő 00:00-23:59|Kedd 00:00-23:59|Szerda 00:00-23:59|Csütörtök 00:00-23:59|Péntek 00:00-23:59|Szombat 00:00-23:59|Vasárnap 00:00-23:59
2330;Pest;Dunaharaszti;Fő út 102;Gizda Dohány Bt.;47.358934;19.086186;Hétfő 00:00-23:59|Kedd 00:00-23:59|Szerda 00:00-23:59|Csütörtök 00:00-23:59|Péntek 00:00-23:59|Szombat 00:00-23:59|Vasárnap 00:00-23:59
2330;Pest;Dunaharaszti;Fő út 192.;Mona Tabak Bt;47.358934;19.086186;Hétfő 00:00-23:59|Kedd 00:00-23:59|Szerda 00:00-23:59|Csütörtök 00:00-23:59|Péntek 00:00-23:59|Szombat 00:00-23:59|Vasárnap 00:00-23:59
2330;Pest;Dunaharaszti;Knézich utca 1.;Herbi Tabak Bt.;47.358934;19.086186;Hétfő 00:00-23:59|Kedd 00:00-23:59|Szerda 00:00-23:59|Csütörtök 00:00-23:59|Péntek 00:00-23:59|Szombat 00:00-23:59|Vasárnap 00:00-23:59
2330;Pest;Dunaharaszti;Némedi út 54;Újváriné Juhász Katalin;47.358934;19.086186;Hétfő 00:00-23:59|Kedd 00:00-23:59|Szerda 00:00-23:59|Csütörtök 00:00-23:59|Péntek 00:00-23:59|Szombat 00:00-23:59|Vasárnap 00:00-23:59
2330;Pest;Dunaharaszti;Némedi utca 102/A.;MATABAK Bt.;47.358934;19.086186;Hétfő 00:00-23:59|Kedd 00:00-23:59|Szerda 00:00-23:59|Csütörtök 00:00-23:59|Péntek 00:00-23:59|Szombat 00:00-23:59|Vasárnap 00:00-23:59
2330;Pest;Dunaharaszti;Somogyvári Gyula utca 2.;Witzing Erika;47.358934;19.086186;Hétfő 00:00-23:59|Kedd 00:00-23:59|Szerda 00:00-23:59|Csütörtök 00:00-23:59|Péntek 00:00-23:59|Szombat 00:00-23:59|Vasárnap 00:00-23:59
2120;Pest;Dunakeszi;Barátság út 14;Delikát Kkt.;47.6427;19.1253;Hétfő 05:00-21:00|Kedd 05:00-21:00|Szerda 05:00-21:00|Csütörtök 05:00-21:00|Péntek 05:00-21:00|Szombat 05:00-21:00|Vasárnap 05:00-21:00
2120;Pest;Dunakeszi;Béke út 6.;Szabó és Drigán Bt.;47.6427;19.1253;Hétfő 05:00-21:00|Kedd 05:00-21:00|Szerda 05:00-21:00|Csütörtök 05:00-21:00|Péntek 05:00-21:00|Szombat 05:00-21:00|Vasárnap 05:00-21:00
2120;Pest;Dunakeszi;Béke utca 3/a;NEW GOLD KING'S Bt.;47.6427;19.1253;Hétfő 05:00-21:00|Kedd 05:00-21:00|Szerda 05:00-21:00|Csütörtök 05:00-21:00|Péntek 05:00-21:00|Szombat 05:00-21:00|Vasárnap 05:00-21:00
2120;Pest;Dunakeszi;Berek utca 2.;Tasi Tabak Ker. Bt;47.6427;19.1253;Hétfő 05:00-21:00|Kedd 05:00-21:00|Szerda 05:00-21:00|Csütörtök 05:00-21:00|Péntek 05:00-21:00|Szombat 05:00-21:00|Vasárnap 05:00-21:00
2120;Pest;Dunakeszi;Casalgrande tér 5.;Keszi Trafik doh. Ker. Bt;47.6427;19.1253;Hétfő 05:00-21:00|Kedd 05:00-21:00|Szerda 05:00-21:00|Csütörtök 05:00-21:00|Péntek 05:00-21:00|Szombat 05:00-21:00|Vasárnap 05:00-21:00
2120;Pest;Dunakeszi;Fillér utca 11.;Habana Hungaro Ker Bt;47.6441;19.1284;Hétfő 05:00-23:00|Kedd 05:00-23:00|Szerda 05:00-23:00|Csütörtök 05:00-23:00|Péntek 05:00-23:00|Szombat 06:00-23:00|Vasárnap 07:00-22:00
2120;Pest;Dunakeszi;Fő út 130.;SKB Dohány Bt;47.6482;19.1301;Hétfő 07:00-19:00|Kedd 07:00-19:00|Szerda 07:00-19:00|Csütörtök 07:00-19:00|Péntek 07:00-19:00|Szombat 07:00-15:00
2120;Pest;Dunakeszi;Fő út 70;Keszi Tabak Ker. és Szolg. Bt.;47.6427;19.1253;Hétfő 05:00-21:00|Kedd 05:00-21:00|Szerda 05:00-21:00|Csütörtök 05:00-21:00|Péntek 05:00-21:00|Szombat 05:00-21:00|Vasárnap 05:00-21:00
2120;Pest;Dunakeszi;Fóti utca 055/20;Tasi Tabak Ker. Bt;47.6427;19.1253;Hétfő 05:00-21:00|Kedd 05:00-21:00|Szerda 05:00-21:00|Csütörtök 05:00-21:00|Péntek 05:00-21:00|Szombat 05:00-21:00|Vasárnap 05:00-21:00
2120;Pest;Dunakeszi;Janek Géza út 15.;HPDU Bt.;47.6264;19.1527;Hétfő 06:00-21:00|Kedd 06:00-21:00|Szerda 06:00-21:00|Csütörtök 06:00-21:00|Péntek 06:00-21:00|Szombat 06:00-21:00|Vasárnap 07:00-19:00
2120;Pest;Dunakeszi;Kossuth Lajos utca 1.;Hevér Dohány Bt;47.6427;19.1253;Hétfő 05:00-21:00|Kedd 05:00-21:00|Szerda 05:00-21:00|Csütörtök 05:00-21:00|Péntek 05:00-21:00|Szombat 05:00-21:00|Vasárnap 05:00-21:00
2120;Pest;Dunakeszi;Madách Imre út 1. A. ép.;Kezew Tabak Bt.;47.6427;19.1253;Hétfő 05:00-21:00|Kedd 05:00-21:00|Szerda 05:00-21:00|Csütörtök 05:00-21:00|Péntek 05:00-21:00|Szombat 05:00-21:00|Vasárnap 05:00-21:00
2120;Pest;Dunakeszi;Pejachevich utca 16.;PÉK-TABAK Bt.;47.6427;19.1253;Hétfő 05:00-21:00|Kedd 05:00-21:00|Szerda 05:00-21:00|Csütörtök 05:00-21:00|Péntek 05:00-21:00|Szombat 05:00-21:00|Vasárnap 05:00-21:00
2120;Pest;Dunakeszi;Szabadság tér;Gyatyel György;47.6427;19.1253;Hétfő 05:00-21:00|Kedd 05:00-21:00|Szerda 05:00-21:00|Csütörtök 05:00-21:00|Péntek 05:00-21:00|Szombat 05:00-21:00|Vasárnap 05:00-21:00
2120;Pest;Dunakeszi;Tábor út 48.;SKB Dohány Bt;47.6427;19.1253;Hétfő 05:00-21:00|Kedd 05:00-21:00|Szerda 05:00-21:00|Csütörtök 05:00-21:00|Péntek 05:00-21:00|Szombat 05:00-21:00|Vasárnap 05:00-21:00
2120;Pest;Dunakeszi;Toldi utca 1.;Egyegyegy Dohány Bt;47.6325;19.1541;Hétfő 07:00-20:00|Kedd 07:00-20:00|Szerda 07:00-20:00|Csütörtök 07:00-20:00|Péntek 07:00-20:00|Szombat 07:00-20:00|Vasárnap 07:00-20:00
6328;Bács-Kiskun;Dunapataj;Kalocsai út 27.;Nit-Trafik Bt;46.641219;19.001464;Hétfő 06:00-22:00|Kedd 06:00-22:00|Szerda 06:00-22:00|Csütörtök 06:00-22:00|Péntek 06:00-22:00|Szombat 06:00-22:00|Vasárnap 06:00-22:00
6328;Bács-Kiskun;Dunapataj;Kalocsai út 37.;Horváth Lászlóné;46.6408;19.0018;Hétfő 05:30-20:00|Kedd 05:30-20:00|Szerda 05:30-20:00|Csütörtök 05:30-20:00|Péntek 05:30-20:00|Szombat 07:00-20:00|Vasárnap 08:00-16:00
7712;Baranya;Dunaszekcső;Kossuth utca 27.;DUNA-ANGA Bt.;46.0855;18.7581;Hétfő 05:30-17:00|Kedd 05:30-17:00|Szerda 05:30-17:00|Csütörtök 05:30-17:00|Péntek 05:30-17:00|Szombat 05:30-10:30
2400;Fejér;Dunaújváros;Baracsi út 8.;Tabako Duna Bt.;46.9612;18.9171;Hétfő 08:00-20:00|Kedd 08:00-20:00|Szerda 08:00-20:00|Csütörtök 08:00-20:00|Péntek 08:00-20:00|Szombat 08:00-20:00|Vasárnap 08:00-19:00
2400;Fejér;Dunaújváros;Bercsényi út 4.;Retta Bt.;46.9612;18.9171;Hétfő 08:00-20:00|Kedd 08:00-20:00|Szerda 08:00-20:00|Csütörtök 08:00-20:00|Péntek 08:00-20:00|Szombat 08:00-20:00|Vasárnap 08:00-19:00
2400;Fejér;Dunaújváros;Derkovics utca 5.;Kovács Gábor Jánosné;46.9663;18.9348;Hétfő 06:00-21:00|Kedd 06:00-21:00|Szerda 06:00-21:00|Csütörtök 06:00-21:00|Péntek 06:00-21:00|Szombat 07:00-16:00|Vasárnap 07:00-12:00
2400;Fejér;Dunaújváros;Garázsépület HRSZ. 682/2/A-B;Szipka Bt.;46.9612;18.9171;Hétfő 08:00-20:00|Kedd 08:00-20:00|Szerda 08:00-20:00|Csütörtök 08:00-20:00|Péntek 08:00-20:00|Szombat 08:00-20:00|Vasárnap 08:00-19:00
2400;Fejér;Dunaújváros;Hajnal utca 3.;Lazixer Bt.;46.9636;18.9199;Hétfő 05:00-21:00|Kedd 05:00-21:00|Szerda 05:00-21:00|Csütörtök 05:00-21:00|Péntek 05:00-21:00|Szombat 07:00-19:00|Vasárnap 07:00-19:00
2400;Fejér;Dunaújváros;Kandó Kálmán tér 11.;Tabako Duna Bt.;46.9612;18.9171;Hétfő 08:00-20:00|Kedd 08:00-20:00|Szerda 08:00-20:00|Csütörtök 08:00-20:00|Péntek 08:00-20:00|Szombat 08:00-20:00|Vasárnap 08:00-19:00
2400;Fejér;Dunaújváros;Korányi Sándor utca 1.;Trafikferr Bt.;46.9612;18.9171;Hétfő 08:00-20:00|Kedd 08:00-20:00|Szerda 08:00-20:00|Csütörtök 08:00-20:00|Péntek 08:00-20:00|Szombat 08:00-20:00|Vasárnap 08:00-19:00
2400;Fejér;Dunaújváros;Krúdy Gy. sor 42/4/C.;MÉSZI TUTI TRAFIK Bt.;46.9612;18.9171;Hétfő 08:00-20:00|Kedd 08:00-20:00|Szerda 08:00-20:00|Csütörtök 08:00-20:00|Péntek 08:00-20:00|Szombat 08:00-20:00|Vasárnap 08:00-19:00
2400;Fejér;Dunaújváros;Magyar út 3759 hrsz.;Tabako Duna Bt.;46.9612;18.9171;Hétfő 08:00-20:00|Kedd 08:00-20:00|Szerda 08:00-20:00|Csütörtök 08:00-20:00|Péntek 08:00-20:00|Szombat 08:00-20:00|Vasárnap 08:00-19:00
2400;Fejér;Dunaújváros;Munkácsy Mihály út 1.;Lazixer Bt.;46.9612;18.9171;Hétfő 08:00-20:00|Kedd 08:00-20:00|Szerda 08:00-20:00|Csütörtök 08:00-20:00|Péntek 08:00-20:00|Szombat 08:00-20:00|Vasárnap 08:00-19:00
2400;Fejér;Dunaújváros;Munkás utca 24/A.;Tabako Duna Bt.;46.9612;18.9171;Hétfő 08:00-20:00|Kedd 08:00-20:00|Szerda 08:00-20:00|Csütörtök 08:00-20:00|Péntek 08:00-20:00|Szombat 08:00-20:00|Vasárnap 08:00-19:00
2400;Fejér;Dunaújváros;Piac tér III. Szolgáltatóház 116/11. hrsz.;MÉSZI TUTI TRAFIK Bt.;46.9612;18.9171;Hétfő 08:00-20:00|Kedd 08:00-20:00|Szerda 08:00-20:00|Csütörtök 08:00-20:00|Péntek 08:00-20:00|Szombat 08:00-20:00|Vasárnap 08:00-19:00
2400;Fejér;Dunaújváros;Római körút 30.;Lazixer Bt.;46.9612;18.9171;Hétfő 08:00-20:00|Kedd 08:00-20:00|Szerda 08:00-20:00|Csütörtök 08:00-20:00|Péntek 08:00-20:00|Szombat 08:00-20:00|Vasárnap 08:00-19:00
2400;Fejér;Dunaújváros;Római körút 4-6.;MÉSZI TUTI TRAFIK Bt.;46.9612;18.9171;Hétfő 08:00-20:00|Kedd 08:00-20:00|Szerda 08:00-20:00|Csütörtök 08:00-20:00|Péntek 08:00-20:00|Szombat 08:00-20:00|Vasárnap 08:00-19:00
2400;Fejér;Dunaújváros;Szabadság út 32.;Bloz Katalin Ildikó;46.9612;18.9171;Hétfő 08:00-20:00|Kedd 08:00-20:00|Szerda 08:00-20:00|Csütörtök 08:00-20:00|Péntek 08:00-20:00|Szombat 08:00-20:00|Vasárnap 08:00-19:00
2400;Fejér;Dunaújváros;Szórád Márton út 6/A.;RAFITRAFIK Bt.;46.9612;18.9171;Hétfő 08:00-20:00|Kedd 08:00-20:00|Szerda 08:00-20:00|Csütörtök 08:00-20:00|Péntek 08:00-20:00|Szombat 08:00-20:00|Vasárnap 08:00-19:00
2400;Fejér;Dunaújváros;Táncsics Mihály utca 3/B;Szabó Imre;46.9612;18.9171;Hétfő 08:00-20:00|Kedd 08:00-20:00|Szerda 08:00-20:00|Csütörtök 08:00-20:00|Péntek 08:00-20:00|Szombat 08:00-20:00|Vasárnap 08:00-19:00
2400;Fejér;Dunaújváros;Táncsics Mihály utca 8/A.;Szlobodnyik Csaba;46.9612;18.9171;Hétfő 08:00-20:00|Kedd 08:00-20:00|Szerda 08:00-20:00|Csütörtök 08:00-20:00|Péntek 08:00-20:00|Szombat 08:00-20:00|Vasárnap 08:00-19:00
2400;Fejér;Dunaújváros;Vasmű út 33.;Lazixer Bt.;46.9612;18.9171;Hétfő 08:00-20:00|Kedd 08:00-20:00|Szerda 08:00-20:00|Csütörtök 08:00-20:00|Péntek 08:00-20:00|Szombat 08:00-20:00|Vasárnap 08:00-19:00
2400;Fejér;Dunaújváros;Vasmű út 45.;Nyuliné Jákli Erika;46.9612;18.9171;Hétfő 08:00-20:00|Kedd 08:00-20:00|Szerda 08:00-20:00|Csütörtök 08:00-20:00|Péntek 08:00-20:00|Szombat 08:00-20:00|Vasárnap 08:00-19:00
2400;Fejér;Dunaújváros;Vasmű út 61/A.;Trafikferr Bt.;46.9612;18.9171;Hétfő 08:00-20:00|Kedd 08:00-20:00|Szerda 08:00-20:00|Csütörtök 08:00-20:00|Péntek 08:00-20:00|Szombat 08:00-20:00|Vasárnap 08:00-19:00
2400;Fejér;Dunaújváros;Velinszky László utca 6.;RAFITRAFIK Bt.;46.9612;18.9171;Hétfő 08:00-20:00|Kedd 08:00-20:00|Szerda 08:00-20:00|Csütörtök 08:00-20:00|Péntek 08:00-20:00|Szombat 08:00-20:00|Vasárnap 08:00-19:00
2336;Pest;Dunavarsány;Béke utca 8.;Wéberné Elekes Mária Erzsébet;47.2917;19.0309;Hétfő 06:00-18:00|Kedd 06:00-18:00|Szerda 06:00-18:00|Csütörtök 06:00-18:00|Péntek 06:00-18:00|Szombat 07:00-15:00|Vasárnap 09:00-15:00
2336;Pest;Dunavarsány;Halász Lajosné utca 2/A.;Pongrácz és T.Társa bt;47.2917;19.0309;Hétfő 06:00-18:00|Kedd 06:00-18:00|Szerda 06:00-18:00|Csütörtök 06:00-18:00|Péntek 06:00-18:00|Szombat 07:00-15:00|Vasárnap 09:00-15:00
2336;Pest;Dunavarsány;Vasút sor 42.;Mona Tabak Bt;47.2917;19.0309;Hétfő 06:00-18:00|Kedd 06:00-18:00|Szerda 06:00-18:00|Csütörtök 06:00-18:00|Péntek 06:00-18:00|Szombat 07:00-15:00|Vasárnap 09:00-15:00
4211;Hajdú-Bihar;Ebes;Rákóczi utca 6. 4-es üzlet;Tatár Éva;47.475;21.4887;Hétfő 06:00-18:00|Kedd 06:00-18:00|Szerda 06:00-18:00|Csütörtök 06:00-18:00|Péntek 06:00-18:00|Szombat 07:00-14:00|Vasárnap 07:00-14:00
9083;Győr-Moson-Sopron;Écs;Fő utca 49.;Nagy Arnold;47.55778;17.718649;Hétfő 06:00-21:00|Kedd 06:00-21:00|Szerda 06:00-21:00|Csütörtök 06:00-21:00|Péntek 06:00-21:00|Szombat 06:00-21:00|Vasárnap 06:00-21:00
3013;Heves;Ecséd;Hársfa utca 34.;Zsámba-Coop Bt.;47.7307;19.7656;Hétfő 06:00-20:00|Kedd 06:00-20:00|Szerda 06:00-20:00|Csütörtök 06:00-20:00|Péntek 06:00-20:00|Szombat 06:00-18:00|Vasárnap 07:00-18:00
3013;Heves;Ecséd;Szabadság utca 38.;Képe Edit;47.7307;19.7656;Hétfő 06:00-20:00|Kedd 06:00-20:00|Szerda 06:00-20:00|Csütörtök 06:00-20:00|Péntek 06:00-20:00|Szombat 06:00-18:00|Vasárnap 07:00-18:00
5515;Békés;Ecsegfalva;Fő utca 47.;Csányi András;47.15;20.9267;Hétfő 06:00-18:30|Kedd 06:00-18:30|Szerda 06:00-18:30|Csütörtök 06:00-18:30|Péntek 06:00-18:30|Szombat 06:00-14:00|Vasárnap 08:00-12:00
3300;Heves;Eger;9494/13. HRSZ.;Rp-Trafik Bt.;47.895339;20.387481;Hétfő 06:00-22:00|Kedd 06:00-22:00|Szerda 06:00-22:00|Csütörtök 06:00-22:00|Péntek 06:00-22:00|Szombat 06:00-22:00|Vasárnap 08:00-20:00
3300;Heves;Eger;Barkóczy 4-6.;Dohányvár 2013 Bt;47.895339;20.387481;Hétfő 06:00-22:00|Kedd 06:00-22:00|Szerda 06:00-22:00|Csütörtök 06:00-22:00|Péntek 06:00-22:00|Szombat 06:00-22:00|Vasárnap 08:00-20:00
3300;Heves;Eger;Cifrakapu út 164.;Pipa Trafik Bt;47.895339;20.387481;Hétfő 06:00-22:00|Kedd 06:00-22:00|Szerda 06:00-22:00|Csütörtök 06:00-22:00|Péntek 06:00-22:00|Szombat 06:00-22:00|Vasárnap 08:00-20:00
3300;Heves;Eger;Dr. Sándor Imre utca 6. fszt. 3.;Merkaba Tabak Bt.;47.895339;20.387481;Hétfő 06:00-22:00|Kedd 06:00-22:00|Szerda 06:00-22:00|Csütörtök 06:00-22:00|Péntek 06:00-22:00|Szombat 06:00-22:00|Vasárnap 08:00-20:00
3300;Heves;Eger;II. Rákóczi Ferenc utca 103.;Cs-Trafik Bt.;47.895339;20.387481;Hétfő 06:00-22:00|Kedd 06:00-22:00|Szerda 06:00-22:00|Csütörtök 06:00-22:00|Péntek 06:00-22:00|Szombat 06:00-22:00|Vasárnap 08:00-20:00
3300;Heves;Eger;II. Rákóczi Ferenc utca 15/A;Gyarmatáru Bt.;47.895339;20.387481;Hétfő 06:00-22:00|Kedd 06:00-22:00|Szerda 06:00-22:00|Csütörtök 06:00-22:00|Péntek 06:00-22:00|Szombat 06:00-22:00|Vasárnap 08:00-20:00
3300;Heves;Eger;Kallómalom utca 87;Pipa Trafik Bt;47.895339;20.387481;Hétfő 06:00-22:00|Kedd 06:00-22:00|Szerda 06:00-22:00|Csütörtök 06:00-22:00|Péntek 06:00-22:00|Szombat 06:00-22:00|Vasárnap 08:00-20:00
3300;Heves;Eger;Kertész út 78/C;Doktor Pipa Bt;47.895339;20.387481;Hétfő 06:00-22:00|Kedd 06:00-22:00|Szerda 06:00-22:00|Csütörtök 06:00-22:00|Péntek 06:00-22:00|Szombat 06:00-22:00|Vasárnap 08:00-20:00
3300;Heves;Eger;Knézich Károly utca 28/1.;JUJ TRAFIK Bt.;47.895339;20.387481;Hétfő 06:00-22:00|Kedd 06:00-22:00|Szerda 06:00-22:00|Csütörtök 06:00-22:00|Péntek 06:00-22:00|Szombat 06:00-22:00|Vasárnap 08:00-20:00
3300;Heves;Eger;Malomárok utca 4.;Szirén-Trafik Bt;47.895339;20.387481;Hétfő 06:00-22:00|Kedd 06:00-22:00|Szerda 06:00-22:00|Csütörtök 06:00-22:00|Péntek 06:00-22:00|Szombat 06:00-22:00|Vasárnap 08:00-20:00
3300;Heves;Eger;Mátyás király út 108.;Original Dokham Bt.;47.895339;20.387481;Hétfő 06:00-22:00|Kedd 06:00-22:00|Szerda 06:00-22:00|Csütörtök 06:00-22:00|Péntek 06:00-22:00|Szombat 06:00-22:00|Vasárnap 08:00-20:00
3300;Heves;Eger;Mátyás Király út 4-6.;Siker-Miker Bt;47.895339;20.387481;Hétfő 06:00-22:00|Kedd 06:00-22:00|Szerda 06:00-22:00|Csütörtök 06:00-22:00|Péntek 06:00-22:00|Szombat 06:00-22:00|Vasárnap 08:00-20:00
3300;Heves;Eger;Mátyás király út 56. 5. ajtó;ORVIK-Trafik Bt.;47.895339;20.387481;Hétfő 06:00-22:00|Kedd 06:00-22:00|Szerda 06:00-22:00|Csütörtök 06:00-22:00|Péntek 06:00-22:00|Szombat 06:00-22:00|Vasárnap 08:00-20:00
3300;Heves;Eger;Sas út 1;Dohányvár 2013 Bt;47.895339;20.387481;Hétfő 06:00-22:00|Kedd 06:00-22:00|Szerda 06:00-22:00|Csütörtök 06:00-22:00|Péntek 06:00-22:00|Szombat 06:00-22:00|Vasárnap 08:00-20:00
3300;Heves;Eger;Széchenyi utca 8.;Meba-Tabak Bt;47.895339;20.387481;Hétfő 06:00-22:00|Kedd 06:00-22:00|Szerda 06:00-22:00|Csütörtök 06:00-22:00|Péntek 06:00-22:00|Szombat 06:00-22:00|Vasárnap 08:00-20:00
3300;Heves;Eger;Szent János utca 13.;Geriottó Bt.;47.895339;20.387481;Hétfő 06:00-22:00|Kedd 06:00-22:00|Szerda 06:00-22:00|Csütörtök 06:00-22:00|Péntek 06:00-22:00|Szombat 06:00-22:00|Vasárnap 08:00-20:00
3300;Heves;Eger;Törvényház utca 4.;Korona Trafik Bt.;47.895339;20.387481;Hétfő 06:00-22:00|Kedd 06:00-22:00|Szerda 06:00-22:00|Csütörtök 06:00-22:00|Péntek 06:00-22:00|Szombat 06:00-22:00|Vasárnap 08:00-20:00
3300;Heves;Eger;Vallon út 12.;Hervai Polett;47.895339;20.387481;Hétfő 06:00-22:00|Kedd 06:00-22:00|Szerda 06:00-22:00|Csütörtök 06:00-22:00|Péntek 06:00-22:00|Szombat 06:00-22:00|Vasárnap 08:00-20:00
3394;Heves;Egerszalók;Kossuth Lajos út 25.;Bellei Attila;47.871977;20.325362;Hétfő 05:30-21:30|Kedd 05:30-21:30|Szerda 05:30-21:30|Csütörtök 05:30-21:30|Péntek 05:30-21:30|Szombat 05:30-21:30|Vasárnap 05:30-21:30
9473;Győr-Moson-Sopron;Egyházasfalu;Ady Endre utca 8.;Derdák Lajos;47.4696;16.7629;Hétfő 07:00-18:00|Kedd 07:00-13:00|Szerda 06:00-10:00|Csütörtök 07:00-16:30|Péntek 07:00-18:00|Szombat 06:00-10:00
9783;Vas;Egyházasrádóc;Kossuth Lajos utca 190.;Nagy Sándorné;47.0809;16.6046;Hétfő 05:30-17:30|Kedd 05:30-17:30|Szerda 05:30-17:30|Csütörtök 05:30-17:30|Péntek 05:30-17:30|Szombat 05:30-13:30|Vasárnap 07:00-10:00
5742;Békés;Elek;Lőkösházi út 4.;Dánné Koszta Irén;46.5289;21.2523;Hétfő 07:00-19:00|Kedd 07:00-19:00|Szerda 07:00-19:00|Csütörtök 07:00-19:00|Péntek 07:00-19:00|Szombat 07:00-15:00|Vasárnap 07:00-15:00
5742;Békés;Elek;Lökösházi utca 46;Kohut Zoltán;46.5289;21.2523;Hétfő 07:00-19:00|Kedd 07:00-19:00|Szerda 07:00-19:00|Csütörtök 07:00-19:00|Péntek 07:00-19:00|Szombat 07:00-15:00|Vasárnap 07:00-15:00
5742;Békés;Elek;Rákóczi utca 2;Kohut Zoltán;46.5289;21.2523;Hétfő 07:00-19:00|Kedd 07:00-19:00|Szerda 07:00-19:00|Csütörtök 07:00-19:00|Péntek 07:00-19:00|Szombat 07:00-15:00|Vasárnap 07:00-15:00
3854;Borsod-Abaúj-Zemplén;Encs;Dózsa György út 27.;Kiss Ernő Attila;48.3156513;21.1623196;Hétfő 07:00-19:00|Kedd 07:00-19:00|Szerda 07:00-19:00|Csütörtök 07:00-19:00|Péntek 07:00-19:00|Szombat 07:00-19:00|Vasárnap 07:00-18:00
3860;Borsod-Abaúj-Zemplén;Encs;Petőfi út 11.;Oli-Zé Bt.;48.3313;21.1203;Hétfő 05:30-19:00|Kedd 05:30-19:00|Szerda 05:30-19:00|Csütörtök 05:30-19:00|Péntek 05:30-19:00|Szombat 06:00-15:00|Vasárnap 07:00-14:00
3860;Borsod-Abaúj-Zemplén;Encs;Petőfi út 66.;Abaúji Trafik Shop Bt.;48.3313;21.1203;Hétfő 05:30-19:00|Kedd 05:30-19:00|Szerda 05:30-19:00|Csütörtök 05:30-19:00|Péntek 05:30-19:00|Szombat 06:00-15:00|Vasárnap 07:00-14:00
3860;Borsod-Abaúj-Zemplén;Encs;Petőfi út 71-73.;Abaúj Dohányáru Bt.;48.3339;21.1128;Hétfő 06:00-17:30|Kedd 06:00-18:00|Szerda 06:00-18:00|Csütörtök 06:00-18:00|Péntek 06:00-18:00|Szombat 06:00-13:00
3860;Borsod-Abaúj-Zemplén;Encs;Vasút út 22.;Debi 96 Bt.;48.3313;21.1203;Hétfő 05:30-19:00|Kedd 05:30-19:00|Szerda 05:30-19:00|Csütörtök 05:30-19:00|Péntek 05:30-19:00|Szombat 06:00-15:00|Vasárnap 07:00-14:00
9143;Győr-Moson-Sopron;Enese;Rózsa utca 4.;BÖZSOLT Bt.;47.647347999999994;17.423422503391336;Hétfő 06:00-19:00|Kedd 06:00-19:00|Szerda 06:00-19:00|Csütörtök 06:00-19:00|Péntek 06:00-19:00|Szombat 06:00-18:00|Vasárnap 07:00-11:00
8130;Fejér;Enying;Hősök tere 4.;Mikó Ferenc;46.9422;18.2294;Hétfő 06:00-20:00|Kedd 06:00-20:00|Szerda 06:00-20:00|Csütörtök 06:00-20:00|Péntek 06:00-20:00|Szombat 06:00-20:00|Vasárnap 06:00-20:00
8130;Fejér;Enying;Kossuth utca 5.;Mikó Ferenc;46.9422;18.2294;Hétfő 06:00-20:00|Kedd 06:00-20:00|Szerda 06:00-20:00|Csütörtök 06:00-20:00|Péntek 06:00-20:00|Szombat 06:00-20:00|Vasárnap 06:00-20:00
8130;Fejér;Enying;Rákóczi utca 58.;Pálné Tóth Zsuzsanna;46.9422;18.2294;Hétfő 06:00-20:00|Kedd 06:00-20:00|Szerda 06:00-20:00|Csütörtök 06:00-20:00|Péntek 06:00-20:00|Szombat 06:00-20:00|Vasárnap 06:00-20:00
2451;Fejér;Ercsi;Fő út 1.;Lőwinger Ildikó Erzsébet;47.2486;18.9029;Hétfő 07:00-21:00|Kedd 07:00-21:00|Szerda 07:00-21:00|Csütörtök 07:00-21:00|Péntek 07:00-21:00|Szombat 07:00-21:00|Vasárnap 07:00-21:00
2451;Fejér;Ercsi;Rákóczi Ferenc utca 16.;6-os Úti Kovács ABC Bt;47.25;18.8823;Hétfő 06:00-18:00|Kedd 06:00-18:00|Szerda 06:00-18:00|Csütörtök 06:00-18:00|Péntek 06:00-18:00|Szombat 06:00-18:00|Vasárnap 06:00-12:00
2451;Fejér;Ercsi;Zrínyi utca 2.;Ciga Trafik Bt.;47.25;18.8823;Hétfő 06:00-18:00|Kedd 06:00-18:00|Szerda 06:00-18:00|Csütörtök 06:00-18:00|Péntek 06:00-18:00|Szombat 06:00-18:00|Vasárnap 06:00-12:00
2030;Pest;Érd;Áfonya utca 36-38;Angels 1966 Ker. Szolg. Bt;47.378777;18.939515;Hétfő 07:00-21:00|Kedd 07:00-21:00|Szerda 07:00-21:00|Csütörtök 07:00-21:00|Péntek 07:00-21:00|Szombat 07:00-21:00|Vasárnap 08:00-21:00
2030;Pest;Érd;Bajcsy Zsilinszky utca 125-127.;KESZI TABAK-SHOP Bt.;47.378777;18.939515;Hétfő 07:00-21:00|Kedd 07:00-21:00|Szerda 07:00-21:00|Csütörtök 07:00-21:00|Péntek 07:00-21:00|Szombat 07:00-21:00|Vasárnap 08:00-21:00
2030;Pest;Érd;Bajcsy-Zsilinszky út 6.;Béres Attila István;47.378777;18.939515;Hétfő 07:00-21:00|Kedd 07:00-21:00|Szerda 07:00-21:00|Csütörtök 07:00-21:00|Péntek 07:00-21:00|Szombat 07:00-21:00|Vasárnap 08:00-21:00
2030;Pest;Érd;Bajcsy-Zsilinszky utca 105.;Smoke Bt;47.378777;18.939515;Hétfő 07:00-21:00|Kedd 07:00-21:00|Szerda 07:00-21:00|Csütörtök 07:00-21:00|Péntek 07:00-21:00|Szombat 07:00-21:00|Vasárnap 08:00-21:00
2030;Pest;Érd;Balatoni út 6.;Gyéri Dohány Bt.;47.378777;18.939515;Hétfő 07:00-21:00|Kedd 07:00-21:00|Szerda 07:00-21:00|Csütörtök 07:00-21:00|Péntek 07:00-21:00|Szombat 07:00-21:00|Vasárnap 08:00-21:00
2030;Pest;Érd;Budafoki út 1.;D-apeiron Bt.;47.378777;18.939515;Hétfő 07:00-21:00|Kedd 07:00-21:00|Szerda 07:00-21:00|Csütörtök 07:00-21:00|Péntek 07:00-21:00|Szombat 07:00-21:00|Vasárnap 08:00-21:00
2030;Pest;Érd;Budafoki utca 13.;Lali Trafik Bt.;47.378777;18.939515;Hétfő 07:00-21:00|Kedd 07:00-21:00|Szerda 07:00-21:00|Csütörtök 07:00-21:00|Péntek 07:00-21:00|Szombat 07:00-21:00|Vasárnap 08:00-21:00
2030;Pest;Érd;Budai út 11;Cseppentő Endre;47.378777;18.939515;Hétfő 07:00-21:00|Kedd 07:00-21:00|Szerda 07:00-21:00|Csütörtök 07:00-21:00|Péntek 07:00-21:00|Szombat 07:00-21:00|Vasárnap 08:00-21:00
2030;Pest;Érd;Budai út 26.;Domi Trafik Bt;47.378777;18.939515;Hétfő 07:00-21:00|Kedd 07:00-21:00|Szerda 07:00-21:00|Csütörtök 07:00-21:00|Péntek 07:00-21:00|Szombat 07:00-21:00|Vasárnap 08:00-21:00
2030;Pest;Érd;Budai út HRSZ. 24806/2.;Hajdúk Dohány Bt.;47.378777;18.939515;Hétfő 07:00-21:00|Kedd 07:00-21:00|Szerda 07:00-21:00|Csütörtök 07:00-21:00|Péntek 07:00-21:00|Szombat 07:00-21:00|Vasárnap 08:00-21:00
2030;Pest;Érd;Budai utca 28.;Martonosi Trafik Bt;47.3785;18.9255;Hétfő 06:00-20:00|Kedd 06:00-20:00|Szerda 06:00-20:00|Csütörtök 06:00-20:00|Péntek 06:00-20:00|Szombat 06:00-20:00|Vasárnap 06:00-20:00
2030;Pest;Érd;Csaba utca 26.;IB Trafik Bt;47.378777;18.939515;Hétfő 07:00-21:00|Kedd 07:00-21:00|Szerda 07:00-21:00|Csütörtök 07:00-21:00|Péntek 07:00-21:00|Szombat 07:00-21:00|Vasárnap 08:00-21:00
2030;Pest;Érd;Diósdi út 19.;Glavati Antal;47.378777;18.939515;Hétfő 07:00-21:00|Kedd 07:00-21:00|Szerda 07:00-21:00|Csütörtök 07:00-21:00|Péntek 07:00-21:00|Szombat 07:00-21:00|Vasárnap 08:00-21:00
2030;Pest;Érd;Diósdi út 2-4. (5.01 üzlet);Tabakexpress Bt.;47.378777;18.939515;Hétfő 07:00-21:00|Kedd 07:00-21:00|Szerda 07:00-21:00|Csütörtök 07:00-21:00|Péntek 07:00-21:00|Szombat 07:00-21:00|Vasárnap 08:00-21:00
2030;Pest;Érd;Diósdi út 46.;Kohári Anikó;47.378777;18.939515;Hétfő 07:00-21:00|Kedd 07:00-21:00|Szerda 07:00-21:00|Csütörtök 07:00-21:00|Péntek 07:00-21:00|Szombat 07:00-21:00|Vasárnap 08:00-21:00
2030;Pest;Érd;Fehérvári út 34.;Szövőné Bobik Szilvia;47.378777;18.939515;Hétfő 07:00-21:00|Kedd 07:00-21:00|Szerda 07:00-21:00|Csütörtök 07:00-21:00|Péntek 07:00-21:00|Szombat 07:00-21:00|Vasárnap 08:00-21:00
2030;Pest;Érd;Fehérvári út 42.;Drevenka Tímea;47.378777;18.939515;Hétfő 07:00-21:00|Kedd 07:00-21:00|Szerda 07:00-21:00|Csütörtök 07:00-21:00|Péntek 07:00-21:00|Szombat 07:00-21:00|Vasárnap 08:00-21:00
2030;Pest;Érd;Felső utca 54.;Ujvári Trafik Bt.;47.378777;18.939515;Hétfő 07:00-21:00|Kedd 07:00-21:00|Szerda 07:00-21:00|Csütörtök 07:00-21:00|Péntek 07:00-21:00|Szombat 07:00-21:00|Vasárnap 08:00-21:00
2030;Pest;Érd;Fürdő utca 1.;Hajdúk Dohány Bt.;47.378777;18.939515;Hétfő 07:00-21:00|Kedd 07:00-21:00|Szerda 07:00-21:00|Csütörtök 07:00-21:00|Péntek 07:00-21:00|Szombat 07:00-21:00|Vasárnap 08:00-21:00
2030;Pest;Érd;Iparos út 48.;Domi Trafik Bt;47.378777;18.939515;Hétfő 07:00-21:00|Kedd 07:00-21:00|Szerda 07:00-21:00|Csütörtök 07:00-21:00|Péntek 07:00-21:00|Szombat 07:00-21:00|Vasárnap 08:00-21:00
2030;Pest;Érd;Iparos utca 14.;Füstölde Bt;47.378777;18.939515;Hétfő 07:00-21:00|Kedd 07:00-21:00|Szerda 07:00-21:00|Csütörtök 07:00-21:00|Péntek 07:00-21:00|Szombat 07:00-21:00|Vasárnap 08:00-21:00
2030;Pest;Érd;Kalotaszegi út 15.;Rizikó 2000 Bt.;47.378777;18.939515;Hétfő 07:00-21:00|Kedd 07:00-21:00|Szerda 07:00-21:00|Csütörtök 07:00-21:00|Péntek 07:00-21:00|Szombat 07:00-21:00|Vasárnap 08:00-21:00
2030;Pest;Érd;Kálvin tér 1.;VÖLGY TABAK-SHOP Bt.;47.378777;18.939515;Hétfő 07:00-21:00|Kedd 07:00-21:00|Szerda 07:00-21:00|Csütörtök 07:00-21:00|Péntek 07:00-21:00|Szombat 07:00-21:00|Vasárnap 08:00-21:00
2030;Pest;Érd;Kossuth Lajos utca 82;Benedek és Mária Ker és Szolg. Bt.;47.378777;18.939515;Hétfő 07:00-21:00|Kedd 07:00-21:00|Szerda 07:00-21:00|Csütörtök 07:00-21:00|Péntek 07:00-21:00|Szombat 07:00-21:00|Vasárnap 08:00-21:00
2030;Pest;Érd;Riminyáki út 72.;Rimi 2000 Bt.;47.378777;18.939515;Hétfő 07:00-21:00|Kedd 07:00-21:00|Szerda 07:00-21:00|Csütörtök 07:00-21:00|Péntek 07:00-21:00|Szombat 07:00-21:00|Vasárnap 08:00-21:00
2030;Pest;Érd;Sóskúti út 8.;Trafik Company Bt;47.378777;18.939515;Hétfő 07:00-21:00|Kedd 07:00-21:00|Szerda 07:00-21:00|Csütörtök 07:00-21:00|Péntek 07:00-21:00|Szombat 07:00-21:00|Vasárnap 08:00-21:00
2030;Pest;Érd;Szent László tér 8.;Lakó A+Z Bt.;47.378777;18.939515;Hétfő 07:00-21:00|Kedd 07:00-21:00|Szerda 07:00-21:00|Csütörtök 07:00-21:00|Péntek 07:00-21:00|Szombat 07:00-21:00|Vasárnap 08:00-21:00
2030;Pest;Érd;Velencei út 9.;Mokánszki-Kluták Viktória;47.378777;18.939515;Hétfő 07:00-21:00|Kedd 07:00-21:00|Szerda 07:00-21:00|Csütörtök 07:00-21:00|Péntek 07:00-21:00|Szombat 07:00-21:00|Vasárnap 08:00-21:00
7735;Baranya;Erdősmárok;Kossuth L. utca 42.;Mezei Istvánné;46.0822;18.5725;Hétfő 06:00-18:00|Kedd 06:00-18:00|Szerda 06:00-18:00|Csütörtök 06:00-18:00|Péntek 06:00-18:00|Szombat 06:00-13:00|Vasárnap 06:00-11:00
2177;Nógrád;Erdőtarcsa;Iskola utca 1;MRP Bt;47.7624;19.5406;Hétfő 06:00-17:00|Kedd 06:00-17:00|Szerda 06:00-17:00|Csütörtök 06:00-17:00|Péntek 06:00-17:00|Szombat 06:00-18:00
2659;Nógrád;Érsekvadkert;Névtelen tér 325;Szabóné Kovács Erzsébet;47.9971;19.1984;Hétfő 07:00-17:00|Kedd 07:00-17:00|Szerda 07:00-17:00|Csütörtök 17:00-17:00|Péntek 07:00-17:00|Szombat 07:00-13:30|Vasárnap 07:00-11:00
2659;Nógrád;Érsekvadkert;Rákóczi utca 118.;Első TabaCoop Bt;47.9971;19.1984;Hétfő 07:00-17:00|Kedd 07:00-17:00|Szerda 07:00-17:00|Csütörtök 17:00-17:00|Péntek 07:00-17:00|Szombat 07:00-13:30|Vasárnap 07:00-11:00
4124;Hajdú-Bihar;Esztár;Felszabadulás utca 6.;Village Tobacco Bt.;47.2841;21.7752;Hétfő 14:00-17:00|Kedd 14:00-17:00|Szerda 14:00-17:00|Csütörtök 14:00-17:00|Péntek 14:00-17:00|Szombat 05:30-13:30
8742;Zala;Esztergályhorváti;Jókai Mór utca 2.;Egyed Tiborné;46.7007;17.109;Hétfő 08:00-12:00|Kedd 08:00-12:00|Szerda 08:00-12:00|Csütörtök 08:00-12:00|Péntek 08:00-12:00
2500;Komárom-Esztergom;Esztergom;Arany János utca 15.;Sóron Tibor Györgyné;47.7965;18.739;Hétfő 07:00-19:00|Kedd 07:00-19:00|Szerda 07:00-19:00|Csütörtök 07:00-19:00|Péntek 07:00-19:00|Szombat 08:00-16:00
2500;Komárom-Esztergom;Esztergom;Bánomi út 16076/6;Trafik-System Kelet Bt.;47.7965;18.739;Hétfő 07:00-19:00|Kedd 07:00-19:00|Szerda 07:00-19:00|Csütörtök 07:00-19:00|Péntek 07:00-19:00|Szombat 08:00-16:00
2500;Komárom-Esztergom;Esztergom;Dobogókői út 84.;Sóron Ádám;47.7965;18.739;Hétfő 07:00-19:00|Kedd 07:00-19:00|Szerda 07:00-19:00|Csütörtök 07:00-19:00|Péntek 07:00-19:00|Szombat 08:00-16:00
2500;Komárom-Esztergom;Esztergom;Galagonyás út 4.;Sóron Ádám;47.7965;18.739;Hétfő 07:00-19:00|Kedd 07:00-19:00|Szerda 07:00-19:00|Csütörtök 07:00-19:00|Péntek 07:00-19:00|Szombat 08:00-16:00
2500;Komárom-Esztergom;Esztergom;Hősök tere 9.;Sóron Tibor Györgyné;47.7965;18.739;Hétfő 07:00-19:00|Kedd 07:00-19:00|Szerda 07:00-19:00|Csütörtök 07:00-19:00|Péntek 07:00-19:00|Szombat 08:00-16:00
2500;Komárom-Esztergom;Esztergom;Kiss János altábornagy utca 16.;Retkes János;47.7965;18.739;Hétfő 07:00-19:00|Kedd 07:00-19:00|Szerda 07:00-19:00|Csütörtök 07:00-19:00|Péntek 07:00-19:00|Szombat 08:00-16:00
2500;Komárom-Esztergom;Esztergom;Klapka György tér 3.;Sóron Tibor Györgyné;47.7965;18.739;Hétfő 07:00-19:00|Kedd 07:00-19:00|Szerda 07:00-19:00|Csütörtök 07:00-19:00|Péntek 07:00-19:00|Szombat 08:00-16:00
2500;Komárom-Esztergom;Esztergom;Kossuth Lajos utca 30/1.;Horváth Krisztina;47.7965;18.739;Hétfő 07:00-19:00|Kedd 07:00-19:00|Szerda 07:00-19:00|Csütörtök 07:00-19:00|Péntek 07:00-19:00|Szombat 08:00-16:00
2500;Komárom-Esztergom;Esztergom;Rákóczi tér 8.;Sóron Tibor Györgyné;47.7965;18.739;Hétfő 07:00-19:00|Kedd 07:00-19:00|Szerda 07:00-19:00|Csütörtök 07:00-19:00|Péntek 07:00-19:00|Szombat 08:00-16:00
2509;Komárom-Esztergom;Esztergom;Strázsa utca 2.;Sóron Tibor Györgyné;47.7965;18.739;Hétfő 07:00-19:00|Kedd 07:00-19:00|Szerda 07:00-19:00|Csütörtök 07:00-19:00|Péntek 07:00-19:00|Szombat 08:00-16:00
2500;Komárom-Esztergom;Esztergom;Terézia utca 16.;MEGÉR-TRAFIK Bt.;47.7965;18.739;Hétfő 07:00-19:00|Kedd 07:00-19:00|Szerda 07:00-19:00|Csütörtök 07:00-19:00|Péntek 07:00-19:00|Szombat 08:00-16:00
2500;Komárom-Esztergom;Esztergom;Visegrádi út 0906/1;Sóron Ádám;47.7965;18.739;Hétfő 07:00-19:00|Kedd 07:00-19:00|Szerda 07:00-19:00|Csütörtök 07:00-19:00|Péntek 07:00-19:00|Szombat 08:00-16:00
2509;Komárom-Esztergom;Esztergom;Vízimalom utca 2.;KDK Trafik Bt;47.7965;18.739;Hétfő 07:00-19:00|Kedd 07:00-19:00|Szerda 07:00-19:00|Csütörtök 07:00-19:00|Péntek 07:00-19:00|Szombat 08:00-16:00
2091;Fejér;Etyek;Körpince utca 4.;KESZI TABAK-SHOP Bt.;47.4458;18.7523;Hétfő 06:00-19:00|Kedd 06:00-19:00|Szerda 06:00-19:00|Csütörtök 06:00-19:00|Péntek 06:00-19:00|Szombat 06:00-18:00|Vasárnap 07:00-16:00
2091;Fejér;Etyek;Kossuth Lajos utca 67.;Etyek Tobacco Bt.;47.4458;18.7523;Hétfő 06:00-19:00|Kedd 06:00-19:00|Szerda 06:00-19:00|Csütörtök 06:00-19:00|Péntek 06:00-19:00|Szombat 06:00-18:00|Vasárnap 07:00-16:00
2091;Fejér;Etyek;Kossuth utca 3.;Falusi-Adolf Kereskedelmi BT.;47.4458;18.7523;Hétfő 06:00-19:00|Kedd 06:00-19:00|Szerda 06:00-19:00|Csütörtök 06:00-19:00|Péntek 06:00-19:00|Szombat 06:00-18:00|Vasárnap 07:00-16:00
7136;Tolna;Fácánkert;Jókai utca 1.;Új László;46.446;18.7397;Hétfő 05:00-17:00|Kedd 05:00-17:00|Szerda 05:00-17:00|Csütörtök 05:00-17:00|Péntek 05:00-17:00|Szombat 06:00-10:00|Vasárnap 06:00-10:00
7133;Tolna;Fadd;Mátyás király utca 37.;Herc-Infokt Bt;46.4648;18.8245;Hétfő 05:00-20:00|Kedd 05:00-20:00|Szerda 05:00-20:00|Csütörtök 05:00-20:00|Péntek 05:00-20:00|Szombat 05:00-20:00
7133;Tolna;Fadd;Templom utca 2.;Merkl Krisztina;46.4649;18.8266;Hétfő 05:30-19:00|Kedd 05:30-19:00|Szerda 05:30-19:00|Csütörtök 05:30-19:00|Péntek 05:30-19:00|Szombat 05:30-19:00|Vasárnap 06:00-12:00
9321;Győr-Moson-Sopron;Farád;Fő út 2/A.;Schubert Zoltán;47.6056;17.2;Hétfő 05:00-17:00|Kedd 05:00-17:00|Szerda 05:00-17:00|Csütörtök 05:00-17:00|Péntek 05:00-17:00|Szombat 05:30-12:00|Vasárnap 07:30-11:00
8582;Veszprém;Farkasgyepű;Petőfi utca 45.;Ányos Szabolcs;47.203781;17.630354;Hétfő 07:00-21:00|Kedd 07:00-21:00|Szerda 07:00-21:00|Csütörtök 07:00-21:00|Péntek 07:00-21:00|Szombat 07:00-21:00|Vasárnap 07:00-21:00
2765;Pest;Farmos;Jászberényi út 1.;Farmos Trafik BT;47.3618;19.8474;Hétfő 04:00-22:00|Kedd 04:00-22:00|Szerda 04:00-22:00|Csütörtök 04:00-22:00|Péntek 04:00-22:00|Szombat 14:00-22:00|Vasárnap 12:00-20:00
2765;Pest;Farmos;Jászberényi út 2.;Farmos Dohány Bt;47.3618;19.8466;Hétfő 06:00-18:00|Kedd 06:00-18:00|Szerda 06:00-18:00|Csütörtök 06:00-18:00|Péntek 06:00-18:00|Szombat 06:00-14:00|Vasárnap 06:00-14:00
5231;Jász-Nagykun-Szolnok;Fegyvernek;Kun Farkas út 2.;Kontra Andrea;47.2615;20.5246;Hétfő 05:00-18:00|Kedd 05:00-18:00|Szerda 05:00-18:00|Csütörtök 05:00-18:00|Péntek 05:00-18:00|Szombat 05:00-12:00|Vasárnap 05:00-12:00
5231;Jász-Nagykun-Szolnok;Fegyvernek;Szent Erzsébet út 143.;Faragóné Jancsó Zsuzsanna;47.2615;20.5246;Hétfő 05:00-18:00|Kedd 05:00-18:00|Szerda 05:00-18:00|Csütörtök 05:00-18:00|Péntek 05:00-18:00|Szombat 05:00-12:00|Vasárnap 05:00-12:00
5231;Jász-Nagykun-Szolnok;Fegyvernek;Szent Erzsébet út 164.;Vidics Katalin;47.2615;20.5246;Hétfő 05:00-18:00|Kedd 05:00-18:00|Szerda 05:00-18:00|Csütörtök 05:00-18:00|Péntek 05:00-18:00|Szombat 05:00-12:00|Vasárnap 05:00-12:00
5231;Jász-Nagykun-Szolnok;Fegyvernek;Szent Erzsébet út 46.;Tukarcs Mihály;47.2615;20.5246;Hétfő 05:00-18:00|Kedd 05:00-18:00|Szerda 05:00-18:00|Csütörtök 05:00-18:00|Péntek 05:00-18:00|Szombat 05:00-12:00|Vasárnap 05:00-12:00
4900;Szabolcs-Szatmár-Bereg;Fehérgyarmat;Kertváros utca 1.;Karikás Éva;47.9894;22.5154;Hétfő 05:30-20:00|Kedd 05:30-20:00|Szerda 05:30-20:00|Csütörtök 05:30-20:00|Péntek 06:30-20:00|Szombat 06:30-15:00|Vasárnap 07:00-11:00
4900;Szabolcs-Szatmár-Bereg;Fehérgyarmat;Kiss Ernő utca 16.;KEMOL Bt.;47.9894;22.5154;Hétfő 05:30-20:00|Kedd 05:30-20:00|Szerda 05:30-20:00|Csütörtök 05:30-20:00|Péntek 06:30-20:00|Szombat 06:30-15:00|Vasárnap 07:00-11:00
4900;Szabolcs-Szatmár-Bereg;Fehérgyarmat;Móricz Zsigmond utca 4.;Hegedüs Margareta;47.9894;22.5154;Hétfő 05:30-20:00|Kedd 05:30-20:00|Szerda 05:30-20:00|Csütörtök 05:30-20:00|Péntek 06:30-20:00|Szombat 06:30-15:00|Vasárnap 07:00-11:00
8052;Fejér;Fehérvárcsurgó;Dózsa Gy. utca 158.;Megálló Trafik Bt.;47.2854;18.2759;Hétfő 07:00-19:00|Kedd 07:00-19:00|Szerda 07:00-19:00|Csütörtök 07:00-19:00|Péntek 07:00-19:00|Szombat 07:00-16:30
8086;Fejér;Felcsút;Fő út 197.;Ju-Fe Dohánykereskedelmi Bt;47.4651;18.584;Hétfő 06:00-20:00|Kedd 06:00-20:00|Szerda 06:00-20:00|Csütörtök 06:00-20:00|Péntek 06:00-20:00|Szombat 06:00-15:00|Vasárnap 07:00-12:00
3352;Heves;Feldebrő;Kossuth Lajos út 24.;Dohány-Kooperáció Bt.;47.8133;20.2329;Hétfő 06:00-17:00|Kedd 06:00-17:00|Szerda 06:00-17:00|Csütörtök 06:00-17:00|Péntek 06:00-17:00|Szombat 06:00-11:00
8227;Veszprém;Felsőörs;Alsóörsi út 13. Hrsz: 060/56;Bittmann Adrienn;47.0121;17.9611;Hétfő 06:00-20:00|Kedd 06:00-20:00|Szerda 06:00-20:00|Csütörtök 06:00-20:00|Péntek 06:00-20:00|Szombat 06:00-20:00|Vasárnap 06:00-20:00
8380;Zala;Felsőpáhok;Park utca 1.;Torma Trafik Bt;46.7902;17.1915;Hétfő 07:00-19:00|Kedd 07:00-19:00|Szerda 07:00-19:00|Csütörtök 07:00-19:00|Péntek 07:00-19:00|Szombat 07:00-15:00|Vasárnap 09:00-12:00
8380;Zala;Felsőpáhok;Széchenyi utca 1.;Kalauz Antal;46.7902;17.1915;Hétfő 07:00-19:00|Kedd 07:00-19:00|Szerda 07:00-19:00|Csütörtök 07:00-19:00|Péntek 07:00-19:00|Szombat 07:00-15:00|Vasárnap 09:00-12:00
8380;Zala;Felsőpáhok;Széchenyi utca 21.;Szalay Csilla;46.7902;17.1915;Hétfő 07:00-19:00|Kedd 07:00-19:00|Szerda 07:00-19:00|Csütörtök 07:00-19:00|Péntek 07:00-19:00|Szombat 07:00-15:00|Vasárnap 09:00-12:00
2363;Pest;Felsőpakony;Petőfi S. utca 13.;Tamás Tamás;47.342;19.2309;Hétfő 05:00-21:00|Kedd 05:00-21:00|Szerda 05:00-21:00|Csütörtök 05:00-21:00|Péntek 05:00-21:00|Szombat 08:00-22:00|Vasárnap 09:00-13:00
3324;Heves;Felsőtárkány;Fő út 149/1;Botcorp Koncesszió Bt.;46.258846;20.14066;Hétfő 06:00-20:00|Kedd 06:00-20:00|Szerda 06:00-20:00|Csütörtök 06:00-20:00|Péntek 06:00-20:00|Szombat 06:00-20:00|Vasárnap 06:00-20:00
3324;Heves;Felsőtárkány;Fő út 202.;Silver-Vik Trafik Bt;47.9726;20.4153;Hétfő 06:00-19:00|Kedd 06:00-19:00|Szerda 06:00-19:00|Csütörtök 06:00-19:00|Péntek 06:00-19:00|Szombat 06:00-19:00|Vasárnap 07:00-16:00
3561;Borsod-Abaúj-Zemplén;Felsőzsolca;Bólyai János utca 6/B fsz/2.;ABT-ZSOLCA TRAFIK Bt.;48.1121;20.859;Hétfő 06:00-18:00|Kedd 06:00-18:00|Szerda 06:00-18:00|Csütörtök 06:00-18:00|Péntek 06:00-18:00|Szombat 06:00-18:00|Vasárnap 06:00-18:00
3561;Borsod-Abaúj-Zemplén;Felsőzsolca;Kassai utca 40.;SZIPKA TRAFIK Bt.;48.1121;20.859;Hétfő 06:00-18:00|Kedd 06:00-18:00|Szerda 06:00-18:00|Csütörtök 06:00-18:00|Péntek 06:00-18:00|Szombat 06:00-18:00|Vasárnap 06:00-18:00
3561;Borsod-Abaúj-Zemplén;Felsőzsolca;Szent István utca 26.;ABT-ZSOLCA DOHÁNY Bt.;48.1121;20.859;Hétfő 06:00-18:00|Kedd 06:00-18:00|Szerda 06:00-18:00|Csütörtök 06:00-18:00|Péntek 06:00-18:00|Szombat 06:00-18:00|Vasárnap 06:00-18:00
9431;Győr-Moson-Sopron;Fertőd;Fő utca 7;Olaszy Szabolcs;47.6192;16.8625;Hétfő 05:00-21:00|Kedd 05:00-21:00|Szerda 05:00-21:00|Csütörtök 05:00-21:00|Péntek 05:00-21:00|Szombat 07:00-21:00|Vasárnap 07:00-21:00
9431;Győr-Moson-Sopron;Fertőd;Óvoda utca 11.;Viktor Tabak Bt.;47.6194;16.8823;Hétfő 07:00-19:00|Kedd 07:00-19:00|Szerda 07:00-19:00|Csütörtök 07:00-19:00|Péntek 07:00-19:00|Szombat 07:00-19:00|Vasárnap 09:00-19:00
9444;Győr-Moson-Sopron;Fertőszentmiklós;Soproni utca 48.;Viktor Tabak Bt.;47.5932;16.8704;Hétfő 07:00-19:00|Kedd 07:00-19:00|Szerda 07:00-19:00|Csütörtök 07:00-19:00|Péntek 07:00-19:00|Szombat 07:00-19:00|Vasárnap 09:00-19:00
9444;Győr-Moson-Sopron;Fertőszentmiklós;Szerdahelyi utca 1;Pipaszár Kkt;47.5932;16.8704;Hétfő 07:00-19:00|Kedd 07:00-19:00|Szerda 07:00-19:00|Csütörtök 07:00-19:00|Péntek 07:00-19:00|Szombat 07:00-19:00|Vasárnap 09:00-19:00
7282;Somogy;Fiad;Fő utca 106.;Keszegné Csordás Krisztina;46.605;17.8651;Hétfő 08:00-20:00|Kedd 08:00-20:00|Szerda 08:00-20:00|Csütörtök 08:00-20:00|Péntek 16:00-20:00|Szombat 16:00-20:00
6331;Bács-Kiskun;Foktő;Petőfi S. utca 7.;László Zoltánné;46.5263;18.9139;Hétfő 06:00-18:00|Kedd 06:00-18:00|Szerda 06:00-18:00|Csütörtök 06:00-18:00|Péntek 06:00-18:00|Szombat 06:00-14:00|Vasárnap 07:00-11:00
6922;Hajdú-Bihar;Földeák;Szent László tér 18.;Wéber Trafik Bt.;46.3205362;20.4944894;Hétfő 06:00-17:30|Kedd 06:00-17:30|Szerda 06:00-17:30|Csütörtök 06:00-17:30|Péntek 06:00-17:30|Szombat 06:00-12:00|Vasárnap 07:00-11:00
6922;Hajdú-Bihar;Földeák;Vásárhelyi utca 6.;Nacsa Anikó;46.3203;20.4911;Hétfő 04:30-20:00|Kedd 04:30-20:00|Szerda 04:30-20:00|Csütörtök 04:30-20:00|Péntek 04:30-20:00|Szombat 06:00-17:00|Vasárnap 07:00-17:00
4177;Somogy;Földes;Fő utca 28.;Harmati Lászlóné;47.2875;21.3607;Hétfő 06:00-18:00|Kedd 06:00-18:00|Szerda 06:00-18:00|Csütörtök 06:00-18:00|Péntek 06:00-18:00|Szombat 06:00-12:00|Vasárnap 06:00-11:30
4177;Somogy;Földes;Kállai utca 2/B.;FS Dohánystore Bt;47.2875;21.3607;Hétfő 06:00-18:00|Kedd 06:00-18:00|Szerda 06:00-18:00|Csütörtök 06:00-18:00|Péntek 06:00-18:00|Szombat 06:00-12:00|Vasárnap 06:00-11:30
3849;Hajdú-Bihar;Forró;Fő utca 133.;Bezzeg Dohánytár Bt;48.3251;21.0896;Hétfő 06:00-19:00|Kedd 06:00-19:00|Szerda 06:00-19:00|Csütörtök 06:00-19:00|Péntek 06:00-19:00|Szombat 06:00-19:00|Vasárnap 07:00-19:00
3849;Hajdú-Bihar;Forró;Fő utca 56.;Abaúj Dohányáru Bt.;48.3201;21.0854;Hétfő 06:00-14:00|Kedd 06:00-17:00|Szerda 06:00-17:00|Csütörtök 06:00-17:00|Péntek 06:00-17:00|Szombat 06:00-12:00
2151;Somogy;Fót;Dózsa György út 42.;1x1x1 Bt.;47.6142;19.1965;Hétfő 07:00-19:00|Kedd 07:00-19:00|Szerda 07:00-19:00|Csütörtök 07:00-19:00|Péntek 07:00-19:00|Szombat 07:00-15:00
2151;Somogy;Fót;Dózsa György utca 10.;Balogh Gergely Miklós;47.6142;19.1965;Hétfő 07:00-19:00|Kedd 07:00-19:00|Szerda 07:00-19:00|Csütörtök 07:00-19:00|Péntek 07:00-19:00|Szombat 07:00-15:00
2151;Somogy;Fót;Győrffy István utca 12.;Pozderka Ádám;47.6142;19.1965;Hétfő 07:00-19:00|Kedd 07:00-19:00|Szerda 07:00-19:00|Csütörtök 07:00-19:00|Péntek 07:00-19:00|Szombat 07:00-15:00
2151;Somogy;Fót;Károlyi István utca 44.;Hága Attila;47.6142;19.1965;Hétfő 07:00-19:00|Kedd 07:00-19:00|Szerda 07:00-19:00|Csütörtök 07:00-19:00|Péntek 07:00-19:00|Szombat 07:00-15:00
2151;Somogy;Fót;Móricz Zsigmond utca 10.;Fekete László;47.6178;19.1944;Hétfő 06:00-20:00|Kedd 06:00-20:00|Szerda 06:00-20:00|Csütörtök 06:00-20:00|Péntek 06:00-20:00|Szombat 06:00-14:00|Vasárnap 07:00-12:00
2151;Somogy;Fót;Németh Kálmán út 39.;Hevér Dohány Bt;47.6142;19.1965;Hétfő 07:00-19:00|Kedd 07:00-19:00|Szerda 07:00-19:00|Csütörtök 07:00-19:00|Péntek 07:00-19:00|Szombat 07:00-15:00
2151;Somogy;Fót;Németh Kálmán utca 59.;Ötvös Tibor;47.6246;19.1857;Hétfő 07:00-18:00|Kedd 07:00-18:00|Szerda 07:00-18:00|Csütörtök 07:00-18:00|Péntek 07:00-18:00|Szombat 07:00-13:00|Vasárnap 07:00-11:00
2151;Somogy;Fót;Németh Kálmán utca 62.;Bamol Kereskedelmi Bt.;47.6142;19.1965;Hétfő 07:00-19:00|Kedd 07:00-19:00|Szerda 07:00-19:00|Csütörtök 07:00-19:00|Péntek 07:00-19:00|Szombat 07:00-15:00
3864;Fejér;Fulókércs;Fő út 92.;Dudásné Popovics Erika;48.4336;21.1044;Hétfő 07:00-15:30|Kedd 07:00-15:30|Szerda 07:00-15:30|Csütörtök 07:00-15:30|Péntek 07:00-15:30|Szombat 07:00-11:30
4266;Szabolcs-Szatmár-Bereg;Fülöp;Arany J. utca 3.;Fülöp Tabak Bt;47.6013;22.0565;Hétfő 06:00-18:00|Kedd 06:00-18:00|Szerda 06:00-18:00|Csütörtök 06:00-18:00|Péntek 06:00-18:00|Szombat 06:00-14:00
3390;Heves;Füzesabony;Arany J. út 2.;Fehérné Szajlai Beáta;47.406329;18.884195;Hétfő 05:30-21:00|Kedd 05:30-21:00|Szerda 05:30-21:00|Csütörtök 05:30-21:00|Péntek 05:30-21:00|Szombat 05:30-21:00|Vasárnap 08:00-21:00
3390;Heves;Füzesabony;Baross Gábor tér 11.;FÜZES-SMOKE Kkt.;47.75101695;20.417653513015374;Hétfő 06:00-21:00|Kedd 06:00-21:00|Szerda 06:00-21:00|Csütörtök 06:00-21:00|Péntek 06:00-21:00|Szombat 06:00-21:00|Vasárnap 06:00-12:00
3390;Heves;Füzesabony;Hunyadi János utca 32.;Rp-Trafik Bt;47.406329;18.884195;Hétfő 05:30-21:00|Kedd 05:30-21:00|Szerda 05:30-21:00|Csütörtök 05:30-21:00|Péntek 05:30-21:00|Szombat 05:30-21:00|Vasárnap 08:00-21:00
3390;Heves;Füzesabony;Szabadság út 2.;Hervai Polett;47.406329;18.884195;Hétfő 05:30-21:00|Kedd 05:30-21:00|Szerda 05:30-21:00|Csütörtök 05:30-21:00|Péntek 05:30-21:00|Szombat 05:30-21:00|Vasárnap 08:00-21:00
5932;Békés;Gádoros;Bajcsy Zsilinszky utca 122.;Öcskös Bt.;46.671;20.6005;Hétfő 06:00-20:00|Kedd 06:00-20:00|Szerda 06:00-20:00|Csütörtök 06:00-20:00|Péntek 06:00-20:00|Szombat 06:00-12:00|Vasárnap 15:00-19:00
5932;Békés;Gádoros;Kossuth utca 6.;Tóth Józsefné;46.6661;20.598;Hétfő 05:00-19:00|Kedd 05:00-19:00|Szerda 05:00-19:00|Csütörtök 05:00-19:00|Péntek 05:00-19:00|Szombat 05:00-13:00|Vasárnap 07:00-11:00
8754;Zala;Galambok;Somogyi Béla utca 1.;Erős Imre Attila;46.518544;17.123227;Hétfő 06:00-20:00|Kedd 06:00-20:00|Szerda 06:00-20:00|Csütörtök 06:00-20:00|Péntek 06:00-20:00|Szombat 06:00-20:00|Vasárnap 06:00-20:00
2686;Nógrád;Galgaguta;Kossuth út 68.;Második TabaCoop Bt.;47.8484;19.3886;Hétfő 07:00-17:00|Kedd 07:00-17:00|Szerda 07:00-17:00|Csütörtök 07:00-17:00|Péntek 07:00-17:00|Szombat 07:00-12:00
2193;Pest;Galgahévíz;Fő út 185.;Ocsovainé Darnyik Ildikó;47.621;19.5594;Hétfő 06:00-18:00|Kedd 06:00-18:00|Szerda 06:00-18:00|Csütörtök 06:00-18:00|Péntek 06:00-18:00|Szombat 06:00-12:00|Vasárnap 08:00-11:00
2193;Pest;Galgahévíz;Fő utca 43.;Galga-Trafik Bt.;47.621;19.5594;Hétfő 06:00-18:00|Kedd 06:00-18:00|Szerda 06:00-18:00|Csütörtök 06:00-18:00|Péntek 06:00-18:00|Szombat 06:00-12:00|Vasárnap 08:00-11:00
3752;Borsod-Abaúj-Zemplén;Galvács;Hősök tere 12.;Tabac Store Bt.;48.4014;20.7297;Hétfő 05:00-22:00|Kedd 05:00-22:00|Szerda 05:00-22:00|Csütörtök 05:00-22:00|Péntek 00:00-23:59|Szombat 00:00-23:59|Vasárnap 05:00-22:00
3752;Borsod-Abaúj-Zemplén;Galvács;Rákóczi út 41.;Beriné Kalocsai Natasa;48.4014;20.7297;Hétfő 05:00-22:00|Kedd 05:00-22:00|Szerda 05:00-22:00|Csütörtök 05:00-22:00|Péntek 00:00-23:59|Szombat 00:00-23:59|Vasárnap 05:00-22:00
8747;Zala;Garabonc;Fő út 56.;Koma Lászlóné;46.5873;17.1224;Hétfő 08:00-20:00|Kedd 08:00-20:00|Szerda 08:00-20:00|Csütörtök 08:00-20:00|Péntek 08:00-20:00|Szombat 08:00-20:00|Vasárnap 08:00-20:00
3873;Borsod-Abaúj-Zemplén;Garadna;Fő út 55.;Ács Lászlóné;48.4169;21.1742;Hétfő 07:00-21:00|Kedd 07:00-21:00|Szerda 07:00-21:00|Csütörtök 07:00-21:00|Péntek 07:00-21:00|Szombat 07:00-21:00|Vasárnap 07:00-21:00
2484;Fejér;Gárdony;Balatoni út 3490/1;Schutzbach Zsolt;47.2074;18.633;Hétfő 07:30-19:30|Kedd 07:30-19:30|Szerda 07:30-19:30|Csütörtök 07:30-19:30|Péntek 07:30-19:30|Szombat 07:30-19:30|Vasárnap 08:00-13:00
2483;Fejér;Gárdony;Posta utca 8.;Baranyai és Baranyai Bt.;47.2074;18.633;Hétfő 07:30-19:30|Kedd 07:30-19:30|Szerda 07:30-19:30|Csütörtök 07:30-19:30|Péntek 07:30-19:30|Szombat 07:30-19:30|Vasárnap 08:00-13:00
2483;Fejér;Gárdony;Rózsa Ferenc utca 1/C.;Gárdony Trafik Bt.;47.2074;18.633;Hétfő 07:30-19:30|Kedd 07:30-19:30|Szerda 07:30-19:30|Csütörtök 07:30-19:30|Péntek 07:30-19:30|Szombat 07:30-19:30|Vasárnap 08:00-13:00
2483;Fejér;Gárdony;Szabadság út 13.;Derecskei Gábor;47.2074;18.633;Hétfő 07:30-19:30|Kedd 07:30-19:30|Szerda 07:30-19:30|Csütörtök 07:30-19:30|Péntek 07:30-19:30|Szombat 07:30-19:30|Vasárnap 08:00-13:00
2483;Fejér;Gárdony;Széchenyi utca üzletsor;Gold Trafik Bt;47.2074;18.633;Hétfő 07:30-19:30|Kedd 07:30-19:30|Szerda 07:30-19:30|Csütörtök 07:30-19:30|Péntek 07:30-19:30|Szombat 07:30-19:30|Vasárnap 08:00-13:00
4472;Szabolcs-Szatmár-Bereg;Gávavencsellő;Kápolna út 10.;Electrogal Kereskedelmi Bt.;48.169;21.5642;Hétfő 05:30-21:30|Kedd 05:30-21:30|Szerda 05:30-21:30|Csütörtök 05:30-21:30|Péntek 05:30-21:30|Szombat 05:30-21:30|Vasárnap 05:30-21:30
4517;Szabolcs-Szatmár-Bereg;Gégény;Dombrádi út 9.;Menyhárt Csaba;48.1493;21.9482;Hétfő 06:00-20:00|Kedd 06:00-20:00|Szerda 06:00-20:00|Csütörtök 06:00-20:00|Péntek 06:00-20:00|Szombat 06:00-20:00|Vasárnap 07:00-20:00
4935;Szabolcs-Szatmár-Bereg;Gelénes;Kossuth út 40.;Kiss Máté Zoltán;48.1988;22.4461;Hétfő 06:00-18:00|Kedd 06:00-18:00|Szerda 06:00-18:00|Csütörtök 06:00-18:00|Péntek 06:00-18:00|Szombat 06:00-16:00|Vasárnap 07:00-11:00
8981;Zala;Gellénháza;Olajbányász körút 3.;Takács Krisztián;46.7655;16.7865;Hétfő 06:00-19:00|Kedd 06:00-19:00|Szerda 06:00-19:00|Csütörtök 06:00-19:00|Péntek 06:00-19:00|Szombat 07:00-18:00|Vasárnap 07:00-13:00
8774;Zala;Gelse;Kossuth utca 95/B;Nincsevics és Társa Tabak Bt;46.605388;16.990275;Hétfő 06:00-20:00|Kedd 06:00-20:00|Szerda 06:00-20:00|Csütörtök 06:00-20:00|Péntek 06:00-20:00|Szombat 06:00-20:00|Vasárnap 06:00-12:00
9672;Vas;Gérce;Kossuth utca 150. 213/2. hrsz;Gércei Coop-Trafik Bt.;47.2112;17.0198;Hétfő 06:30-14:30|Kedd 06:30-14:30|Szerda 06:30-14:30|Csütörtök 06:30-14:30|Péntek 06:30-14:30|Szombat 06:30-10:30|Vasárnap 06:30-10:30
7951;Baranya;Gerde;Petőfi S. utca 92;Steflik Jenő;46.0085;18.0423;Hétfő 06:00-18:00|Kedd 06:00-18:00|Szerda 06:00-18:00|Csütörtök 06:00-18:00|Péntek 06:00-18:00|Szombat 06:30-14:00|Vasárnap 07:00-11:00
7134;Tolna;Gerjen;Szent István utca 35.;Merkl Krisztina;46.4941;18.9038;Hétfő 05:30-17:30|Kedd 05:30-17:30|Szerda 05:30-17:30|Csütörtök 05:30-17:30|Péntek 05:30-17:30|Szombat 05:30-12:00|Vasárnap 06:30-11:00
8762;Zala;Gétye;Petőfi utca 8.;Ezüst Szipka Bt.;46.7623297;17.0354305;Hétfő 06:00-18:00|Kedd 06:00-18:00|Szerda 06:00-18:00|Csütörtök 06:00-18:00|Péntek 06:00-18:00|Szombat 06:00-14:00|Vasárnap 07:00-12:00
2100;Pest;Gödöllő;Blaháné út 92.;Csontos Pál;47.5988;19.3475;Hétfő 06:00-22:00|Kedd 06:00-22:00|Szerda 06:00-22:00|Csütörtök 06:00-22:00|Péntek 06:00-22:00|Szombat 06:00-14:00
2100;Pest;Gödöllő;Dózsa György út 12.;Alhazim Ehsan;47.5988;19.3475;Hétfő 06:00-22:00|Kedd 06:00-22:00|Szerda 06:00-22:00|Csütörtök 06:00-22:00|Péntek 06:00-22:00|Szombat 06:00-14:00
2100;Pest;Gödöllő;Egyetem tér 1.;Rédai András;47.5988;19.3475;Hétfő 06:00-22:00|Kedd 06:00-22:00|Szerda 06:00-22:00|Csütörtök 06:00-22:00|Péntek 06:00-22:00|Szombat 06:00-14:00
2100;Pest;Gödöllő;Gábor Áron utca 2-10.;Noe G-Plusz Bt;47.5988;19.3475;Hétfő 06:00-22:00|Kedd 06:00-22:00|Szerda 06:00-22:00|Csütörtök 06:00-22:00|Péntek 06:00-22:00|Szombat 06:00-14:00
2100;Pest;Gödöllő;Hunyadi János utca 33.;Gödöllői Dohánytrafik ker. és Szolg. Bt;47.5988;19.3475;Hétfő 06:00-22:00|Kedd 06:00-22:00|Szerda 06:00-22:00|Csütörtök 06:00-22:00|Péntek 06:00-22:00|Szombat 06:00-14:00
2100;Pest;Gödöllő;Isaszegi út 19.;Tábik Mihály;47.5988;19.3475;Hétfő 06:00-22:00|Kedd 06:00-22:00|Szerda 06:00-22:00|Csütörtök 06:00-22:00|Péntek 06:00-22:00|Szombat 06:00-14:00
2100;Pest;Gödöllő;Kossuth Lajos utca 26.;Alhazim Ehsan;47.6001;19.3463;Hétfő 06:00-22:00|Kedd 06:00-22:00|Szerda 06:00-22:00|Csütörtök 06:00-22:00|Péntek 06:00-22:00|Szombat 06:00-22:00|Vasárnap 06:00-22:00
2100;Pest;Gödöllő;Kossuth Lajos utca 31-33.;Franka Csaba;47.5988;19.3475;Hétfő 06:00-22:00|Kedd 06:00-22:00|Szerda 06:00-22:00|Csütörtök 06:00-22:00|Péntek 06:00-22:00|Szombat 06:00-14:00
2100;Pest;Gödöllő;Kossuth Lajos utca 44.;Horváth Traf-x Bt;47.5988;19.3475;Hétfő 06:00-22:00|Kedd 06:00-22:00|Szerda 06:00-22:00|Csütörtök 06:00-22:00|Péntek 06:00-22:00|Szombat 06:00-14:00
2100;Pest;Gödöllő;Köztársaság út 85.;Luna Trafik Bt.;47.5988;19.3475;Hétfő 06:00-22:00|Kedd 06:00-22:00|Szerda 06:00-22:00|Csütörtök 06:00-22:00|Péntek 06:00-22:00|Szombat 06:00-14:00
2100;Pest;Gödöllő;Otto Ferenc utca 2-4.;Kazi Katalin Dohánytrafik Bt;47.5988;19.3475;Hétfő 06:00-22:00|Kedd 06:00-22:00|Szerda 06:00-22:00|Csütörtök 06:00-22:00|Péntek 06:00-22:00|Szombat 06:00-14:00
2100;Pest;Gödöllő;Palotakert 19.;Trafik-System Dél Bt.;47.5988;19.3475;Hétfő 06:00-22:00|Kedd 06:00-22:00|Szerda 06:00-22:00|Csütörtök 06:00-22:00|Péntek 06:00-22:00|Szombat 06:00-14:00
2100;Pest;Gödöllő;Szabadság út 26.;Szentesiné Józer Anita;47.5988;19.3475;Hétfő 06:00-22:00|Kedd 06:00-22:00|Szerda 06:00-22:00|Csütörtök 06:00-22:00|Péntek 06:00-22:00|Szombat 06:00-14:00
2100;Pest;Gödöllő;Szabadság út 52.;Márkus Gábor;47.5988;19.3475;Hétfő 06:00-22:00|Kedd 06:00-22:00|Szerda 06:00-22:00|Csütörtök 06:00-22:00|Péntek 06:00-22:00|Szombat 06:00-14:00
2100;Pest;Gödöllő;Szőlő utca 10.;Mészáros Tibor;47.5988;19.3475;Hétfő 06:00-22:00|Kedd 06:00-22:00|Szerda 06:00-22:00|Csütörtök 06:00-22:00|Péntek 06:00-22:00|Szombat 06:00-14:00
2217;Pest;Gomba;Rákóczi utca 10.;Boros Lajos;47.3616;19.5277;Hétfő 08:00-20:00|Kedd 08:00-20:00|Szerda 08:00-20:00|Csütörtök 08:00-20:00|Péntek 08:00-20:00|Szombat 08:00-16:00
3728;Baranya;Gömörszőlős;Tompa M. út 31.;Juhászné Drahos Anikó;48.3559;20.4289;Hétfő 06:00-16:30|Kedd 06:00-16:30|Szerda 06:00-16:30|Csütörtök 06:00-16:30|Péntek 06:00-16:30|Szombat 06:00-12:00|Vasárnap 06:00-12:00
7833;Győr-Moson-Sopron;Görcsöny;Hársfa utca 33.;Dulkolátusz Bt.;45.9695;18.1361;Hétfő 06:00-18:00|Kedd 06:00-18:00|Szerda 06:00-18:00|Csütörtök 06:00-18:00|Péntek 06:00-18:00|Szombat 06:00-12:00|Vasárnap 07:00-11:00
7728;Hajdú-Bihar;Görcsönydoboka;Kossuth Lajos utca 113/a.;Emmert Gábor;46.0803;18.6586;Hétfő 05:00-17:00|Kedd 05:00-17:00|Szerda 05:00-17:00|Csütörtök 05:00-17:00|Péntek 05:00-17:00|Szombat 05:00-12:00|Vasárnap 07:30-10:00
2360;Pest;Gyál;Bartók Béla utca 102.;Domány Trafik Bt.;47.3871;19.2144;Hétfő 06:30-20:00|Kedd 06:30-20:00|Szerda 06:30-20:00|Csütörtök 06:30-20:00|Péntek 06:30-20:00|Szombat 07:00-15:00|Vasárnap 07:00-15:00
2360;Pest;Gyál;Déryné utca 1-3.;Fortunova Bt;47.3871;19.2144;Hétfő 06:30-20:00|Kedd 06:30-20:00|Szerda 06:30-20:00|Csütörtök 06:30-20:00|Péntek 06:30-20:00|Szombat 07:00-15:00|Vasárnap 07:00-15:00
2360;Pest;Gyál;Kőrösi út 84-86;Mráz Szabolcs;47.3871;19.2144;Hétfő 06:30-20:00|Kedd 06:30-20:00|Szerda 06:30-20:00|Csütörtök 06:30-20:00|Péntek 06:30-20:00|Szombat 07:00-15:00|Vasárnap 07:00-15:00
2360;Pest;Gyál;Mátyás király utca 1.;Coco Bongo Bt.;47.3871;19.2144;Hétfő 06:30-20:00|Kedd 06:30-20:00|Szerda 06:30-20:00|Csütörtök 06:30-20:00|Péntek 06:30-20:00|Szombat 07:00-15:00|Vasárnap 07:00-15:00
2360;Pest;Gyál;Munkás 1. A.;Liget Tabak-Shop Bt;47.3871;19.2144;Hétfő 06:30-20:00|Kedd 06:30-20:00|Szerda 06:30-20:00|Csütörtök 06:30-20:00|Péntek 06:30-20:00|Szombat 07:00-15:00|Vasárnap 07:00-15:00
2360;Pest;Gyál;Pesti út 118.;Coco Bongo Bt.;47.3871;19.2144;Hétfő 06:30-20:00|Kedd 06:30-20:00|Szerda 06:30-20:00|Csütörtök 06:30-20:00|Péntek 06:30-20:00|Szombat 07:00-15:00|Vasárnap 07:00-15:00
2360;Pest;Gyál;Széchenyi út 4.;Erdős Attila;47.3896;19.2188;Hétfő 05:00-23:00|Kedd 05:00-23:00|Szerda 05:00-23:00|Csütörtök 05:00-23:00|Péntek 05:00-23:00|Szombat 05:00-23:00|Vasárnap 05:00-23:00
2360;Pest;Gyál;Széchenyi utca 93.;Csepp Tabak Bt;47.3871;19.2144;Hétfő 06:30-20:00|Kedd 06:30-20:00|Szerda 06:30-20:00|Csütörtök 06:30-20:00|Péntek 06:30-20:00|Szombat 07:00-15:00|Vasárnap 07:00-15:00
2360;Pest;Gyál;Tulipán út 36.;Győri Ferenc Pálné;47.3871;19.2144;Hétfő 06:30-20:00|Kedd 06:30-20:00|Szerda 06:30-20:00|Csütörtök 06:30-20:00|Péntek 06:30-20:00|Szombat 07:00-15:00|Vasárnap 07:00-15:00
2360;Pest;Gyál;Vak Bottyán utca 68.;Kincsem Tabak-Shop Bt.;47.3871;19.2144;Hétfő 06:30-20:00|Kedd 06:30-20:00|Szerda 06:30-20:00|Csütörtök 06:30-20:00|Péntek 06:30-20:00|Szombat 07:00-15:00|Vasárnap 07:00-15:00
2360;Pest;Gyál;Vecsési utca 122/A;Kaposi Krisztián;47.3871;19.2144;Hétfő 06:30-20:00|Kedd 06:30-20:00|Szerda 06:30-20:00|Csütörtök 06:30-20:00|Péntek 06:30-20:00|Szombat 07:00-15:00|Vasárnap 07:00-15:00
8315;Zala;Gyenesdiás;Kossuth Lajos utca 92.;Papp Ádám;46.7726;17.2852;Hétfő 06:00-19:00|Kedd 06:00-19:00|Szerda 06:00-19:00|Csütörtök 06:00-19:00|Péntek 06:00-19:00|Szombat 06:00-13:00|Vasárnap 06:00-12:00
8315;Zala;Gyenesdiás;Madách I. utca 728/16.;Kovács Krisztina;46.7726;17.2852;Hétfő 06:00-19:00|Kedd 06:00-19:00|Szerda 06:00-19:00|Csütörtök 06:00-19:00|Péntek 06:00-19:00|Szombat 06:00-13:00|Vasárnap 06:00-12:00
8473;Veszprém;Gyepükaján;Kossuth utca 15.;Sarvaly-COOP Kereskedelmi Bt.;47.0445;17.3281;Hétfő 06:30-11:00|Kedd 06:30-15:00|Szerda 06:30-15:00|Csütörtök 06:30-15:00|Péntek 06:30-16:00|Szombat 06:30-11:00|Vasárnap 10:00-11:00
7668;Baranya;Gyód;Petőfi Sándor utca 127.;Mecsek Dohányértékesítő Bt.;46.0158;18.1907;Hétfő 06:30-15:30|Kedd 06:30-15:30|Szerda 06:30-15:30|Csütörtök 06:30-15:30|Péntek 06:30-15:30|Szombat 07:00-11:00|Vasárnap 07:00-11:00
2230;Győr-Moson-Sopron;Gyömrő;Bajcsy-Zsilinszky utca 77.;Sebők Attila György;47.4118;19.3989;Hétfő 06:00-21:00|Kedd 06:00-21:00|Szerda 06:00-21:00|Csütörtök 06:00-21:00|Péntek 06:00-21:00|Szombat 06:00-21:00|Vasárnap 08:00-16:00
2230;Győr-Moson-Sopron;Gyömrő;Mendei út 27.;Privát-Trafik Bt.;47.4118;19.3989;Hétfő 06:00-21:00|Kedd 06:00-21:00|Szerda 06:00-21:00|Csütörtök 06:00-21:00|Péntek 06:00-21:00|Szombat 06:00-21:00|Vasárnap 08:00-16:00
2230;Győr-Moson-Sopron;Gyömrő;Szent Imre út 36.;Békitrafik Bt.;47.4118;19.3989;Hétfő 06:00-21:00|Kedd 06:00-21:00|Szerda 06:00-21:00|Csütörtök 06:00-21:00|Péntek 06:00-21:00|Szombat 06:00-21:00|Vasárnap 08:00-16:00
2230;Győr-Moson-Sopron;Gyömrő;Táncsics Mihály út 37.;Ben Trafik Bt;47.4118;19.3989;Hétfő 06:00-21:00|Kedd 06:00-21:00|Szerda 06:00-21:00|Csütörtök 06:00-21:00|Péntek 06:00-21:00|Szombat 06:00-21:00|Vasárnap 08:00-16:00
2230;Győr-Moson-Sopron;Gyömrő;Táncsics Mihály út 75/a;Erdős Mihályné;47.4118;19.3989;Hétfő 06:00-21:00|Kedd 06:00-21:00|Szerda 06:00-21:00|Csütörtök 06:00-21:00|Péntek 06:00-21:00|Szombat 06:00-21:00|Vasárnap 08:00-16:00
2230;Győr-Moson-Sopron;Gyömrő;Táncsics Mihály utca 101.;Smoke Shop Center Bt.;47.4118;19.3989;Hétfő 06:00-21:00|Kedd 06:00-21:00|Szerda 06:00-21:00|Csütörtök 06:00-21:00|Péntek 06:00-21:00|Szombat 06:00-21:00|Vasárnap 08:00-16:00
2230;Győr-Moson-Sopron;Gyömrő;Táncsics Mihály utca 51.;Munkás Trafik Bt;47.4118;19.3989;Hétfő 06:00-21:00|Kedd 06:00-21:00|Szerda 06:00-21:00|Csütörtök 06:00-21:00|Péntek 06:00-21:00|Szombat 06:00-21:00|Vasárnap 08:00-16:00
2230;Győr-Moson-Sopron;Gyömrő;Wesselényi utca 1.;Dohány Központ Bt;47.4118;19.3989;Hétfő 06:00-21:00|Kedd 06:00-21:00|Szerda 06:00-21:00|Csütörtök 06:00-21:00|Péntek 06:00-21:00|Szombat 06:00-21:00|Vasárnap 08:00-16:00
3200;Heves;Gyöngyös;Belterület HRSZ. 1921/A;Mátra Trafik Bt.;47.7824;19.9269;Hétfő 06:00-20:00|Kedd 06:00-20:00|Szerda 06:00-20:00|Csütörtök 06:00-20:00|Péntek 06:00-20:00|Szombat 06:00-20:00|Vasárnap 06:00-12:00
3200;Heves;Gyöngyös;Dobó utca 5.;Tabaktéka Bt;47.7824;19.9269;Hétfő 06:00-20:00|Kedd 06:00-20:00|Szerda 06:00-20:00|Csütörtök 06:00-20:00|Péntek 06:00-20:00|Szombat 06:00-20:00|Vasárnap 06:00-12:00
3200;Heves;Gyöngyös;Dózsa György utca 11.;Mátra Trafik Bt.;47.7824;19.9269;Hétfő 06:00-20:00|Kedd 06:00-20:00|Szerda 06:00-20:00|Csütörtök 06:00-20:00|Péntek 06:00-20:00|Szombat 06:00-20:00|Vasárnap 06:00-12:00
3200;Heves;Gyöngyös;Karácsondi út 39.;Kékes Trafik Bt.;47.7824;19.9269;Hétfő 06:00-20:00|Kedd 06:00-20:00|Szerda 06:00-20:00|Csütörtök 06:00-20:00|Péntek 06:00-20:00|Szombat 06:00-20:00|Vasárnap 06:00-12:00
3200;Heves;Gyöngyös;Kócsag úti üzletsor 1.;Mátra Trafik Bt.;47.7824;19.9269;Hétfő 06:00-20:00|Kedd 06:00-20:00|Szerda 06:00-20:00|Csütörtök 06:00-20:00|Péntek 06:00-20:00|Szombat 06:00-20:00|Vasárnap 06:00-12:00
3200;Heves;Gyöngyös;Kossuth Lajos út 39.;Gyöngy Trafik Bt.;47.7828;19.9346;Hétfő 06:00-20:00|Kedd 06:00-20:00|Szerda 06:00-20:00|Csütörtök 06:00-20:00|Péntek 06:00-20:00
3200;Heves;Gyöngyös;Köztársaság tér 5.;Mátra Trafik Bt.;47.7824;19.9269;Hétfő 06:00-20:00|Kedd 06:00-20:00|Szerda 06:00-20:00|Csütörtök 06:00-20:00|Péntek 06:00-20:00|Szombat 06:00-20:00|Vasárnap 06:00-12:00
3200;Heves;Gyöngyös;Laktanya utca 18.;Kékes Trafik Bt.;47.7824;19.9269;Hétfő 06:00-20:00|Kedd 06:00-20:00|Szerda 06:00-20:00|Csütörtök 06:00-20:00|Péntek 06:00-20:00|Szombat 06:00-20:00|Vasárnap 06:00-12:00
3200;Heves;Gyöngyös;Olimpia út 4.;Vedanta Dohánybolt Bt;47.7824;19.9269;Hétfő 06:00-20:00|Kedd 06:00-20:00|Szerda 06:00-20:00|Csütörtök 06:00-20:00|Péntek 06:00-20:00|Szombat 06:00-20:00|Vasárnap 06:00-12:00
3200;Heves;Gyöngyös;Olimpia utca 2.;Gyöngy Trafik Bt.;47.7824;19.9269;Hétfő 06:00-20:00|Kedd 06:00-20:00|Szerda 06:00-20:00|Csütörtök 06:00-20:00|Péntek 06:00-20:00|Szombat 06:00-20:00|Vasárnap 06:00-12:00
3200;Heves;Gyöngyös;Páter Kiss Szaléz utca 22. Fsz. 1. ajtó;GBGB Dominó Bt.;47.7824;19.9269;Hétfő 06:00-20:00|Kedd 06:00-20:00|Szerda 06:00-20:00|Csütörtök 06:00-20:00|Péntek 06:00-20:00|Szombat 06:00-20:00|Vasárnap 06:00-12:00
3200;Heves;Gyöngyös;Pesti út 1/1.;Pancafé Bt;47.7779;19.9224;Hétfő 06:00-18:00|Kedd 06:00-18:00|Szerda 06:00-18:00|Csütörtök 06:00-18:00|Péntek 06:00-18:00|Szombat 07:00-15:00
3200;Heves;Gyöngyös;Püspöki utca 2.;Gyöngy Trafik Bt.;47.7824;19.9269;Hétfő 06:00-20:00|Kedd 06:00-20:00|Szerda 06:00-20:00|Csütörtök 06:00-20:00|Péntek 06:00-20:00|Szombat 06:00-20:00|Vasárnap 06:00-12:00
3200;Heves;Gyöngyös;Szent Bertalan út 2.;Gyöngy Trafik Bt.;47.7858;19.9255;Hétfő 06:00-18:00|Kedd 06:00-18:00|Szerda 06:00-18:00|Csütörtök 06:00-18:00|Péntek 06:00-18:00|Szombat 06:00-18:00
3212;Vas;Gyöngyöshalász;Atkári utca 2.;Matuláné Majoros Zsuzsanna;47.744;19.9127;Hétfő 07:00-19:00|Kedd 07:00-19:00|Szerda 07:00-19:00|Csütörtök 07:00-19:00|Péntek 07:00-19:00|Szombat 07:00-19:00|Vasárnap 07:00-19:00
3212;Vas;Gyöngyöshalász;Temető út 4.;Székelyi Nikoletta;47.744;19.9127;Hétfő 07:00-19:00|Kedd 07:00-19:00|Szerda 07:00-19:00|Csütörtök 07:00-19:00|Péntek 07:00-19:00|Szombat 07:00-19:00|Vasárnap 07:00-19:00
3231;Heves;Gyöngyössolymos;Szabadság út 166.;Tarna Tabak Bt;47.8189;19.9353;Hétfő 06:00-18:00|Kedd 06:00-18:00|Szerda 06:00-18:00|Csütörtök 06:00-18:00|Péntek 06:00-18:00|Szombat 06:00-20:00
3036;Heves;Gyöngyöstarján;Hősök útja 11.;Tarna Tabak Bt;47.8105;19.8672;Hétfő 05:00-20:00|Kedd 05:00-20:00|Szerda 05:00-20:00|Csütörtök 05:00-20:00|Péntek 05:00-20:00|Szombat 14:00-20:00
9027;Győr-Moson-Sopron;Győr;6336/5. hrsz.;Sragner Trafik Bt.;47.6841;17.6335;Hétfő 06:00-22:00|Kedd 06:00-22:00|Szerda 06:00-22:00|Csütörtök 06:00-22:00|Péntek 06:00-22:00|Szombat 07:00-22:00|Vasárnap 07:00-22:00
9021;Győr-Moson-Sopron;Győr;Aradi vértanúk útja 7. 1. ajtó;Firmitas-Tabak Bt.;47.6841;17.6335;Hétfő 06:00-22:00|Kedd 06:00-22:00|Szerda 06:00-22:00|Csütörtök 06:00-22:00|Péntek 06:00-22:00|Szombat 07:00-22:00|Vasárnap 07:00-22:00
9021;Győr-Moson-Sopron;Győr;Arany János utca 25.;Firmitas-Tabak ker.szolg. Bt.;47.6841;17.6335;Hétfő 06:00-22:00|Kedd 06:00-22:00|Szerda 06:00-22:00|Csütörtök 06:00-22:00|Péntek 06:00-22:00|Szombat 07:00-22:00|Vasárnap 07:00-22:00
9021;Győr-Moson-Sopron;Győr;Baross Gábor utca 32.;Füstszűrő Dohányértékesítő és Szolg. Bt;47.6841;17.6335;Hétfő 06:00-22:00|Kedd 06:00-22:00|Szerda 06:00-22:00|Csütörtök 06:00-22:00|Péntek 06:00-22:00|Szombat 07:00-22:00|Vasárnap 07:00-22:00
9025;Győr-Moson-Sopron;Győr;Bécsi út 14.;Zazu Trafik Bt.;47.6841;17.6335;Hétfő 06:00-22:00|Kedd 06:00-22:00|Szerda 06:00-22:00|Csütörtök 06:00-22:00|Péntek 06:00-22:00|Szombat 07:00-22:00|Vasárnap 07:00-22:00
9025;Győr-Moson-Sopron;Győr;Bercsényi liget 18. ajtó: 6.;FÜSTSZŰRŐ Bt.;47.6841;17.6335;Hétfő 06:00-22:00|Kedd 06:00-22:00|Szerda 06:00-22:00|Csütörtök 06:00-22:00|Péntek 06:00-22:00|Szombat 07:00-22:00|Vasárnap 07:00-22:00
9025;Győr-Moson-Sopron;Győr;Bercsényi liget 72.;György Katalin;47.6841;17.6335;Hétfő 06:00-22:00|Kedd 06:00-22:00|Szerda 06:00-22:00|Csütörtök 06:00-22:00|Péntek 06:00-22:00|Szombat 07:00-22:00|Vasárnap 07:00-22:00
9025;Győr-Moson-Sopron;Győr;Csipkegyári utca 2-4.;Tédi Gábor;47.6841;17.6335;Hétfő 06:00-22:00|Kedd 06:00-22:00|Szerda 06:00-22:00|Csütörtök 06:00-22:00|Péntek 06:00-22:00|Szombat 07:00-22:00|Vasárnap 07:00-22:00
9011;Győr-Moson-Sopron;Győr;Déryné utca 26.;Szarvas Tabak Bt;47.6841;17.6335;Hétfő 06:00-22:00|Kedd 06:00-22:00|Szerda 06:00-22:00|Csütörtök 06:00-22:00|Péntek 06:00-22:00|Szombat 07:00-22:00|Vasárnap 07:00-22:00
9024;Győr-Moson-Sopron;Győr;Eszperantó út 12.;GANAR Bt.;47.6841;17.6335;Hétfő 06:00-22:00|Kedd 06:00-22:00|Szerda 06:00-22:00|Csütörtök 06:00-22:00|Péntek 06:00-22:00|Szombat 07:00-22:00|Vasárnap 07:00-22:00
9028;Győr-Moson-Sopron;Győr;Fehérvári út 114.;Virág Trafik Ker. és Szolg. Bt;47.6841;17.6335;Hétfő 06:00-22:00|Kedd 06:00-22:00|Szerda 06:00-22:00|Csütörtök 06:00-22:00|Péntek 06:00-22:00|Szombat 07:00-22:00|Vasárnap 07:00-22:00
9023;Győr-Moson-Sopron;Győr;Földes Gábor utca 14.;ÉVA-TOBACCO Bt.;47.6757;17.6527;Hétfő 06:00-20:00|Kedd 06:00-20:00|Szerda 06:00-20:00|Csütörtök 06:00-20:00|Péntek 06:00-20:00|Szombat 07:00-20:00|Vasárnap 07:00-20:00
9028;Győr-Moson-Sopron;Győr;Gábor Áron utca 2.;Beni Trafik Bt.;47.6841;17.6335;Hétfő 06:00-22:00|Kedd 06:00-22:00|Szerda 06:00-22:00|Csütörtök 06:00-22:00|Péntek 06:00-22:00|Szombat 07:00-22:00|Vasárnap 07:00-22:00
9026;Győr-Moson-Sopron;Győr;Galántai utca 11674/1.;Zazu Trafik Bt.;47.6841;17.6335;Hétfő 06:00-22:00|Kedd 06:00-22:00|Szerda 06:00-22:00|Csütörtök 06:00-22:00|Péntek 06:00-22:00|Szombat 07:00-22:00|Vasárnap 07:00-22:00
9024;Győr-Moson-Sopron;Győr;Gerence 29-31.;Sragner Trafik Ker. és Szolg. Bt;47.6841;17.6335;Hétfő 06:00-22:00|Kedd 06:00-22:00|Szerda 06:00-22:00|Csütörtök 06:00-22:00|Péntek 06:00-22:00|Szombat 07:00-22:00|Vasárnap 07:00-22:00
9012;Győr-Moson-Sopron;Győr;Győri utca 65.;Szaszatibi-Tabak Bt;47.6309;17.6086;Hétfő 05:00-21:00|Kedd 05:00-21:00|Szerda 05:00-21:00|Csütörtök 05:00-21:00|Péntek 05:00-21:00|Szombat 06:00-20:00|Vasárnap 07:00-19:00
9012;Győr-Moson-Sopron;Győr;Hegyalja utca 1.;Zazu Trafik Bt.;47.6841;17.6335;Hétfő 06:00-22:00|Kedd 06:00-22:00|Szerda 06:00-22:00|Csütörtök 06:00-22:00|Péntek 06:00-22:00|Szombat 07:00-22:00|Vasárnap 07:00-22:00
9023;Győr-Moson-Sopron;Győr;Hermann Ottó utca 22/a;Sragner Trafik Ker. és Szolg. Bt;47.6841;17.6335;Hétfő 06:00-22:00|Kedd 06:00-22:00|Szerda 06:00-22:00|Csütörtök 06:00-22:00|Péntek 06:00-22:00|Szombat 07:00-22:00|Vasárnap 07:00-22:00
9023;Győr-Moson-Sopron;Győr;Hermann Ottó utca 24.;Annamari Trafik Bt.;47.6773;17.645;Hétfő 06:00-18:00|Kedd 06:00-18:00|Szerda 06:00-18:00|Csütörtök 06:00-18:00|Péntek 06:00-18:00|Szombat 06:00-14:00|Vasárnap 06:00-12:00
9024;Győr-Moson-Sopron;Győr;Hrsz. 2858/79.;SZINDE Bt.;47.6841;17.6335;Hétfő 06:00-22:00|Kedd 06:00-22:00|Szerda 06:00-22:00|Csütörtök 06:00-22:00|Péntek 06:00-22:00|Szombat 07:00-22:00|Vasárnap 07:00-22:00
9024;Győr-Moson-Sopron;Győr;Ifjúság körút 26. 1/A;Gaben Trafik Bt.;47.6841;17.6335;Hétfő 06:00-22:00|Kedd 06:00-22:00|Szerda 06:00-22:00|Csütörtök 06:00-22:00|Péntek 06:00-22:00|Szombat 07:00-22:00|Vasárnap 07:00-22:00
9027;Győr-Moson-Sopron;Győr;Ipar u.- Nagy Sándor József u. sarok HRSZ. 5968.;Gaben Trafik Bt.;47.6841;17.6335;Hétfő 06:00-22:00|Kedd 06:00-22:00|Szerda 06:00-22:00|Csütörtök 06:00-22:00|Péntek 06:00-22:00|Szombat 07:00-22:00|Vasárnap 07:00-22:00
9027;Győr-Moson-Sopron;Győr;Ipar utca 99.;GANAR Bt.;47.6841;17.6335;Hétfő 06:00-22:00|Kedd 06:00-22:00|Szerda 06:00-22:00|Csütörtök 06:00-22:00|Péntek 06:00-22:00|Szombat 07:00-22:00|Vasárnap 07:00-22:00
9030;Győr-Moson-Sopron;Győr;István Király utca 40.;Szaszatibi-Tabak Bt;47.6841;17.6335;Hétfő 06:00-22:00|Kedd 06:00-22:00|Szerda 06:00-22:00|Csütörtök 06:00-22:00|Péntek 06:00-22:00|Szombat 07:00-22:00|Vasárnap 07:00-22:00
9028;Győr-Moson-Sopron;Győr;Jereváni utca 25.;MÉSZÁROS TRAFIK Bt.;47.6841;17.6335;Hétfő 06:00-22:00|Kedd 06:00-22:00|Szerda 06:00-22:00|Csütörtök 06:00-22:00|Péntek 06:00-22:00|Szombat 07:00-22:00|Vasárnap 07:00-22:00
9026;Győr-Moson-Sopron;Győr;Kálóczy tér 10463 hrsz;Kelemen Dezső;47.6841;17.6335;Hétfő 06:00-22:00|Kedd 06:00-22:00|Szerda 06:00-22:00|Csütörtök 06:00-22:00|Péntek 06:00-22:00|Szombat 07:00-22:00|Vasárnap 07:00-22:00
9021;Győr-Moson-Sopron;Győr;Király utca 17.;Farkas Ákosné;47.6841;17.6335;Hétfő 06:00-22:00|Kedd 06:00-22:00|Szerda 06:00-22:00|Csütörtök 06:00-22:00|Péntek 06:00-22:00|Szombat 07:00-22:00|Vasárnap 07:00-22:00
9023;Győr-Moson-Sopron;Győr;Kodály Zoltán út 10.;Kisgaras Trafik Bt.;47.6841;17.6335;Hétfő 06:00-22:00|Kedd 06:00-22:00|Szerda 06:00-22:00|Csütörtök 06:00-22:00|Péntek 06:00-22:00|Szombat 07:00-22:00|Vasárnap 07:00-22:00
9023;Győr-Moson-Sopron;Győr;Kodály Zoltán utca 9.;Gasztonyi Balázs;47.6841;17.6335;Hétfő 06:00-22:00|Kedd 06:00-22:00|Szerda 06:00-22:00|Csütörtök 06:00-22:00|Péntek 06:00-22:00|Szombat 07:00-22:00|Vasárnap 07:00-22:00
9011;Győr-Moson-Sopron;Győr;Kör tér 65.;Alpok Dohány Bt.;47.6841;17.6335;Hétfő 06:00-22:00|Kedd 06:00-22:00|Szerda 06:00-22:00|Csütörtök 06:00-22:00|Péntek 06:00-22:00|Szombat 07:00-22:00|Vasárnap 07:00-22:00
9025;Győr-Moson-Sopron;Győr;Kossuth L. utca 30.;Gaben Trafik Bt.;47.6841;17.6335;Hétfő 06:00-22:00|Kedd 06:00-22:00|Szerda 06:00-22:00|Csütörtök 06:00-22:00|Péntek 06:00-22:00|Szombat 07:00-22:00|Vasárnap 07:00-22:00
9024;Győr-Moson-Sopron;Győr;Külterület 017/1. Hrsz.;SZINDE Bt.;47.6841;17.6335;Hétfő 06:00-22:00|Kedd 06:00-22:00|Szerda 06:00-22:00|Csütörtök 06:00-22:00|Péntek 06:00-22:00|Szombat 07:00-22:00|Vasárnap 07:00-22:00
9024;Győr-Moson-Sopron;Győr;Lajta utca 16.;Annamari Trafik Bt.;47.6841;17.6335;Hétfő 06:00-22:00|Kedd 06:00-22:00|Szerda 06:00-22:00|Csütörtök 06:00-22:00|Péntek 06:00-22:00|Szombat 07:00-22:00|Vasárnap 07:00-22:00
9024;Győr-Moson-Sopron;Győr;Lajta utca 19.;Virág Trafik Ker. és Szolg. Bt;47.6841;17.6335;Hétfő 06:00-22:00|Kedd 06:00-22:00|Szerda 06:00-22:00|Csütörtök 06:00-22:00|Péntek 06:00-22:00|Szombat 07:00-22:00|Vasárnap 07:00-22:00
9023;Győr-Moson-Sopron;Győr;Magyar utca 8.;Beni Trafik Bt.;47.6841;17.6335;Hétfő 06:00-22:00|Kedd 06:00-22:00|Szerda 06:00-22:00|Csütörtök 06:00-22:00|Péntek 06:00-22:00|Szombat 07:00-22:00|Vasárnap 07:00-22:00
9024;Győr-Moson-Sopron;Győr;Mécs László utca 4.;Kisgaras Trafik Bt.;47.6841;17.6335;Hétfő 06:00-22:00|Kedd 06:00-22:00|Szerda 06:00-22:00|Csütörtök 06:00-22:00|Péntek 06:00-22:00|Szombat 07:00-22:00|Vasárnap 07:00-22:00
9024;Győr-Moson-Sopron;Győr;Mécs László utca 9.;GANAR Bt.;47.6841;17.6335;Hétfő 06:00-22:00|Kedd 06:00-22:00|Szerda 06:00-22:00|Csütörtök 06:00-22:00|Péntek 06:00-22:00|Szombat 07:00-22:00|Vasárnap 07:00-22:00
9000;Győr-Moson-Sopron;Győr;Mohi utca 9.;Laki Péter;47.6841;17.6335;Hétfő 06:00-22:00|Kedd 06:00-22:00|Szerda 06:00-22:00|Csütörtök 06:00-22:00|Péntek 06:00-22:00|Szombat 07:00-22:00|Vasárnap 07:00-22:00
9024;Győr-Moson-Sopron;Győr;Örkény István utca 3;Fekete Attila;47.6841;17.6335;Hétfő 06:00-22:00|Kedd 06:00-22:00|Szerda 06:00-22:00|Csütörtök 06:00-22:00|Péntek 06:00-22:00|Szombat 07:00-22:00|Vasárnap 07:00-22:00
9022;Győr-Moson-Sopron;Győr;Pálffy utca 2. Hrsz.: 6940/8.;Agnes Trafik Bt.;47.6841;17.6335;Hétfő 06:00-22:00|Kedd 06:00-22:00|Szerda 06:00-22:00|Csütörtök 06:00-22:00|Péntek 06:00-22:00|Szombat 07:00-22:00|Vasárnap 07:00-22:00
9021;Győr-Moson-Sopron;Győr;Pesti utca 1.;Virág Trafik Ker. és Szolg. Bt;47.6841;17.6335;Hétfő 06:00-22:00|Kedd 06:00-22:00|Szerda 06:00-22:00|Csütörtök 06:00-22:00|Péntek 06:00-22:00|Szombat 07:00-22:00|Vasárnap 07:00-22:00
9026;Győr-Moson-Sopron;Győr;Pilinszky János utca 6394/28 hrsz.;GANAR Bt.;47.6841;17.6335;Hétfő 06:00-22:00|Kedd 06:00-22:00|Szerda 06:00-22:00|Csütörtök 06:00-22:00|Péntek 06:00-22:00|Szombat 07:00-22:00|Vasárnap 07:00-22:00
9024;Győr-Moson-Sopron;Győr;Répce utca 19-23.;Beni Trafik Bt.;47.6841;17.6335;Hétfő 06:00-22:00|Kedd 06:00-22:00|Szerda 06:00-22:00|Csütörtök 06:00-22:00|Péntek 06:00-22:00|Szombat 07:00-22:00|Vasárnap 07:00-22:00
9027;Győr-Moson-Sopron;Győr;Reptéri út hrsz. 5462/1.;Agnes Trafik Bt.;47.6841;17.6335;Hétfő 06:00-22:00|Kedd 06:00-22:00|Szerda 06:00-22:00|Csütörtök 06:00-22:00|Péntek 06:00-22:00|Szombat 07:00-22:00|Vasárnap 07:00-22:00
9021;Győr-Moson-Sopron;Győr;Révai út 6.;Sragner Trafik Ker. és Szolg. Bt;47.6841;17.6335;Hétfő 06:00-22:00|Kedd 06:00-22:00|Szerda 06:00-22:00|Csütörtök 06:00-22:00|Péntek 06:00-22:00|Szombat 07:00-22:00|Vasárnap 07:00-22:00
9026;Győr-Moson-Sopron;Győr;Rónay Jácint utca 17-19.;MÉSZÁROS TRAFIK Bt.;47.6841;17.6335;Hétfő 06:00-22:00|Kedd 06:00-22:00|Szerda 06:00-22:00|Csütörtök 06:00-22:00|Péntek 06:00-22:00|Szombat 07:00-22:00|Vasárnap 07:00-22:00
9026;Győr-Moson-Sopron;Győr;Szabadrév út/ Újbácsai út 12105/31.;Ko-Re-Ct Hungary Bt.;47.6841;17.6335;Hétfő 06:00-22:00|Kedd 06:00-22:00|Szerda 06:00-22:00|Csütörtök 06:00-22:00|Péntek 06:00-22:00|Szombat 07:00-22:00|Vasárnap 07:00-22:00
9024;Győr-Moson-Sopron;Győr;Szauter Ferenc utca 4121/6;Gaben Trafik Bt.;47.6841;17.6335;Hétfő 06:00-22:00|Kedd 06:00-22:00|Szerda 06:00-22:00|Csütörtök 06:00-22:00|Péntek 06:00-22:00|Szombat 07:00-22:00|Vasárnap 07:00-22:00
9028;Győr-Moson-Sopron;Győr;Szent Imre út 59.;Beni Trafik Bt.;47.6841;17.6335;Hétfő 06:00-22:00|Kedd 06:00-22:00|Szerda 06:00-22:00|Csütörtök 06:00-22:00|Péntek 06:00-22:00|Szombat 07:00-22:00|Vasárnap 07:00-22:00
9027;Győr-Moson-Sopron;Győr;Szeszgyár utca 6.;Sragner Trafik Ker. és Szolg. Bt;47.6841;17.6335;Hétfő 06:00-22:00|Kedd 06:00-22:00|Szerda 06:00-22:00|Csütörtök 06:00-22:00|Péntek 06:00-22:00|Szombat 07:00-22:00|Vasárnap 07:00-22:00
9029;Győr-Moson-Sopron;Győr;Szitásdomb utca 58/A.;Trafik üzletek Bt.;47.6841;17.6335;Hétfő 06:00-22:00|Kedd 06:00-22:00|Szerda 06:00-22:00|Csütörtök 06:00-22:00|Péntek 06:00-22:00|Szombat 07:00-22:00|Vasárnap 07:00-22:00
9028;Győr-Moson-Sopron;Győr;Szőnyi Márton utca 14-18.;GANAR Bt.;47.6841;17.6335;Hétfő 06:00-22:00|Kedd 06:00-22:00|Szerda 06:00-22:00|Csütörtök 06:00-22:00|Péntek 06:00-22:00|Szombat 07:00-22:00|Vasárnap 07:00-22:00
9028;Győr-Moson-Sopron;Győr;Tatai út 10.;Józsa Lászlóné;47.6841;17.6335;Hétfő 06:00-22:00|Kedd 06:00-22:00|Szerda 06:00-22:00|Csütörtök 06:00-22:00|Péntek 06:00-22:00|Szombat 07:00-22:00|Vasárnap 07:00-22:00
9023;Győr-Moson-Sopron;Győr;Tihanyi Á. út 89.;Virág Trafik Ker. és Szolg. Bt;47.6841;17.6335;Hétfő 06:00-22:00|Kedd 06:00-22:00|Szerda 06:00-22:00|Csütörtök 06:00-22:00|Péntek 06:00-22:00|Szombat 07:00-22:00|Vasárnap 07:00-22:00
9024;Győr-Moson-Sopron;Győr;Tihanyi Árpád utca 39/c;Fekete Attila;47.6841;17.6335;Hétfő 06:00-22:00|Kedd 06:00-22:00|Szerda 06:00-22:00|Csütörtök 06:00-22:00|Péntek 06:00-22:00|Szombat 07:00-22:00|Vasárnap 07:00-22:00
9023;Győr-Moson-Sopron;Győr;Tihanyi Árpád utca 9.;MÉSZÁROS TRAFIK Bt.;47.6841;17.6335;Hétfő 06:00-22:00|Kedd 06:00-22:00|Szerda 06:00-22:00|Csütörtök 06:00-22:00|Péntek 06:00-22:00|Szombat 07:00-22:00|Vasárnap 07:00-22:00
9025;Győr-Moson-Sopron;Győr;Töltésszer utca 8701 hrsz.;Kisgaras Trafik Bt.;47.6841;17.6335;Hétfő 06:00-22:00|Kedd 06:00-22:00|Szerda 06:00-22:00|Csütörtök 06:00-22:00|Péntek 06:00-22:00|Szombat 07:00-22:00|Vasárnap 07:00-22:00
9012;Győr-Moson-Sopron;Győr;Új élet utca 19.;Kisgaras Trafik Bt.;47.6841;17.6335;Hétfő 06:00-22:00|Kedd 06:00-22:00|Szerda 06:00-22:00|Csütörtök 06:00-22:00|Péntek 06:00-22:00|Szombat 07:00-22:00|Vasárnap 07:00-22:00
9022;Győr-Moson-Sopron;Győr;Vas Gereben utca 16. Fsz. 4.;Kisgaras Trafik Bt.;47.6841;17.6335;Hétfő 06:00-22:00|Kedd 06:00-22:00|Szerda 06:00-22:00|Csütörtök 06:00-22:00|Péntek 06:00-22:00|Szombat 07:00-22:00|Vasárnap 07:00-22:00
9024;Győr-Moson-Sopron;Győr;Vasvári Pál utca 1. Hrsz. 4123/40.;Alpok Trafik Bt.;47.6841;17.6335;Hétfő 06:00-22:00|Kedd 06:00-22:00|Szerda 06:00-22:00|Csütörtök 06:00-22:00|Péntek 06:00-22:00|Szombat 07:00-22:00|Vasárnap 07:00-22:00
9024;Győr-Moson-Sopron;Győr;Volán Helyközi Pályaudvar 3.;Varga Márta;47.6841;17.6335;Hétfő 06:00-22:00|Kedd 06:00-22:00|Szerda 06:00-22:00|Csütörtök 06:00-22:00|Péntek 06:00-22:00|Szombat 07:00-22:00|Vasárnap 07:00-22:00
9028;Győr-Moson-Sopron;Győr;Vörössipkás utca 1.;Beni Trafik Bt.;47.6841;17.6335;Hétfő 06:00-22:00|Kedd 06:00-22:00|Szerda 06:00-22:00|Csütörtök 06:00-22:00|Péntek 06:00-22:00|Szombat 07:00-22:00|Vasárnap 07:00-22:00
3954;Tolna;Györgytarló;Széchenyi út 18/20;Zivák Józsefné;48.205;21.6335;Hétfő 08:00-18:00|Kedd 08:00-18:00|Szerda 08:00-18:00|Csütörtök 08:00-18:00|Péntek 08:00-18:00|Szombat 08:00-12:00|Vasárnap 08:00-12:00
7045;Borsod-Abaúj-Zemplén;Györköny;Fő utca 487.;Braun Zoltán;46.636;18.6941;Hétfő 06:00-16:30|Kedd 06:00-16:30|Szerda 06:00-16:30|Csütörtök 06:00-16:30|Péntek 06:00-16:30|Szombat 06:00-15:00
9363;Győr-Moson-Sopron;Gyóró;Fő utca 45.;Varga Krisztina;47.4913;17.0209;Hétfő 07:00-15:30|Kedd 07:00-15:30|Szerda 07:00-15:30|Csütörtök 07:00-15:30|Péntek 07:00-15:30|Szombat 07:00-15:30|Vasárnap 07:00-11:00
9084;Győr-Moson-Sopron;Győrság;Öreg út 1.;Pápai Attila;47.5779;17.7519;Hétfő 07:00-21:00|Kedd 07:00-21:00|Szerda 07:00-21:00|Csütörtök 07:00-21:00|Péntek 07:00-23:00|Szombat 07:00-23:59|Vasárnap 07:00-21:00
4752;Szabolcs-Szatmár-Bereg;Győrtelek;Kossuth út 133.;Pesti Anita;47.9263;22.4433;Hétfő 06:00-21:00|Kedd 06:00-21:00|Szerda 06:00-21:00|Csütörtök 06:00-21:00|Péntek 06:00-21:00|Szombat 06:00-21:00|Vasárnap 06:00-21:00
9081;Győr-Moson-Sopron;Győrújbarát;Fő utca 26.;Dohánypajta Bt;47.6163;17.6391;Hétfő 05:00-20:00|Kedd 05:00-20:00|Szerda 05:00-20:00|Csütörtök 05:00-20:00|Péntek 05:00-20:00|Szombat 07:00-14:00
9081;Győr-Moson-Sopron;Győrújbarát;Széchenyi körút 18.;Laki László;47.6163;17.6391;Hétfő 05:00-20:00|Kedd 05:00-20:00|Szerda 05:00-20:00|Csütörtök 05:00-20:00|Péntek 05:00-20:00|Szombat 07:00-14:00
9172;Győr-Moson-Sopron;Győrzámoly;Rákóczi utca 39.;Szaszatibi-Tabak Bt;47.7413;17.5768;Hétfő 05:00-21:00|Kedd 05:00-21:00|Szerda 05:00-21:00|Csütörtök 05:00-21:00|Péntek 05:00-21:00|Szombat 06:00-21:00|Vasárnap 07:00-21:00
5700;Szabolcs-Szatmár-Bereg;Gyula;Béke sugárút 4.;Piskolty Tibor;46.6448;21.2722;Hétfő 00:00-23:59|Kedd 00:00-23:59|Szerda 00:00-23:59|Csütörtök 00:00-23:59|Péntek 00:00-23:59|Szombat 00:00-23:59|Vasárnap 00:00-23:59
5700;Szabolcs-Szatmár-Bereg;Gyula;Csabai út 6652/4;Piskolty Tibor;46.6448;21.2722;Hétfő 00:00-23:59|Kedd 00:00-23:59|Szerda 00:00-23:59|Csütörtök 00:00-23:59|Péntek 00:00-23:59|Szombat 00:00-23:59|Vasárnap 00:00-23:59
5700;Szabolcs-Szatmár-Bereg;Gyula;Dombi Lajos utca 2.;Csizmadia Imre;46.6448;21.2722;Hétfő 00:00-23:59|Kedd 00:00-23:59|Szerda 00:00-23:59|Csütörtök 00:00-23:59|Péntek 00:00-23:59|Szombat 00:00-23:59|Vasárnap 00:00-23:59
5700;Szabolcs-Szatmár-Bereg;Gyula;Honvéd utca 8.;Erdei Tabak Bt.;46.6418064;21.2692455;Hétfő 06:00-20:00|Kedd 06:00-20:00|Szerda 06:00-20:00|Csütörtök 06:00-20:00|Péntek 06:00-20:00|Szombat 06:00-20:00|Vasárnap 06:00-13:00
5700;Szabolcs-Szatmár-Bereg;Gyula;Kossuth tér 27-33;Kincses Anikó;46.6448;21.2722;Hétfő 00:00-23:59|Kedd 00:00-23:59|Szerda 00:00-23:59|Csütörtök 00:00-23:59|Péntek 00:00-23:59|Szombat 00:00-23:59|Vasárnap 00:00-23:59
5700;Szabolcs-Szatmár-Bereg;Gyula;Leiningen utca 8.;Kincses Anikó;46.6448;21.2722;Hétfő 00:00-23:59|Kedd 00:00-23:59|Szerda 00:00-23:59|Csütörtök 00:00-23:59|Péntek 00:00-23:59|Szombat 00:00-23:59|Vasárnap 00:00-23:59
5700;Szabolcs-Szatmár-Bereg;Gyula;Megyeház utca 4.;Görbedi-Györfi Anita;46.6448;21.2722;Hétfő 00:00-23:59|Kedd 00:00-23:59|Szerda 00:00-23:59|Csütörtök 00:00-23:59|Péntek 00:00-23:59|Szombat 00:00-23:59|Vasárnap 00:00-23:59
5700;Szabolcs-Szatmár-Bereg;Gyula;Sarkadi 3/A.;Piskolty Tibor;46.6448;21.2722;Hétfő 00:00-23:59|Kedd 00:00-23:59|Szerda 00:00-23:59|Csütörtök 00:00-23:59|Péntek 00:00-23:59|Szombat 00:00-23:59|Vasárnap 00:00-23:59
5711;Békés;Gyula;Széchenyi 51.;Csizmadia Imre;46.6448;21.2722;Hétfő 00:00-23:59|Kedd 00:00-23:59|Szerda 00:00-23:59|Csütörtök 00:00-23:59|Péntek 00:00-23:59|Szombat 00:00-23:59|Vasárnap 00:00-23:59
5711;Békés;Gyula;Temesvári 169/A.;Csizmadia Imre;46.6448;21.2722;Hétfő 00:00-23:59|Kedd 00:00-23:59|Szerda 00:00-23:59|Csütörtök 00:00-23:59|Péntek 00:00-23:59|Szombat 00:00-23:59|Vasárnap 00:00-23:59
5700;Szabolcs-Szatmár-Bereg;Gyula;Temesvári út 1.;Szivarvilág Bt.;46.6448;21.2722;Hétfő 00:00-23:59|Kedd 00:00-23:59|Szerda 00:00-23:59|Csütörtök 00:00-23:59|Péntek 00:00-23:59|Szombat 00:00-23:59|Vasárnap 00:00-23:59
5700;Szabolcs-Szatmár-Bereg;Gyula;Vár utca 4.;Görbedi-Györfi Anita;46.647464;21.2872306;Hétfő 06:00-20:00|Kedd 06:00-20:00|Szerda 06:00-20:00|Csütörtök 06:00-20:00|Péntek 06:00-20:00|Szombat 06:00-15:00|Vasárnap 07:00-12:00
5700;Szabolcs-Szatmár-Bereg;Gyula;Vásárhelyi Pál utca 2.;Center Multi Trafik Bt.;46.6448;21.2722;Hétfő 00:00-23:59|Kedd 00:00-23:59|Szerda 00:00-23:59|Csütörtök 00:00-23:59|Péntek 00:00-23:59|Szombat 00:00-23:59|Vasárnap 00:00-23:59
5700;Szabolcs-Szatmár-Bereg;Gyula;Zrínyi tér 2.;Piskolty Tibor;46.6397;21.2652;Hétfő 06:00-20:00|Kedd 06:00-20:00|Szerda 06:00-20:00|Csütörtök 06:00-20:00|Péntek 06:00-20:00|Szombat 07:00-20:00|Vasárnap 07:00-12:00
7227;Veszprém;Gyulaj;Dózsa György utca 12.;Fábián Csilla;46.499088;18.295824;Hétfő 06:00-18:00|Kedd 06:00-18:00|Szerda 06:00-18:00|Csütörtök 06:00-18:00|Péntek 06:00-18:00|Szombat 06:00-11:00
8932;Zala;Gyűrűs;Petőfi út 111/1.;Huszár Csabáné;46.9242;16.9672;Hétfő 06:00-17:30|Kedd 06:00-17:30|Szerda 06:00-17:30|Csütörtök 06:00-17:30|Péntek 06:00-17:30|Szombat 06:00-12:00|Vasárnap 08:00-10:00
8771;Zala;Hahót;Deák Ferenc út 88.;Tóth Attila;46.648;16.9229;Hétfő 06:00-18:00|Kedd 06:00-18:00|Szerda 06:00-18:00|Csütörtök 06:00-18:00|Péntek 06:00-18:00|Szombat 06:00-12:00|Vasárnap 07:00-10:00
4273;Hajdú-Bihar;Hajdúbagos;Nagy utca 93.;GN Trafik Bt;47.3923;21.6648;Hétfő 06:30-18:00|Kedd 06:30-18:00|Szerda 06:30-18:00|Csütörtök 06:30-18:00|Péntek 06:30-18:00|Szombat 07:00-11:30|Vasárnap 07:00-11:00
4074;Hajdú-Bihar;Hajdúböszörmény;Ady Endre tér 9.;Bíróné Elek Csilla;47.6326;21.606;Hétfő 06:00-20:00|Kedd 06:00-20:00|Szerda 06:00-20:00|Csütörtök 06:00-20:00|Péntek 06:00-20:00|Szombat 06:00-20:00|Vasárnap 07:00-20:00
4220;Hajdú-Bihar;Hajdúböszörmény;Árpád utca 8.;Sluck Sofi 95 Bt.;47.6326;21.606;Hétfő 06:00-20:00|Kedd 06:00-20:00|Szerda 06:00-20:00|Csütörtök 06:00-20:00|Péntek 06:00-20:00|Szombat 06:00-20:00|Vasárnap 07:00-20:00
4220;Hajdú-Bihar;Hajdúböszörmény;Baltazár Dezső utca 23.;Szabó Imre;47.6326;21.606;Hétfő 06:00-20:00|Kedd 06:00-20:00|Szerda 06:00-20:00|Csütörtök 06:00-20:00|Péntek 06:00-20:00|Szombat 06:00-20:00|Vasárnap 07:00-20:00
4220;Hajdú-Bihar;Hajdúböszörmény;Bánság tér 1/A.;Veréb István;47.6326;21.606;Hétfő 06:00-20:00|Kedd 06:00-20:00|Szerda 06:00-20:00|Csütörtök 06:00-20:00|Péntek 06:00-20:00|Szombat 06:00-20:00|Vasárnap 07:00-20:00
4074;Hajdú-Bihar;Hajdúböszörmény;Bánság tér LIDL Áruház 10.;Sluck Sofi 95 Bt.;47.6326;21.606;Hétfő 06:00-20:00|Kedd 06:00-20:00|Szerda 06:00-20:00|Csütörtök 06:00-20:00|Péntek 06:00-20:00|Szombat 06:00-20:00|Vasárnap 07:00-20:00
4220;Hajdú-Bihar;Hajdúböszörmény;Bethlen G. utca 28/D;Nyiri-Orosz Andrea;47.6326;21.606;Hétfő 06:00-20:00|Kedd 06:00-20:00|Szerda 06:00-20:00|Csütörtök 06:00-20:00|Péntek 06:00-20:00|Szombat 06:00-20:00|Vasárnap 07:00-20:00
4224;Hajdú-Bihar;Hajdúböszörmény;Boda Katalin utca 10;Török Ferencné;47.6326;21.606;Hétfő 06:00-20:00|Kedd 06:00-20:00|Szerda 06:00-20:00|Csütörtök 06:00-20:00|Péntek 06:00-20:00|Szombat 06:00-20:00|Vasárnap 07:00-20:00
4220;Hajdú-Bihar;Hajdúböszörmény;Dorogi utca 88.;Bodnár Antalné;47.6326;21.606;Hétfő 06:00-20:00|Kedd 06:00-20:00|Szerda 06:00-20:00|Csütörtök 06:00-20:00|Péntek 06:00-20:00|Szombat 06:00-20:00|Vasárnap 07:00-20:00
4220;Hajdú-Bihar;Hajdúböszörmény;Erdély utca 69.;Bodogán Ferenc;47.6326;21.606;Hétfő 06:00-20:00|Kedd 06:00-20:00|Szerda 06:00-20:00|Csütörtök 06:00-20:00|Péntek 06:00-20:00|Szombat 06:00-20:00|Vasárnap 07:00-20:00
4220;Hajdú-Bihar;Hajdúböszörmény;Fürdő utca 24.;Kocsis Imre;47.6326;21.606;Hétfő 06:00-20:00|Kedd 06:00-20:00|Szerda 06:00-20:00|Csütörtök 06:00-20:00|Péntek 06:00-20:00|Szombat 06:00-20:00|Vasárnap 07:00-20:00
4220;Hajdú-Bihar;Hajdúböszörmény;Jókai út 35.;Bodogán Ferenc;47.6326;21.606;Hétfő 06:00-20:00|Kedd 06:00-20:00|Szerda 06:00-20:00|Csütörtök 06:00-20:00|Péntek 06:00-20:00|Szombat 06:00-20:00|Vasárnap 07:00-20:00
4220;Hajdú-Bihar;Hajdúböszörmény;Kálvin tér 14.;Épít-Takarít 2004 Bt.;47.6326;21.606;Hétfő 06:00-20:00|Kedd 06:00-20:00|Szerda 06:00-20:00|Csütörtök 06:00-20:00|Péntek 06:00-20:00|Szombat 06:00-20:00|Vasárnap 07:00-20:00
4220;Hajdú-Bihar;Hajdúböszörmény;Kossuth Lajos utca 18.;Szerencsés Dohány Bt.;47.6326;21.606;Hétfő 06:00-20:00|Kedd 06:00-20:00|Szerda 06:00-20:00|Csütörtök 06:00-20:00|Péntek 06:00-20:00|Szombat 06:00-20:00|Vasárnap 07:00-20:00
4251;Hajdú-Bihar;Hajdúsámson;Dózsa György utca 1.;Szigarella Bt;47.6087;21.7648;Hétfő 06:00-20:00|Kedd 06:00-20:00|Szerda 06:00-20:00|Csütörtök 06:00-20:00|Péntek 06:00-20:00|Szombat 06:00-20:00|Vasárnap 07:00-14:00
4251;Hajdú-Bihar;Hajdúsámson;Hrsz. 9242.;Fábián Gábor;47.6087;21.7648;Hétfő 06:00-20:00|Kedd 06:00-20:00|Szerda 06:00-20:00|Csütörtök 06:00-20:00|Péntek 06:00-20:00|Szombat 06:00-20:00|Vasárnap 07:00-14:00
4251;Hajdú-Bihar;Hajdúsámson;Rákóczi utca 11.;Szigarella Bt;47.6087;21.7648;Hétfő 06:00-20:00|Kedd 06:00-20:00|Szerda 06:00-20:00|Csütörtök 06:00-20:00|Péntek 06:00-20:00|Szombat 06:00-20:00|Vasárnap 07:00-14:00
4200;Hajdú-Bihar;Hajdúszoboszló;Böszörményi utca 14.;Sagittarius Zenit Bt.;47.441064;21.38585;Hétfő 06:00-20:00|Kedd 06:00-20:00|Szerda 06:00-20:00|Csütörtök 06:00-20:00|Péntek 06:00-20:00|Szombat 06:00-20:00|Vasárnap 06:00-19:00
4200;Hajdú-Bihar;Hajdúszoboszló;Daru zug 1.;JÓKER-TABAK Bt.;47.441064;21.38585;Hétfő 06:00-20:00|Kedd 06:00-20:00|Szerda 06:00-20:00|Csütörtök 06:00-20:00|Péntek 06:00-20:00|Szombat 06:00-20:00|Vasárnap 06:00-19:00
4200;Hajdú-Bihar;Hajdúszoboszló;Halasi Fekete Péter tér 4.;Lucky Trafik Bt.;47.4467148;21.3923449;Hétfő 06:00-18:00|Kedd 06:00-18:00|Szerda 06:00-18:00|Csütörtök 06:00-18:00|Péntek 06:00-18:00|Szombat 07:00-15:00
4200;Hajdú-Bihar;Hajdúszoboszló;Hőforrás utca 1.;Dohány és Pálinka Kkt;47.441064;21.38585;Hétfő 06:00-20:00|Kedd 06:00-20:00|Szerda 06:00-20:00|Csütörtök 06:00-20:00|Péntek 06:00-20:00|Szombat 06:00-20:00|Vasárnap 06:00-19:00
4200;Hajdú-Bihar;Hajdúszoboszló;Isonzó utca 3.fsz. 3.;Kaszásné Reszegi Éva;47.441064;21.38585;Hétfő 06:00-20:00|Kedd 06:00-20:00|Szerda 06:00-20:00|Csütörtök 06:00-20:00|Péntek 06:00-20:00|Szombat 06:00-20:00|Vasárnap 06:00-19:00
4200;Hajdú-Bihar;Hajdúszoboszló;József Attila utca 2-4. 2466. hrsz.;Tóth Annamária;47.441064;21.38585;Hétfő 06:00-20:00|Kedd 06:00-20:00|Szerda 06:00-20:00|Csütörtök 06:00-20:00|Péntek 06:00-20:00|Szombat 06:00-20:00|Vasárnap 06:00-19:00
4200;Hajdú-Bihar;Hajdúszoboszló;Luther út 8.;Tóth Judit;47.441064;21.38585;Hétfő 06:00-20:00|Kedd 06:00-20:00|Szerda 06:00-20:00|Csütörtök 06:00-20:00|Péntek 06:00-20:00|Szombat 06:00-20:00|Vasárnap 06:00-19:00
4200;Hajdú-Bihar;Hajdúszoboszló;Mátyás király sétány 3.;Dr. Ináncsy Ernő;47.441064;21.38585;Hétfő 06:00-20:00|Kedd 06:00-20:00|Szerda 06:00-20:00|Csütörtök 06:00-20:00|Péntek 06:00-20:00|Szombat 06:00-20:00|Vasárnap 06:00-19:00
4200;Hajdú-Bihar;Hajdúszoboszló;Rákóczi utca 126.;Szortiment Gold Bt.;47.441064;21.38585;Hétfő 06:00-20:00|Kedd 06:00-20:00|Szerda 06:00-20:00|Csütörtök 06:00-20:00|Péntek 06:00-20:00|Szombat 06:00-20:00|Vasárnap 06:00-19:00
4200;Hajdú-Bihar;Hajdúszoboszló;Wesselényi utca 78.;ZSU-AN 2003 kereskedelmi és Szolgáltató Bt.;47.441064;21.38585;Hétfő 06:00-20:00|Kedd 06:00-20:00|Szerda 06:00-20:00|Csütörtök 06:00-20:00|Péntek 06:00-20:00|Szombat 06:00-20:00|Vasárnap 06:00-19:00
4212;Hajdú-Bihar;Hajdúszovát;Hősök tere 3.;GN Trafik Bt;47.391;21.4748;Hétfő 06:00-18:00|Kedd 06:00-18:00|Szerda 06:00-18:00|Csütörtök 06:00-18:00|Péntek 06:00-18:00|Szombat 06:00-14:00|Vasárnap 07:00-12:00
6344;Bács-Kiskun;Hajós;Anna Maria Hall tér 6.;Dobler Zita Tímea;46.3993;19.1152;Hétfő 05:30-20:30|Kedd 05:30-20:30|Szerda 05:30-20:30|Csütörtök 05:30-20:30|Péntek 05:30-20:30|Szombat 07:00-21:00|Vasárnap 07:00-19:00
6344;Bács-Kiskun;Hajós;Köztársaság tér 1.;Lakner Gábor;46.3993;19.1152;Hétfő 05:30-20:30|Kedd 05:30-20:30|Szerda 05:30-20:30|Csütörtök 05:30-20:30|Péntek 05:30-20:30|Szombat 07:00-21:00|Vasárnap 07:00-19:00
2314;Pest;Halásztelek;Ady E. utca 1.;Budai János;47.3646;18.9905;Hétfő 06:00-21:00|Kedd 06:00-21:00|Szerda 06:00-21:00|Csütörtök 06:00-21:00|Péntek 06:00-21:00|Szombat 06:00-19:00|Vasárnap 07:00-17:00
2314;Pest;Halásztelek;Óvoda utca 1/A;Balogh Tímea Tünde;47.3646;18.9905;Hétfő 06:00-21:00|Kedd 06:00-21:00|Szerda 06:00-21:00|Csütörtök 06:00-21:00|Péntek 06:00-21:00|Szombat 06:00-19:00|Vasárnap 07:00-17:00
2314;Pest;Halásztelek;Petőfi kert 1.;Szabóki Miklós Imre;47.3646;18.9905;Hétfő 06:00-21:00|Kedd 06:00-21:00|Szerda 06:00-21:00|Csütörtök 06:00-21:00|Péntek 06:00-21:00|Szombat 06:00-19:00|Vasárnap 07:00-17:00
2314;Pest;Halásztelek;Rákóczi Ferenc út 94-96.;Topezocorp Bt;47.3657;18.992;Hétfő 06:30-20:00|Kedd 06:30-20:00|Szerda 06:30-20:00|Csütörtök 06:30-20:00|Péntek 06:30-20:00|Szombat 06:30-17:00|Vasárnap 08:00-13:00
2314;Pest;Halásztelek;Somogyi Béla utca 42.;Bükkös Bt.;47.3611;18.9804;Hétfő 06:00-18:00|Kedd 06:00-18:00|Szerda 06:00-18:00|Csütörtök 06:00-18:00|Péntek 06:00-18:00|Szombat 06:00-13:00
3842;Borsod-Abaúj-Zemplén;Halmaj;Fő út 19.;Nagy-Tóth Anita;48.2459;20.9923;Hétfő 07:00-19:00|Kedd 07:00-19:00|Szerda 07:00-19:00|Csütörtök 07:00-19:00|Péntek 07:00-19:00|Szombat 08:00-16:00|Vasárnap 08:00-12:00
3273;Heves;Halmajugra;Kossuth út 166.;Szeva Gold Tabac Bt;47.7658;20.0476;Hétfő 06:00-20:00|Kedd 06:00-20:00|Szerda 06:00-20:00|Csütörtök 06:00-20:00|Péntek 06:00-20:00|Szombat 07:00-20:00|Vasárnap 07:00-20:00
3795;Borsod-Abaúj-Zemplén;Hangács;Szabadság út 28.;Veres Vilmos Istvánné;48.2903;20.8298;Hétfő 08:00-16:30|Kedd 08:00-16:30|Szerda 08:00-16:30|Csütörtök 08:00-16:30|Péntek 08:00-16:30|Szombat 08:00-12:00
3626;Borsod-Abaúj-Zemplén;Hangony;Rákóczi út 55/2.;Dózsa Trafik Bt.;48.2253;20.2;Hétfő 06:30-17:30|Kedd 06:30-17:30|Szerda 06:30-17:30|Csütörtök 06:30-17:30|Péntek 06:30-17:30|Szombat 06:30-13:00|Vasárnap 07:00-11:00
7172;Tolna;Harc;Vörösmarty tér 5.;Halász Trafik Bt;46.4036574;18.6193036;Hétfő 06:00-18:00|Kedd 06:00-18:00|Szerda 06:00-18:00|Csütörtök 06:00-18:00|Péntek 06:00-18:00|Szombat 06:00-09:00
6136;Bács-Kiskun;Harkakötöny;Kossuth utca 1;Kötöny Tabak Bt;46.4612;19.6072;Hétfő 07:00-17:00|Kedd 07:00-17:00|Szerda 07:00-17:00|Csütörtök 07:00-17:00|Péntek 07:00-17:00|Szombat 07:00-11:00
6326;Bács-Kiskun;Harta;Kossuth Lajos 50.;Kugelmann Henrik Imréné;46.699;19.0317;Hétfő 06:00-18:00|Kedd 06:00-18:00|Szerda 06:00-18:00|Csütörtök 06:00-18:00|Péntek 06:00-18:00|Szombat 06:00-20:00|Vasárnap 08:00-18:00
6326;Bács-Kiskun;Harta;Széchenyi István utca 46.;Páli Györgyné;46.699;19.0317;Hétfő 06:00-18:00|Kedd 06:00-18:00|Szerda 06:00-18:00|Csütörtök 06:00-18:00|Péntek 06:00-18:00|Szombat 06:00-20:00|Vasárnap 08:00-18:00
3000;Heves;Hatvan;Balassi Bálint 41.;Petlánovics Attila Lászlóné;47.6743;19.6849;Hétfő 05:00-22:00|Kedd 05:00-22:00|Szerda 05:00-22:00|Csütörtök 05:00-22:00|Péntek 05:00-22:00|Szombat 05:00-22:00|Vasárnap 05:00-22:00
3000;Heves;Hatvan;Erzsébet tér 11.;Erzsébet Dohánybolt Bt.;47.6666;19.686;Hétfő 06:00-20:00|Kedd 06:00-20:00|Szerda 06:00-20:00|Csütörtök 06:00-20:00|Péntek 06:00-20:00|Szombat 06:00-20:00
3000;Heves;Hatvan;Grassalkovich út 8.;LONGLIFE 60 Bt.;47.6743;19.6849;Hétfő 05:00-22:00|Kedd 05:00-22:00|Szerda 05:00-22:00|Csütörtök 05:00-22:00|Péntek 05:00-22:00|Szombat 05:00-22:00|Vasárnap 05:00-22:00
3000;Heves;Hatvan;Horváth Mihály út 134.;Béres Zoltán;47.6743;19.6849;Hétfő 05:00-22:00|Kedd 05:00-22:00|Szerda 05:00-22:00|Csütörtök 05:00-22:00|Péntek 05:00-22:00|Szombat 05:00-22:00|Vasárnap 05:00-22:00
3000;Heves;Hatvan;Horváth Mihály utca 7.;C.S.J. Tobacco Bt;47.6743;19.6849;Hétfő 05:00-22:00|Kedd 05:00-22:00|Szerda 05:00-22:00|Csütörtök 05:00-22:00|Péntek 05:00-22:00|Szombat 05:00-22:00|Vasárnap 05:00-22:00
3000;Heves;Hatvan;Nádasdy Tamás utca 26.;LONGLIFE 60 Bt.;47.6743;19.6849;Hétfő 05:00-22:00|Kedd 05:00-22:00|Szerda 05:00-22:00|Csütörtök 05:00-22:00|Péntek 05:00-22:00|Szombat 05:00-22:00|Vasárnap 05:00-22:00
3000;Heves;Hatvan;Rákóczi út 33.;Baranyi József Attiláné;47.6743;19.6849;Hétfő 05:00-22:00|Kedd 05:00-22:00|Szerda 05:00-22:00|Csütörtök 05:00-22:00|Péntek 05:00-22:00|Szombat 05:00-22:00|Vasárnap 05:00-22:00
3000;Heves;Hatvan;Rákóczi út 52/A.;Full Tabak Bt.;47.6743;19.6849;Hétfő 05:00-22:00|Kedd 05:00-22:00|Szerda 05:00-22:00|Csütörtök 05:00-22:00|Péntek 05:00-22:00|Szombat 05:00-22:00|Vasárnap 05:00-22:00
3000;Heves;Hatvan;Szent Mihály út 9.;Mizserné Molnár Erzsébet Krisztina;47.6743;19.6849;Hétfő 05:00-22:00|Kedd 05:00-22:00|Szerda 05:00-22:00|Csütörtök 05:00-22:00|Péntek 05:00-22:00|Szombat 05:00-22:00|Vasárnap 05:00-22:00
9437;Győr-Moson-Sopron;Hegykő;Kossuth Lajos út 15.;Kertész Pálné;47.6218;16.798;Hétfő 04:00-18:00|Kedd 04:00-18:00|Szerda 04:00-18:00|Csütörtök 04:00-18:00|Péntek 04:00-18:00|Szombat 04:00-16:00|Vasárnap 07:00-15:00
3786;Borsod-Abaúj-Zemplén;Hegymeg;Kossuth út 73.;Gregusné Dernei Gabriella;48.3498;20.8637;Hétfő 06:30-15:00|Kedd 06:30-15:00|Szerda 06:30-15:00|Csütörtök 06:30-15:00|Péntek 06:30-15:00|Szombat 07:00-11:30
2053;Pest;Herceghalom;Jókai út 2.;Herceg- Dohánybolt Bt;47.4953;18.7457;Hétfő 05:00-22:00|Kedd 05:00-22:00|Szerda 05:00-22:00|Csütörtök 05:00-22:00|Péntek 05:00-22:00|Szombat 05:00-22:00|Vasárnap 05:00-22:00
2053;Pest;Herceghalom;Petőfi S. utca 28.;Erdei László Gábor;47.4953;18.7457;Hétfő 05:00-22:00|Kedd 05:00-22:00|Szerda 05:00-22:00|Csütörtök 05:00-22:00|Péntek 05:00-22:00|Szombat 05:00-22:00|Vasárnap 05:00-22:00
2677;Nógrád;Herencsény;Petőfi út 49.;Szalai Ferenc;47.979;19.4776;Hétfő 07:00-19:00|Kedd 07:00-19:00|Szerda 07:00-19:00|Csütörtök 07:00-19:00|Péntek 07:00-19:00|Szombat 07:00-19:00|Vasárnap 07:00-19:00
3874;Borsod-Abaúj-Zemplén;Hernádpetri;Rákóczi út 4.;Dudásné Popovics Erika;48.4413;21.1687;Hétfő 07:00-16:00|Kedd 07:00-16:00|Szerda 07:00-16:00|Csütörtök 07:00-16:00|Péntek 07:00-16:00|Szombat 07:00-12:00
2192;Pest;Hévízgyörk;Hrsz. 539/1/C.;SORI TRAFIK-HÁZ BT.;47.6278;19.5195;Hétfő 06:00-20:00|Kedd 06:00-20:00|Szerda 06:00-20:00|Csütörtök 06:00-20:00|Péntek 06:00-20:00|Szombat 06:00-16:00
2192;Pest;Hévízgyörk;Vörösmarty utca 85.;Balogh József;47.6278;19.5195;Hétfő 06:00-20:00|Kedd 06:00-20:00|Szerda 06:00-20:00|Csütörtök 06:00-20:00|Péntek 06:00-20:00|Szombat 06:00-16:00
9362;Győr-Moson-Sopron;Himod;Fő utca 80.;Gosztola Csaba;47.5206;17.0129;Hétfő 06:00-22:00|Kedd 06:00-22:00|Szerda 06:00-22:00|Csütörtök 06:00-22:00|Péntek 06:00-22:00|Szombat 06:00-23:00|Vasárnap 06:00-22:00
7971;Baranya;Hobol;Zrínyi utca 3.;Szalai László;46.0245;17.7772;Hétfő 06:00-18:00|Kedd 06:00-18:00|Szerda 06:00-18:00|Csütörtök 06:00-18:00|Péntek 06:00-18:00|Szombat 06:00-11:00
4334;Szabolcs-Szatmár-Bereg;Hodász;Dózsa György út 1.;Anita Coop Bt.;47.9181;22.2022;Hétfő 06:00-18:00|Kedd 06:00-18:00|Szerda 06:00-18:00|Csütörtök 06:00-18:00|Péntek 06:00-18:00|Szombat 06:00-14:00|Vasárnap 06:00-10:00
6800;Csongrád;Hódmezővásárhely;6777/1. Hrsz.;Lukács Julianna Irén;46.4149;20.3257;Hétfő 05:00-21:00|Kedd 05:00-21:00|Szerda 05:00-21:00|Csütörtök 05:00-21:00|Péntek 05:00-00:00|Szombat 05:00-00:00|Vasárnap 06:00-21:00
6800;Csongrád;Hódmezővásárhely;Andrássy út 10-12.;Perei János;46.4149;20.3257;Hétfő 05:00-21:00|Kedd 05:00-21:00|Szerda 05:00-21:00|Csütörtök 05:00-21:00|Péntek 05:00-00:00|Szombat 05:00-00:00|Vasárnap 06:00-21:00
6800;Csongrád;Hódmezővásárhely;Andrássy út 5-7.;Daru Árpád Sándor;46.4148;20.3189;Hétfő 00:00-23:59|Kedd 00:00-23:59|Szerda 00:00-23:59|Csütörtök 00:00-23:59|Péntek 00:00-23:59|Szombat 00:00-23:59|Vasárnap 00:00-23:59
6800;Csongrád;Hódmezővásárhely;Bocskai utca 5.;Ternik Bt.;46.4155;20.3285;Hétfő 06:00-18:00|Kedd 06:00-18:00|Szerda 06:00-18:00|Csütörtök 06:00-18:00|Péntek 06:00-18:00|Szombat 06:00-14:00
6800;Csongrád;Hódmezővásárhely;Damjanich utca 127.;Kiss Trafik Bt;46.4149;20.3257;Hétfő 05:00-21:00|Kedd 05:00-21:00|Szerda 05:00-21:00|Csütörtök 05:00-21:00|Péntek 05:00-00:00|Szombat 05:00-00:00|Vasárnap 06:00-21:00
6800;Csongrád;Hódmezővásárhely;Hódi Pál utca 11;Molnár Zsolt;46.4149;20.3257;Hétfő 05:00-21:00|Kedd 05:00-21:00|Szerda 05:00-21:00|Csütörtök 05:00-21:00|Péntek 05:00-00:00|Szombat 05:00-00:00|Vasárnap 06:00-21:00
6800;Csongrád;Hódmezővásárhely;Hódtó utca 13136/26.;Hód- Pegazus Bt.;46.4149;20.3257;Hétfő 05:00-21:00|Kedd 05:00-21:00|Szerda 05:00-21:00|Csütörtök 05:00-21:00|Péntek 05:00-00:00|Szombat 05:00-00:00|Vasárnap 06:00-21:00
6800;Csongrád;Hódmezővásárhely;Ipoly utca 1/C.;Zsarkó Imre;46.4149;20.3257;Hétfő 05:00-21:00|Kedd 05:00-21:00|Szerda 05:00-21:00|Csütörtök 05:00-21:00|Péntek 05:00-00:00|Szombat 05:00-00:00|Vasárnap 06:00-21:00
6800;Csongrád;Hódmezővásárhely;Jókai utca 28.;Bozó Trafik Bt;46.4149;20.3257;Hétfő 05:00-21:00|Kedd 05:00-21:00|Szerda 05:00-21:00|Csütörtök 05:00-21:00|Péntek 05:00-00:00|Szombat 05:00-00:00|Vasárnap 06:00-21:00
6800;Csongrád;Hódmezővásárhely;Kistópart utca 1.;Fekete Ferenc;46.4136;20.3376;Hétfő 05:00-20:00|Kedd 05:00-20:00|Szerda 05:00-20:00|Csütörtök 05:00-20:00|Péntek 05:00-20:00|Szombat 05:00-20:00|Vasárnap 05:00-20:00
6800;Csongrád;Hódmezővásárhely;Klauzál utca 89.;Imre Trafik Bt;46.4149;20.3257;Hétfő 05:00-21:00|Kedd 05:00-21:00|Szerda 05:00-21:00|Csütörtök 05:00-21:00|Péntek 05:00-00:00|Szombat 05:00-00:00|Vasárnap 06:00-21:00
6800;Csongrád;Hódmezővásárhely;Kölcsey utca 90-92.;TABAK TREZOR Bt.;46.4149;20.3257;Hétfő 05:00-21:00|Kedd 05:00-21:00|Szerda 05:00-21:00|Csütörtök 05:00-21:00|Péntek 05:00-00:00|Szombat 05:00-00:00|Vasárnap 06:00-21:00
6800;Csongrád;Hódmezővásárhely;Munkácsy M. utca 12;Imre Trafik Bt;46.4149;20.3257;Hétfő 05:00-21:00|Kedd 05:00-21:00|Szerda 05:00-21:00|Csütörtök 05:00-21:00|Péntek 05:00-00:00|Szombat 05:00-00:00|Vasárnap 06:00-21:00
6800;Csongrád;Hódmezővásárhely;Németh László utca 13. földszint 61. ajtó;Kaszás Trafik Bt.;46.4149;20.3257;Hétfő 05:00-21:00|Kedd 05:00-21:00|Szerda 05:00-21:00|Csütörtök 05:00-21:00|Péntek 05:00-00:00|Szombat 05:00-00:00|Vasárnap 06:00-21:00
6800;Csongrád;Hódmezővásárhely;Oldalkosár utca 18.;Kiss Trafik Bt;46.4133;20.3234;Hétfő 06:00-18:00|Kedd 06:00-18:00|Szerda 06:00-18:00|Csütörtök 06:00-18:00|Péntek 06:00-18:00|Szombat 08:00-16:00
6800;Csongrád;Hódmezővásárhely;Szent László utca 153.;Fekete Ferenc;46.4149;20.3257;Hétfő 05:00-21:00|Kedd 05:00-21:00|Szerda 05:00-21:00|Csütörtök 05:00-21:00|Péntek 05:00-00:00|Szombat 05:00-00:00|Vasárnap 06:00-21:00
6800;Csongrád;Hódmezővásárhely;Teleki utca 29;Kaszás Trafik Bt;46.4149;20.3257;Hétfő 05:00-21:00|Kedd 05:00-21:00|Szerda 05:00-21:00|Csütörtök 05:00-21:00|Péntek 05:00-00:00|Szombat 05:00-00:00|Vasárnap 06:00-21:00
7191;Somogy;Hőgyész;Fő utca 2/b;Martin László;46.491172;18.427761;Hétfő 05:30-21:00|Kedd 05:30-21:00|Szerda 05:30-21:00|Csütörtök 05:30-21:00|Péntek 05:30-21:00|Szombat 05:30-21:00|Vasárnap 05:30-21:00
7191;Somogy;Hőgyész;Zrínyi Miklós utca 4.;Parrag Gyula;46.491172;18.427761;Hétfő 05:30-21:00|Kedd 05:30-21:00|Szerda 05:30-21:00|Csütörtök 05:30-21:00|Péntek 05:30-21:00|Szombat 05:30-21:00|Vasárnap 05:30-21:00
6341;Somogy;Homokmégy;Kossuth utca 38.;Bagó Tibor;46.489;19.0714;Hétfő 05:30-19:00|Kedd 05:30-19:00|Szerda 05:30-19:00|Csütörtök 05:30-19:00|Péntek 05:30-21:00|Szombat 05:30-21:00|Vasárnap 06:30-19:00
3014;Hajdú-Bihar;Hort;Ady Endre utca 43.;Ilci Trafik Bt;47.6868;19.7752;Hétfő 06:00-20:00|Kedd 06:00-20:00|Szerda 06:00-20:00|Csütörtök 06:00-20:00|Péntek 06:00-20:00|Szombat 08:00-20:00|Vasárnap 08:00-20:00
3014;Hajdú-Bihar;Hort;Kossuth út 79.;Zsellérker Bt.;47.6868;19.7752;Hétfő 06:00-20:00|Kedd 06:00-20:00|Szerda 06:00-20:00|Csütörtök 06:00-20:00|Péntek 06:00-20:00|Szombat 08:00-20:00|Vasárnap 08:00-20:00
4071;Baranya;Hortobágy;Czinege János utca 38.;Bálega János;47.5814;21.1683;Hétfő 06:00-18:00|Kedd 06:00-18:00|Szerda 06:00-18:00|Csütörtök 06:00-18:00|Péntek 06:00-18:00|Szombat 06:00-18:00|Vasárnap 07:00-18:00
7694;Hajdú-Bihar;Hosszúhetény;Fő utca 109.;Györkös és Társa Bt.;46.1603;18.3536;Hétfő 06:00-18:00|Kedd 06:00-18:00|Szerda 06:00-18:00|Csütörtök 06:00-18:00|Péntek 06:00-18:00|Szombat 07:00-15:00|Vasárnap 07:00-15:00
4274;Vas;Hosszúpályi;Szabadság tér 5;Som Zsolt;47.3917;21.7344;Hétfő 06:30-20:30|Kedd 06:30-20:30|Szerda 06:30-20:30|Csütörtök 06:30-20:30|Péntek 06:30-20:30|Szombat 06:30-20:30|Vasárnap 06:30-20:30
4274;Vas;Hosszúpályi;Szabadság tér 8.;Ad-Zsa-Má Bt;47.3921;21.7337;Hétfő 06:30-20:00|Kedd 06:30-20:00|Szerda 06:30-20:00|Csütörtök 06:30-20:00|Péntek 06:30-20:00|Szombat 06:30-20:00|Vasárnap 06:30-20:00
9676;Somogy;Hosszúpereszteg;Rákóczi utca 3.;Hosszúperesztegi Coop-Trafik Bt.;47.0951;17.0231;Hétfő 06:30-14:30|Kedd 06:30-14:30|Szerda 06:30-14:30|Csütörtök 06:30-14:30|Péntek 06:30-14:30|Szombat 06:30-10:30|Vasárnap 06:30-10:30
4484;Szabolcs-Szatmár-Bereg;Ibrány;Lehel utca 23.;Fumo Holding Bt;48.1267;21.7127;Hétfő 06:00-20:00|Kedd 06:00-20:00|Szerda 06:00-20:00|Csütörtök 06:00-20:00|Péntek 06:00-20:00|Szombat 06:00-16:00|Vasárnap 08:00-13:00
7275;Somogy;Igal;Szent István utca 113.;Pápai Zoltán József;46.5361;17.9372;Hétfő 06:30-18:30|Kedd 06:30-18:30|Szerda 06:30-18:30|Csütörtök 06:30-18:30|Péntek 06:30-18:30|Szombat 06:30-11:00
9756;Vas;Ikervár;József Attila utca 87.;Ódor Csaba Emil;47.2092;16.8968;Hétfő 06:00-22:00|Kedd 06:00-22:00|Szerda 06:00-22:00|Csütörtök 06:00-22:00|Péntek 06:00-22:00|Szombat 06:00-22:00|Vasárnap 06:30-22:00
2181;Pest;Iklad;Ráday tér 4.;Aszód Trafik Dohánykereskedelmi Bt;47.6589;19.4442;Hétfő 06:00-20:00|Kedd 06:00-20:00|Szerda 06:00-20:00|Csütörtök 06:00-20:00|Péntek 06:00-20:00|Szombat 06:00-16:00|Vasárnap 07:00-13:00
2675;Nógrád;Iliny;Rákóczi út 21.;Jamrik Zoltánné;48.0253;19.3869;Hétfő 07:00-17:00|Kedd 07:00-17:00|Szerda 07:00-17:00|Csütörtök 07:00-17:00|Péntek 07:00-17:00|Szombat 07:00-14:00
3724;Borsod-Abaúj-Zemplén;Imola;Kossuth Lajos utca 72.;Gál Éva;48.4066;20.5207;Hétfő 06:00-20:30|Kedd 06:00-20:30|Szerda 06:00-20:30|Csütörtök 06:00-20:30|Péntek 06:00-20:30|Szombat 06:00-20:30|Vasárnap 06:00-20:30
6238;Bács-Kiskun;Imrehegy;Ady Endre utca 6;Lukács Sándorné;46.4874;19.3017;Hétfő 06:00-20:00|Kedd 06:00-20:00|Szerda 06:00-20:00|Csütörtök 06:00-20:00|Péntek 06:00-20:00|Szombat 06:00-14:00
2365;Pest;Inárcs;Bajcsy-Zsilinszky utca 60.;Bukodi János József;47.255774;19.328153;Hétfő 06:00-22:00|Kedd 06:00-22:00|Szerda 06:00-22:00|Csütörtök 06:00-22:00|Péntek 06:00-22:00|Szombat 06:00-22:00|Vasárnap 07:30-20:30
2365;Pest;Inárcs;Kakucsi utca 41/5.;Zsirosné Tóth Beatrix;47.255774;19.328153;Hétfő 06:00-22:00|Kedd 06:00-22:00|Szerda 06:00-22:00|Csütörtök 06:00-22:00|Péntek 06:00-22:00|Szombat 06:00-22:00|Vasárnap 07:30-20:30
2365;Pest;Inárcs;Tűzoltó utca 17.;Balogh Ferenc Péter;47.255774;19.328153;Hétfő 06:00-22:00|Kedd 06:00-22:00|Szerda 06:00-22:00|Csütörtök 06:00-22:00|Péntek 06:00-22:00|Szombat 06:00-22:00|Vasárnap 07:30-20:30
2117;Pest;Isaszeg;Ady E. út 35/b;Lelikné Nagy Zita;47.5266;19.4024;Hétfő 05:00-21:00|Kedd 05:00-21:00|Szerda 05:00-21:00|Csütörtök 05:00-21:00|Péntek 05:00-21:00|Szombat 05:00-21:00|Vasárnap 05:00-21:00
2117;Pest;Isaszeg;Aulich utca 13.;Tobacco Trafik Bt;47.5266;19.4024;Hétfő 05:00-21:00|Kedd 05:00-21:00|Szerda 05:00-21:00|Csütörtök 05:00-21:00|Péntek 05:00-21:00|Szombat 05:00-21:00|Vasárnap 05:00-21:00
2117;Pest;Isaszeg;Aulich utca 23.;Haselbach és Társa Bt.;47.5369;19.3903;Hétfő 07:00-19:00|Kedd 07:00-19:00|Szerda 07:00-19:00|Csütörtök 07:00-19:00|Péntek 07:00-19:00|Szombat 07:00-16:00
2117;Pest;Isaszeg;Kossuth Lajos utca 142.;Tobacco Trafik Bt;47.5266;19.4024;Hétfő 05:00-21:00|Kedd 05:00-21:00|Szerda 05:00-21:00|Csütörtök 05:00-21:00|Péntek 05:00-21:00|Szombat 05:00-21:00|Vasárnap 05:00-21:00
2117;Pest;Isaszeg;Rákóczi utca 101/4.;Isapipa Bt.;47.5266;19.4024;Hétfő 05:00-21:00|Kedd 05:00-21:00|Szerda 05:00-21:00|Csütörtök 05:00-21:00|Péntek 05:00-21:00|Szombat 05:00-21:00|Vasárnap 05:00-21:00
9941;Vas;Ispánk;Városszer 101.;Németh Miklós;46.8396;16.4201;Hétfő 07:00-19:00|Kedd 07:00-19:00|Szerda 07:00-19:00|Csütörtök 07:00-19:00|Péntek 07:00-19:00|Szombat 07:00-15:00|Vasárnap 07:00-13:00
2454;Fejér;Iváncsa;Arany János utca 216/2;Kirinovics-Dohány Keresk. Bt.;47.1617;18.8264;Hétfő 06:00-18:00|Kedd 06:00-18:00|Szerda 06:00-18:00|Csütörtök 06:00-18:00|Péntek 06:00-18:00|Szombat 06:00-18:00|Vasárnap 06:00-14:00
2454;Fejér;Iváncsa;Hunyadi út 162.;Leskó 777 Ker. és Mezg. És Szolg. Bt.;47.1617;18.8264;Hétfő 06:00-18:00|Kedd 06:00-18:00|Szerda 06:00-18:00|Csütörtök 06:00-18:00|Péntek 06:00-18:00|Szombat 06:00-18:00|Vasárnap 06:00-14:00
7781;Baranya;Ivándárda;Kossuth Lajos utca 7.;Marosiné Rittlinger Katalin;45.8674;18.57;Hétfő 06:00-17:00|Kedd 06:00-10:30|Szerda 06:00-17:00|Csütörtök 06:00-17:00|Péntek 06:00-17:00|Szombat 06:00-12:00
3741;Borsod-Abaúj-Zemplén;Izsófalva;Izsó Miklós utca 121.;Toja Trafik Bt.;48.3052;20.6544;Hétfő 06:00-18:30|Kedd 06:00-18:30|Szerda 06:00-18:30|Csütörtök 06:00-18:30|Péntek 06:00-18:30|Szombat 06:00-14:00|Vasárnap 07:00-11:00
9798;Vas;Ják;Szabadság tér 18.;Némethné Szendrői Tímea;47.139817;16.5814;Hétfő 06:00-19:00|Kedd 06:00-19:00|Szerda 06:00-19:00|Csütörtök 06:00-19:00|Péntek 06:00-19:00|Szombat 08:00-18:00|Vasárnap 08:00-18:00
9545;Vas;Jánosháza;Bajcsy Zsilinszki utca 5.;GIGI és Társa Ker. Szolg. Bt.;47.1214;17.1641;Hétfő 06:00-18:00|Kedd 06:00-18:00|Szerda 06:00-18:00|Csütörtök 06:00-18:00|Péntek 06:00-18:00|Szombat 06:00-14:00
9545;Vas;Jánosháza;Berzsenyi utca 26.;Keresztes István;47.1214;17.1641;Hétfő 06:00-18:00|Kedd 06:00-18:00|Szerda 06:00-18:00|Csütörtök 06:00-18:00|Péntek 06:00-18:00|Szombat 06:00-14:00
5143;Jász-Nagykun-Szolnok;Jánoshida;Fő út 33.;TABACCHERIA-COOP Bt.;47.3801;20.0597;Hétfő 06:15-19:00|Kedd 06:15-19:00|Szerda 06:15-19:00|Csütörtök 06:15-19:00|Péntek 06:15-19:00|Szombat 06:15-13:00|Vasárnap 07:00-12:00
9241;Győr-Moson-Sopron;Jánossomorja;Balassi Bálint utca 2.;Kamélia Tabak Bt.;47.7846;17.1339;Hétfő 05:30-18:30|Kedd 05:30-18:30|Szerda 05:30-18:30|Csütörtök 05:30-18:30|Péntek 05:30-18:30|Szombat 08:00-16:00
9241;Győr-Moson-Sopron;Jánossomorja;Rákóczi F. utca 36.;Partos Trafik Bt.;47.7846;17.1339;Hétfő 05:30-18:30|Kedd 05:30-18:30|Szerda 05:30-18:30|Csütörtök 05:30-18:30|Péntek 05:30-18:30|Szombat 08:00-16:00
9241;Győr-Moson-Sopron;Jánossomorja;Szabadság utca 18;Smuk Csaba;47.7846;17.1339;Hétfő 05:30-18:30|Kedd 05:30-18:30|Szerda 05:30-18:30|Csütörtök 05:30-18:30|Péntek 05:30-18:30|Szombat 08:00-16:00
9241;Győr-Moson-Sopron;Jánossomorja;Szent István utca 18;Emba Duo Bt;47.7846;17.1339;Hétfő 05:30-18:30|Kedd 05:30-18:30|Szerda 05:30-18:30|Csütörtök 05:30-18:30|Péntek 05:30-18:30|Szombat 08:00-16:00
4337;Szabolcs-Szatmár-Bereg;Jármi;Széchenyi utca 23.;Pethőné Hornyák Mariann;47.9709;22.2518;Hétfő 07:00-19:00|Kedd 07:00-19:00|Szerda 07:00-19:00|Csütörtök 07:00-19:00|Péntek 07:00-19:00|Szombat 07:00-19:00|Vasárnap 07:00-13:00
5124;Jász-Nagykun-Szolnok;Jászágó;Petőfi út 8.;B-Tabaco-OP Bt.;47.5922;19.8582;Hétfő 07:00-17:00|Kedd 07:00-17:00|Szerda 07:00-17:00|Csütörtök 07:00-17:00|Péntek 07:00-17:00|Szombat 06:30-11:00|Vasárnap 07:00-11:00
5054;Jász-Nagykun-Szolnok;Jászalsószentgyörgy;Fő út 60.;Cigarette-Coop Bt.;47.3701;20.0917;Hétfő 06:00-19:00|Kedd 06:00-19:00|Szerda 06:00-19:00|Csütörtök 06:00-19:00|Péntek 06:00-19:00|Szombat 06:00-13:00|Vasárnap 07:00-11:00
5054;Jász-Nagykun-Szolnok;Jászalsószentgyörgy;Mártírok út 1.;Ibuka Tom Bt.;47.3724;20.0924;Hétfő 04:15-18:15|Kedd 04:15-18:15|Szerda 04:15-18:15|Csütörtök 04:15-18:15|Péntek 04:15-18:15|Szombat 05:00-13:30
5123;Jász-Nagykun-Szolnok;Jászárokszállás;Árpád tér 3731/12.;Lengyelné Szalai Judit;47.6448;19.9784;Hétfő 06:15-20:00|Kedd 06:15-20:00|Szerda 06:15-20:00|Csütörtök 06:15-20:00|Péntek 06:15-20:00|Szombat 06:15-20:00|Vasárnap 07:00-20:00
5123;Jász-Nagykun-Szolnok;Jászárokszállás;Kossuth út 1.;Cigarette-Coop Bt.;47.6448;19.9784;Hétfő 06:15-20:00|Kedd 06:15-20:00|Szerda 06:15-20:00|Csütörtök 06:15-20:00|Péntek 06:15-20:00|Szombat 06:15-20:00|Vasárnap 07:00-20:00
5123;Jász-Nagykun-Szolnok;Jászárokszállás;Piac tér 5.;Szarvasné Kovács Rozália;47.6432;19.9774;Hétfő 06:00-18:00|Kedd 06:00-18:00|Szerda 06:00-18:00|Csütörtök 06:00-18:00|Péntek 06:00-18:00|Szombat 06:00-14:00|Vasárnap 06:00-12:00
5123;Jász-Nagykun-Szolnok;Jászárokszállás;Széchenyi utca 3.;Fermoni Trafik Bt.;47.6448;19.9784;Hétfő 06:15-20:00|Kedd 06:15-20:00|Szerda 06:15-20:00|Csütörtök 06:15-20:00|Péntek 06:15-20:00|Szombat 06:15-20:00|Vasárnap 07:00-20:00
5100;Jász-Nagykun-Szolnok;Jászberény;Apponyi tér 3.;B-Tabaco-OP Bt.;47.4988;19.9105;Hétfő 06:15-19:00|Kedd 06:15-19:00|Szerda 06:15-19:00|Csütörtök 06:15-19:00|Péntek 06:15-19:00|Szombat 06:15-13:00|Vasárnap 07:00-12:00
5100;Jász-Nagykun-Szolnok;Jászberény;Bajnok utca 30.;Pikk-Pakk HNK Trafik Bt;47.5085;19.9149;Hétfő 06:00-19:00|Kedd 06:00-19:00|Szerda 06:00-19:00|Csütörtök 06:00-19:00|Péntek 06:00-19:00|Szombat 06:00-14:00|Vasárnap 06:00-14:00
5100;Jász-Nagykun-Szolnok;Jászberény;Gyöngyösi út 54.;TABACCHERIA-COOP Bt.;47.5073763;19.9099766;Hétfő 05:30-18:00|Kedd 05:30-18:00|Szerda 05:30-18:00|Csütörtök 05:30-18:00|Péntek 05:30-18:00|Szombat 06:15-13:00|Vasárnap 07:00-11:00
5100;Jász-Nagykun-Szolnok;Jászberény;Holló András utca 4.;Holló Trafik Bt.;47.5018;19.9131;Hétfő 06:00-22:00|Kedd 06:00-22:00|Szerda 06:00-22:00|Csütörtök 06:00-22:00|Péntek 06:00-22:00|Szombat 06:00-22:00|Vasárnap 06:00-22:00
5100;Jász-Nagykun-Szolnok;Jászberény;Kossuth Lajos út 10-12.;Gálvölgyiné Sándor Piroska;47.5008;19.911;Hétfő 06:00-21:00|Kedd 06:00-21:00|Szerda 06:00-21:00|Csütörtök 06:00-21:00|Péntek 06:00-21:00|Szombat 06:00-21:00|Vasárnap 06:00-21:00
5100;Jász-Nagykun-Szolnok;Jászberény;Kossuth Lajos út 109.;ZSOLT ÉS TÁRSAI Bt.;47.4921;19.8986;Hétfő 05:00-17:00|Kedd 05:00-17:00|Szerda 05:00-17:00|Csütörtök 05:00-17:00|Péntek 05:00-17:00|Szombat 06:00-14:00
5100;Jász-Nagykun-Szolnok;Jászberény;Kossuth Lajos út 54.;Luna Trafik Bt.;47.4988;19.9105;Hétfő 06:15-19:00|Kedd 06:15-19:00|Szerda 06:15-19:00|Csütörtök 06:15-19:00|Péntek 06:15-19:00|Szombat 06:15-13:00|Vasárnap 07:00-12:00
5100;Jász-Nagykun-Szolnok;Jászberény;Kossuth utca 10-12.;Sárközy Csaba;47.4988;19.9105;Hétfő 06:15-19:00|Kedd 06:15-19:00|Szerda 06:15-19:00|Csütörtök 06:15-19:00|Péntek 06:15-19:00|Szombat 06:15-13:00|Vasárnap 07:00-12:00
5100;Jász-Nagykun-Szolnok;Jászberény;Nagykátai út 3;Sebesség Autósbolt Bt;47.4988;19.9105;Hétfő 06:15-19:00|Kedd 06:15-19:00|Szerda 06:15-19:00|Csütörtök 06:15-19:00|Péntek 06:15-19:00|Szombat 06:15-13:00|Vasárnap 07:00-12:00
5100;Jász-Nagykun-Szolnok;Jászberény;Puskin sétány 22.;B-Tabaco-op Bt.;47.4988;19.9105;Hétfő 06:15-19:00|Kedd 06:15-19:00|Szerda 06:15-19:00|Csütörtök 06:15-19:00|Péntek 06:15-19:00|Szombat 06:15-13:00|Vasárnap 07:00-12:00
5100;Jász-Nagykun-Szolnok;Jászberény;Serház utca 1.;Szegeda Miklósné;47.502;19.9104;Hétfő 06:00-20:00|Kedd 06:00-20:00|Szerda 06:00-20:00|Csütörtök 06:00-20:00|Péntek 06:00-23:00|Szombat 06:00-23:00|Vasárnap 10:00-18:00
5100;Jász-Nagykun-Szolnok;Jászberény;Vásár tér 1-3.;Cigarette-Coop Bt.;47.5014;19.922;Hétfő 06:15-19:00|Kedd 06:15-19:00|Szerda 06:15-19:00|Csütörtök 06:15-19:00|Péntek 06:15-19:00|Szombat 06:15-12:00|Vasárnap 07:00-11:00
5144;Jász-Nagykun-Szolnok;Jászboldogháza;Rákóczi utca 18.;TABACCHERIA-COOP Bt.;47.3695;19.9962;Hétfő 06:15-18:00|Kedd 06:15-18:00|Szerda 06:15-18:00|Csütörtök 06:15-18:00|Péntek 06:15-18:00|Szombat 06:15-13:00|Vasárnap 07:00-11:00
5111;Jász-Nagykun-Szolnok;Jászfelsőszentgyörgy;Fő út 52.;Tereba Kovács István;47.5096;19.7846;Hétfő 05:00-21:00|Kedd 05:00-21:00|Szerda 05:00-21:00|Csütörtök 05:00-21:00|Péntek 05:00-21:00|Szombat 05:00-21:00|Vasárnap 05:00-21:00
5126;Jász-Nagykun-Szolnok;Jászfényszaru;Szabadság tér 20.;Szécsényi Zoltán;47.5688;19.7165;Hétfő 05:00-22:00|Kedd 05:00-22:00|Szerda 05:00-22:00|Csütörtök 05:00-22:00|Péntek 05:00-22:00|Szombat 05:00-22:00|Vasárnap 05:00-22:00
5126;Jász-Nagykun-Szolnok;Jászfényszaru;Szabadság út 19-21.;B-Tabaco-OP Bt.;47.5698;19.7172;Hétfő 05:30-19:00|Kedd 05:30-19:00|Szerda 05:30-19:00|Csütörtök 05:30-19:00|Péntek 05:30-19:00|Szombat 06:00-13:00|Vasárnap 07:00-12:00
5126;Jász-Nagykun-Szolnok;Jászfényszaru;Szabadság út 61.;Fózer-Hungary Bt.;47.5745;19.722;Hétfő 05:00-23:00|Kedd 05:00-23:00|Szerda 05:00-23:00|Csütörtök 05:00-23:00|Péntek 05:00-23:00|Szombat 05:00-23:00|Vasárnap 05:00-23:00
5121;Jász-Nagykun-Szolnok;Jászjákóhalma;Fő út 27/A.;TABACCHERIA-COOP Bt.;47.5206;19.9863;Hétfő 06:15-19:00|Kedd 06:15-19:00|Szerda 06:15-19:00|Csütörtök 06:15-19:00|Péntek 06:15-09:00|Szombat 06:15-13:00|Vasárnap 07:00-11:00
5055;Jász-Nagykun-Szolnok;Jászladány;Kossuth Lajos út 83.;Ibuka Tom Bt.;47.3708;20.158;Hétfő 05:15-18:00|Kedd 05:15-18:00|Szerda 05:15-18:00|Csütörtök 05:15-18:00|Péntek 05:15-18:00|Szombat 05:15-13:30
5055;Jász-Nagykun-Szolnok;Jászladány;Kossuth utca 111.;Rimóczi Szilvia;47.3708;20.158;Hétfő 05:15-18:00|Kedd 05:15-18:00|Szerda 05:15-18:00|Csütörtök 05:15-18:00|Péntek 05:15-18:00|Szombat 05:15-13:30
5055;Jász-Nagykun-Szolnok;Jászladány;Szabadság tér 2. 1407/4. Hrsz.;Kalmár András;47.3708;20.158;Hétfő 05:15-18:00|Kedd 05:15-18:00|Szerda 05:15-18:00|Csütörtök 05:15-18:00|Péntek 05:15-18:00|Szombat 05:15-13:30
6133;Bács-Kiskun;Jászszentlászló;Alkotmány utca 5.;Hornyákné Szalai Erika;46.5676;19.7596;Hétfő 06:00-20:00|Kedd 06:00-20:00|Szerda 06:00-20:00|Csütörtök 06:00-20:00|Péntek 06:00-20:00|Szombat 06:00-20:00|Vasárnap 06:00-20:00
3063;Nógrád;Jobbágyi;Apponyi utca 80.;Zsámba-Coop Bt.;47.8318;19.6787;Hétfő 06:00-19:00|Kedd 06:00-19:00|Szerda 06:00-19:00|Csütörtök 06:00-19:00|Péntek 06:00-19:00|Szombat 06:00-15:00|Vasárnap 06:00-13:00
4183;Hajdú-Bihar;Kaba;Hajdú utca 2.;Zentality Bt.;47.356378;21.277359;Hétfő 06:00-20:00|Kedd 06:00-20:00|Szerda 06:00-20:00|Csütörtök 06:00-20:00|Péntek 06:00-20:00|Szombat 07:00-18:00|Vasárnap 07:00-18:00
4183;Hajdú-Bihar;Kaba;Rákóczi Ferenc utca 111;Hodosi Lajos Norbert;47.356378;21.277359;Hétfő 06:00-20:00|Kedd 06:00-20:00|Szerda 06:00-20:00|Csütörtök 06:00-20:00|Péntek 06:00-20:00|Szombat 07:00-18:00|Vasárnap 07:00-18:00
4183;Hajdú-Bihar;Kaba;Rákoczi út 85-87.;Mopál Bt.;47.356378;21.277359;Hétfő 06:00-20:00|Kedd 06:00-20:00|Szerda 06:00-20:00|Csütörtök 06:00-20:00|Péntek 06:00-20:00|Szombat 07:00-18:00|Vasárnap 07:00-18:00
9123;Győr-Moson-Sopron;Kajárpéc;Kis utca 11.;Kószás Tibor István;47.4896;17.6375;Hétfő 06:30-18:00|Kedd 06:30-18:00|Szerda 06:30-18:00|Csütörtök 06:30-18:00|Péntek 06:30-18:00|Szombat 07:00-13:00|Vasárnap 07:00-11:00
2472;Fejér;Kajászó;Rákóczi utca 29.;Csapó István;47.3262;18.7207;Hétfő 06:00-19:00|Kedd 06:00-19:00|Szerda 06:00-19:00|Csütörtök 06:00-19:00|Péntek 06:00-19:00|Szombat 06:00-12:00|Vasárnap 07:00-12:00
3350;Heves;Kál;Fő út alsó 13.;Z-Oil Trafik Bt.;47.7299;20.2614;Hétfő 06:00-20:00|Kedd 06:00-20:00|Szerda 06:00-20:00|Csütörtök 06:00-20:00|Péntek 06:00-20:00|Szombat 06:00-20:00|Vasárnap 07:00-19:00
3350;Heves;Kál;Rózsa utca 17.;Bélkő Tabak Bt.;47.7328;20.2602;Hétfő 05:00-20:00|Kedd 05:00-20:00|Szerda 05:00-20:00|Csütörtök 05:00-20:00|Péntek 05:00-20:00|Szombat 07:00-19:00
4324;Szabolcs-Szatmár-Bereg;Kállósemjén;Kossuth utca 104.;DOHI-TRADE Bt.;47.8589;21.9385;Hétfő 06:00-18:00|Kedd 06:00-18:00|Szerda 06:00-18:00|Csütörtök 06:00-18:00|Péntek 06:00-18:00|Szombat 06:00-14:00|Vasárnap 06:00-14:00
4324;Szabolcs-Szatmár-Bereg;Kállósemjén;Kossuth utca 119.;Bo&Bo Holding Ker. Bt.;47.8589;21.9385;Hétfő 06:00-18:00|Kedd 06:00-18:00|Szerda 06:00-18:00|Csütörtök 06:00-18:00|Péntek 06:00-18:00|Szombat 06:00-14:00|Vasárnap 06:00-14:00
4434;Szabolcs-Szatmár-Bereg;Kálmánháza;Dorogi út 54.;Dovital Bt.;47.8815173;21.5766162;Hétfő 08:00-17:00|Kedd 08:00-17:00|Szerda 08:00-17:00|Csütörtök 08:00-17:00|Péntek 08:00-17:00|Szombat 08:00-12:00
6300;Bács-Kiskun;Kalocsa;Búzapiac tér 3;Kalo-Gáz Bt;46.521;18.98;Hétfő 07:00-22:00|Kedd 07:00-22:00|Szerda 07:00-22:00|Csütörtök 07:00-22:00|Péntek 07:00-22:00|Szombat 09:00-22:00|Vasárnap 07:00-15:00
6300;Bács-Kiskun;Kalocsa;Hajós Alfréd utca 3;Kar-Tipp Ker. és Szolg. Bt;46.521;18.98;Hétfő 07:00-22:00|Kedd 07:00-22:00|Szerda 07:00-22:00|Csütörtök 07:00-22:00|Péntek 07:00-22:00|Szombat 09:00-22:00|Vasárnap 07:00-15:00
6300;Bács-Kiskun;Kalocsa;Kossuth Lajos utca 51.;Bedó Trafik Bt.;46.521;18.98;Hétfő 07:00-22:00|Kedd 07:00-22:00|Szerda 07:00-22:00|Csütörtök 07:00-22:00|Péntek 07:00-22:00|Szombat 09:00-22:00|Vasárnap 07:00-15:00
6300;Bács-Kiskun;Kalocsa;Malatin tér 15.;Kistamás Sándor;46.521;18.98;Hétfő 07:00-22:00|Kedd 07:00-22:00|Szerda 07:00-22:00|Csütörtök 07:00-22:00|Péntek 07:00-22:00|Szombat 09:00-22:00|Vasárnap 07:00-15:00
6300;Bács-Kiskun;Kalocsa;Paksi köz 10.;Berger-Dohány Bt.;46.521;18.98;Hétfő 07:00-22:00|Kedd 07:00-22:00|Szerda 07:00-22:00|Csütörtök 07:00-22:00|Péntek 07:00-22:00|Szombat 09:00-22:00|Vasárnap 07:00-15:00
6300;Bács-Kiskun;Kalocsa;Széchenyi út 13;Gojtán Tamás;46.521;18.98;Hétfő 07:00-22:00|Kedd 07:00-22:00|Szerda 07:00-22:00|Csütörtök 07:00-22:00|Péntek 07:00-22:00|Szombat 09:00-22:00|Vasárnap 07:00-15:00
6300;Bács-Kiskun;Kalocsa;Szent István Király út 78.;Sumptus Bt;46.524;18.982;Hétfő 06:00-22:00|Kedd 06:00-22:00|Szerda 06:00-22:00|Csütörtök 06:00-22:00|Péntek 06:00-22:00|Szombat 06:00-22:00|Vasárnap 06:00-22:00
6300;Bács-Kiskun;Kalocsa;Szent István király utca 58.;Szilma-Dohánybolt Bt;46.521;18.98;Hétfő 07:00-22:00|Kedd 07:00-22:00|Szerda 07:00-22:00|Csütörtök 07:00-22:00|Péntek 07:00-22:00|Szombat 09:00-22:00|Vasárnap 07:00-15:00
8124;Fejér;Káloz;Kossuth utca 2/B;Trafik Káloz'13 Bt;46.9573;18.4871;Hétfő 08:00-16:00|Kedd 08:00-16:00|Szerda 08:00-16:00|Csütörtök 08:00-16:00|Péntek 08:00-16:00|Szombat 08:00-12:00
8124;Fejér;Káloz;Szent István tér 733/4 hrsz;Sárvíz Trafik Bt.;46.9573;18.4871;Hétfő 08:00-16:00|Kedd 08:00-16:00|Szerda 08:00-16:00|Csütörtök 08:00-16:00|Péntek 08:00-16:00|Szombat 08:00-12:00
9841;Vas;Kám;Petőfi Sándor utca 1.;Kiss Gyuláné;47.1059;16.8758;Hétfő 06:00-18:00|Kedd 06:00-18:00|Szerda 06:00-18:00|Csütörtök 06:00-18:00|Péntek 06:00-18:00|Szombat 06:00-12:00|Vasárnap 06:00-12:00
5673;Békés;Kamut;Petőfi utca 42.;Békési Dohányvilág Bt.;46.7611;20.9785;Hétfő 06:00-18:00|Kedd 06:00-18:00|Szerda 06:00-18:00|Csütörtök 06:00-18:00|Péntek 06:00-18:00|Szombat 07:00-15:00
4335;Szabolcs-Szatmár-Bereg;Kántorjánosi;Kossuth utca 16.;Anita Coop Bt.;47.935;22.1481;Hétfő 06:00-18:00|Kedd 06:00-18:00|Szerda 06:00-18:00|Csütörtök 06:00-18:00|Péntek 06:00-18:00|Szombat 06:00-14:00|Vasárnap 06:00-10:00
2475;Fejér;Kápolnásnyék;Fő út 42.;Baranyai és Baranyai Bt.;47.2377;18.6679;Hétfő 08:00-20:00|Kedd 08:00-20:00|Szerda 08:00-20:00|Csütörtök 08:00-20:00|Péntek 08:00-20:00|Szombat 08:00-20:00|Vasárnap 08:00-12:00
2475;Fejér;Kápolnásnyék;Fő utca 22-23.;Me-Land Market Bt.;47.2377;18.6679;Hétfő 08:00-20:00|Kedd 08:00-20:00|Szerda 08:00-20:00|Csütörtök 08:00-20:00|Péntek 08:00-20:00|Szombat 08:00-20:00|Vasárnap 08:00-12:00
7361;Tolna;Kaposszekcső;Petőfi S. 81.;Kálmán Gábor;46.3265;18.1298;Hétfő 06:00-17:00|Kedd 06:00-17:00|Szerda 06:00-17:00|Csütörtök 06:00-17:00|Péntek 06:00-17:00|Szombat 06:00-10:00|Vasárnap 08:00-10:00
7400;Somogy;Kaposvár;Áchim András utca 4.;Stoner Tabak Bt;46.3718;17.7824;Hétfő 06:00-22:00|Kedd 06:00-22:00|Szerda 06:00-22:00|Csütörtök 06:00-22:00|Péntek 06:00-22:00|Szombat 06:00-22:00|Vasárnap 06:00-22:00
7400;Somogy;Kaposvár;Álmos vezér utca 2288/15. h;Zselic Market Bt.;46.3718;17.7824;Hétfő 06:00-22:00|Kedd 06:00-22:00|Szerda 06:00-22:00|Csütörtök 06:00-22:00|Péntek 06:00-22:00|Szombat 06:00-22:00|Vasárnap 06:00-22:00
7400;Somogy;Kaposvár;Baross Gábor utca 5-13. fszt. 3.;MARGAL Bt.;46.3718;17.7824;Hétfő 06:00-22:00|Kedd 06:00-22:00|Szerda 06:00-22:00|Csütörtök 06:00-22:00|Péntek 06:00-22:00|Szombat 06:00-22:00|Vasárnap 06:00-22:00
7400;Somogy;Kaposvár;Bartók Béla utca 6.;FIGYEL-M Bt.;46.3718;17.7824;Hétfő 06:00-22:00|Kedd 06:00-22:00|Szerda 06:00-22:00|Csütörtök 06:00-22:00|Péntek 06:00-22:00|Szombat 06:00-22:00|Vasárnap 06:00-22:00
7400;Somogy;Kaposvár;Bereczk Sándor utca 2.;FIGYEL-M Bt.;46.3718;17.7824;Hétfő 06:00-22:00|Kedd 06:00-22:00|Szerda 06:00-22:00|Csütörtök 06:00-22:00|Péntek 06:00-22:00|Szombat 06:00-22:00|Vasárnap 06:00-22:00
7400;Somogy;Kaposvár;Berzsenyi utca 9.;ZSR Trafik Bt.;46.3718;17.7824;Hétfő 06:00-22:00|Kedd 06:00-22:00|Szerda 06:00-22:00|Csütörtök 06:00-22:00|Péntek 06:00-22:00|Szombat 06:00-22:00|Vasárnap 06:00-22:00
7400;Somogy;Kaposvár;Cukorgyár köz 8.;MARGAL Bt.;46.3718;17.7824;Hétfő 06:00-22:00|Kedd 06:00-22:00|Szerda 06:00-22:00|Csütörtök 06:00-22:00|Péntek 06:00-22:00|Szombat 06:00-22:00|Vasárnap 06:00-22:00
7400;Somogy;Kaposvár;Dombóvári 3.;Gölöncsér Attila;46.3718;17.7824;Hétfő 06:00-22:00|Kedd 06:00-22:00|Szerda 06:00-22:00|Csütörtök 06:00-22:00|Péntek 06:00-22:00|Szombat 06:00-22:00|Vasárnap 06:00-22:00
7400;Somogy;Kaposvár;Fő utca 32.;Gölöncsér Attila;46.3718;17.7824;Hétfő 06:00-22:00|Kedd 06:00-22:00|Szerda 06:00-22:00|Csütörtök 06:00-22:00|Péntek 06:00-22:00|Szombat 06:00-22:00|Vasárnap 06:00-22:00
7400;Somogy;Kaposvár;Frankel Leó utca 1. földszint 2.;FIGYEL-M Bt.;46.3718;17.7824;Hétfő 06:00-22:00|Kedd 06:00-22:00|Szerda 06:00-22:00|Csütörtök 06:00-22:00|Péntek 06:00-22:00|Szombat 06:00-22:00|Vasárnap 06:00-22:00
7400;Somogy;Kaposvár;Füredi út 97.;Trafik Beach Bt.;46.3718;17.7824;Hétfő 06:00-22:00|Kedd 06:00-22:00|Szerda 06:00-22:00|Csütörtök 06:00-22:00|Péntek 06:00-22:00|Szombat 06:00-22:00|Vasárnap 06:00-22:00
7400;Somogy;Kaposvár;Füredi úti pavilonsor 5381/78;Zselic Market Bt.;46.3718;17.7824;Hétfő 06:00-22:00|Kedd 06:00-22:00|Szerda 06:00-22:00|Csütörtök 06:00-22:00|Péntek 06:00-22:00|Szombat 06:00-22:00|Vasárnap 06:00-22:00
7400;Somogy;Kaposvár;Gábor Dénes utca 2.;Dodo Dohány Bt.;46.3718;17.7824;Hétfő 06:00-22:00|Kedd 06:00-22:00|Szerda 06:00-22:00|Csütörtök 06:00-22:00|Péntek 06:00-22:00|Szombat 06:00-22:00|Vasárnap 06:00-22:00
7400;Somogy;Kaposvár;Honvéd utca 29;Első Kaposvári Dohány BT.;46.3718;17.7824;Hétfő 06:00-22:00|Kedd 06:00-22:00|Szerda 06:00-22:00|Csütörtök 06:00-22:00|Péntek 06:00-22:00|Szombat 06:00-22:00|Vasárnap 06:00-22:00
7400;Somogy;Kaposvár;Honvéd utca 57.;Zselic Market Bt.;46.3718;17.7824;Hétfő 06:00-22:00|Kedd 06:00-22:00|Szerda 06:00-22:00|Csütörtök 06:00-22:00|Péntek 06:00-22:00|Szombat 06:00-22:00|Vasárnap 06:00-22:00
7400;Somogy;Kaposvár;Honvéd utca 61.;Gaál Róbert István;46.3718;17.7824;Hétfő 06:00-22:00|Kedd 06:00-22:00|Szerda 06:00-22:00|Csütörtök 06:00-22:00|Péntek 06:00-22:00|Szombat 06:00-22:00|Vasárnap 06:00-22:00
7400;Somogy;Kaposvár;Jutai út 26.;PS Trafik Bt.;46.3718;17.7824;Hétfő 06:00-22:00|Kedd 06:00-22:00|Szerda 06:00-22:00|Csütörtök 06:00-22:00|Péntek 06:00-22:00|Szombat 06:00-22:00|Vasárnap 06:00-22:00
7400;Somogy;Kaposvár;Kanizsai utca 2.;Faragó Norbert;46.3718;17.7824;Hétfő 06:00-22:00|Kedd 06:00-22:00|Szerda 06:00-22:00|Csütörtök 06:00-22:00|Péntek 06:00-22:00|Szombat 06:00-22:00|Vasárnap 06:00-22:00
7400;Somogy;Kaposvár;Kaposfüredi pavilonsor 2.;FIGYEL-M Bt.;46.3718;17.7824;Hétfő 06:00-22:00|Kedd 06:00-22:00|Szerda 06:00-22:00|Csütörtök 06:00-22:00|Péntek 06:00-22:00|Szombat 06:00-22:00|Vasárnap 06:00-22:00
7400;Somogy;Kaposvár;Kossuth Lajos utca 2;Első Kaposvári Dohány BT.;46.3718;17.7824;Hétfő 06:00-22:00|Kedd 06:00-22:00|Szerda 06:00-22:00|Csütörtök 06:00-22:00|Péntek 06:00-22:00|Szombat 06:00-22:00|Vasárnap 06:00-22:00
7400;Somogy;Kaposvár;Madár utca 14.;Jankó Zoltánné;46.3718;17.7824;Hétfő 06:00-22:00|Kedd 06:00-22:00|Szerda 06:00-22:00|Csütörtök 06:00-22:00|Péntek 06:00-22:00|Szombat 06:00-22:00|Vasárnap 06:00-22:00
7400;Somogy;Kaposvár;Pécsi utca 97/B.;Fumidusz Bt.;46.3718;17.7824;Hétfő 06:00-22:00|Kedd 06:00-22:00|Szerda 06:00-22:00|Csütörtök 06:00-22:00|Péntek 06:00-22:00|Szombat 06:00-22:00|Vasárnap 06:00-22:00
7400;Somogy;Kaposvár;Petőfi tér 1. fsz. 4.;Zeke Tabak Bt.;46.3718;17.7824;Hétfő 06:00-22:00|Kedd 06:00-22:00|Szerda 06:00-22:00|Csütörtök 06:00-22:00|Péntek 06:00-22:00|Szombat 06:00-22:00|Vasárnap 06:00-22:00
7400;Somogy;Kaposvár;Petőfi utca 56.;PS Trafik Bt.;46.3718;17.7824;Hétfő 06:00-22:00|Kedd 06:00-22:00|Szerda 06:00-22:00|Csütörtök 06:00-22:00|Péntek 06:00-22:00|Szombat 06:00-22:00|Vasárnap 06:00-22:00
7400;Somogy;Kaposvár;Szondi utca 10.;Zselic Market Bt.;46.3718;17.7824;Hétfő 06:00-22:00|Kedd 06:00-22:00|Szerda 06:00-22:00|Csütörtök 06:00-22:00|Péntek 06:00-22:00|Szombat 06:00-22:00|Vasárnap 06:00-22:00
7400;Somogy;Kaposvár;Tallián Gy. utca 81.;Gaál Róbert István;46.3718;17.7824;Hétfő 06:00-22:00|Kedd 06:00-22:00|Szerda 06:00-22:00|Csütörtök 06:00-22:00|Péntek 06:00-22:00|Szombat 06:00-22:00|Vasárnap 06:00-22:00
7400;Somogy;Kaposvár;Tallián Gyula 15. fsz. 1.;Tobacco God Bt;46.3718;17.7824;Hétfő 06:00-22:00|Kedd 06:00-22:00|Szerda 06:00-22:00|Csütörtök 06:00-22:00|Péntek 06:00-22:00|Szombat 06:00-22:00|Vasárnap 06:00-22:00
7400;Somogy;Kaposvár;Teleki utca 12-14;SAF Bt.;46.3718;17.7824;Hétfő 06:00-22:00|Kedd 06:00-22:00|Szerda 06:00-22:00|Csütörtök 06:00-22:00|Péntek 06:00-22:00|Szombat 06:00-22:00|Vasárnap 06:00-22:00
7400;Somogy;Kaposvár;Toponári pavilonsor sor 2.;Hegedüs Gyula István;46.3718;17.7824;Hétfő 06:00-22:00|Kedd 06:00-22:00|Szerda 06:00-22:00|Csütörtök 06:00-22:00|Péntek 06:00-22:00|Szombat 06:00-22:00|Vasárnap 06:00-22:00
7400;Somogy;Kaposvár;Vásártér 2.;MARGAL Bt.;46.3718;17.7824;Hétfő 06:00-22:00|Kedd 06:00-22:00|Szerda 06:00-22:00|Csütörtök 06:00-22:00|Péntek 06:00-22:00|Szombat 06:00-22:00|Vasárnap 06:00-22:00
9330;Győr-Moson-Sopron;Kapuvár;Batthyány utca 1. hrsz. 1481.;Gudo Trafik Bt.;47.5909;17.0396;Hétfő 06:00-22:00|Kedd 06:00-22:00|Szerda 06:00-22:00|Csütörtök 06:00-22:00|Péntek 06:00-22:00|Szombat 06:00-22:00|Vasárnap 06:00-22:00
9330;Győr-Moson-Sopron;Kapuvár;Bercsényi utca 63.;Akvint Bt.;47.5909;17.0396;Hétfő 06:00-22:00|Kedd 06:00-22:00|Szerda 06:00-22:00|Csütörtök 06:00-22:00|Péntek 06:00-22:00|Szombat 06:00-22:00|Vasárnap 06:00-22:00
9330;Győr-Moson-Sopron;Kapuvár;Berg Gusztáv út 2.;Domádi Trafik Bt.;47.5909;17.0396;Hétfő 06:00-22:00|Kedd 06:00-22:00|Szerda 06:00-22:00|Csütörtök 06:00-22:00|Péntek 06:00-22:00|Szombat 06:00-22:00|Vasárnap 06:00-22:00
9330;Győr-Moson-Sopron;Kapuvár;Kossuth Lajos utca 37.;Akvint Bt.;47.5909;17.0396;Hétfő 06:00-22:00|Kedd 06:00-22:00|Szerda 06:00-22:00|Csütörtök 06:00-22:00|Péntek 06:00-22:00|Szombat 06:00-22:00|Vasárnap 06:00-22:00
9330;Győr-Moson-Sopron;Kapuvár;Szent István Király út 14.;Ősze és Fiai Bt.;47.5924;17.0222;Hétfő 05:00-21:00|Kedd 05:00-21:00|Szerda 05:00-21:00|Csütörtök 05:00-21:00|Péntek 05:00-21:00|Szombat 06:00-22:00|Vasárnap 07:00-19:00
3281;Heves;Karácsond;Szent István út 49.;Kerek Dohány Bt;47.7276;20.0278;Hétfő 07:00-15:00|Kedd 07:00-15:00|Szerda 07:00-15:00|Csütörtök 07:00-15:00|Péntek 07:00-15:00|Szombat 08:00-12:00
5300;Jász-Nagykun-Szolnok;Karcag;Baross utca 35.;Szarka Péter;47.3067;20.9269;Hétfő 05:30-21:00|Kedd 05:30-21:00|Szerda 05:30-21:00|Csütörtök 05:30-21:00|Péntek 05:30-21:00|Szombat 05:30-21:00|Vasárnap 05:30-21:00
5300;Jász-Nagykun-Szolnok;Karcag;Dózsa György út 19.;Kovács Szabolcs István;47.3202;20.9259;Hétfő 06:00-18:00|Kedd 06:00-18:00|Szerda 06:00-18:00|Csütörtök 06:00-18:00|Péntek 06:00-18:00|Szombat 06:00-17:00|Vasárnap 07:00-16:00
5300;Jász-Nagykun-Szolnok;Karcag;Horváth Ferenc utca 7;Baláné S. Kovács Anikó;47.3067;20.9269;Hétfő 05:30-21:00|Kedd 05:30-21:00|Szerda 05:30-21:00|Csütörtök 05:30-21:00|Péntek 05:30-21:00|Szombat 05:30-21:00|Vasárnap 05:30-21:00
5300;Jász-Nagykun-Szolnok;Karcag;Kacsóh utca 3/8;Ökrös Gábor;47.3067;20.9269;Hétfő 05:30-21:00|Kedd 05:30-21:00|Szerda 05:30-21:00|Csütörtök 05:30-21:00|Péntek 05:30-21:00|Szombat 05:30-21:00|Vasárnap 05:30-21:00
5300;Jász-Nagykun-Szolnok;Karcag;Kálvin utca 1.;Tóthné Czinege Mária;47.3181;20.9218;Hétfő 06:00-18:00|Kedd 06:00-18:00|Szerda 06:00-18:00|Csütörtök 06:00-18:00|Péntek 06:00-18:00|Szombat 06:00-12:00|Vasárnap 07:00-13:00
5300;Jász-Nagykun-Szolnok;Karcag;Kisújszállási út 51/b;Baláné S. Kovács Anikó;47.3067;20.9269;Hétfő 05:30-21:00|Kedd 05:30-21:00|Szerda 05:30-21:00|Csütörtök 05:30-21:00|Péntek 05:30-21:00|Szombat 05:30-21:00|Vasárnap 05:30-21:00
5300;Jász-Nagykun-Szolnok;Karcag;Ohió tér hrsz 1778;Ökrös Gábor;47.3067;20.9269;Hétfő 05:30-21:00|Kedd 05:30-21:00|Szerda 05:30-21:00|Csütörtök 05:30-21:00|Péntek 05:30-21:00|Szombat 05:30-21:00|Vasárnap 05:30-21:00
5300;Jász-Nagykun-Szolnok;Karcag;Püspökladányi út 91.;Bala István;47.3067;20.9269;Hétfő 05:30-21:00|Kedd 05:30-21:00|Szerda 05:30-21:00|Csütörtök 05:30-21:00|Péntek 05:30-21:00|Szombat 05:30-21:00|Vasárnap 05:30-21:00
5300;Jász-Nagykun-Szolnok;Karcag;Széchenyi sugárút 33 .;Domján Sándor Tibor;47.3067;20.9269;Hétfő 05:30-21:00|Kedd 05:30-21:00|Szerda 05:30-21:00|Csütörtök 05:30-21:00|Péntek 05:30-21:00|Szombat 05:30-21:00|Vasárnap 05:30-21:00
5300;Jász-Nagykun-Szolnok;Karcag;Szent István sugárút 17 .;Orvos-Nagy László;47.3067;20.9269;Hétfő 05:30-21:00|Kedd 05:30-21:00|Szerda 05:30-21:00|Csütörtök 05:30-21:00|Péntek 05:30-21:00|Szombat 05:30-21:00|Vasárnap 05:30-21:00
3700;Borsod-Abaúj-Zemplén;Kazincbarcika;2625/8. hrsz.;Maruska Ildikó;48.2594;20.6167;Hétfő 08:00-00:00|Kedd 08:00-00:00|Szerda 08:00-00:00|Csütörtök 08:00-00:00|Péntek 08:00-00:00|Szombat 08:00-00:00|Vasárnap 08:00-00:00
3700;Borsod-Abaúj-Zemplén;Kazincbarcika;Babits Mihály utca 1.;Husi  Viktória;48.256;20.6307;Hétfő 06:00-22:00|Kedd 06:00-22:00|Szerda 06:00-22:00|Csütörtök 06:00-22:00|Péntek 06:00-22:00|Szombat 06:00-22:00|Vasárnap 07:00-17:00
3700;Borsod-Abaúj-Zemplén;Kazincbarcika;Csokonai út 14.;Somogyvári Béláné;48.2549;20.6268;Hétfő 06:00-21:00|Kedd 06:00-21:00|Szerda 06:00-21:00|Csütörtök 06:00-21:00|Péntek 06:00-21:00|Szombat 06:00-21:00|Vasárnap 06:00-21:00
3700;Borsod-Abaúj-Zemplén;Kazincbarcika;Egressy B. 56.;Unió Kertváros Bt.;48.2594;20.6167;Hétfő 08:00-00:00|Kedd 08:00-00:00|Szerda 08:00-00:00|Csütörtök 08:00-00:00|Péntek 08:00-00:00|Szombat 08:00-00:00|Vasárnap 08:00-00:00
3700;Borsod-Abaúj-Zemplén;Kazincbarcika;Egressy Béni út 14.;Ízvilágok Boltja Bt.;48.2477;20.6181;Hétfő 05:00-20:00|Kedd 05:00-20:00|Szerda 05:00-20:00|Csütörtök 05:00-20:00|Péntek 05:00-22:00|Szombat 08:00-22:00|Vasárnap 08:00-20:00
3700;Borsod-Abaúj-Zemplén;Kazincbarcika;Egressy út 1/C;Enitabak Bt;48.2594;20.6167;Hétfő 08:00-00:00|Kedd 08:00-00:00|Szerda 08:00-00:00|Csütörtök 08:00-00:00|Péntek 08:00-00:00|Szombat 08:00-00:00|Vasárnap 08:00-00:00
3700;Borsod-Abaúj-Zemplén;Kazincbarcika;Egressy utca 40.;Unió Kertváros Bt.;48.2534;20.6241;Hétfő 06:00-18:00|Kedd 06:00-18:30|Szerda 06:00-18:30|Csütörtök 06:00-18:30|Péntek 06:00-18:30|Szombat 06:00-14:00
3700;Borsod-Abaúj-Zemplén;Kazincbarcika;Egressy utca 51.;Unió Kertváros Bt.;48.2594;20.6167;Hétfő 08:00-00:00|Kedd 08:00-00:00|Szerda 08:00-00:00|Csütörtök 08:00-00:00|Péntek 08:00-00:00|Szombat 08:00-00:00|Vasárnap 08:00-00:00
3700;Borsod-Abaúj-Zemplén;Kazincbarcika;Építők útja 32.;Barkóczi Attila;48.2594;20.6167;Hétfő 08:00-00:00|Kedd 08:00-00:00|Szerda 08:00-00:00|Csütörtök 08:00-00:00|Péntek 08:00-00:00|Szombat 08:00-00:00|Vasárnap 08:00-00:00
3700;Borsod-Abaúj-Zemplén;Kazincbarcika;Május 1. utca 56/A.;Dávid Tabak BT;48.2594;20.6167;Hétfő 08:00-00:00|Kedd 08:00-00:00|Szerda 08:00-00:00|Csütörtök 08:00-00:00|Péntek 08:00-00:00|Szombat 08:00-00:00|Vasárnap 08:00-00:00
3700;Borsod-Abaúj-Zemplén;Kazincbarcika;Mátyás király út 49/a;Dávid Tabak BT;48.2594;20.6167;Hétfő 08:00-00:00|Kedd 08:00-00:00|Szerda 08:00-00:00|Csütörtök 08:00-00:00|Péntek 08:00-00:00|Szombat 08:00-00:00|Vasárnap 08:00-00:00
3700;Borsod-Abaúj-Zemplén;Kazincbarcika;Mátyás király utca 58.;Ludoli-Tabak Bt;48.2594;20.6167;Hétfő 08:00-00:00|Kedd 08:00-00:00|Szerda 08:00-00:00|Csütörtök 08:00-00:00|Péntek 08:00-00:00|Szombat 08:00-00:00|Vasárnap 08:00-00:00
3700;Borsod-Abaúj-Zemplén;Kazincbarcika;Szemere Bertalan tér 1.;Zuti Györgyné;48.2594;20.6167;Hétfő 08:00-00:00|Kedd 08:00-00:00|Szerda 08:00-00:00|Csütörtök 08:00-00:00|Péntek 08:00-00:00|Szombat 08:00-00:00|Vasárnap 08:00-00:00
3700;Borsod-Abaúj-Zemplén;Kazincbarcika;Tóth Árpád út hrsz. 1394/55;Zuti Györgyné;48.2594;20.6167;Hétfő 08:00-00:00|Kedd 08:00-00:00|Szerda 08:00-00:00|Csütörtök 08:00-00:00|Péntek 08:00-00:00|Szombat 08:00-00:00|Vasárnap 08:00-00:00
6237;Bács-Kiskun;Kecel;Császártöltési út 16;Vancsuráné Csipak Szabina;46.5262;19.2452;Hétfő 06:00-18:00|Kedd 06:00-18:00|Szerda 06:00-18:00|Csütörtök 06:00-18:00|Péntek 06:00-18:00|Szombat 06:00-14:00|Vasárnap 07:00-12:00
6237;Bács-Kiskun;Kecel;Császártöltési utca 46.;Greksáné Flaisz Katalin;46.5262;19.2452;Hétfő 06:00-18:00|Kedd 06:00-18:00|Szerda 06:00-18:00|Csütörtök 06:00-18:00|Péntek 06:00-18:00|Szombat 06:00-14:00|Vasárnap 07:00-12:00
6237;Bács-Kiskun;Kecel;Fő tér 7.;Lavati Andrásné;46.5262;19.2452;Hétfő 06:00-18:00|Kedd 06:00-18:00|Szerda 06:00-18:00|Csütörtök 06:00-18:00|Péntek 06:00-18:00|Szombat 06:00-14:00|Vasárnap 07:00-12:00
6237;Bács-Kiskun;Kecel;Vasút utca 37.;Tuti-Cigi Bt.;46.5282;19.2526;Hétfő 05:30-21:30|Kedd 05:30-21:30|Szerda 05:30-21:30|Csütörtök 05:30-21:30|Péntek 05:30-21:30|Szombat 05:30-12:30|Vasárnap 06:00-11:00
2852;Komárom-Esztergom;Kecskéd;Fő utca 2;Vértes Trafik Bt;47.5234;18.3094;Hétfő 06:00-18:00|Kedd 06:00-18:00|Szerda 06:00-18:00|Csütörtök 06:00-18:00|Péntek 06:00-18:00|Szombat 07:00-16:00|Vasárnap 08:00-12:00
4501;Szabolcs-Szatmár-Bereg;Kemecse;Móricz Zsigmond utca 23.;Oláh Csabáné;48.0699;21.7994;Hétfő 05:00-21:00|Kedd 05:00-21:00|Szerda 05:00-21:00|Csütörtök 05:00-21:00|Péntek 05:00-21:00|Szombat 05:00-21:00|Vasárnap 06:00-20:00
9522;Vas;Kemenesmagasi;Tulok utca 41.;Nagy Mónika;47.331499;17.208046;Hétfő 07:00-17:00|Kedd 07:00-17:00|Szerda 07:00-17:00|Csütörtök 07:00-17:00|Péntek 07:00-17:00|Szombat 08:00-12:00|Vasárnap 08:00-10:00
8995;Zala;Keménfa;Petőfi Sándor utca 9.;Salom Tabak Bt;46.8516;16.6606;Hétfő 08:00-22:00|Kedd 08:00-22:00|Szerda 08:00-22:00|Csütörtök 08:00-22:00|Péntek 08:00-22:00|Szombat 08:00-22:00|Vasárnap 08:00-22:00
5349;Jász-Nagykun-Szolnok;Kenderes;Akácos út 36.;Lipcseiné Fehér Krisztina;47.2488;20.6697;Hétfő 06:00-19:00|Kedd 06:00-19:00|Szerda 06:00-19:00|Csütörtök 06:00-19:00|Péntek 06:00-19:00|Szombat 07:00-15:00|Vasárnap 07:00-15:00
5331;Jász-Nagykun-Szolnok;Kenderes;Rákóczi út 34.;Farkas Tamás;47.2488;20.6697;Hétfő 06:00-19:00|Kedd 06:00-19:00|Szerda 06:00-19:00|Csütörtök 06:00-19:00|Péntek 06:00-19:00|Szombat 07:00-15:00|Vasárnap 07:00-15:00
5331;Jász-Nagykun-Szolnok;Kenderes;Szövetkezeti út 1.;Hermann Lászlóné;47.2488;20.6697;Hétfő 06:00-19:00|Kedd 06:00-19:00|Szerda 06:00-19:00|Csütörtök 06:00-19:00|Péntek 06:00-19:00|Szombat 07:00-15:00|Vasárnap 07:00-15:00
5083;Jász-Nagykun-Szolnok;Kengyel;Rákóczi út 22.;Körmöndi és Társa Építő-Javító Kkt;47.0852;20.3358;Hétfő 06:00-18:00|Kedd 06:00-18:00|Szerda 06:00-18:00|Csütörtök 06:00-18:00|Péntek 06:00-18:00|Szombat 07:00-15:00
5083;Jász-Nagykun-Szolnok;Kengyel;Zrínyi M. út 24/B.;Coop Trafik Földvár Bt.;47.0852;20.3358;Hétfő 06:00-18:00|Kedd 06:00-18:00|Szerda 06:00-18:00|Csütörtök 06:00-18:00|Péntek 06:00-18:00|Szombat 07:00-15:00
3396;Heves;Kerecsend;Fő út 67.;Mészáros Józsefné;47.797;20.3473;Hétfő 07:00-19:00|Kedd 07:00-19:00|Szerda 07:00-19:00|Csütörtök 07:00-19:00|Péntek 07:00-19:00|Szombat 07:00-13:00|Vasárnap 08:00-12:00
2144;Pest;Kerepes;József Attila utca 51.;Ruzsai Dorottya;47.5732;19.2693;Hétfő 06:00-20:00|Kedd 06:00-20:00|Szerda 06:00-20:00|Csütörtök 06:00-20:00|Péntek 06:00-20:00|Szombat 06:00-19:00|Vasárnap 07:00-18:00
2144;Pest;Kerepes;Mogyoródi utca 1.;Schwarczer László Tamás;47.5732;19.2693;Hétfő 06:00-20:00|Kedd 06:00-20:00|Szerda 06:00-20:00|Csütörtök 06:00-20:00|Péntek 06:00-20:00|Szombat 06:00-19:00|Vasárnap 07:00-18:00
2144;Pest;Kerepes;Szabadság út 173 .;Plachtinszky János Istvánné;47.5732;19.2693;Hétfő 06:00-20:00|Kedd 06:00-20:00|Szerda 06:00-20:00|Csütörtök 06:00-20:00|Péntek 06:00-20:00|Szombat 06:00-19:00|Vasárnap 07:00-18:00
2144;Pest;Kerepes;Szabadság út 92.;Oliben és Társa Ker. Bt;47.5528;19.2716;Hétfő 05:00-22:00|Kedd 05:00-22:00|Szerda 05:00-22:00|Csütörtök 05:00-22:00|Péntek 05:00-22:00|Szombat 05:00-22:00|Vasárnap 06:00-22:00
2144;Pest;Kerepes;Szabadság utca 1/A.;Kút-2003Bt;47.5556;19.2756;Hétfő 08:00-17:00|Kedd 08:00-17:00|Szerda 08:00-17:00|Csütörtök 08:00-17:00|Péntek 08:00-17:00|Szombat 08:00-15:00
8360;Zala;Keszthely;Bercsényi utca 2/A;Oszkár Trafik Bt;46.773398;17.247313;Hétfő 05:30-22:00|Kedd 05:30-22:00|Szerda 05:30-22:00|Csütörtök 05:30-22:00|Péntek 05:30-22:00|Szombat 05:30-22:00|Vasárnap 05:30-22:00
8360;Zala;Keszthely;Bercsényi utca 65.;Restor 96-B Bt.;46.773398;17.247313;Hétfő 05:30-22:00|Kedd 05:30-22:00|Szerda 05:30-22:00|Csütörtök 05:30-22:00|Péntek 05:30-22:00|Szombat 05:30-22:00|Vasárnap 05:30-22:00
8360;Zala;Keszthely;Csapás út 6.;Dr. Lóthné Tolvéth Katalin Erzsébet;46.773398;17.247313;Hétfő 05:30-22:00|Kedd 05:30-22:00|Szerda 05:30-22:00|Csütörtök 05:30-22:00|Péntek 05:30-22:00|Szombat 05:30-22:00|Vasárnap 05:30-22:00
8360;Zala;Keszthely;Fodor utca 4501/65.;Do-It Family Bt.;46.773398;17.247313;Hétfő 05:30-22:00|Kedd 05:30-22:00|Szerda 05:30-22:00|Csütörtök 05:30-22:00|Péntek 05:30-22:00|Szombat 05:30-22:00|Vasárnap 05:30-22:00
8360;Zala;Keszthely;Tapolcai út 35.;Torma Trafik Bt;46.773398;17.247313;Hétfő 05:30-22:00|Kedd 05:30-22:00|Szerda 05:30-22:00|Csütörtök 05:30-22:00|Péntek 05:30-22:00|Szombat 05:30-22:00|Vasárnap 05:30-22:00
8360;Zala;Keszthely;Vásár tér 1.;Koloszárné Fonyó Krisztina;46.773398;17.247313;Hétfő 05:30-22:00|Kedd 05:30-22:00|Szerda 05:30-22:00|Csütörtök 05:30-22:00|Péntek 05:30-22:00|Szombat 05:30-22:00|Vasárnap 05:30-22:00
2517;Komárom-Esztergom;Kesztölc;Klement utca 17/b.;Infi Kkt;47.7118;18.7968;Hétfő 06:00-18:00|Kedd 06:00-19:00|Szerda 06:00-19:00|Csütörtök 06:00-19:00|Péntek 06:00-19:00|Szombat 06:00-15:00|Vasárnap 07:00-12:00
2517;Komárom-Esztergom;Kesztölc;Szabadság tér 14-16.;Sláger Trafik Bt;47.7118;18.7968;Hétfő 06:00-18:00|Kedd 06:00-19:00|Szerda 06:00-19:00|Csütörtök 06:00-19:00|Péntek 06:00-19:00|Szombat 06:00-15:00|Vasárnap 07:00-12:00
2655;Nógrád;Kétbodony;Madách utca 47.;Hangács és Társai Bt;47.9362;19.2858;Hétfő 06:00-17:00|Kedd 06:00-17:00|Szerda 06:00-17:00|Csütörtök 06:00-17:00|Péntek 06:00-17:00|Szombat 06:00-15:00|Vasárnap 07:00-11:00
5741;Békés;Kétegyháza;Dózsa György utca 27/2.;Nikula Aurél Jánosné;46.5449;21.1899;Hétfő 07:00-19:00|Kedd 07:00-19:00|Szerda 07:00-19:00|Csütörtök 07:00-19:00|Péntek 07:00-19:00|Szombat 07:00-15:00|Vasárnap 07:00-12:00
8713;Somogy;Kéthely;Balaton utca 1.;Főnix Tabak Bt.;46.6442;17.3939;Hétfő 06:00-19:00|Kedd 06:00-19:00|Szerda 06:00-19:00|Csütörtök 06:00-19:00|Péntek 06:00-19:00|Szombat 07:00-13:00
5411;Jász-Nagykun-Szolnok;Kétpó;Ond vezér út 6.;Rózsa Anna;47.077;20.482;Hétfő 08:00-17:00|Kedd 08:00-17:00|Szerda 08:00-17:00|Csütörtök 08:00-17:00|Péntek 08:00-17:00|Szombat 08:00-12:00
5674;Békés;Kétsoprony;Kossuth utca 2/1.;Tóth Árpád;46.7211;20.8896;Hétfő 06:00-19:00|Kedd 06:00-19:00|Szerda 06:00-19:00|Csütörtök 06:00-19:00|Péntek 06:00-19:00|Szombat 06:00-16:00|Vasárnap 10:00-12:00
9181;Győr-Moson-Sopron;Kimle;Fő út 96.;CIGIKER Bt.;47.8274;17.3717;Hétfő 05:00-17:00|Kedd 05:00-17:00|Szerda 05:00-17:00|Csütörtök 05:00-17:00|Péntek 05:00-17:00|Szombat 05:30-12:00|Vasárnap 07:00-10:00
9181;Győr-Moson-Sopron;Kimle;Fő utca 99.;Hittmann Márta;47.8274;17.3717;Hétfő 05:00-17:00|Kedd 05:00-17:00|Szerda 05:00-17:00|Csütörtök 05:00-17:00|Péntek 05:00-17:00|Szombat 05:30-12:00|Vasárnap 07:00-10:00
8044;Fejér;Kincsesbánya;Kincsesi utca 37.;Kovács-Domján Erika;47.265695;18.27324;Hétfő 05:30-19:30|Kedd 05:30-19:30|Szerda 05:30-19:30|Csütörtök 05:30-19:30|Péntek 05:30-19:30|Szombat 07:00-15:00|Vasárnap 07:00-10:00
2881;Komárom-Esztergom;Kisbér;Győri utca 12.;Zalka László;47.5093;18.0033;Hétfő 05:00-17:00|Kedd 05:00-17:00|Szerda 05:00-17:00|Csütörtök 05:00-17:00|Péntek 05:00-17:00|Szombat 05:00-12:00|Vasárnap 08:00-10:00
2870;Komárom-Esztergom;Kisbér;Kossuth Lajos utca 11.;MÜLLÉR TRAFIKOK 2013 Bt.;47.5024;18.0255;Hétfő 06:00-18:00|Kedd 06:00-18:00|Szerda 06:00-18:00|Csütörtök 06:00-18:00|Péntek 06:00-18:00|Szombat 06:00-18:00
2870;Komárom-Esztergom;Kisbér;Kozma Ferenc utca 2/a;Türkösiné Varga Gyöngyi Jolán;47.5024;18.0255;Hétfő 06:00-18:00|Kedd 06:00-18:00|Szerda 06:00-18:00|Csütörtök 06:00-18:00|Péntek 06:00-18:00|Szombat 06:00-18:00
2870;Komárom-Esztergom;Kisbér;Városház tér 1613/2;Hervárt Ker. és Szolg. Kkt;47.5024;18.0255;Hétfő 06:00-18:00|Kedd 06:00-18:00|Szerda 06:00-18:00|Csütörtök 06:00-18:00|Péntek 06:00-18:00|Szombat 06:00-18:00
8693;Somogy;Kisberény;Zrínyi Miklós utca 25/4/A.;Németh Jánosné;46.666088;17.637424;Hétfő 06:00-21:00|Kedd 06:00-21:00|Szerda 06:00-21:00|Csütörtök 06:00-21:00|Péntek 06:00-21:00|Szombat 06:00-21:00|Vasárnap 06:00-21:00
7800;Baranya;Kisharsány;Aradi utca 46.;Krémer György;45.8594;18.282;Hétfő 05:00-21:00|Kedd 05:00-21:00|Szerda 05:00-21:00|Csütörtök 05:00-21:00|Péntek 05:00-21:00|Szombat 06:00-20:00|Vasárnap 06:00-12:00
7800;Baranya;Kisharsány;Felszabadulás utca 24.;Agóra-Trafik Bt.;45.8594;18.282;Hétfő 05:00-21:00|Kedd 05:00-21:00|Szerda 05:00-21:00|Csütörtök 05:00-21:00|Péntek 05:00-21:00|Szombat 06:00-20:00|Vasárnap 06:00-12:00
7800;Baranya;Kisharsány;Felszabadulás utca 5.;TRAZORA Bt.;45.8594;18.282;Hétfő 05:00-21:00|Kedd 05:00-21:00|Szerda 05:00-21:00|Csütörtök 05:00-21:00|Péntek 05:00-21:00|Szombat 06:00-20:00|Vasárnap 06:00-12:00
7800;Baranya;Kisharsány;Felszabadulás utca 63.;Szidi-Dohány Bt;45.8594;18.282;Hétfő 05:00-21:00|Kedd 05:00-21:00|Szerda 05:00-21:00|Csütörtök 05:00-21:00|Péntek 05:00-21:00|Szombat 06:00-20:00|Vasárnap 06:00-12:00
7800;Baranya;Kisharsány;Pécsi utca 27/A.;Orange694 Trafik Bt;45.8712;18.272;Hétfő 06:00-18:00|Kedd 06:00-18:00|Szerda 06:00-18:00|Csütörtök 06:00-18:00|Péntek 06:00-18:00|Szombat 07:00-15:00|Vasárnap 07:00-12:00
7773;Baranya;Kisjakabfalva;Baross Gábor utca 33.;Kovácsné Kerner Veronika;45.8693;18.4561;Hétfő 05:30-21:30|Kedd 05:30-21:30|Szerda 05:30-21:30|Csütörtök 05:30-21:30|Péntek 05:30-21:30|Szombat 07:00-21:00|Vasárnap 07:00-15:00
7773;Baranya;Kisjakabfalva;Diófás tér 2/A;Szokolovics Iván;45.8693;18.4561;Hétfő 05:30-21:30|Kedd 05:30-21:30|Szerda 05:30-21:30|Csütörtök 05:30-21:30|Péntek 05:30-21:30|Szombat 07:00-21:00|Vasárnap 07:00-15:00
7766;Baranya;Kiskassa;Kossuth Lajos utca 28/1.;Jámborcsik Pál;45.9372;18.3627;Hétfő 06:00-18:00|Kedd 06:00-18:00|Szerda 06:00-18:00|Csütörtök 06:00-18:00|Péntek 06:00-18:00|Szombat 07:00-13:00|Vasárnap 07:00-12:00
6200;Heves;Kiskőrös;Batthyány Lajos út 13.;Király és Király Bt.;46.62;19.2799;Hétfő 05:00-19:00|Kedd 05:00-19:00|Szerda 05:00-19:00|Csütörtök 05:00-19:00|Péntek 05:00-19:00|Szombat 05:00-13:00|Vasárnap 07:00-11:00
6200;Heves;Kiskőrös;Dózsa György út 21.;Symphony-Trafik Bt;46.62;19.2799;Hétfő 05:00-19:00|Kedd 05:00-19:00|Szerda 05:00-19:00|Csütörtök 05:00-19:00|Péntek 05:00-19:00|Szombat 05:00-13:00|Vasárnap 07:00-11:00
6200;Heves;Kiskőrös;József Attila utca 81.;Vass Family Bt.;46.6161239;19.2862871;Hétfő 06:30-19:30|Kedd 06:30-19:30|Szerda 06:30-19:30|Csütörtök 06:30-19:30|Péntek 06:30-19:30|Szombat 06:30-19:30|Vasárnap 08:00-12:00
6200;Heves;Kiskőrös;Petőfi Sándor út 40.;Mihók György;46.62;19.2799;Hétfő 05:00-19:00|Kedd 05:00-19:00|Szerda 05:00-19:00|Csütörtök 05:00-19:00|Péntek 05:00-19:00|Szombat 05:00-13:00|Vasárnap 07:00-11:00
6200;Heves;Kiskőrös;Petőfi tér 9 fsz.7;Maczkóné Szefcsik Katalin;46.62;19.2799;Hétfő 05:00-19:00|Kedd 05:00-19:00|Szerda 05:00-19:00|Csütörtök 05:00-19:00|Péntek 05:00-19:00|Szombat 05:00-13:00|Vasárnap 07:00-11:00
6200;Heves;Kiskőrös;Rákóczi 21.;Somogyi Szilvia;46.62;19.2799;Hétfő 05:00-19:00|Kedd 05:00-19:00|Szerda 05:00-19:00|Csütörtök 05:00-19:00|Péntek 05:00-19:00|Szombat 05:00-13:00|Vasárnap 07:00-11:00
6200;Heves;Kiskőrös;Víztorony köz 6.;Dohcsi Bt;46.62;19.2799;Hétfő 05:00-19:00|Kedd 05:00-19:00|Szerda 05:00-19:00|Csütörtök 05:00-19:00|Péntek 05:00-19:00|Szombat 05:00-13:00|Vasárnap 07:00-11:00
6100;Bács-Kiskun;Kiskunfélegyháza;Bajcsy-Zsilinszky E. utca 13 .;Faragó és Balla Bt;46.7105;19.8439;Hétfő 05:00-22:00|Kedd 05:00-22:00|Szerda 05:00-22:00|Csütörtök 05:00-22:00|Péntek 05:00-23:00|Szombat 06:00-23:00|Vasárnap 06:00-14:00
6100;Bács-Kiskun;Kiskunfélegyháza;Béke tér 7.;Lukács Trafik Bt.;46.7105;19.8439;Hétfő 05:00-22:00|Kedd 05:00-22:00|Szerda 05:00-22:00|Csütörtök 05:00-22:00|Péntek 05:00-23:00|Szombat 06:00-23:00|Vasárnap 06:00-14:00
6100;Bács-Kiskun;Kiskunfélegyháza;Damjanich utca 42.;Kerner Anikó;46.7105;19.8439;Hétfő 05:00-22:00|Kedd 05:00-22:00|Szerda 05:00-22:00|Csütörtök 05:00-22:00|Péntek 05:00-23:00|Szombat 06:00-23:00|Vasárnap 06:00-14:00
6100;Bács-Kiskun;Kiskunfélegyháza;Dr. Holló Lajos 93.;Rékasi Szilvia;46.7105;19.8439;Hétfő 05:00-22:00|Kedd 05:00-22:00|Szerda 05:00-22:00|Csütörtök 05:00-22:00|Péntek 05:00-23:00|Szombat 06:00-23:00|Vasárnap 06:00-14:00
6100;Bács-Kiskun;Kiskunfélegyháza;Dr. Holló Lajos utca 24.;Ménesi Kereskedőház Bt.;46.7105;19.8439;Hétfő 05:00-22:00|Kedd 05:00-22:00|Szerda 05:00-22:00|Csütörtök 05:00-22:00|Péntek 05:00-23:00|Szombat 06:00-23:00|Vasárnap 06:00-14:00
6100;Bács-Kiskun;Kiskunfélegyháza;Dr. Holló Lajos utca 5.;Alap Trafik Bt.;46.7146;19.8497;Hétfő 05:00-23:30|Kedd 05:00-23:30|Szerda 05:00-23:30|Csütörtök 05:00-23:30|Péntek 05:00-23:30|Szombat 07:00-23:59|Vasárnap 00:00-17:00
6100;Bács-Kiskun;Kiskunfélegyháza;Dr. Holló Lajos utca 69/108.;Lukács Trafik Bt.;46.7219;19.8471;Hétfő 06:00-18:00|Kedd 06:00-18:00|Szerda 06:00-18:00|Csütörtök 06:00-18:00|Péntek 06:00-18:00|Szombat 08:00-16:00
6100;Bács-Kiskun;Kiskunfélegyháza;Gábor Áron utca 28.;Bazsó Péter Illés;46.7033925;19.8522753;Hétfő 05:00-20:00|Kedd 05:00-20:00|Szerda 05:00-20:00|Csütörtök 05:00-20:00|Péntek 05:00-20:00|Szombat 05:30-14:00|Vasárnap 06:00-12:00
6100;Bács-Kiskun;Kiskunfélegyháza;Kossuth Lajos utca 16/A Fsz. 1.;Beálló Sándor Gábor;46.7105;19.8439;Hétfő 05:00-22:00|Kedd 05:00-22:00|Szerda 05:00-22:00|Csütörtök 05:00-22:00|Péntek 05:00-23:00|Szombat 06:00-23:00|Vasárnap 06:00-14:00
6100;Bács-Kiskun;Kiskunfélegyháza;Liget utca 2.;Dinnyés Zoltánné;46.7105;19.8439;Hétfő 05:00-22:00|Kedd 05:00-22:00|Szerda 05:00-22:00|Csütörtök 05:00-22:00|Péntek 05:00-23:00|Szombat 06:00-23:00|Vasárnap 06:00-14:00
6100;Bács-Kiskun;Kiskunfélegyháza;Majsai út 19.;Brila-Trafik Bt;46.7105;19.8439;Hétfő 05:00-22:00|Kedd 05:00-22:00|Szerda 05:00-22:00|Csütörtök 05:00-22:00|Péntek 05:00-23:00|Szombat 06:00-23:00|Vasárnap 06:00-14:00
6100;Bács-Kiskun;Kiskunfélegyháza;Mártírok útja 2.;Kerner Anikó;46.7105;19.8439;Hétfő 05:00-22:00|Kedd 05:00-22:00|Szerda 05:00-22:00|Csütörtök 05:00-22:00|Péntek 05:00-23:00|Szombat 06:00-23:00|Vasárnap 06:00-14:00
6100;Bács-Kiskun;Kiskunfélegyháza;Pázmány utca 2/A. 2. ajtó;Lukács-Tabak Bt.;46.7105;19.8439;Hétfő 05:00-22:00|Kedd 05:00-22:00|Szerda 05:00-22:00|Csütörtök 05:00-22:00|Péntek 05:00-23:00|Szombat 06:00-23:00|Vasárnap 06:00-14:00
6100;Bács-Kiskun;Kiskunfélegyháza;Szentesi út 23.;Buchholzné Seres Gyöngyi;46.7105;19.8439;Hétfő 05:00-22:00|Kedd 05:00-22:00|Szerda 05:00-22:00|Csütörtök 05:00-22:00|Péntek 05:00-23:00|Szombat 06:00-23:00|Vasárnap 06:00-14:00
6100;Bács-Kiskun;Kiskunfélegyháza;X. körzet tanya 49/C 0465/115 hrsz;Haleszi Dohány Bt.;46.7105;19.8439;Hétfő 05:00-22:00|Kedd 05:00-22:00|Szerda 05:00-22:00|Csütörtök 05:00-22:00|Péntek 05:00-23:00|Szombat 06:00-23:00|Vasárnap 06:00-14:00
6400;Bács-Kiskun;Kiskunhalas;Bercsényi utca 1.;Dohánykuckó Bt;46.4312;19.4797;Hétfő 08:00-18:00|Kedd 08:00-18:00|Szerda 08:00-18:00|Csütörtök 08:00-18:00|Péntek 08:00-18:00|Szombat 08:00-12:00
6400;Bács-Kiskun;Kiskunhalas;Füzér utca 2.;Fülöp Anikó;46.4312;19.4797;Hétfő 08:00-18:00|Kedd 08:00-18:00|Szerda 08:00-18:00|Csütörtök 08:00-18:00|Péntek 08:00-18:00|Szombat 08:00-12:00
6400;Bács-Kiskun;Kiskunhalas;Jókai utca 28. fsz. 3.;Dohánykuckó Bt;46.4312;19.4797;Hétfő 08:00-18:00|Kedd 08:00-18:00|Szerda 08:00-18:00|Csütörtök 08:00-18:00|Péntek 08:00-18:00|Szombat 08:00-12:00
6400;Bács-Kiskun;Kiskunhalas;Kanizsa tér 2. fsz. 4.;Tetra Trafik Bt.;46.4312;19.4797;Hétfő 08:00-18:00|Kedd 08:00-18:00|Szerda 08:00-18:00|Csütörtök 08:00-18:00|Péntek 08:00-18:00|Szombat 08:00-12:00
6400;Bács-Kiskun;Kiskunhalas;Keceli út 3.;Cigó Bt.;46.4241;19.4609;Hétfő 06:00-18:00|Kedd 06:00-18:00|Szerda 06:00-18:00|Csütörtök 06:00-18:00|Péntek 06:00-18:00|Szombat 07:00-19:00
6400;Bács-Kiskun;Kiskunhalas;Kisfaludy utca 51.;Szentirmai Péter;46.4395;19.4795;Hétfő 09:00-17:30|Kedd 09:00-17:30|Szerda 09:00-17:30|Csütörtök 09:00-17:30|Péntek 09:00-17:30|Szombat 08:00-12:00
6400;Bács-Kiskun;Kiskunhalas;Köztársaság utca 13.;Tetra Trafik Bt.;46.4312;19.4797;Hétfő 08:00-18:00|Kedd 08:00-18:00|Szerda 08:00-18:00|Csütörtök 08:00-18:00|Péntek 08:00-18:00|Szombat 08:00-12:00
6400;Bács-Kiskun;Kiskunhalas;Kuruc Vitézek tere 1. 4735/12 hrsz.;Brila-Trafik Bt;46.4312;19.4797;Hétfő 08:00-18:00|Kedd 08:00-18:00|Szerda 08:00-18:00|Csütörtök 08:00-18:00|Péntek 08:00-18:00|Szombat 08:00-12:00
6400;Bács-Kiskun;Kiskunhalas;Kuruc vitézek tere 6/B.;Kiss-Ventúr Bt.;46.4312;19.4797;Hétfő 08:00-18:00|Kedd 08:00-18:00|Szerda 08:00-18:00|Csütörtök 08:00-18:00|Péntek 08:00-18:00|Szombat 08:00-12:00
6400;Bács-Kiskun;Kiskunhalas;Mátyás tér 7. 2-7.;Tetra Trafik Bt.;46.4315;19.4837;Hétfő 08:00-18:00|Kedd 08:00-18:00|Szerda 08:00-18:00|Csütörtök 08:00-18:00|Péntek 08:00-18:00|Szombat 08:00-12:00
6400;Bács-Kiskun;Kiskunhalas;Szabadkai utca 9.;Szanyi Trafik Bt;46.4312;19.4797;Hétfő 08:00-18:00|Kedd 08:00-18:00|Szerda 08:00-18:00|Csütörtök 08:00-18:00|Péntek 08:00-18:00|Szombat 08:00-12:00
6400;Bács-Kiskun;Kiskunhalas;Szász Károly utca 2.;Brila-Trafik Bt;46.4302;19.4784;Hétfő 05:00-21:00|Kedd 05:00-21:00|Szerda 05:00-21:00|Csütörtök 05:00-21:00|Péntek 05:00-22:00|Szombat 05:00-22:00|Vasárnap 08:00-20:00
6400;Bács-Kiskun;Kiskunhalas;Széchenyi utca 108.;Tetra Trafik Bt.;46.4312;19.4797;Hétfő 08:00-18:00|Kedd 08:00-18:00|Szerda 08:00-18:00|Csütörtök 08:00-18:00|Péntek 08:00-18:00|Szombat 08:00-12:00
6400;Bács-Kiskun;Kiskunhalas;Thúry József utca 4/A;Kapocsi Antal;46.4312;19.4797;Hétfő 08:00-18:00|Kedd 08:00-18:00|Szerda 08:00-18:00|Csütörtök 08:00-18:00|Péntek 08:00-18:00|Szombat 08:00-12:00
2340;Pest;Kiskunlacháza;Dózsa György út 156.;OTIS Gazdasági Szolgáltató Bt.;47.1827;19.0017;Hétfő 07:00-18:00|Kedd 07:00-18:00|Szerda 07:00-18:00|Csütörtök 07:00-18:00|Péntek 07:00-18:00|Szombat 07:00-12:00
2340;Pest;Kiskunlacháza;Dózsa György út 72.;Klenáncz Zita;47.19;19.0067;Hétfő 05:00-20:00|Kedd 05:00-20:00|Szerda 05:00-20:00|Csütörtök 05:00-20:00|Péntek 05:00-20:00|Szombat 07:00-18:00|Vasárnap 07:00-13:00
2340;Pest;Kiskunlacháza;Dózsa György út 84.;Moto Grill&Caffee Bt;47.1891;19.0059;Hétfő 05:00-19:00|Kedd 05:00-19:00|Szerda 05:00-19:00|Csütörtök 05:00-19:00|Péntek 05:00-19:00|Szombat 05:00-13:00|Vasárnap 07:00-10:00
2340;Pest;Kiskunlacháza;Széchenyi utca 45.;Németh-Szabó Szilvia Anita;47.19;19.0067;Hétfő 05:00-20:00|Kedd 05:00-20:00|Szerda 05:00-20:00|Csütörtök 05:00-20:00|Péntek 05:00-20:00|Szombat 07:00-18:00|Vasárnap 07:00-13:00
6120;Bács-Kiskun;Kiskunmajsa;Csontos Károly utca 17.;Brila-Trafik Bt;46.4939;19.7371;Hétfő 05:00-21:00|Kedd 05:00-21:00|Szerda 05:00-21:00|Csütörtök 05:00-21:00|Péntek 05:00-22:00|Szombat 05:00-22:00|Vasárnap 08:00-20:00
6120;Bács-Kiskun;Kiskunmajsa;Félegyházi út 16.;M-Széd Bt;46.4955;19.7375;Hétfő 07:00-20:00|Kedd 07:00-20:00|Szerda 07:00-20:00|Csütörtök 07:00-20:00|Péntek 07:00-20:00|Szombat 10:00-22:00|Vasárnap 08:00-11:00
6120;Bács-Kiskun;Kiskunmajsa;Fő út 85.;Beke Csaba;46.4902;19.7392;Hétfő 06:00-18:00|Kedd 06:00-18:00|Szerda 06:00-18:00|Csütörtök 06:00-18:00|Péntek 06:00-18:00|Szombat 06:00-14:00
6120;Bács-Kiskun;Kiskunmajsa;Fő utca 125.;Szanyi Trafik Bt;46.4865;19.742;Hétfő 05:00-21:00|Kedd 05:00-21:00|Szerda 05:00-21:00|Csütörtök 05:00-21:00|Péntek 05:00-22:00|Szombat 05:00-22:00|Vasárnap 08:00-20:00
6120;Bács-Kiskun;Kiskunmajsa;Széktósor utca 19.;Dobák József;46.4869;19.7285;Hétfő 06:00-14:00|Kedd 06:00-14:00|Szerda 06:00-14:00|Csütörtök 06:00-14:00|Péntek 06:00-14:00|Szombat 06:00-12:00
6120;Bács-Kiskun;Kiskunmajsa;Szent László utca 32.;Pintérné és Társa Bt.;46.4937;19.7314;Hétfő 05:00-22:00|Kedd 05:00-22:00|Szerda 05:00-22:00|Csütörtök 05:00-22:00|Péntek 05:00-22:00|Szombat 05:00-22:00|Vasárnap 05:00-21:00
8156;Fejér;Kisláng;Szent István út 32.;Szakács Istvánné;46.9548;18.3908;Hétfő 06:00-18:00|Kedd 06:00-18:00|Szerda 06:00-18:00|Csütörtök 06:00-18:00|Péntek 06:00-18:00|Szombat 06:00-10:00
8156;Fejér;Kisláng;Szent István utca 64/A.;Szakács Zsolt;46.9548;18.3908;Hétfő 06:00-18:00|Kedd 06:00-18:00|Szerda 06:00-18:00|Csütörtök 06:00-18:00|Péntek 06:00-18:00|Szombat 06:00-10:00
2623;Pest;Kismaros;Kossuth Lajos utca 54.;Hegedüs Andrea;47.826456;19.008716;Hétfő 06:00-19:00|Kedd 06:00-19:00|Szerda 06:00-19:00|Csütörtök 06:00-19:00|Péntek 06:00-19:00|Szombat 06:00-19:00|Vasárnap 06:00-15:00
2623;Pest;Kismaros;Tábor út Hrsz. 1942;Kisvasút Tabak Bt.;47.826456;19.008716;Hétfő 06:00-19:00|Kedd 06:00-19:00|Szerda 06:00-19:00|Csütörtök 06:00-19:00|Péntek 06:00-19:00|Szombat 06:00-19:00|Vasárnap 06:00-15:00
7759;Baranya;Kisnyárád;Kossuth utca 2/B. FS. 2-3 ajtó.;Puch Józsefné;46.0052;18.6247;Hétfő 06:00-18:00|Kedd 06:00-18:00|Szerda 06:00-18:00|Csütörtök 06:00-18:00|Péntek 06:00-18:00|Szombat 07:00-15:00
8483;Veszprém;Kisszőlős;Kossuth Lajos utca 130.;Vági Imréné;47.17146;17.3588415;Hétfő 06:00-16:30|Kedd 06:00-16:30|Szerda 06:00-16:30|Csütörtök 06:00-16:30|Péntek 06:00-16:30|Szombat 06:00-12:00
2143;Pest;Kistarcsa;Eperjesi út 36.;Király Mihály;47.5394;19.2581;Hétfő 06:00-20:00|Kedd 06:00-20:00|Szerda 06:00-20:00|Csütörtök 06:00-20:00|Péntek 06:00-20:00|Szombat 06:00-20:00|Vasárnap 08:00-13:00
2143;Pest;Kistarcsa;Rákóczi körút 19.;Windberger Lajos Gyuláné;47.5394;19.2581;Hétfő 06:00-20:00|Kedd 06:00-20:00|Szerda 06:00-20:00|Csütörtök 06:00-20:00|Péntek 06:00-20:00|Szombat 06:00-20:00|Vasárnap 08:00-13:00
2143;Pest;Kistarcsa;Semmelweis tér 2.;Tarcsa Trafik Bt.;47.5394;19.2581;Hétfő 06:00-20:00|Kedd 06:00-20:00|Szerda 06:00-20:00|Csütörtök 06:00-20:00|Péntek 06:00-20:00|Szombat 06:00-20:00|Vasárnap 08:00-13:00
2143;Pest;Kistarcsa;Szabadság út 56/L;Pemila Cigar Bt;47.5483;19.2645;Hétfő 06:00-20:00|Kedd 06:00-20:00|Szerda 06:00-20:00|Csütörtök 06:00-20:00|Péntek 06:00-20:00|Szombat 06:00-20:00|Vasárnap 07:00-14:00
2143;Pest;Kistarcsa;Szabadság utca 54.;Szentesiné Józer Anita;47.5477;19.2636;Hétfő 06:00-22:00|Kedd 06:00-22:00|Szerda 06:00-22:00|Csütörtök 06:00-22:00|Péntek 06:00-22:00|Szombat 06:00-22:00|Vasárnap 06:00-22:00
6760;Csongrád;Kistelek;Kossuth utca 2.;C-Tabak Bt;46.4701;19.9801;Hétfő 06:00-20:00|Kedd 06:00-20:00|Szerda 06:00-20:00|Csütörtök 06:00-20:00|Péntek 06:00-20:00|Szombat 06:00-20:00|Vasárnap 06:00-20:00
6760;Csongrád;Kistelek;Liget utca 2/A.;Kalmi Trafik Bt.;46.4701;19.9801;Hétfő 06:00-20:00|Kedd 06:00-20:00|Szerda 06:00-20:00|Csütörtök 06:00-20:00|Péntek 06:00-20:00|Szombat 06:00-20:00|Vasárnap 06:00-20:00
6760;Csongrád;Kistelek;Petőfi utca 4-6.;Bartucz Tibor Sándor;46.4701;19.9801;Hétfő 06:00-20:00|Kedd 06:00-20:00|Szerda 06:00-20:00|Csütörtök 06:00-20:00|Péntek 06:00-20:00|Szombat 06:00-20:00|Vasárnap 06:00-20:00
6760;Csongrád;Kistelek;Rákóczi utca 30.;Sipos Ilona;46.4701;19.9801;Hétfő 06:00-20:00|Kedd 06:00-20:00|Szerda 06:00-20:00|Csütörtök 06:00-20:00|Péntek 06:00-20:00|Szombat 06:00-20:00|Vasárnap 06:00-20:00
8868;Zala;Kistolmács;Bajcsy-Zsilinszky utca 36/B.;Mezriczky István;46.430079;16.731885;Hétfő 05:00-22:00|Kedd 05:00-22:00|Szerda 05:00-22:00|Csütörtök 05:00-22:00|Péntek 05:00-22:00|Szombat 06:00-22:00|Vasárnap 06:00-20:00
5310;Jász-Nagykun-Szolnok;Kisújszállás;Mikes utca 7.;Bozó Lajosné;47.2122;20.7509;Hétfő 05:00-21:00|Kedd 05:00-21:00|Szerda 05:00-21:00|Csütörtök 05:00-21:00|Péntek 05:00-21:00|Szombat 05:00-21:00|Vasárnap 05:00-21:00
5310;Jász-Nagykun-Szolnok;Kisújszállás;Nagy Imre utca 7.;Forgácsné Farkas Katalin Mónika;47.2161;20.754;Hétfő 05:00-22:00|Kedd 05:00-22:00|Szerda 05:00-22:00|Csütörtök 05:00-22:00|Péntek 00:00-23:59|Szombat 00:00-23:59|Vasárnap 00:00-23:59
5310;Jász-Nagykun-Szolnok;Kisújszállás;Piac utca 2.;Csillag Sándor;47.2171;20.7569;Hétfő 06:00-22:00|Kedd 06:00-22:00|Szerda 06:00-22:00|Csütörtök 06:00-22:00|Péntek 06:00-22:00|Szombat 06:00-14:00|Vasárnap 07:00-12:00
5310;Jász-Nagykun-Szolnok;Kisújszállás;Sugár út 15.;Borók Sándor István;47.2122;20.7509;Hétfő 05:00-21:00|Kedd 05:00-21:00|Szerda 05:00-21:00|Csütörtök 05:00-21:00|Péntek 05:00-21:00|Szombat 05:00-21:00|Vasárnap 05:00-21:00
5310;Jász-Nagykun-Szolnok;Kisújszállás;Szabadság utca 2/a;Vágó János;47.2122;20.7509;Hétfő 05:00-21:00|Kedd 05:00-21:00|Szerda 05:00-21:00|Csütörtök 05:00-21:00|Péntek 05:00-21:00|Szombat 05:00-21:00|Vasárnap 05:00-21:00
4600;Szabolcs-Szatmár-Bereg;Kisvárda;Árpád út 55.;Pisák Beáta;48.2083;22.0878;Hétfő 06:00-20:00|Kedd 06:00-20:00|Szerda 06:00-20:00|Csütörtök 06:00-20:00|Péntek 06:00-22:00|Szombat 07:00-22:00|Vasárnap 08:00-20:00
4600;Szabolcs-Szatmár-Bereg;Kisvárda;Mártírok út 2444/61/A.;Zámbó István;48.2138;22.0824;Hétfő 06:00-20:00|Kedd 06:00-20:00|Szerda 06:00-20:00|Csütörtök 06:00-20:00|Péntek 06:00-20:00|Szombat 06:00-15:00|Vasárnap 07:00-12:00
4600;Szabolcs-Szatmár-Bereg;Kisvárda;Rákóczi utca 12.;Végsőné Kiss B. Zsófia;48.2138;22.0824;Hétfő 06:00-20:00|Kedd 06:00-20:00|Szerda 06:00-20:00|Csütörtök 06:00-20:00|Péntek 06:00-20:00|Szombat 06:00-15:00|Vasárnap 07:00-12:00
4600;Szabolcs-Szatmár-Bereg;Kisvárda;Széchenyi utca 763/3;Zámbó István;48.2138;22.0824;Hétfő 06:00-20:00|Kedd 06:00-20:00|Szerda 06:00-20:00|Csütörtök 06:00-20:00|Péntek 06:00-20:00|Szombat 06:00-15:00|Vasárnap 07:00-12:00
4600;Szabolcs-Szatmár-Bereg;Kisvárda;Szent László utca 13-15.;Várda-Linzer Bt.;48.2138;22.0824;Hétfő 06:00-20:00|Kedd 06:00-20:00|Szerda 06:00-20:00|Csütörtök 06:00-20:00|Péntek 06:00-20:00|Szombat 06:00-15:00|Vasárnap 07:00-12:00
4600;Szabolcs-Szatmár-Bereg;Kisvárda;Tompos út 19.;Kocsis Ferenc;48.2138;22.0824;Hétfő 06:00-20:00|Kedd 06:00-20:00|Szerda 06:00-20:00|Csütörtök 06:00-20:00|Péntek 06:00-20:00|Szombat 06:00-15:00|Vasárnap 07:00-12:00
4600;Szabolcs-Szatmár-Bereg;Kisvárda;Városmajor utca 41.;Maklári Gergely;48.2138;22.0824;Hétfő 06:00-20:00|Kedd 06:00-20:00|Szerda 06:00-20:00|Csütörtök 06:00-20:00|Péntek 06:00-20:00|Szombat 06:00-15:00|Vasárnap 07:00-12:00
4600;Szabolcs-Szatmár-Bereg;Kisvárda;Vasút utca 2.;Trans-Várda Bt.;48.2138;22.0824;Hétfő 06:00-20:00|Kedd 06:00-20:00|Szerda 06:00-20:00|Csütörtök 06:00-20:00|Péntek 06:00-20:00|Szombat 06:00-15:00|Vasárnap 07:00-12:00
4600;Szabolcs-Szatmár-Bereg;Kisvárda;Vörösmarty tér 4.;Zámbó István;48.2138;22.0824;Hétfő 06:00-20:00|Kedd 06:00-20:00|Szerda 06:00-20:00|Csütörtök 06:00-20:00|Péntek 06:00-20:00|Szombat 06:00-15:00|Vasárnap 07:00-12:00
7334;Komárom-Esztergom;Köblény;Béke utca 2/A;Mezei Imre Károly;46.2897;18.2815;Hétfő 06:00-12:00|Kedd 06:00-12:00|Szerda 06:00-12:00|Csütörtök 06:00-12:00|Péntek 06:00-12:00|Szombat 06:00-11:00
2898;Pest;Kocs;Kis utca 3-5.;BB Milán Tabak Bt;47.605;18.2134;Hétfő 06:00-20:00|Kedd 06:00-20:00|Szerda 06:00-20:00|Csütörtök 06:00-20:00|Péntek 06:00-20:00|Szombat 07:00-16:00
4751;Hajdú-Bihar;Kocsord;Árpád utca 67.;Tobfur Bt.;47.9387;22.3856;Hétfő 06:00-18:00|Kedd 06:00-18:00|Szerda 06:00-18:00|Csütörtök 06:00-18:00|Péntek 06:00-18:00|Szombat 06:00-14:00|Vasárnap 06:00-14:00
4751;Hajdú-Bihar;Kocsord;Szent István utca 41.;Czine Henrietta;47.9387;22.3856;Hétfő 06:00-18:00|Kedd 06:00-18:00|Szerda 06:00-18:00|Csütörtök 06:00-18:00|Péntek 06:00-18:00|Szombat 06:00-14:00|Vasárnap 06:00-14:00
2243;Veszprém;Kóka;Dózsa György út 44.;Szűcs István;47.4831;19.5763;Hétfő 08:00-16:00|Kedd 08:00-16:00|Szerda 08:00-16:00|Csütörtök 08:00-16:00|Péntek 08:00-16:00|Szombat 08:00-12:00
2243;Veszprém;Kóka;Nagykátai út 64/C.;Paitz Stefánia;47.4831;19.5763;Hétfő 08:00-16:00|Kedd 08:00-16:00|Szerda 08:00-16:00|Csütörtök 08:00-16:00|Péntek 08:00-16:00|Szombat 08:00-12:00
2243;Veszprém;Kóka;Nagykátai út 9.;HM-Tabaco-op Bt.;47.4890677;19.5813034;Hétfő 06:15-19:00|Kedd 06:15-19:00|Szerda 06:15-19:00|Csütörtök 06:15-19:00|Péntek 06:15-19:00|Szombat 06:15-13:00|Vasárnap 07:00-12:00
4284;Hajdú-Bihar;Kokad;Kossuth utca 53.;GN Trafik Bt;47.4057;21.9327;Hétfő 06:00-17:30|Kedd 06:00-17:30|Szerda 06:00-17:30|Csütörtök 06:00-17:30|Péntek 06:00-17:30|Szombat 06:00-12:00|Vasárnap 07:00-10:00
7717;Baranya;Kölked;Kossuth L. utca 7.;Vörös Csaba;45.9493;18.7089;Hétfő 06:00-20:00|Kedd 06:00-20:00|Szerda 06:00-20:00|Csütörtök 06:00-20:00|Péntek 06:00-20:00|Szombat 06:00-20:00|Vasárnap 06:00-20:00
2900;Szabolcs-Szatmár-Bereg;Komárom;Bem József út 1.;Cigi-Kom Bt.;47.7443;18.1195;Hétfő 08:00-17:00|Kedd 08:00-17:00|Szerda 08:00-17:00|Csütörtök 08:00-17:00|Péntek 08:00-17:00|Szombat 08:00-12:00
2900;Szabolcs-Szatmár-Bereg;Komárom;Igmándi út 4.;Tabagold Bt;47.7455;18.1196;Hétfő 05:45-17:45|Kedd 05:45-17:45|Szerda 05:45-17:45|Csütörtök 05:45-17:45|Péntek 05:45-17:45|Szombat 05:45-13:00
2900;Szabolcs-Szatmár-Bereg;Komárom;Igmándi utca 29.;Rácz Trafik Bt.;47.7030537;18.014109;Hétfő 07:00-19:00|Kedd 07:00-19:00|Szerda 07:00-19:00|Csütörtök 07:00-19:00|Péntek 07:00-19:00|Szombat 08:00-16:00
2900;Szabolcs-Szatmár-Bereg;Komárom;Klapka György út 10.;Olajos Katalin;47.7443;18.1195;Hétfő 08:00-17:00|Kedd 08:00-17:00|Szerda 08:00-17:00|Csütörtök 08:00-17:00|Péntek 08:00-17:00|Szombat 08:00-12:00
2900;Szabolcs-Szatmár-Bereg;Komárom;Koppányvezér út 88.;Dikász Ágnes;47.7443;18.1195;Hétfő 08:00-17:00|Kedd 08:00-17:00|Szerda 08:00-17:00|Csütörtök 08:00-17:00|Péntek 08:00-17:00|Szombat 08:00-12:00
2900;Szabolcs-Szatmár-Bereg;Komárom;Mártírok útja 45.;Olajos Katalin;47.5793594;18.4035966;Hétfő 06:00-21:00|Kedd 06:00-21:00|Szerda 06:00-21:00|Csütörtök 06:00-21:00|Péntek 06:00-21:00|Szombat 08:00-20:00|Vasárnap 08:00-20:00
2900;Szabolcs-Szatmár-Bereg;Komárom;Táncsics M. utca 3/c;Bán Trafik Bt.;47.7443;18.1195;Hétfő 08:00-17:00|Kedd 08:00-17:00|Szerda 08:00-17:00|Csütörtök 08:00-17:00|Péntek 08:00-17:00|Szombat 08:00-12:00
2900;Szabolcs-Szatmár-Bereg;Komárom;Vásártéri üzletsor 4423/1;Éberhardt Péter;47.7443;18.1195;Hétfő 08:00-17:00|Kedd 08:00-17:00|Szerda 08:00-17:00|Csütörtök 08:00-17:00|Péntek 08:00-17:00|Szombat 08:00-12:00
7300;Vas;Komló;Alkotmány utca 45.;Rein-Horváth Jolán;46.1887;18.268;Hétfő 06:00-20:00|Kedd 06:00-20:00|Szerda 06:00-20:00|Csütörtök 06:00-20:00|Péntek 06:00-20:00|Szombat 08:00-16:00|Vasárnap 08:00-14:00
7300;Vas;Komló;Bem utca 12.;Csizmadia Judit Ibolya;46.1887;18.268;Hétfő 06:00-20:00|Kedd 06:00-20:00|Szerda 06:00-20:00|Csütörtök 06:00-20:00|Péntek 06:00-20:00|Szombat 08:00-16:00|Vasárnap 08:00-14:00
7300;Vas;Komló;Berek utca 1/E;Koszti-Tabak Bt;46.1887;18.268;Hétfő 06:00-20:00|Kedd 06:00-20:00|Szerda 06:00-20:00|Csütörtök 06:00-20:00|Péntek 06:00-20:00|Szombat 08:00-16:00|Vasárnap 08:00-14:00
7300;Vas;Komló;Cserma utca 7-9.;Hegyesi János;46.1894;18.2303;Hétfő 06:00-20:00|Kedd 06:00-20:00|Szerda 06:00-20:00|Csütörtök 06:00-20:00|Péntek 06:00-20:00|Szombat 06:00-20:00|Vasárnap 06:00-20:00
7300;Vas;Komló;Kossuth Lajos utca 75.;Horváth Lászlóné;46.1930683;18.2562658;Hétfő 07:00-17:00|Kedd 07:00-17:00|Szerda 07:00-17:00|Csütörtök 07:00-17:00|Péntek 07:00-17:00|Szombat 07:00-17:00
7300;Vas;Komló;Mikszáth K. utca 4.;Imeliné Wehovszki Brigitta;46.1858;18.2567;Hétfő 06:00-22:00|Kedd 06:00-22:00|Szerda 06:00-22:00|Csütörtök 06:00-22:00|Péntek 06:00-22:00|Szombat 06:00-22:00|Vasárnap 07:00-16:00
7300;Vas;Komló;Pécsi út 1.;Lengyel Hajnalka;46.1902;18.2599;Hétfő 05:00-21:00|Kedd 05:00-21:00|Szerda 05:00-21:00|Csütörtök 05:00-21:00|Péntek 05:00-21:00|Szombat 06:00-16:00|Vasárnap 08:00-16:00
7300;Vas;Komló;Petőfi tér pavilonsor 1.;Kárpáti Tax Bt.;46.1887;18.268;Hétfő 06:00-20:00|Kedd 06:00-20:00|Szerda 06:00-20:00|Csütörtök 06:00-20:00|Péntek 06:00-20:00|Szombat 08:00-16:00|Vasárnap 08:00-14:00
7300;Vas;Komló;Tröszt utca 1.;Koszti-Tabak Bt;46.1887;18.268;Hétfő 06:00-20:00|Kedd 06:00-20:00|Szerda 06:00-20:00|Csütörtök 06:00-20:00|Péntek 06:00-20:00|Szombat 08:00-16:00|Vasárnap 08:00-14:00
7300;Vas;Komló;Zrínyi tér 4.;Csermák Judit;46.1937;18.2564;Hétfő 08:00-16:00|Kedd 08:00-16:00|Szerda 08:00-16:00|Csütörtök 08:00-16:00|Péntek 08:00-16:00|Szombat 06:00-13:00|Vasárnap 06:00-12:00
3356;Pest;Kompolt;Kápolnai utca 2/E. fsz. 5.;Mátraalja Tabak Bt;47.7411;20.2406;Hétfő 06:00-18:00|Kedd 06:00-18:00|Szerda 06:00-18:00|Csütörtök 06:00-18:00|Péntek 06:00-18:00|Szombat 06:00-18:00
5553;Baranya;Kondoros;Csabai út 43.;Korona Bt.;46.7588;20.7999;Hétfő 06:00-18:00|Kedd 06:00-18:00|Szerda 06:00-18:00|Csütörtök 06:00-18:00|Péntek 06:00-18:00|Szombat 06:00-14:00
5553;Baranya;Kondoros;Csabai út 49.;Paluska Zoltánné;46.7583;20.8021;Hétfő 06:00-20:00|Kedd 06:00-20:00|Szerda 06:00-20:00|Csütörtök 06:00-20:00|Péntek 06:00-20:00|Szombat 06:00-20:00|Vasárnap 06:00-12:00
5553;Baranya;Kondoros;Hősök útja 17.;Korcsog István;46.7588;20.7999;Hétfő 06:00-18:00|Kedd 06:00-18:00|Szerda 06:00-18:00|Csütörtök 06:00-18:00|Péntek 06:00-18:00|Szombat 06:00-14:00
9144;Baranya;Kóny;Rákóczi utca 15.;Csonka Katalin Mária;47.6284;17.3589;Hétfő 06:00-15:00|Kedd 06:00-15:00|Szerda 09:00-19:00|Csütörtök 06:00-15:00|Péntek 07:30-19:00|Szombat 07:30-18:00|Vasárnap 08:30-10:30
4133;Borsod-Abaúj-Zemplén;Konyár;Rákóczi út 5.;Kiss József;47.3195;21.6729;Hétfő 06:00-18:00|Kedd 06:00-18:00|Szerda 06:00-18:00|Csütörtök 06:00-18:00|Péntek 06:00-18:00|Szombat 06:00-17:00|Vasárnap 06:00-11:00
4133;Borsod-Abaúj-Zemplén;Konyár;Sóstói utca 67.;VM Trafik Bt;47.3203;21.6731;Hétfő 06:00-18:00|Kedd 06:00-18:00|Szerda 06:00-18:00|Csütörtök 06:00-18:00|Péntek 06:00-18:00|Szombat 06:00-12:00|Vasárnap 07:00-10:00
9900;Vas;Körmend;Mátyás király utca 10.;Éliás Gábor;47.0111;16.5972;Hétfő 06:00-20:00|Kedd 06:00-20:00|Szerda 06:00-20:00|Csütörtök 06:00-20:00|Péntek 06:00-20:00|Szombat 06:00-20:00|Vasárnap 07:00-13:00
9900;Vas;Körmend;Rákóczi 1612.;Légrádi és Társai Vegyeskereskedelmi Kkt.;47.0111;16.5972;Hétfő 06:00-20:00|Kedd 06:00-20:00|Szerda 06:00-20:00|Csütörtök 06:00-20:00|Péntek 06:00-20:00|Szombat 06:00-20:00|Vasárnap 07:00-13:00
9900;Vas;Körmend;Rákóczi F. utca 112;Hodászy Csabáné;47.0111;16.5972;Hétfő 06:00-20:00|Kedd 06:00-20:00|Szerda 06:00-20:00|Csütörtök 06:00-20:00|Péntek 06:00-20:00|Szombat 06:00-20:00|Vasárnap 07:00-13:00
9900;Vas;Körmend;Rákóczi utca 897/9. hrsz.;Trummer Rudolf;47.0111;16.5972;Hétfő 06:00-20:00|Kedd 06:00-20:00|Szerda 06:00-20:00|Csütörtök 06:00-20:00|Péntek 06:00-20:00|Szombat 06:00-20:00|Vasárnap 07:00-13:00
9900;Vas;Körmend;Szabadság tér 12.;Grand Tabak Bt.;47.0089;16.6041;Hétfő 06:00-22:00|Kedd 06:00-22:00|Szerda 06:00-22:00|Csütörtök 06:00-22:00|Péntek 06:00-22:00|Szombat 07:00-22:00|Vasárnap 08:00-20:00
2851;Baranya;Környe;Alkotmány út 48.;Antal Bernadett;47.5486;18.3334;Hétfő 06:00-20:00|Kedd 06:00-20:00|Szerda 06:00-20:00|Csütörtök 06:00-20:00|Péntek 06:00-20:00|Szombat 07:00-16:00
2851;Baranya;Környe;Alkotmány utca 49.;STOFI DOHÁNY KER BT;47.5478;18.332;Hétfő 06:00-18:00|Kedd 06:00-18:00|Szerda 06:00-18:00|Csütörtök 06:00-18:00|Péntek 06:00-18:00|Szombat 06:00-12:00|Vasárnap 07:00-12:00
2851;Baranya;Környe;Alkotmány utca 66-68;Smoking Trafik Bt;47.5486;18.3334;Hétfő 06:00-20:00|Kedd 06:00-20:00|Szerda 06:00-20:00|Csütörtök 06:00-20:00|Péntek 06:00-20:00|Szombat 07:00-16:00
9113;Szabolcs-Szatmár-Bereg;Koroncó;Győri út 20.;Fodor Andrea;47.5974758;17.5292883;Hétfő 05:30-17:30|Kedd 05:30-17:30|Szerda 05:30-17:30|Csütörtök 05:30-17:30|Péntek 05:30-17:30|Szombat 05:30-12:00|Vasárnap 08:00-10:00
2745;Vas;Kőröstetétlen;Jászkarajenői út 1.;Pásztor Pálné;47.0981;20.0225;Hétfő 06:00-18:00|Kedd 06:00-18:00|Szerda 06:00-18:00|Csütörtök 06:00-18:00|Péntek 06:00-18:00|Szombat 07:00-12:00|Vasárnap 07:00-12:00
2625;Somogy;Kóspallag;Váci út 2.;Sorecz-Trafik Bt.;47.8743;18.9361;Hétfő 06:00-16:30|Kedd 06:00-16:30|Szerda 06:00-16:30|Csütörtök 06:00-16:30|Péntek 06:00-16:30|Szombat 07:00-12:00|Vasárnap 07:00-10:00
4482;Hajdú-Bihar;Kótaj;Rákóczi út 1-2.;Nyírség-Centrum Kereskedelmi és Szolgáltató Bt.;48.0478;21.708;Hétfő 06:00-19:00|Kedd 06:00-19:00|Szerda 06:00-19:00|Csütörtök 06:00-19:00|Péntek 06:00-19:00|Szombat 06:00-13:00
5062;Vas;Kőtelek;Szabadság út 8.;Dohány Shop Bt.;47.3312;20.4414;Hétfő 05:00-20:00|Kedd 05:00-20:00|Szerda 05:00-20:00|Csütörtök 05:00-20:00|Péntek 05:00-20:00|Szombat 05:00-20:00|Vasárnap 05:00-20:00
7761;Csongrád;Kozármisleny;Március 15. tér 1-2.;Tankó Gábor;46.0443;18.2852;Hétfő 06:00-21:00|Kedd 06:00-21:00|Szerda 06:00-21:00|Csütörtök 06:00-21:00|Péntek 06:00-21:00|Szombat 06:00-21:00|Vasárnap 06:00-21:00
7761;Csongrád;Kozármisleny;Móricz Zsigmond tér 20.;Huszár Angéla;46.0288;18.2932;Hétfő 06:00-22:00|Kedd 06:00-22:00|Szerda 06:00-22:00|Csütörtök 06:00-22:00|Péntek 06:00-22:00|Szombat 06:00-22:00|Vasárnap 06:00-22:00
2458;Bács-Kiskun;Kulcs;Árpád utca 1.;Godó Tivadar István;47.0574;18.9146;Hétfő 06:00-21:00|Kedd 06:00-21:00|Szerda 06:00-21:00|Csütörtök 06:00-21:00|Péntek 06:00-21:00|Szombat 06:00-21:00|Vasárnap 06:00-21:00
2458;Bács-Kiskun;Kulcs;Rákóczi út 140.;Rakovszki Helga;47.0574;18.9146;Hétfő 06:00-21:00|Kedd 06:00-21:00|Szerda 06:00-21:00|Csütörtök 06:00-21:00|Péntek 06:00-21:00|Szombat 06:00-21:00|Vasárnap 06:00-21:00
5412;Jász-Nagykun-Szolnok;Kuncsorba;Dózsa György út 27;Takács György;47.1255;20.5534;Hétfő 07:00-17:00|Kedd 07:00-17:00|Szerda 07:00-17:00|Csütörtök 07:00-17:00|Péntek 07:00-17:00|Szombat 07:00-12:00|Vasárnap 07:00-11:00
5340;Jász-Nagykun-Szolnok;Kunhegyes;Béke út 3.;Gabika Cigiboltja Bt;47.3751;20.6338;Hétfő 07:00-19:00|Kedd 07:00-19:00|Szerda 07:00-19:00|Csütörtök 07:00-19:00|Péntek 07:00-19:00|Szombat 07:00-19:00|Vasárnap 07:00-19:00
5340;Jász-Nagykun-Szolnok;Kunhegyes;Kossuth Lajos út 18.;Szilágyiné Jámbor Beáta;47.3751;20.6338;Hétfő 07:00-19:00|Kedd 07:00-19:00|Szerda 07:00-19:00|Csütörtök 07:00-19:00|Péntek 07:00-19:00|Szombat 07:00-19:00|Vasárnap 07:00-19:00
5340;Jász-Nagykun-Szolnok;Kunhegyes;Kossuth út 90-92.;Szabó László Zoltán;47.3751;20.6338;Hétfő 07:00-19:00|Kedd 07:00-19:00|Szerda 07:00-19:00|Csütörtök 07:00-19:00|Péntek 07:00-19:00|Szombat 07:00-19:00|Vasárnap 07:00-19:00
5321;Jász-Nagykun-Szolnok;Kunmadaras;Karcagi út 21.;Szarka Ibolya;47.4253;20.7952;Hétfő 05:00-20:00|Kedd 05:00-20:00|Szerda 05:00-20:00|Csütörtök 05:00-20:00|Péntek 05:00-20:00|Szombat 06:00-18:00|Vasárnap 06:00-18:00
5321;Jász-Nagykun-Szolnok;Kunmadaras;Kunhegyesi út 17-19;Gelei Attila;47.4253;20.7952;Hétfő 05:00-20:00|Kedd 05:00-20:00|Szerda 05:00-20:00|Csütörtök 05:00-20:00|Péntek 05:00-20:00|Szombat 06:00-18:00|Vasárnap 06:00-18:00
3732;Csongrád;Kurityán;Kossuth Lajos út 146.;Zuti György;48.3134;20.6207;Hétfő 07:00-19:00|Kedd 07:00-19:00|Szerda 07:00-19:00|Csütörtök 07:00-19:00|Péntek 07:00-19:00|Szombat 07:00-19:00|Vasárnap 07:00-19:00
8919;Zala;Kustánszeg;Kossuth utca 30.;Lakatos Dezső;46.782;16.6788;Hétfő 07:00-17:00|Kedd 07:00-17:00|Szerda 07:00-17:00|Csütörtök 07:00-17:00|Péntek 07:00-17:00|Szombat 07:00-11:00|Vasárnap 08:00-10:00
2541;Komárom-Esztergom;Lábatlan;Cementgyári lakótelep 42.;Trafik-System Észak Bt.;47.74783;18.496235;Hétfő 05:30-19:00|Kedd 05:30-19:00|Szerda 05:30-19:00|Csütörtök 05:30-19:00|Péntek 05:30-19:00|Szombat 05:30-12:00|Vasárnap 07:00-12:00
2541;Komárom-Esztergom;Lábatlan;Rákóczi utca 83.;Bartos Bence Kálmán;47.7504;18.4852;Hétfő 06:00-18:00|Kedd 06:00-18:00|Szerda 06:00-18:00|Csütörtök 06:00-18:00|Péntek 06:00-18:00|Szombat 06:00-18:00|Vasárnap 06:00-18:00
2541;Komárom-Esztergom;Lábatlan;Sport utca 1.;Emmerné Göncz Melinda;47.74783;18.496235;Hétfő 05:30-19:00|Kedd 05:30-19:00|Szerda 05:30-19:00|Csütörtök 05:30-19:00|Péntek 05:30-19:00|Szombat 05:30-12:00|Vasárnap 07:00-12:00
2016;Pest;Leányfalu;Móricz Zsigmond út 156/b.;Handball Family Bt;47.7205;19.0889;Hétfő 06:00-22:00|Kedd 06:00-22:00|Szerda 06:00-22:00|Csütörtök 06:00-22:00|Péntek 06:00-22:00|Szombat 06:00-22:00|Vasárnap 06:00-20:00
2016;Pest;Leányfalu;Móricz Zsigmond utca 171.;Régi Duna Bt;47.7205;19.0889;Hétfő 06:00-22:00|Kedd 06:00-22:00|Szerda 06:00-22:00|Csütörtök 06:00-22:00|Péntek 06:00-22:00|Szombat 06:00-22:00|Vasárnap 06:00-20:00
2518;Komárom-Esztergom;Leányvár;Bécsi 52.;Vazul-Tabac 2013 Bt.;47.6884;18.7706;Hétfő 06:00-18:00|Kedd 06:00-18:00|Szerda 06:00-18:00|Csütörtök 06:00-18:00|Péntek 06:00-18:00|Szombat 06:00-14:00
8960;Zala;Lenti;Kossuth L. utca 4.;Budaházi Péter;46.621528;16.531337;Hétfő 08:00-20:00|Kedd 08:00-20:00|Szerda 08:00-20:00|Csütörtök 08:00-20:00|Péntek 08:00-20:00|Szombat 00:00-23:59|Vasárnap 08:00-20:00
8960;Zala;Lenti;Takarék köz 5.;Balogh Ferencné;46.621528;16.531337;Hétfő 08:00-20:00|Kedd 08:00-20:00|Szerda 08:00-20:00|Csütörtök 08:00-20:00|Péntek 08:00-20:00|Szombat 00:00-23:59|Vasárnap 08:00-20:00
8960;Zala;Lenti;Táncsics utca 5.;Németh Barnabás;46.621528;16.531337;Hétfő 08:00-20:00|Kedd 08:00-20:00|Szerda 08:00-20:00|Csütörtök 08:00-20:00|Péntek 08:00-20:00|Szombat 00:00-23:59|Vasárnap 08:00-20:00
8960;Zala;Lenti;Templom tér 2.;Dohány-Világ City Center Bt;46.621528;16.531337;Hétfő 08:00-20:00|Kedd 08:00-20:00|Szerda 08:00-20:00|Csütörtök 08:00-20:00|Péntek 08:00-20:00|Szombat 00:00-23:59|Vasárnap 08:00-20:00
8132;Fejér;Lepsény;Vasút utca 10.;Liget Dohányáruda Bt.;46.9948;18.2423;Hétfő 06:00-18:00|Kedd 06:00-18:00|Szerda 06:00-18:00|Csütörtök 06:00-18:00|Péntek 06:00-18:00|Szombat 06:00-18:00|Vasárnap 06:00-18:00
8318;Veszprém;Lesencefalu;Kossuth utca 63.;Csobánc Coop Bt.;46.8453;17.3455;Hétfő 06:30-16:30|Kedd 06:30-16:30|Szerda 06:30-16:30|Csütörtök 06:30-16:30|Péntek 06:30-16:30|Szombat 06:30-11:00
8319;Veszprém;Lesenceistvánd;Kossuth utca 128.;Csobánc Coop Bt.;46.8694;17.3618;Hétfő 06:00-16:00|Kedd 06:00-16:00|Szerda 06:00-16:00|Csütörtök 06:00-16:00|Péntek 06:00-16:00|Szombat 06:00-12:00
4283;Hajdú-Bihar;Létavértes;Árpád tér 10.;Juhász Zoltán;47.3825;21.8916;Hétfő 06:00-20:00|Kedd 06:00-20:00|Szerda 06:00-20:00|Csütörtök 06:00-20:00|Péntek 06:00-20:00|Szombat 06:00-19:00|Vasárnap 08:00-18:00
4283;Hajdú-Bihar;Létavértes;Szél utca 28/A.;Szilágyi Béla;47.3825;21.8916;Hétfő 06:00-20:00|Kedd 06:00-20:00|Szerda 06:00-20:00|Csütörtök 06:00-20:00|Péntek 06:00-20:00|Szombat 06:00-19:00|Vasárnap 08:00-18:00
2632;Pest;Letkés;Diófa utca 39;KO&FA Bt;47.8878;18.7756;Hétfő 06:00-18:00|Kedd 06:00-18:00|Szerda 06:00-18:00|Csütörtök 06:00-18:00|Péntek 06:00-18:00|Szombat 06:00-12:00|Vasárnap 07:00-10:00
4555;Szabolcs-Szatmár-Bereg;Levelek;Táncsics Mihály utca 20.;Ugyan Jánosné;47.9655;21.9883;Hétfő 06:00-19:00|Kedd 06:00-19:00|Szerda 06:00-19:00|Csütörtök 06:00-19:00|Péntek 06:00-19:00|Szombat 06:00-19:00|Vasárnap 07:00-11:00
8707;Somogy;Libickozma;Fő utca 63/A;Ács János;46.5309;17.5727;Hétfő 06:00-21:00|Kedd 06:00-21:00|Szerda 06:00-21:00|Csütörtök 06:00-21:00|Péntek 06:00-21:00|Szombat 06:00-21:00|Vasárnap 07:00-21:00
8196;Veszprém;Litér;Dózsa György utca 37.;Irmes Zsolt Károly;47.0977;18.0096;Hétfő 06:00-18:00|Kedd 06:00-18:00|Szerda 06:00-18:00|Csütörtök 06:00-18:00|Péntek 06:00-18:00|Szombat 07:00-14:00|Vasárnap 07:00-11:00
8425;Szabolcs-Szatmár-Bereg;Lókút;Bem utca 36.;Aprócska Szipka Bt.;47.2063;17.865;Hétfő 07:30-15:30|Kedd 07:30-15:30|Szerda 07:30-15:30|Csütörtök 07:30-15:30|Péntek 07:30-15:30|Szombat 07:30-11:30
3021;Baranya;Lőrinci;Árpád út 256.;Kovács Ottó László;47.7376893;19.6802919;Hétfő 07:00-19:00|Kedd 07:00-19:00|Szerda 07:00-19:00|Csütörtök 07:00-19:00|Péntek 07:00-19:00|Szombat 07:00-15:00
3022;Veszprém;Lőrinci;Cukorgyári út 33.;C.S.J. Tobacco Bt;47.7376893;19.6802919;Hétfő 07:00-19:00|Kedd 07:00-19:00|Szerda 07:00-19:00|Csütörtök 07:00-19:00|Péntek 07:00-19:00|Szombat 07:00-15:00
3021;Baranya;Lőrinci;Szabadság tér 15.;Montay-Burik Éva;47.7376893;19.6802919;Hétfő 07:00-19:00|Kedd 07:00-19:00|Szerda 07:00-19:00|Csütörtök 07:00-19:00|Péntek 07:00-19:00|Szombat 07:00-15:00
8093;Békés;Lovasberény;Vásár utca 47.;Krauter Lilla Mária;47.3099;18.5533;Hétfő 06:00-18:00|Kedd 06:00-18:00|Szerda 06:00-18:00|Csütörtök 06:00-18:00|Péntek 06:00-18:00|Szombat 06:00-14:00
8878;Heves;Lovászi;Kútfej utca 116.;Dél-Borsodi Trafik Bt;46.5555;16.5562;Hétfő 06:30-17:00|Kedd 06:30-17:00|Szerda 06:30-17:00|Csütörtök 06:30-17:00|Péntek 06:30-17:00|Szombat 06:30-12:00
7026;Tolna;Madocsa;Paksi utca 13.;Puch Józsefné;46.689;18.9539;Hétfő 08:00-21:00|Kedd 08:00-21:00|Szerda 08:00-21:00|Csütörtök 08:00-21:00|Péntek 08:00-23:00|Szombat 08:00-23:00|Vasárnap 08:00-20:00
2234;Pest;Maglód;Fő utca 2.;Dézsé Dohány Bt.;47.443;19.3494;Hétfő 06:00-18:00|Kedd 06:00-18:00|Szerda 06:00-18:00|Csütörtök 06:00-18:00|Péntek 06:00-18:00|Szombat 06:00-18:00|Vasárnap 07:00-12:00
2234;Pest;Maglód;Jászberényi út 1528/3.;Bacskainé Deák Katalin;47.443731;19.35167;Hétfő 06:00-22:00|Kedd 06:00-22:00|Szerda 06:00-22:00|Csütörtök 06:00-22:00|Péntek 06:00-22:00|Szombat 06:00-22:00|Vasárnap 08:00-20:00
2234;Pest;Maglód;Katona József utca 64.;MED-PLAN Műszaki, Ker. és Szolg. Bt;47.443731;19.35167;Hétfő 06:00-22:00|Kedd 06:00-22:00|Szerda 06:00-22:00|Csütörtök 06:00-22:00|Péntek 06:00-22:00|Szombat 06:00-22:00|Vasárnap 08:00-20:00
4556;Szabolcs-Szatmár-Bereg;Magy;Kossuth utca 43.;Sitku Józsefné;47.9376;21.9754;Hétfő 06:00-17:00|Kedd 06:00-17:00|Szerda 06:00-17:00|Csütörtök 06:00-17:00|Péntek 06:00-17:00|Szombat 06:00-14:00
8071;Fejér;Magyaralmás;Iskola utca 9.;Wolf Hajnalka;47.2906;18.3227;Hétfő 06:00-18:00|Kedd 06:00-18:00|Szerda 06:00-18:00|Csütörtök 06:00-18:00|Péntek 06:00-18:00|Szombat 06:00-11:00|Vasárnap 07:00-10:00
9346;Győr-Moson-Sopron;Magyarkeresztúr;Kossuth utca 55.;Vargáné Bella Éva;47.5111;17.192;Hétfő 05:30-14:00|Kedd 05:30-14:00|Szerda 03:30-11:30|Csütörtök 05:30-14:00|Péntek 05:30-14:00|Szombat 05:30-11:00
8449;Veszprém;Magyarpolány;Táncsics utca 2.;Böröndi Ferenc;47.1695;17.5483;Hétfő 06:00-17:00|Kedd 06:00-17:00|Szerda 06:00-17:00|Csütörtök 06:00-17:00|Péntek 06:00-17:00|Szombat 06:00-12:00
7396;Baranya;Magyarszék;Kossuth Lajos utca 42.;Lajos Jánosné;46.1965;18.1947;Hétfő 06:30-16:00|Kedd 06:30-16:00|Szerda 06:30-16:00|Csütörtök 06:30-16:00|Péntek 06:30-16:00|Szombat 06:30-11:00|Vasárnap 06:30-10:00
2339;Pest;Majosháza;Rákóczi utca 4/B.;Szabóné Réső Szilvia Katalin;47.2633;18.9978;Hétfő 06:00-18:00|Kedd 06:00-18:00|Szerda 06:00-18:00|Csütörtök 06:00-18:00|Péntek 06:00-18:00|Szombat 06:00-14:00|Vasárnap 08:00-11:00
7783;Baranya;Majs;Táncsics M utca 350.;Hau József;45.9153;18.5983;Hétfő 05:30-19:00|Kedd 05:30-19:00|Szerda 05:30-19:00|Csütörtök 05:30-19:00|Péntek 05:30-19:00|Szombat 05:30-19:00|Vasárnap 07:00-12:00
3397;Heves;Maklár;Egri út 30/A.;Balázsi Dohányáru Bt.;47.8087;20.4142;Hétfő 06:30-20:30|Kedd 06:30-20:30|Szerda 06:30-20:30|Csütörtök 06:30-20:30|Péntek 06:30-20:30|Szombat 08:00-11:00|Vasárnap 08:00-11:00
3397;Heves;Maklár;Gárdonyi Géza utca 23.;Némethné Dongó Tímea;47.8087;20.4142;Hétfő 06:30-20:30|Kedd 06:30-20:30|Szerda 06:30-20:30|Csütörtök 06:30-20:30|Péntek 06:30-20:30|Szombat 08:00-11:00|Vasárnap 08:00-11:00
6900;Csongrád;Makó;Almási utca 79.;Bull-Net Bt;46.2337;20.4803;Hétfő 06:00-18:00|Kedd 06:00-18:00|Szerda 06:00-18:00|Csütörtök 06:00-18:00|Péntek 06:00-18:00|Szombat 06:00-14:00
6900;Csongrád;Makó;Aradi utca 20.;BENDE-RED Bt.;46.2337;20.4803;Hétfő 06:00-18:00|Kedd 06:00-18:00|Szerda 06:00-18:00|Csütörtök 06:00-18:00|Péntek 06:00-18:00|Szombat 06:00-14:00
6900;Csongrád;Makó;Csanád vezér tér 21. földszint;Kiss Trafik Bt;46.2337;20.4803;Hétfő 06:00-18:00|Kedd 06:00-18:00|Szerda 06:00-18:00|Csütörtök 06:00-18:00|Péntek 06:00-18:00|Szombat 06:00-14:00
6900;Csongrád;Makó;Kossuth utca 4.;Csipet és Társa Bt;46.2337;20.4803;Hétfő 06:00-18:00|Kedd 06:00-18:00|Szerda 06:00-18:00|Csütörtök 06:00-18:00|Péntek 06:00-18:00|Szombat 06:00-14:00
6900;Csongrád;Makó;Megyeház utca 6.;Dékány Szilvia;46.2337;20.4803;Hétfő 06:00-18:00|Kedd 06:00-18:00|Szerda 06:00-18:00|Csütörtök 06:00-18:00|Péntek 06:00-18:00|Szombat 06:00-14:00
6900;Csongrád;Makó;Nagycsillag utca 47.;Berter Trafik Bt.;46.2337;20.4803;Hétfő 06:00-18:00|Kedd 06:00-18:00|Szerda 06:00-18:00|Csütörtök 06:00-18:00|Péntek 06:00-18:00|Szombat 06:00-14:00
6900;Csongrád;Makó;Szegedi út 63;Szakálné Trafik Bt;46.2337;20.4803;Hétfő 06:00-18:00|Kedd 06:00-18:00|Szerda 06:00-18:00|Csütörtök 06:00-18:00|Péntek 06:00-18:00|Szombat 06:00-14:00
6900;Csongrád;Makó;Szegedi utca 5-7;Berter Trafik Bt.;46.2337;20.4803;Hétfő 06:00-18:00|Kedd 06:00-18:00|Szerda 06:00-18:00|Csütörtök 06:00-18:00|Péntek 06:00-18:00|Szombat 06:00-14:00
6900;Csongrád;Makó;Tölgyfa utca 2/A.;Szakálné Trafik Bt;46.2337;20.4803;Hétfő 06:00-18:00|Kedd 06:00-18:00|Szerda 06:00-18:00|Csütörtök 06:00-18:00|Péntek 06:00-18:00|Szombat 06:00-14:00
2065;Fejér;Mány;Kossuth utca 51.;Falusi-Adolf Kereskedelmi BT.;47.5371;18.6541;Hétfő 06:00-18:00|Kedd 06:00-18:00|Szerda 06:00-18:00|Csütörtök 06:00-18:00|Péntek 06:00-18:00|Szombat 06:00-18:00|Vasárnap 07:00-16:00
2065;Fejér;Mány;Rákóczi F. utca 69.;Mohácsi Péter;47.5371;18.6541;Hétfő 06:00-18:00|Kedd 06:00-18:00|Szerda 06:00-18:00|Csütörtök 06:00-18:00|Péntek 06:00-18:00|Szombat 06:00-18:00|Vasárnap 07:00-16:00
3262;Heves;Markaz;Fő út 91.;Mátraalja Tabak Bt;47.8272;20.0539;Hétfő 05:00-20:00|Kedd 05:00-20:00|Szerda 05:00-20:00|Csütörtök 05:00-20:00|Péntek 05:00-20:00|Szombat 05:00-14:00
8441;Veszprém;Márkó;Petőfi utca 48.;Irmes Zsolt Károly;47.1208;17.8126;Hétfő 06:00-18:00|Kedd 06:00-18:00|Szerda 06:00-18:00|Csütörtök 06:00-18:00|Péntek 06:00-18:00|Szombat 06:00-14:00|Vasárnap 07:00-10:30
4932;Szabolcs-Szatmár-Bereg;Márokpapi;Petőfi 15.;Veress Tamás;48.1481;22.5031;Hétfő 06:30-23:30|Kedd 06:30-23:30|Szerda 06:30-23:30|Csütörtök 06:30-23:30|Péntek 06:30-23:30|Szombat 06:30-23:30|Vasárnap 06:30-23:30
6921;Csongrád;Maroslele;Makói utca 1.;Mencser Bolt Bt.;46.2674;20.3443;Hétfő 06:00-18:00|Kedd 06:00-18:00|Szerda 06:00-18:00|Csütörtök 06:00-18:00|Péntek 06:00-18:00|Szombat 06:00-14:00
6636;Csongrád;Mártély;Kossuth utca 2/A;Csatordai Bolt Bt.;46.4721;20.2338;Hétfő 06:30-19:00|Kedd 06:30-19:00|Szerda 06:30-19:00|Csütörtök 06:30-19:00|Péntek 06:30-19:00|Szombat 06:30-17:00|Vasárnap 07:00-15:00
5435;Jász-Nagykun-Szolnok;Martfű;Földvári út 1.;Danku Sándor;47.01691745;20.29012106173607;Hétfő 06:00-20:00|Kedd 06:00-20:00|Szerda 06:00-20:00|Csütörtök 06:00-20:00|Péntek 06:00-20:00|Szombat 06:00-20:00|Vasárnap 06:00-20:00
5435;Jász-Nagykun-Szolnok;Martfű;Május 1. út 2.;WAGNER TABAK Bt.;47.01691745;20.29012106173607;Hétfő 06:00-20:00|Kedd 06:00-20:00|Szerda 06:00-20:00|Csütörtök 06:00-20:00|Péntek 06:00-20:00|Szombat 06:00-20:00|Vasárnap 06:00-20:00
2462;Fejér;Martonvásár;Ady Endre út 6.;Ujvári Trafik Bt.;47.3197;18.7936;Hétfő 06:00-20:00|Kedd 06:00-20:00|Szerda 06:00-20:00|Csütörtök 06:00-20:00|Péntek 06:00-20:00|Szombat 06:00-20:00|Vasárnap 06:00-20:00
2462;Fejér;Martonvásár;Budai út 139.;Falusi-Ottó Bt.;47.3107;18.7945;Hétfő 06:00-19:00|Kedd 06:00-19:00|Szerda 06:00-19:00|Csütörtök 06:00-19:00|Péntek 06:00-19:00|Szombat 06:00-18:00|Vasárnap 07:00-16:00
2462;Fejér;Martonvásár;Dózsa Gy. utca 2.;Martonosi Trafik Bt;47.3107;18.7945;Hétfő 06:00-19:00|Kedd 06:00-19:00|Szerda 06:00-19:00|Csütörtök 06:00-19:00|Péntek 06:00-19:00|Szombat 06:00-18:00|Vasárnap 07:00-16:00
3755;Borsod-Abaúj-Zemplén;Martonyi;Fő út 93.;Barváné Csabai Éva;48.4695;20.7639;Hétfő 06:00-19:00|Kedd 06:00-19:00|Szerda 06:00-19:00|Csütörtök 06:00-19:00|Péntek 06:00-19:00|Szombat 06:00-13:00|Vasárnap 07:00-12:00
4700;Szabolcs-Szatmár-Bereg;Mátészalka;József Attila 9.;KEMOL Bt.;47.9504;22.3252;Hétfő 06:00-22:00|Kedd 06:00-22:00|Szerda 06:00-22:00|Csütörtök 06:00-22:00|Péntek 00:00-22:00|Vasárnap 00:00-22:00
4700;Szabolcs-Szatmár-Bereg;Mátészalka;Kölcsey utca 25.;Török Trafik Bt.;47.9504;22.3252;Hétfő 06:00-22:00|Kedd 06:00-22:00|Szerda 06:00-22:00|Csütörtök 06:00-22:00|Péntek 00:00-22:00|Vasárnap 00:00-22:00
4700;Szabolcs-Szatmár-Bereg;Mátészalka;Október 23. tér 14.;Badar Gábor;47.9504;22.3252;Hétfő 06:00-22:00|Kedd 06:00-22:00|Szerda 06:00-22:00|Csütörtök 06:00-22:00|Péntek 00:00-22:00|Vasárnap 00:00-22:00
4700;Szabolcs-Szatmár-Bereg;Mátészalka;Szalkai László 16.;Bíró Katalin;47.9504;22.3252;Hétfő 06:00-22:00|Kedd 06:00-22:00|Szerda 06:00-22:00|Csütörtök 06:00-22:00|Péntek 00:00-22:00|Vasárnap 00:00-22:00
4700;Szabolcs-Szatmár-Bereg;Mátészalka;Zöldfa HRSZ. 3322/8.;Szabó-Orbán Nikoletta;47.9504;22.3252;Hétfő 06:00-22:00|Kedd 06:00-22:00|Szerda 06:00-22:00|Csütörtök 06:00-22:00|Péntek 00:00-22:00|Vasárnap 00:00-22:00
4700;Szabolcs-Szatmár-Bereg;Mátészalka;Zöldfa utca 2-4;Salánki Mária;47.9536;22.3229;Hétfő 06:00-22:00|Kedd 06:00-22:00|Szerda 06:00-22:00|Csütörtök 06:00-22:00|Péntek 06:00-00:00|Szombat 06:00-00:00|Vasárnap 06:00-22:00
4700;Szabolcs-Szatmár-Bereg;Mátészalka;Zrínyi utca 19.;Pethőné Hornyák Mariann;47.9504;22.3252;Hétfő 06:00-22:00|Kedd 06:00-22:00|Szerda 06:00-22:00|Csütörtök 06:00-22:00|Péntek 00:00-22:00|Vasárnap 00:00-22:00
3077;Nógrád;Mátraverebély;Vasút út 105.;Hegedűs Tiborné;47.97;19.7806;Hétfő 06:00-18:00|Kedd 06:00-18:00|Szerda 06:00-18:00|Csütörtök 06:00-18:00|Péntek 06:00-18:00|Szombat 06:00-18:00
3077;Nógrád;Mátraverebély;Vasút út 46.;Csemer Csabáné;47.97;19.7806;Hétfő 06:00-18:00|Kedd 06:00-18:00|Szerda 06:00-18:00|Csütörtök 06:00-18:00|Péntek 06:00-18:00|Szombat 06:00-18:00
7695;Baranya;Mecseknádasd;Kossuth L. utca 12.;Garai Zoltán;46.2247;18.4643;Hétfő 05:00-17:00|Kedd 05:00-17:00|Szerda 05:00-17:00|Csütörtök 05:00-17:00|Péntek 05:00-17:00|Szombat 06:00-12:00|Vasárnap 06:00-10:00
5666;Békés;Medgyesegyháza;Dózsa utca 29.;Tabacum Bt.;46.5062733;21.1024735;Hétfő 06:00-20:00|Kedd 06:00-20:00|Szerda 06:00-20:00|Csütörtök 06:00-20:00|Péntek 06:00-20:00|Szombat 06:00-20:00|Vasárnap 06:00-20:00
5666;Békés;Medgyesegyháza;Kossuth tér 14.;Dragán és Dragán Bt.;46.5062733;21.1024735;Hétfő 06:00-20:00|Kedd 06:00-20:00|Szerda 06:00-20:00|Csütörtök 06:00-20:00|Péntek 06:00-20:00|Szombat 06:00-20:00|Vasárnap 06:00-20:00
7057;Tolna;Medina;Rákóczi utca 38.;Pálfi Csaba;46.4696;18.644;Hétfő 05:30-18:30|Kedd 05:30-18:30|Szerda 05:30-18:30|Csütörtök 05:30-18:30|Péntek 05:30-18:30|Szombat 05:00-12:30|Vasárnap 07:00-09:30
3718;Borsod-Abaúj-Zemplén;Megyaszó;Alkotmány út 4.;Király Péter;48.1879;21.0587;Hétfő 06:00-18:00|Kedd 06:00-18:00|Szerda 06:00-18:00|Csütörtök 06:00-18:00|Péntek 06:00-18:00|Szombat 07:00-15:00
9754;Vas;Megyehid;Széchenyi utca 81.;Mándli Family Bt.;47.2058;16.8263;Hétfő 09:00-21:00|Kedd 09:00-21:00|Szerda 09:00-21:00|Csütörtök 09:00-21:00|Péntek 09:00-21:00|Szombat 09:00-21:00|Vasárnap 09:00-21:00
5726;Békés;Méhkerék;Sarkadi 15.;Mihucz György;46.7671;21.4392;Hétfő 06:00-21:00|Kedd 06:00-21:00|Szerda 06:00-21:00|Csütörtök 06:00-21:00|Péntek 06:00-21:00|Szombat 06:00-21:00|Vasárnap 12:00-20:00
7344;Baranya;Mekényes;Fő utca 119.;Fábián Csilla;46.3895;18.3326;Hétfő 06:00-18:00|Kedd 06:00-18:00|Szerda 06:00-18:00|Csütörtök 06:00-18:00|Péntek 06:00-18:00|Szombat 06:00-12:00
2235;Pest;Mende;Csigási út 1/a;Kaszanyi József;47.4394;19.4683;Hétfő 05:00-22:00|Kedd 05:00-22:00|Szerda 05:00-22:00|Csütörtök 05:00-22:00|Péntek 05:00-22:00|Szombat 05:00-22:00|Vasárnap 05:00-22:00
2235;Pest;Mende;Fő út 24.;Kaszanyi József;47.4394;19.4683;Hétfő 05:00-22:00|Kedd 05:00-22:00|Szerda 05:00-22:00|Csütörtök 05:00-22:00|Péntek 05:00-22:00|Szombat 05:00-22:00|Vasárnap 05:00-22:00
2235;Pest;Mende;Fő utca 1.;Sólyom-Trafik Ker és Szolg Bt;47.4394;19.4683;Hétfő 05:00-22:00|Kedd 05:00-22:00|Szerda 05:00-22:00|Csütörtök 05:00-22:00|Péntek 05:00-22:00|Szombat 05:00-22:00|Vasárnap 05:00-22:00
3871;Borsod-Abaúj-Zemplén;Méra;Vasút út 3.;Abaúj Trafikáru Bt.;48.361;21.1485;Hétfő 06:00-17:00|Kedd 06:00-17:00|Szerda 06:00-17:00|Csütörtök 06:00-17:00|Péntek 06:00-17:00|Szombat 06:00-12:00
9136;Győr-Moson-Sopron;Mérges;Deák tér 2.;Szajsz-Coop Kkt.;47.5855;17.4251;Hétfő 07:00-16:00|Kedd 07:00-16:00|Szerda 07:00-16:00|Csütörtök 07:00-16:00|Péntek 07:00-16:00|Szombat 07:00-11:00
7453;Somogy;Mernye;Petőfi Sándor utca 311/B. hrsz.;Koklecz László;46.5065;17.819;Hétfő 08:00-16:00|Kedd 08:00-16:00|Szerda 08:00-16:00|Csütörtök 08:00-16:00|Péntek 08:00-16:00
5650;Békés;Mezőberény;Csabai út 1-3.;Szivarvilág Bt.;46.8150946;21.0199478;Hétfő 06:00-20:00|Kedd 06:00-20:00|Szerda 06:00-20:00|Csütörtök 06:00-20:00|Péntek 06:00-20:00|Szombat 06:00-20:00|Vasárnap 06:00-20:00
5650;Békés;Mezőberény;Gyomai út 37.;Tarcsai Tabak Bt.;46.8259;21.0197;Hétfő 06:00-20:00|Kedd 06:00-20:00|Szerda 06:00-20:00|Csütörtök 06:00-20:00|Péntek 06:00-20:00|Szombat 08:00-16:00|Vasárnap 08:00-16:00
5650;Békés;Mezőberény;Kodály Zoltán út 2;Quintero-Valnerovicz Erika;46.8259;21.0197;Hétfő 06:00-20:00|Kedd 06:00-20:00|Szerda 06:00-20:00|Csütörtök 06:00-20:00|Péntek 06:00-20:00|Szombat 08:00-16:00|Vasárnap 08:00-16:00
5650;Békés;Mezőberény;Kossuth tér 13.;Harmati László;46.8241;21.0281;Hétfő 08:00-18:00|Kedd 08:00-18:00|Szerda 08:00-18:00|Csütörtök 08:00-18:00|Péntek 08:00-18:00|Szombat 08:00-14:00|Vasárnap 08:00-11:00
5650;Békés;Mezőberény;Liget utca 3537. hrsz.;Center Multi Trafik Bt.;46.8259;21.0197;Hétfő 06:00-20:00|Kedd 06:00-20:00|Szerda 06:00-20:00|Csütörtök 06:00-20:00|Péntek 06:00-20:00|Szombat 08:00-16:00|Vasárnap 08:00-16:00
3441;Borsod-Abaúj-Zemplén;Mezőkeresztes;Dózsa György utca 145.;Oczella György;47.8182;20.6817;Hétfő 06:00-18:00|Kedd 06:00-18:00|Szerda 06:00-18:00|Csütörtök 06:00-18:00|Péntek 06:00-18:00|Szombat 06:00-18:00|Vasárnap 06:00-18:00
3441;Borsod-Abaúj-Zemplén;Mezőkeresztes;Táncsics út 9.;Oczella Györgyné;47.8312;20.6893;Hétfő 06:00-18:00|Kedd 06:00-18:00|Szerda 06:00-18:00|Csütörtök 06:00-18:00|Péntek 06:00-18:00|Szombat 06:00-18:00|Vasárnap 06:00-18:00
3400;Borsod-Abaúj-Zemplén;Mezőkövesd;Egri út 4;Smoke&Drink Bt;47.810347;20.574624;Hétfő 06:00-21:00|Kedd 06:00-21:00|Szerda 06:00-21:00|Csütörtök 06:00-21:00|Péntek 06:00-23:00|Szombat 07:00-23:00|Vasárnap 09:00-21:00
3400;Borsod-Abaúj-Zemplén;Mezőkövesd;Hársfa út 2.;Matyó Dohány Trafik Bt.;47.8093;20.5721;Hétfő 06:00-17:00|Kedd 06:00-17:00|Szerda 06:00-17:00|Csütörtök 06:00-17:00|Péntek 06:00-17:00|Szombat 06:00-12:00
3400;Borsod-Abaúj-Zemplén;Mezőkövesd;Mátyás Király út 111-113;MIT ISZOL BT;47.810347;20.574624;Hétfő 06:00-21:00|Kedd 06:00-21:00|Szerda 06:00-21:00|Csütörtök 06:00-21:00|Péntek 06:00-23:00|Szombat 07:00-23:00|Vasárnap 09:00-21:00
3400;Borsod-Abaúj-Zemplén;Mezőkövesd;Mátyás király út 193.;Matyó Dohány Trafik Bt.;47.810347;20.574624;Hétfő 06:00-21:00|Kedd 06:00-21:00|Szerda 06:00-21:00|Csütörtök 06:00-21:00|Péntek 06:00-23:00|Szombat 07:00-23:00|Vasárnap 09:00-21:00
3400;Borsod-Abaúj-Zemplén;Mezőkövesd;Széchenyi utca 44/b.;Matyó Dohány Trafik Bt.;47.8033;20.5678;Hétfő 06:00-18:00|Kedd 06:00-18:00|Szerda 06:00-18:00|Csütörtök 06:00-18:00|Péntek 06:00-18:00|Szombat 07:00-19:00|Vasárnap 07:00-19:00
3400;Borsod-Abaúj-Zemplén;Mezőkövesd;Szegfű utca 2.;Zsel Mária;47.8106;20.5741;Hétfő 06:00-21:00|Kedd 06:00-21:00|Szerda 06:00-21:00|Csütörtök 06:00-21:00|Péntek 06:00-23:00|Szombat 06:00-23:00|Vasárnap 06:00-23:00
3443;Borsod-Abaúj-Zemplén;Mezőnagymihály;Kossuth út 60.;Dél-Borsodi Trafik Bt;47.8063;20.7312;Hétfő 06:00-17:30|Kedd 06:00-17:30|Szerda 06:00-17:30|Csütörtök 06:00-17:30|Péntek 06:00-17:30|Szombat 06:00-11:00|Vasárnap 06:30-10:30
3421;Borsod-Abaúj-Zemplén;Mezőnyárád;Szent István király út 82;Intersmoke Bt;47.8636;20.6787;Hétfő 07:00-21:00|Kedd 07:00-21:00|Szerda 07:00-21:00|Csütörtök 07:00-21:00|Péntek 07:00-21:00|Szombat 07:00-21:00|Vasárnap 07:00-21:00
3378;Heves;Mezőszemere;Május 1 utca 44/A.;Sebe Tamás;47.7455;20.5159;Hétfő 06:00-18:00|Kedd 06:00-18:00|Szerda 06:00-18:00|Csütörtök 06:00-18:00|Péntek 06:00-18:00|Szombat 06:00-12:00
3375;Heves;Mezőtárkány;Kossuth út 67-69.;Jacsó Emil Lóránt;47.7203;20.4787;Hétfő 06:00-18:00|Kedd 06:00-18:00|Szerda 06:00-18:00|Csütörtök 06:00-18:00|Péntek 06:00-18:00|Szombat 06:00-12:00|Vasárnap 07:00-11:00
9342;Győr-Moson-Sopron;Mihályi;Kisfaludi utca 36.;Farkas Imre;47.5188;17.0943;Hétfő 08:00-17:00|Kedd 08:00-17:00|Szerda 08:00-17:00|Csütörtök 08:00-17:00|Péntek 08:00-17:00|Szombat 07:00-13:00
4271;Hajdú-Bihar;Mikepércs;Debreceni utca 21.;Fekete Erzsébet Katalin;47.4536;21.6343;Hétfő 06:00-10:00|Kedd 06:00-10:00|Szerda 06:00-10:00|Csütörtök 06:00-10:00|Péntek 06:00-10:00
4271;Hajdú-Bihar;Mikepércs;Orosz István utca 42/a.;Mikéné Czalán Mária Margit;47.4536;21.6343;Hétfő 06:00-10:00|Kedd 06:00-10:00|Szerda 06:00-10:00|Csütörtök 06:00-10:00|Péntek 06:00-10:00
4271;Hajdú-Bihar;Mikepércs;Orosz István utca 6.;Fekete Erzsébet Katalin;47.4536;21.6343;Hétfő 06:00-10:00|Kedd 06:00-10:00|Szerda 06:00-10:00|Csütörtök 06:00-10:00|Péntek 06:00-10:00
6630;Csongrád;Mindszent;Csokonai utca 26.;Apró András;46.5248;20.1911;Hétfő 05:00-22:00|Kedd 05:00-22:00|Szerda 05:00-22:00|Csütörtök 05:00-22:00|Péntek 05:00-22:00|Szombat 05:00-22:00|Vasárnap 05:00-22:00
6630;Csongrád;Mindszent;Köztársaság tér 32.;Papp Beáta Trafik Bt.;46.5248;20.1911;Hétfő 05:00-22:00|Kedd 05:00-22:00|Szerda 05:00-22:00|Csütörtök 05:00-22:00|Péntek 05:00-22:00|Szombat 05:00-22:00|Vasárnap 05:00-22:00
6630;Csongrád;Mindszent;Oncsa sor 10.;Csatordai Bolt Bt.;46.5248;20.1911;Hétfő 05:00-22:00|Kedd 05:00-22:00|Szerda 05:00-22:00|Csütörtök 05:00-22:00|Péntek 05:00-22:00|Szombat 05:00-22:00|Vasárnap 05:00-22:00
6630;Csongrád;Mindszent;Szabadság tér 6.;Kiss Éva;46.5248;20.1911;Hétfő 05:00-22:00|Kedd 05:00-22:00|Szerda 05:00-22:00|Csütörtök 05:00-22:00|Péntek 05:00-22:00|Szombat 05:00-22:00|Vasárnap 05:00-22:00
6343;Bács-Kiskun;Miske;Fő utca 25.;Lakner Gábor;46.4422484;19.0260741;Hétfő 07:00-20:00|Kedd 07:00-20:00|Szerda 07:00-20:00|Csütörtök 07:00-20:00|Péntek 07:00-20:00|Szombat 08:00-21:00|Vasárnap 09:00-19:00
3533;Borsod-Abaúj-Zemplén;Miskolc;Adrássy út 61. A ép.;Sashalmi József;48.104327;20.782279;Hétfő 07:00-19:00|Kedd 07:00-19:00|Szerda 07:00-19:00|Csütörtök 07:00-19:00|Péntek 07:00-19:00|Szombat 07:00-19:00
3527;Borsod-Abaúj-Zemplén;Miskolc;Ady Endre utca 9.;Ceglédi Csongorné;48.104327;20.782279;Hétfő 07:00-19:00|Kedd 07:00-19:00|Szerda 07:00-19:00|Csütörtök 07:00-19:00|Péntek 07:00-19:00|Szombat 07:00-19:00
3532;Borsod-Abaúj-Zemplén;Miskolc;Andrássy út 37.;Király Tabak Bt;48.104327;20.782279;Hétfő 07:00-19:00|Kedd 07:00-19:00|Szerda 07:00-19:00|Csütörtök 07:00-19:00|Péntek 07:00-19:00|Szombat 07:00-19:00
3525;Borsod-Abaúj-Zemplén;Miskolc;Andrássy út 49.;Trafik Bt.;48.104327;20.782279;Hétfő 07:00-19:00|Kedd 07:00-19:00|Szerda 07:00-19:00|Csütörtök 07:00-19:00|Péntek 07:00-19:00|Szombat 07:00-19:00
3532;Borsod-Abaúj-Zemplén;Miskolc;Andrássy utca 14-16.;DD Tobacco Bt.;48.104327;20.782279;Hétfő 07:00-19:00|Kedd 07:00-19:00|Szerda 07:00-19:00|Csütörtök 07:00-19:00|Péntek 07:00-19:00|Szombat 07:00-19:00
3526;Borsod-Abaúj-Zemplén;Miskolc;Arany J. tér 1.;VDK Cigar Bt;48.104327;20.782279;Hétfő 07:00-19:00|Kedd 07:00-19:00|Szerda 07:00-19:00|Csütörtök 07:00-19:00|Péntek 07:00-19:00|Szombat 07:00-19:00
3534;Borsod-Abaúj-Zemplén;Miskolc;Árpád utca 2.;Hernád Trafik Bt.;48.104327;20.782279;Hétfő 07:00-19:00|Kedd 07:00-19:00|Szerda 07:00-19:00|Csütörtök 07:00-19:00|Péntek 07:00-19:00|Szombat 07:00-19:00
3527;Borsod-Abaúj-Zemplén;Miskolc;Bajcsy-Zsilinszky utca 32.;Debi 96 Bt.;48.104327;20.782279;Hétfő 07:00-19:00|Kedd 07:00-19:00|Szerda 07:00-19:00|Csütörtök 07:00-19:00|Péntek 07:00-19:00|Szombat 07:00-19:00
3526;Borsod-Abaúj-Zemplén;Miskolc;Búza tér 1.;Csibo Bt.;48.104327;20.782279;Hétfő 07:00-19:00|Kedd 07:00-19:00|Szerda 07:00-19:00|Csütörtök 07:00-19:00|Péntek 07:00-19:00|Szombat 07:00-19:00
3526;Borsod-Abaúj-Zemplén;Miskolc;Búza tér 12.;Závodszki Andrea;48.104327;20.782279;Hétfő 07:00-19:00|Kedd 07:00-19:00|Szerda 07:00-19:00|Csütörtök 07:00-19:00|Péntek 07:00-19:00|Szombat 07:00-19:00
3529;Borsod-Abaúj-Zemplén;Miskolc;Csabai kapu 2.;Trafik Bt.;48.104327;20.782279;Hétfő 07:00-19:00|Kedd 07:00-19:00|Szerda 07:00-19:00|Csütörtök 07:00-19:00|Péntek 07:00-19:00|Szombat 07:00-19:00
3508;Borsod-Abaúj-Zemplén;Miskolc;Csabai kapu 40271/11.;Argila Dohány Bt.;48.104327;20.782279;Hétfő 07:00-19:00|Kedd 07:00-19:00|Szerda 07:00-19:00|Csütörtök 07:00-19:00|Péntek 07:00-19:00|Szombat 07:00-19:00
3533;Borsod-Abaúj-Zemplén;Miskolc;Csermőkei út 207.;Király Tabak Bt;48.104327;20.782279;Hétfő 07:00-19:00|Kedd 07:00-19:00|Szerda 07:00-19:00|Csütörtök 07:00-19:00|Péntek 07:00-19:00|Szombat 07:00-19:00
3515;Borsod-Abaúj-Zemplén;Miskolc;Egyetemváros E/7 alagsor HRSZ. 40592/11.;VDK Cigar Bt.;48.104327;20.782279;Hétfő 07:00-19:00|Kedd 07:00-19:00|Szerda 07:00-19:00|Csütörtök 07:00-19:00|Péntek 07:00-19:00|Szombat 07:00-19:00
3529;Borsod-Abaúj-Zemplén;Miskolc;Fényi Gyula tér hrsz: 14302/1.;Adina Trade Bt;48.104327;20.782279;Hétfő 07:00-19:00|Kedd 07:00-19:00|Szerda 07:00-19:00|Csütörtök 07:00-19:00|Péntek 07:00-19:00|Szombat 07:00-19:00
3532;Borsod-Abaúj-Zemplén;Miskolc;Gálffy Ignác utca 1-3.;Csányi József;48.104327;20.782279;Hétfő 07:00-19:00|Kedd 07:00-19:00|Szerda 07:00-19:00|Csütörtök 07:00-19:00|Péntek 07:00-19:00|Szombat 07:00-19:00
3531;Borsod-Abaúj-Zemplén;Miskolc;Győri kapu 24/d.;Király Tabak Bt;48.104327;20.782279;Hétfő 07:00-19:00|Kedd 07:00-19:00|Szerda 07:00-19:00|Csütörtök 07:00-19:00|Péntek 07:00-19:00|Szombat 07:00-19:00
3531;Borsod-Abaúj-Zemplén;Miskolc;Győri kapu 47-53.;Vedanta Dohánybolt Bt.;48.104327;20.782279;Hétfő 07:00-19:00|Kedd 07:00-19:00|Szerda 07:00-19:00|Csütörtök 07:00-19:00|Péntek 07:00-19:00|Szombat 07:00-19:00
3535;Borsod-Abaúj-Zemplén;Miskolc;Hegyalja út 29.;Bovatki Bt;48.104327;20.782279;Hétfő 07:00-19:00|Kedd 07:00-19:00|Szerda 07:00-19:00|Csütörtök 07:00-19:00|Péntek 07:00-19:00|Szombat 07:00-19:00
3527;Borsod-Abaúj-Zemplén;Miskolc;Hrsz. 12956/16.;Trafik Bt.;48.104327;20.782279;Hétfő 07:00-19:00|Kedd 07:00-19:00|Szerda 07:00-19:00|Csütörtök 07:00-19:00|Péntek 07:00-19:00|Szombat 07:00-19:00
3529;Borsod-Abaúj-Zemplén;Miskolc;Ifjúság útja 2.;KisPipafüst Bt.;48.104327;20.782279;Hétfő 07:00-19:00|Kedd 07:00-19:00|Szerda 07:00-19:00|Csütörtök 07:00-19:00|Péntek 07:00-19:00|Szombat 07:00-19:00
3525;Borsod-Abaúj-Zemplén;Miskolc;Ilona út 91/79.;Adina Trade Bt;48.104327;20.782279;Hétfő 07:00-19:00|Kedd 07:00-19:00|Szerda 07:00-19:00|Csütörtök 07:00-19:00|Péntek 07:00-19:00|Szombat 07:00-19:00
3525;Borsod-Abaúj-Zemplén;Miskolc;Jókai út 1-3;Kovács Anita;48.104327;20.782279;Hétfő 07:00-19:00|Kedd 07:00-19:00|Szerda 07:00-19:00|Csütörtök 07:00-19:00|Péntek 07:00-19:00|Szombat 07:00-19:00
3501;Borsod-Abaúj-Zemplén;Miskolc;József Attila utca 44.;Dinorka Bt;48.104327;20.782279;Hétfő 07:00-19:00|Kedd 07:00-19:00|Szerda 07:00-19:00|Csütörtök 07:00-19:00|Péntek 07:00-19:00|Szombat 07:00-19:00
3527;Borsod-Abaúj-Zemplén;Miskolc;Kandó Kálmán tér 1-3.;Trafik Management Bt.;48.104327;20.782279;Hétfő 07:00-19:00|Kedd 07:00-19:00|Szerda 07:00-19:00|Csütörtök 07:00-19:00|Péntek 07:00-19:00|Szombat 07:00-19:00
3534;Borsod-Abaúj-Zemplén;Miskolc;Kandó Kálmán utca 15.;OPPORT-ZCS Bt.;48.104327;20.782279;Hétfő 07:00-19:00|Kedd 07:00-19:00|Szerda 07:00-19:00|Csütörtök 07:00-19:00|Péntek 07:00-19:00|Szombat 07:00-19:00
3530;Borsod-Abaúj-Zemplén;Miskolc;Király utca 7/A.;Adina Trade Bt;48.104327;20.782279;Hétfő 07:00-19:00|Kedd 07:00-19:00|Szerda 07:00-19:00|Csütörtök 07:00-19:00|Péntek 07:00-19:00|Szombat 07:00-19:00
3528;Borsod-Abaúj-Zemplén;Miskolc;Kisfaludy Károly utca 37.;Argila Dohány Bt.;48.104327;20.782279;Hétfő 07:00-19:00|Kedd 07:00-19:00|Szerda 07:00-19:00|Csütörtök 07:00-19:00|Péntek 07:00-19:00|Szombat 07:00-19:00
3528;Borsod-Abaúj-Zemplén;Miskolc;Kisfaludy utca 61.;Kovács Anita;48.104327;20.782279;Hétfő 07:00-19:00|Kedd 07:00-19:00|Szerda 07:00-19:00|Csütörtök 07:00-19:00|Péntek 07:00-19:00|Szombat 07:00-19:00
3534;Borsod-Abaúj-Zemplén;Miskolc;Kiss Tábornok út 2.;Király Tabak Bt;48.104327;20.782279;Hétfő 07:00-19:00|Kedd 07:00-19:00|Szerda 07:00-19:00|Csütörtök 07:00-19:00|Péntek 07:00-19:00|Szombat 07:00-19:00
3524;Borsod-Abaúj-Zemplén;Miskolc;Kiss tábornok út 4.;Enitabak Bt.;48.104327;20.782279;Hétfő 07:00-19:00|Kedd 07:00-19:00|Szerda 07:00-19:00|Csütörtök 07:00-19:00|Péntek 07:00-19:00|Szombat 07:00-19:00
3524;Borsod-Abaúj-Zemplén;Miskolc;Klapka György út 9-11.;Nyárfás Tabak Bt;48.104327;20.782279;Hétfő 07:00-19:00|Kedd 07:00-19:00|Szerda 07:00-19:00|Csütörtök 07:00-19:00|Péntek 07:00-19:00|Szombat 07:00-19:00
3535;Borsod-Abaúj-Zemplén;Miskolc;Kuruc utca 47/a;VDK Cigar Bt;48.104327;20.782279;Hétfő 07:00-19:00|Kedd 07:00-19:00|Szerda 07:00-19:00|Csütörtök 07:00-19:00|Péntek 07:00-19:00|Szombat 07:00-19:00
3525;Borsod-Abaúj-Zemplén;Miskolc;Mátyás Király út 21.;Závodszki Andrea;48.104327;20.782279;Hétfő 07:00-19:00|Kedd 07:00-19:00|Szerda 07:00-19:00|Csütörtök 07:00-19:00|Péntek 07:00-19:00|Szombat 07:00-19:00
3521;Borsod-Abaúj-Zemplén;Miskolc;Miskolci utca 77.;DINORKA Bt.;48.104327;20.782279;Hétfő 07:00-19:00|Kedd 07:00-19:00|Szerda 07:00-19:00|Csütörtök 07:00-19:00|Péntek 07:00-19:00|Szombat 07:00-19:00
3519;Borsod-Abaúj-Zemplén;Miskolc;Miskolctapolcai út 3.;Závodszki Andrea;48.104327;20.782279;Hétfő 07:00-19:00|Kedd 07:00-19:00|Szerda 07:00-19:00|Csütörtök 07:00-19:00|Péntek 07:00-19:00|Szombat 07:00-19:00
3531;Borsod-Abaúj-Zemplén;Miskolc;Nagyváthy utca 2.;Kovácsné Gara Alice;48.104327;20.782279;Hétfő 07:00-19:00|Kedd 07:00-19:00|Szerda 07:00-19:00|Csütörtök 07:00-19:00|Péntek 07:00-19:00|Szombat 07:00-19:00
3533;Borsod-Abaúj-Zemplén;Miskolc;Ógyár tér 1. hrsz:23365;Dinorka Bt;48.104327;20.782279;Hétfő 07:00-19:00|Kedd 07:00-19:00|Szerda 07:00-19:00|Csütörtök 07:00-19:00|Péntek 07:00-19:00|Szombat 07:00-19:00
3516;Borsod-Abaúj-Zemplén;Miskolc;Pesti út 17.;Fumo Gold Bt.;48.104327;20.782279;Hétfő 07:00-19:00|Kedd 07:00-19:00|Szerda 07:00-19:00|Csütörtök 07:00-19:00|Péntek 07:00-19:00|Szombat 07:00-19:00
3516;Borsod-Abaúj-Zemplén;Miskolc;Pesti utca 5.;Extra Slukk Bt;48.104327;20.782279;Hétfő 07:00-19:00|Kedd 07:00-19:00|Szerda 07:00-19:00|Csütörtök 07:00-19:00|Péntek 07:00-19:00|Szombat 07:00-19:00
3525;Borsod-Abaúj-Zemplén;Miskolc;Széchenyi István utca 7.;Adina Trade Bt;48.104327;20.782279;Hétfő 07:00-19:00|Kedd 07:00-19:00|Szerda 07:00-19:00|Csütörtök 07:00-19:00|Péntek 07:00-19:00|Szombat 07:00-19:00
3525;Borsod-Abaúj-Zemplén;Miskolc;Széchenyi út 59.;Kertész Trafik Bt.;48.104327;20.782279;Hétfő 07:00-19:00|Kedd 07:00-19:00|Szerda 07:00-19:00|Csütörtök 07:00-19:00|Péntek 07:00-19:00|Szombat 07:00-19:00
3530;Borsod-Abaúj-Zemplén;Miskolc;Széchenyi utca 107.;Dr. Kondás Tamás Vilmos;48.104327;20.782279;Hétfő 07:00-19:00|Kedd 07:00-19:00|Szerda 07:00-19:00|Csütörtök 07:00-19:00|Péntek 07:00-19:00|Szombat 07:00-19:00
3530;Borsod-Abaúj-Zemplén;Miskolc;Széchenyi utca 24.;Fehér Péterné;48.104327;20.782279;Hétfő 07:00-19:00|Kedd 07:00-19:00|Szerda 07:00-19:00|Csütörtök 07:00-19:00|Péntek 07:00-19:00|Szombat 07:00-19:00
3530;Borsod-Abaúj-Zemplén;Miskolc;Széchenyi utca 92.;Dr. Karácsony Zsolt;48.104327;20.782279;Hétfő 07:00-19:00|Kedd 07:00-19:00|Szerda 07:00-19:00|Csütörtök 07:00-19:00|Péntek 07:00-19:00|Szombat 07:00-19:00
3533;Borsod-Abaúj-Zemplén;Miskolc;Szeder utca 29.;Nyárfás Tabak Bt;48.104327;20.782279;Hétfő 07:00-19:00|Kedd 07:00-19:00|Szerda 07:00-19:00|Csütörtök 07:00-19:00|Péntek 07:00-19:00|Szombat 07:00-19:00
3529;Borsod-Abaúj-Zemplén;Miskolc;Szentgyörgy út 22.;Szortiment Gold Bt.;48.104327;20.782279;Hétfő 07:00-19:00|Kedd 07:00-19:00|Szerda 07:00-19:00|Csütörtök 07:00-19:00|Péntek 07:00-19:00|Szombat 07:00-19:00
3529;Borsod-Abaúj-Zemplén;Miskolc;Szentgyörgy utca 39-41.;DD Tobacco Bt.;48.104327;20.782279;Hétfő 07:00-19:00|Kedd 07:00-19:00|Szerda 07:00-19:00|Csütörtök 07:00-19:00|Péntek 07:00-19:00|Szombat 07:00-19:00
3525;Borsod-Abaúj-Zemplén;Miskolc;Szentpáli utca 2-6.;Talián Dohánybolt Bt.;48.104327;20.782279;Hétfő 07:00-19:00|Kedd 07:00-19:00|Szerda 07:00-19:00|Csütörtök 07:00-19:00|Péntek 07:00-19:00|Szombat 07:00-19:00
3516;Borsod-Abaúj-Zemplén;Miskolc;Szentpéteri kapu 105. 11121/5. hrsz.;Mandala Trafik Bt.;48.104327;20.782279;Hétfő 07:00-19:00|Kedd 07:00-19:00|Szerda 07:00-19:00|Csütörtök 07:00-19:00|Péntek 07:00-19:00|Szombat 07:00-19:00
3526;Borsod-Abaúj-Zemplén;Miskolc;Szentpéteri kapu 66.;Hegedűs Ferenc;48.1146;20.7899;Hétfő 06:00-22:00|Kedd 06:00-22:00|Szerda 06:00-22:00|Csütörtök 06:00-22:00|Péntek 06:00-22:00|Szombat 06:00-22:00|Vasárnap 06:00-14:00
3526;Borsod-Abaúj-Zemplén;Miskolc;Szentpéteri kapu 80.;Trafik Bt.;48.104327;20.782279;Hétfő 07:00-19:00|Kedd 07:00-19:00|Szerda 07:00-19:00|Csütörtök 07:00-19:00|Péntek 07:00-19:00|Szombat 07:00-19:00
3526;Borsod-Abaúj-Zemplén;Miskolc;Szentpéteri kapu 95/A;Tabaktéka Bt;48.104327;20.782279;Hétfő 07:00-19:00|Kedd 07:00-19:00|Szerda 07:00-19:00|Csütörtök 07:00-19:00|Péntek 07:00-19:00|Szombat 07:00-19:00
3526;Borsod-Abaúj-Zemplén;Miskolc;Szentpéteri Kapu utca buszvégállomás;Argila Dohány Bt.;48.104327;20.782279;Hétfő 07:00-19:00|Kedd 07:00-19:00|Szerda 07:00-19:00|Csütörtök 07:00-19:00|Péntek 07:00-19:00|Szombat 07:00-19:00
3516;Borsod-Abaúj-Zemplén;Miskolc;Szolártsik tér 29.;Argila Dohány Bt.;48.104327;20.782279;Hétfő 07:00-19:00|Kedd 07:00-19:00|Szerda 07:00-19:00|Csütörtök 07:00-19:00|Péntek 07:00-19:00|Szombat 07:00-19:00
3529;Borsod-Abaúj-Zemplén;Miskolc;Testvérvárosok útja 10.;Nyárfás Tabak Bt;48.104327;20.782279;Hétfő 07:00-19:00|Kedd 07:00-19:00|Szerda 07:00-19:00|Csütörtök 07:00-19:00|Péntek 07:00-19:00|Szombat 07:00-19:00
3529;Borsod-Abaúj-Zemplén;Miskolc;Testvérvárosok útja 8.;Fortuna Dohánybolt Bt;48.104327;20.782279;Hétfő 07:00-19:00|Kedd 07:00-19:00|Szerda 07:00-19:00|Csütörtök 07:00-19:00|Péntek 07:00-19:00|Szombat 07:00-19:00
3530;Borsod-Abaúj-Zemplén;Miskolc;Vörösmarty Mihály utca 13.;Tarnóczi Tamás;48.104327;20.782279;Hétfő 07:00-19:00|Kedd 07:00-19:00|Szerda 07:00-19:00|Csütörtök 07:00-19:00|Péntek 07:00-19:00|Szombat 07:00-19:00
3527;Borsod-Abaúj-Zemplén;Miskolc;Vörösmarty út 128.;Hegedűs Ferenc;48.104327;20.782279;Hétfő 07:00-19:00|Kedd 07:00-19:00|Szerda 07:00-19:00|Csütörtök 07:00-19:00|Péntek 07:00-19:00|Szombat 07:00-19:00
3530;Borsod-Abaúj-Zemplén;Miskolc;Vörösmarty utca 17.;Pancafé Bt;48.104327;20.782279;Hétfő 07:00-19:00|Kedd 07:00-19:00|Szerda 07:00-19:00|Csütörtök 07:00-19:00|Péntek 07:00-19:00|Szombat 07:00-19:00
2911;Komárom-Esztergom;Mocsa;Csillag utca 14.;Bán László;47.6697;18.1848;Hétfő 05:00-20:00|Kedd 05:00-20:00|Szerda 05:00-20:00|Csütörtök 05:00-20:00|Péntek 05:00-20:00|Szombat 05:00-16:00|Vasárnap 07:00-12:00
2911;Komárom-Esztergom;Mocsa;Kocsi utca 1;Popeye és Füstölök Kkt.;47.6714;18.1828;Hétfő 06:00-18:00|Kedd 06:00-18:00|Szerda 06:00-18:00|Csütörtök 06:00-18:00|Péntek 06:00-18:00|Szombat 06:00-12:00|Vasárnap 07:00-11:00
2146;Komárom-Esztergom;Mogyoród;Fóti út 34/a.;Csodák Világa Bt.;47.598;19.2379;Hétfő 06:00-18:00|Kedd 06:00-18:00|Szerda 06:00-18:00|Csütörtök 06:00-18:00|Péntek 06:00-18:00|Szombat 06:00-14:00
2146;Komárom-Esztergom;Mogyoród;Gödöllői út 2.;Levendula Tabak Bt;47.598;19.2379;Hétfő 06:00-18:00|Kedd 06:00-18:00|Szerda 06:00-18:00|Csütörtök 06:00-18:00|Péntek 06:00-18:00|Szombat 06:00-14:00
2146;Komárom-Esztergom;Mogyoród;Gödöllői út 24.;Csodák Világa Bt.;47.6016;19.2434;Hétfő 10:00-22:00|Kedd 10:00-22:00|Szerda 10:00-22:00|Csütörtök 10:00-22:00|Péntek 10:00-22:00|Szombat 10:00-22:00|Vasárnap 13:00-21:00
2146;Komárom-Esztergom;Mogyoród;Gödöllői út 246.;Pazsovin Dohány Bt.;47.598;19.2379;Hétfő 06:00-18:00|Kedd 06:00-18:00|Szerda 06:00-18:00|Csütörtök 06:00-18:00|Péntek 06:00-18:00|Szombat 06:00-14:00
7700;Nógrád;Mohács;Horváth K. utca 5.;Hárich Gábor;45.9911;18.6694;Hétfő 07:00-18:00|Kedd 07:00-18:00|Szerda 07:00-18:00|Csütörtök 07:00-18:00|Péntek 07:00-18:00|Szombat 07:00-12:00|Vasárnap 07:00-12:00
7700;Nógrád;Mohács;Jókai utca 16.;Bencze Károly;45.9932;18.6914;Hétfő 05:30-21:00|Kedd 05:30-21:00|Szerda 05:30-21:00|Csütörtök 05:30-21:00|Péntek 05:30-00:00|Szombat 05:30-00:00|Vasárnap 07:00-12:00
7700;Nógrád;Mohács;Kossuth Lajos utca 93.;Stodi Smoke Bt.;45.9932;18.6914;Hétfő 05:30-21:00|Kedd 05:30-21:00|Szerda 05:30-21:00|Csütörtök 05:30-21:00|Péntek 05:30-00:00|Szombat 05:30-00:00|Vasárnap 07:00-12:00
7700;Nógrád;Mohács;Pécsi utca 61.;TH-Media Ker. és Szolg. Bt.;45.9932;18.6914;Hétfő 05:30-21:00|Kedd 05:30-21:00|Szerda 05:30-21:00|Csütörtök 05:30-21:00|Péntek 05:30-00:00|Szombat 05:30-00:00|Vasárnap 07:00-12:00
7700;Nógrád;Mohács;Radnóti lakótelep 2. földszint 1. ajtó;Kebacco Bt.;45.9932;18.6914;Hétfő 05:30-21:00|Kedd 05:30-21:00|Szerda 05:30-21:00|Csütörtök 05:30-21:00|Péntek 05:30-00:00|Szombat 05:30-00:00|Vasárnap 07:00-12:00
7700;Nógrád;Mohács;Szabadság utca 28. A. lh. fszt. 35.;Maxi Tabak Bt.;45.9932;18.6914;Hétfő 05:30-21:00|Kedd 05:30-21:00|Szerda 05:30-21:00|Csütörtök 05:30-21:00|Péntek 05:30-00:00|Szombat 05:30-00:00|Vasárnap 07:00-12:00
7700;Nógrád;Mohács;Szent István utca 4.;Bencze Károly;45.9932;18.6914;Hétfő 05:30-21:00|Kedd 05:30-21:00|Szerda 05:30-21:00|Csütörtök 05:30-21:00|Péntek 05:30-00:00|Szombat 05:30-00:00|Vasárnap 07:00-12:00
7700;Nógrád;Mohács;Szentháromság utca 2-4/A.;Tabaccologia Bt;45.9918;18.6924;Hétfő 06:00-18:00|Kedd 06:00-18:00|Szerda 06:00-18:00|Csütörtök 06:00-18:00|Péntek 06:00-18:00|Szombat 06:00-14:00
7700;Nógrád;Mohács;Tavasz utca 2. A. ép.;STODI DOHÁNY Bt.;45.9932;18.6914;Hétfő 05:30-21:00|Kedd 05:30-21:00|Szerda 05:30-21:00|Csütörtök 05:30-21:00|Péntek 05:30-00:00|Szombat 05:30-00:00|Vasárnap 07:00-12:00
2698;Zala;Mohora;Kossuth út 56.;Második TabaCoop Bt.;47.9942;19.3413;Hétfő 07:00-12:00|Kedd 07:00-17:00|Szerda 07:00-17:00|Csütörtök 07:00-17:00|Péntek 07:00-17:00|Szombat 07:00-12:00
3905;Pest;Monok;Kossuth út 10.;Lubóplasz Trade Bt;48.2104;21.1513;Hétfő 06:00-18:00|Kedd 06:00-18:00|Szerda 06:00-18:00|Csütörtök 06:00-18:00|Péntek 06:00-18:00|Szombat 06:00-14:00|Vasárnap 08:00-12:00
2200;Heves;Monor;4. számú főút 34 km;Piros 2000 Ker. és Szolg. Bt.;47.3498;19.4378;Hétfő 06:00-20:00|Kedd 06:00-20:00|Szerda 06:00-20:00|Csütörtök 06:00-20:00|Péntek 06:00-20:00|Szombat 07:00-15:00
2200;Heves;Monor;Avar utca 31.;Mihamilu Bt.;47.3498;19.4378;Hétfő 06:00-20:00|Kedd 06:00-20:00|Szerda 06:00-20:00|Csütörtök 06:00-20:00|Péntek 06:00-20:00|Szombat 07:00-15:00
2200;Heves;Monor;Deák Ferenc utca 2;Kovács Mária;47.3498;19.4378;Hétfő 06:00-20:00|Kedd 06:00-20:00|Szerda 06:00-20:00|Csütörtök 06:00-20:00|Péntek 06:00-20:00|Szombat 07:00-15:00
2200;Heves;Monor;Gém utca 1.;Piros 2000 Ker. és Szolg. Bt.;47.3498;19.4378;Hétfő 06:00-20:00|Kedd 06:00-20:00|Szerda 06:00-20:00|Csütörtök 06:00-20:00|Péntek 06:00-20:00|Szombat 07:00-15:00
2200;Heves;Monor;Kistói út 124.;Lavanderia Bt.;47.3498;19.4378;Hétfő 06:00-20:00|Kedd 06:00-20:00|Szerda 06:00-20:00|Csütörtök 06:00-20:00|Péntek 06:00-20:00|Szombat 07:00-15:00
2200;Heves;Monor;Kossuth L. utca 77.;Kisvári János;47.3498;19.4378;Hétfő 06:00-20:00|Kedd 06:00-20:00|Szerda 06:00-20:00|Csütörtök 06:00-20:00|Péntek 06:00-20:00|Szombat 07:00-15:00
2200;Heves;Monor;Kossuth Lajos utca 57.;Sefta Duó Bt.;47.3498;19.4378;Hétfő 06:00-20:00|Kedd 06:00-20:00|Szerda 06:00-20:00|Csütörtök 06:00-20:00|Péntek 06:00-20:00|Szombat 07:00-15:00
2200;Heves;Monor;Móricz Zsigmond utca 29.;Gyors Trafik Bt;47.3498;19.4378;Hétfő 06:00-20:00|Kedd 06:00-20:00|Szerda 06:00-20:00|Csütörtök 06:00-20:00|Péntek 06:00-20:00|Szombat 07:00-15:00
2213;Pest;Monor;Nefelejcs utca 12. 1420;Fazekas Józsefné;47.3083;19.5014;Hétfő 06:00-18:00|Kedd 06:00-18:00|Szerda 06:00-18:00|Csütörtök 06:00-18:00|Péntek 06:00-18:00|Szombat 06:00-14:00|Vasárnap 07:00-11:00
2200;Heves;Monor;Piactér tér 9.;Judit Pont Bt.;47.3498;19.4378;Hétfő 06:00-20:00|Kedd 06:00-20:00|Szerda 06:00-20:00|Csütörtök 06:00-20:00|Péntek 06:00-20:00|Szombat 07:00-15:00
4275;Veszprém;Monostorpályi;Kossuth utca 42.;GN Trafik Bt;47.3972;21.7723;Hétfő 06:00-18:00|Kedd 06:00-18:00|Szerda 06:00-18:00|Csütörtök 06:00-18:00|Péntek 06:00-18:00|Szombat 07:00-11:00|Vasárnap 07:00-10:00
7751;Fejér;Monyoród;Pécsi utca 19.;Bakos Judit;45.9972;18.4562;Hétfő 05:30-18:30|Kedd 05:30-18:30|Szerda 05:30-18:30|Csütörtök 05:30-18:30|Péntek 05:30-18:30|Szombat 05:30-18:30|Vasárnap 06:00-10:00
9154;Győr-Moson-Sopron;Mosonszentmiklós;Fő utca 13.;Hanytrafik ker. és szolg. Bt.;47.7326;17.4247;Hétfő 05:00-22:00|Kedd 05:00-22:00|Szerda 05:00-22:00|Csütörtök 05:00-22:00|Péntek 05:00-22:00|Szombat 07:00-22:00|Vasárnap 07:00-22:00
9154;Győr-Moson-Sopron;Mosonszentmiklós;Vasút utca 11/B;Varga Károlyné;47.7326;17.4247;Hétfő 05:00-22:00|Kedd 05:00-22:00|Szerda 05:00-22:00|Csütörtök 05:00-22:00|Péntek 05:00-22:00|Szombat 07:00-22:00|Vasárnap 07:00-22:00
3744;Borsod-Abaúj-Zemplén;Múcsony;Botond út 2.;Molnár Erzsébet Katalin;48.2784;20.6667;Hétfő 06:00-19:00|Kedd 06:00-09:00|Szerda 06:00-19:00|Csütörtök 06:00-19:00|Péntek 06:00-19:00|Szombat 07:00-18:00|Vasárnap 08:00-17:00
3744;Borsod-Abaúj-Zemplén;Múcsony;Hunyadi út 3.;PÁL BOLTOCSKÁK Bt.;48.2834;20.6606;Hétfő 08:00-12:00|Kedd 08:00-12:00|Szerda 08:00-12:00|Csütörtök 08:00-12:00|Péntek 08:00-12:00|Szombat 08:00-12:00|Vasárnap 08:00-12:00
5672;Békés;Murony;Földvári utca 13.;Tarcsai Tabak Bt.;46.7606;21.0401;Hétfő 06:00-18:00|Kedd 06:00-18:00|Szerda 06:00-18:00|Csütörtök 06:00-18:00|Péntek 06:00-18:00|Szombat 06:00-14:00|Vasárnap 06:00-14:00
8145;Fejér;Nádasdladány;Fő utca 52.;Trafimax Bt.;47.138;18.2397;Hétfő 06:00-18:00|Kedd 06:00-18:00|Szerda 06:00-18:00|Csütörtök 06:00-18:00|Péntek 06:00-18:00|Szombat 06:30-14:30|Vasárnap 07:00-12:00
4181;Hajdú-Bihar;Nádudvar;Baksay Dániel utca 20.;Bonczás Sándor;47.4291;21.1697;Hétfő 05:00-19:00|Kedd 05:00-19:00|Szerda 05:00-19:00|Csütörtök 05:00-19:00|Péntek 05:00-19:00|Szombat 06:00-15:00|Vasárnap 07:00-12:00
4181;Hajdú-Bihar;Nádudvar;Fő út 65.;Ludman Imre;47.4291;21.1697;Hétfő 05:00-19:00|Kedd 05:00-19:00|Szerda 05:00-19:00|Csütörtök 05:00-19:00|Péntek 05:00-19:00|Szombat 06:00-15:00|Vasárnap 07:00-12:00
4181;Hajdú-Bihar;Nádudvar;Fő út 89/A.;Petrovics Ferencné;47.4291;21.1697;Hétfő 05:00-19:00|Kedd 05:00-19:00|Szerda 05:00-19:00|Csütörtök 05:00-19:00|Péntek 05:00-19:00|Szombat 06:00-15:00|Vasárnap 07:00-12:00
9063;Győr-Moson-Sopron;Nagybajcs;Petőfi út 56;Hajzók Gyula;47.7657;17.6884;Hétfő 06:00-18:00|Kedd 06:00-18:00|Szerda 06:00-18:00|Csütörtök 06:00-18:00|Péntek 06:00-18:00|Szombat 06:00-14:00|Vasárnap 07:00-11:00
7561;Somogy;Nagybajom;Fő utca 71.;Runco Bt.;46.3899;17.5137;Hétfő 14:00-18:00|Kedd 14:00-18:00|Szerda 14:00-18:00|Csütörtök 14:00-18:00|Péntek 14:00-18:00|Szombat 12:00-16:00|Vasárnap 08:00-12:00
4445;Szabolcs-Szatmár-Bereg;Nagycserkesz;Vasvári Pál út 77.;Nyíriné Papp Emese Nikoletta;47.9628;21.5537;Hétfő 06:00-18:00|Kedd 06:00-18:00|Szerda 06:00-18:00|Csütörtök 06:00-18:00|Péntek 06:00-18:00|Szombat 06:00-18:00|Vasárnap 06:00-10:00
4823;Szabolcs-Szatmár-Bereg;Nagydobos;Fő út 138.;Szondi Lászlóné;48.0628;22.2997;Hétfő 06:00-18:00|Kedd 06:00-18:00|Szerda 06:00-18:00|Csütörtök 06:00-18:00|Péntek 06:00-18:00|Szombat 06:00-16:00|Vasárnap 07:00-11:00
4823;Szabolcs-Szatmár-Bereg;Nagydobos;Fő utca 24.;Bódi Elek;48.0628;22.2997;Hétfő 06:00-18:00|Kedd 06:00-18:00|Szerda 06:00-18:00|Csütörtök 06:00-18:00|Péntek 06:00-18:00|Szombat 06:00-16:00|Vasárnap 07:00-11:00
7044;Tolna;Nagydorog;Kossuth 6.;Borbélyné Töttösi Ágnes;46.6209;18.6558;Hétfő 06:00-18:00|Kedd 06:00-18:00|Szerda 06:00-18:00|Csütörtök 06:00-18:00|Péntek 06:00-18:00|Szombat 06:00-14:00
4355;Szabolcs-Szatmár-Bereg;Nagyecsed;Árpád utca 44.;Szabó-Orbán Nikoletta;47.8629;22.3885;Hétfő 06:00-21:00|Kedd 06:00-21:00|Szerda 06:00-21:00|Csütörtök 06:00-21:00|Péntek 06:00-21:00|Szombat 07:00-21:00|Vasárnap 07:00-21:00
4355;Szabolcs-Szatmár-Bereg;Nagyecsed;Hunyadi utca 18.;Tesz 93 Kereskedelmi Bt.;47.8629;22.3885;Hétfő 06:00-21:00|Kedd 06:00-21:00|Szerda 06:00-21:00|Csütörtök 06:00-21:00|Péntek 06:00-21:00|Szombat 07:00-21:00|Vasárnap 07:00-21:00
8415;Veszprém;Nagyesztergár;Radnóti utca 1.;Aprócska Szipka Bt.;47.2826;17.9043;Hétfő 06:00-16:30|Kedd 06:00-16:30|Szerda 06:00-16:30|Csütörtök 06:00-16:30|Péntek 06:00-16:30|Szombat 06:00-10:30
3282;Heves;Nagyfüged;Ady Endre út 52.;Szilágyi Bt.;47.6854;20.1113;Hétfő 05:00-21:00|Kedd 05:00-21:00|Szerda 05:00-21:00|Csütörtök 05:00-21:00|Péntek 05:00-21:00|Szombat 05:00-21:00|Vasárnap 05:00-21:00
4485;Szabolcs-Szatmár-Bereg;Nagyhalász;Arany János út 185.;Bor Mihály;48.1195;21.7649;Hétfő 06:00-12:00|Kedd 06:00-12:00|Szerda 06:00-12:00|Csütörtök 06:00-12:00|Péntek 06:00-12:00|Szombat 06:00-12:00|Vasárnap 06:00-12:00
4485;Szabolcs-Szatmár-Bereg;Nagyhalász;Ibrányi utca 24/A.;Oláh Csabáné;48.1195;21.7649;Hétfő 06:00-12:00|Kedd 06:00-12:00|Szerda 06:00-12:00|Csütörtök 06:00-12:00|Péntek 06:00-12:00|Szombat 06:00-12:00|Vasárnap 06:00-12:00
4485;Szabolcs-Szatmár-Bereg;Nagyhalász;Kossuth út 16/A;Csábi és Társai Bt.;48.1195;21.7649;Hétfő 06:00-12:00|Kedd 06:00-12:00|Szerda 06:00-12:00|Csütörtök 06:00-12:00|Péntek 06:00-12:00|Szombat 06:00-12:00|Vasárnap 06:00-12:00
4064;Hajdú-Bihar;Nagyhegyes;Kossuth utca 41/B.;Kunkliné Fábián Judit;47.5389;21.3551;Hétfő 06:00-11:00|Kedd 06:00-11:00|Szerda 06:00-11:00|Csütörtök 06:00-11:00|Péntek 06:00-11:00|Szombat 08:00-12:00
2942;Komárom-Esztergom;Nagyigmánd;József Attila utca 11.;Müllér Trafikok 2013 ker. szolg. Bt.;47.6334;18.076;Hétfő 06:00-18:00|Kedd 06:00-18:00|Szerda 06:00-18:00|Csütörtök 06:00-18:00|Péntek 06:00-18:00|Szombat 06:00-18:00
2942;Komárom-Esztergom;Nagyigmánd;Mansbarth A. utca 6.;BB Milán Tabak Bt;47.6334;18.076;Hétfő 06:00-18:00|Kedd 06:00-18:00|Szerda 06:00-18:00|Csütörtök 06:00-18:00|Péntek 06:00-18:00|Szombat 06:00-18:00
4320;Szabolcs-Szatmár-Bereg;Nagykálló;Bátori út 11.;Horváth Tibor;47.8765;21.8481;Hétfő 06:00-18:00|Kedd 06:00-18:00|Szerda 06:00-18:00|Csütörtök 06:00-18:00|Péntek 06:00-18:00|Szombat 06:00-18:00
4320;Szabolcs-Szatmár-Bereg;Nagykálló;Bátori út 76;Sőrés László;47.8783;21.861;Hétfő 05:00-20:00|Kedd 05:00-20:00|Szerda 05:00-20:00|Csütörtök 05:00-20:00|Péntek 05:00-20:00|Szombat 05:00-20:00|Vasárnap 06:00-14:00
4320;Szabolcs-Szatmár-Bereg;Nagykálló;Debreceni út 15.;Horváth Károly;47.8765;21.8481;Hétfő 06:00-18:00|Kedd 06:00-18:00|Szerda 06:00-18:00|Csütörtök 06:00-18:00|Péntek 06:00-18:00|Szombat 06:00-18:00
4320;Szabolcs-Szatmár-Bereg;Nagykálló;Korányi Frigyes utca 20;Vajda Albert Tiborné;47.8765;21.8481;Hétfő 06:00-18:00|Kedd 06:00-18:00|Szerda 06:00-18:00|Csütörtök 06:00-18:00|Péntek 06:00-18:00|Szombat 06:00-18:00
8800;Zala;Nagykanizsa;3287/33. Hrsz.;Szmodics és Társa Bt.;46.464188;17.013058;Hétfő 07:00-22:00|Kedd 07:00-22:00|Szerda 07:00-22:00|Csütörtök 07:00-22:00|Péntek 07:00-23:59|Szombat 00:00-23:59|Vasárnap 08:00-22:00
8800;Zala;Nagykanizsa;95. HRSZ.;Galaxi Tabak Bt.;46.464188;17.013058;Hétfő 07:00-22:00|Kedd 07:00-22:00|Szerda 07:00-22:00|Csütörtök 07:00-22:00|Péntek 07:00-23:59|Szombat 00:00-23:59|Vasárnap 08:00-22:00
8800;Zala;Nagykanizsa;Balatoni út 41.;Pogitabak Bt;46.464188;17.013058;Hétfő 07:00-22:00|Kedd 07:00-22:00|Szerda 07:00-22:00|Csütörtök 07:00-22:00|Péntek 07:00-23:59|Szombat 00:00-23:59|Vasárnap 08:00-22:00
8800;Zala;Nagykanizsa;Balatoni utca 1839/107.;Green Energy Trade Bt.;46.464188;17.013058;Hétfő 07:00-22:00|Kedd 07:00-22:00|Szerda 07:00-22:00|Csütörtök 07:00-22:00|Péntek 07:00-23:59|Szombat 00:00-23:59|Vasárnap 08:00-22:00
8800;Zala;Nagykanizsa;Csengery utca 29.;Gozdánné Alexandroff Ildikó;46.464188;17.013058;Hétfő 07:00-22:00|Kedd 07:00-22:00|Szerda 07:00-22:00|Csütörtök 07:00-22:00|Péntek 07:00-23:59|Szombat 00:00-23:59|Vasárnap 08:00-22:00
8800;Zala;Nagykanizsa;Dózsa György utca 146.;Pogitabak Bt;46.464188;17.013058;Hétfő 07:00-22:00|Kedd 07:00-22:00|Szerda 07:00-22:00|Csütörtök 07:00-22:00|Péntek 07:00-23:59|Szombat 00:00-23:59|Vasárnap 08:00-22:00
8800;Zala;Nagykanizsa;Erdész utca 6.;Szmodics és Társa Bt.;46.464188;17.013058;Hétfő 07:00-22:00|Kedd 07:00-22:00|Szerda 07:00-22:00|Csütörtök 07:00-22:00|Péntek 07:00-23:59|Szombat 00:00-23:59|Vasárnap 08:00-22:00
8800;Zala;Nagykanizsa;Garay utca 15/A.;Gosztonyi Ilona;46.464188;17.013058;Hétfő 07:00-22:00|Kedd 07:00-22:00|Szerda 07:00-22:00|Csütörtök 07:00-22:00|Péntek 07:00-23:59|Szombat 00:00-23:59|Vasárnap 08:00-22:00
8800;Zala;Nagykanizsa;Hevesi Sándor utca 6.;Gyana Dániel Sándor;46.464188;17.013058;Hétfő 07:00-22:00|Kedd 07:00-22:00|Szerda 07:00-22:00|Csütörtök 07:00-22:00|Péntek 07:00-23:59|Szombat 00:00-23:59|Vasárnap 08:00-22:00
8800;Zala;Nagykanizsa;Kalmár út 6.;Handa Dohány Bt.;46.464188;17.013058;Hétfő 07:00-22:00|Kedd 07:00-22:00|Szerda 07:00-22:00|Csütörtök 07:00-22:00|Péntek 07:00-23:59|Szombat 00:00-23:59|Vasárnap 08:00-22:00
8800;Zala;Nagykanizsa;Kinizsi utca 95.;Csete Edith;46.464188;17.013058;Hétfő 07:00-22:00|Kedd 07:00-22:00|Szerda 07:00-22:00|Csütörtök 07:00-22:00|Péntek 07:00-23:59|Szombat 00:00-23:59|Vasárnap 08:00-22:00
8800;Zala;Nagykanizsa;Király utca 36.;Atád Tabak Bt.;46.464188;17.013058;Hétfő 07:00-22:00|Kedd 07:00-22:00|Szerda 07:00-22:00|Csütörtök 07:00-22:00|Péntek 07:00-23:59|Szombat 00:00-23:59|Vasárnap 08:00-22:00
8800;Zala;Nagykanizsa;Magyar utca 166/A.;Németh Zoltán;46.464188;17.013058;Hétfő 07:00-22:00|Kedd 07:00-22:00|Szerda 07:00-22:00|Csütörtök 07:00-22:00|Péntek 07:00-23:59|Szombat 00:00-23:59|Vasárnap 08:00-22:00
8800;Zala;Nagykanizsa;Platán sor 5.;Galaxi Tabak Bt;46.464188;17.013058;Hétfő 07:00-22:00|Kedd 07:00-22:00|Szerda 07:00-22:00|Csütörtök 07:00-22:00|Péntek 07:00-23:59|Szombat 00:00-23:59|Vasárnap 08:00-22:00
8800;Zala;Nagykanizsa;Récsei utca 26-28.;Léri-Dohány Bt;46.464188;17.013058;Hétfő 07:00-22:00|Kedd 07:00-22:00|Szerda 07:00-22:00|Csütörtök 07:00-22:00|Péntek 07:00-23:59|Szombat 00:00-23:59|Vasárnap 08:00-22:00
8800;Zala;Nagykanizsa;Rózsa utca 22/D.;Jerausek István Péter;46.464188;17.013058;Hétfő 07:00-22:00|Kedd 07:00-22:00|Szerda 07:00-22:00|Csütörtök 07:00-22:00|Péntek 07:00-23:59|Szombat 00:00-23:59|Vasárnap 08:00-22:00
8800;Zala;Nagykanizsa;Rózsa utca 3.;Atád Tabak Bt.;46.464188;17.013058;Hétfő 07:00-22:00|Kedd 07:00-22:00|Szerda 07:00-22:00|Csütörtök 07:00-22:00|Péntek 07:00-23:59|Szombat 00:00-23:59|Vasárnap 08:00-22:00
8800;Zala;Nagykanizsa;Sabján Gy. utca 5.;Léri-Dohány Bt;46.464188;17.013058;Hétfő 07:00-22:00|Kedd 07:00-22:00|Szerda 07:00-22:00|Csütörtök 07:00-22:00|Péntek 07:00-23:59|Szombat 00:00-23:59|Vasárnap 08:00-22:00
8800;Zala;Nagykanizsa;Sabján Gyula utca 10.;Trafik Invest Bt.;46.464188;17.013058;Hétfő 07:00-22:00|Kedd 07:00-22:00|Szerda 07:00-22:00|Csütörtök 07:00-22:00|Péntek 07:00-23:59|Szombat 00:00-23:59|Vasárnap 08:00-22:00
8800;Zala;Nagykanizsa;Sugár út 2.;Women's Tabak Bt.;46.464188;17.013058;Hétfő 07:00-22:00|Kedd 07:00-22:00|Szerda 07:00-22:00|Csütörtök 07:00-22:00|Péntek 07:00-23:59|Szombat 00:00-23:59|Vasárnap 08:00-22:00
8800;Zala;Nagykanizsa;Táborhely utca 3.;Riba Mónika;46.464188;17.013058;Hétfő 07:00-22:00|Kedd 07:00-22:00|Szerda 07:00-22:00|Csütörtök 07:00-22:00|Péntek 07:00-23:59|Szombat 00:00-23:59|Vasárnap 08:00-22:00
8800;Zala;Nagykanizsa;Teleki utca 3.;Jerausek István Péter;46.464188;17.013058;Hétfő 07:00-22:00|Kedd 07:00-22:00|Szerda 07:00-22:00|Csütörtök 07:00-22:00|Péntek 07:00-23:59|Szombat 00:00-23:59|Vasárnap 08:00-22:00
8800;Zala;Nagykanizsa;Templom tér 12.;Szilágyi Zoltánné;46.464188;17.013058;Hétfő 07:00-22:00|Kedd 07:00-22:00|Szerda 07:00-22:00|Csütörtök 07:00-22:00|Péntek 07:00-23:59|Szombat 00:00-23:59|Vasárnap 08:00-22:00
8800;Zala;Nagykanizsa;Zemplén Győző utca 12.;Halász Dávid József;46.464188;17.013058;Hétfő 07:00-22:00|Kedd 07:00-22:00|Szerda 07:00-22:00|Csütörtök 07:00-22:00|Péntek 07:00-23:59|Szombat 00:00-23:59|Vasárnap 08:00-22:00
2760;Pest;Nagykáta;Árpád utca 65.;Good Will 2004 Bt.;47.4198;19.741;Hétfő 06:00-22:00|Kedd 06:00-22:00|Szerda 06:00-22:00|Csütörtök 06:00-22:00|Péntek 06:00-22:00|Szombat 06:00-22:00|Vasárnap 06:00-22:00
2760;Pest;Nagykáta;Dózsa György út 19/E.;GALBÁCS-KER Bt.;47.4198;19.741;Hétfő 06:00-22:00|Kedd 06:00-22:00|Szerda 06:00-22:00|Csütörtök 06:00-22:00|Péntek 06:00-22:00|Szombat 06:00-22:00|Vasárnap 06:00-22:00
2760;Pest;Nagykáta;Dózsa György utca 21;El-Assaf Basem Munir;47.4198;19.741;Hétfő 06:00-22:00|Kedd 06:00-22:00|Szerda 06:00-22:00|Csütörtök 06:00-22:00|Péntek 06:00-22:00|Szombat 06:00-22:00|Vasárnap 06:00-22:00
2760;Pest;Nagykáta;Kossuth Lajos utca 163/31.;Pikk-Pakk HNK Trafik Bt.;47.4198;19.741;Hétfő 06:00-22:00|Kedd 06:00-22:00|Szerda 06:00-22:00|Csütörtök 06:00-22:00|Péntek 06:00-22:00|Szombat 06:00-22:00|Vasárnap 06:00-22:00
2760;Pest;Nagykáta;Petőfi Sándor út 11.;Good Will 2004 Bt.;47.4121;19.7417;Hétfő 06:00-22:00|Kedd 06:00-22:00|Szerda 06:00-22:00|Csütörtök 06:00-22:00|Péntek 06:00-22:00|Szombat 06:00-22:00|Vasárnap 06:00-22:00
2760;Pest;Nagykáta;Szabadság tér 7;Erős Katalin;47.4198;19.741;Hétfő 06:00-22:00|Kedd 06:00-22:00|Szerda 06:00-22:00|Csütörtök 06:00-22:00|Péntek 06:00-22:00|Szombat 06:00-22:00|Vasárnap 06:00-22:00
2760;Pest;Nagykáta;Vásártér utca 44;Magoss György Imréné;47.4198;19.741;Hétfő 06:00-22:00|Kedd 06:00-22:00|Szerda 06:00-22:00|Csütörtök 06:00-22:00|Péntek 06:00-22:00|Szombat 06:00-22:00|Vasárnap 06:00-22:00
7092;Pest;Nagykónyi;Nagy utca 2.;Pipakupak Bt.;46.594;18.2012;Hétfő 05:30-15:00|Kedd 05:30-15:00|Szerda 05:30-15:00|Csütörtök 05:30-15:00|Péntek 05:30-15:00|Szombat 06:00-10:00
2094;Pest;Nagykovácsi;Lenvirág park 1.;Dohánypapír Bt.;47.5761;18.8848;Hétfő 07:00-20:00|Kedd 07:00-20:00|Szerda 07:00-20:00|Csütörtök 07:00-20:00|Péntek 07:00-20:00|Szombat 08:00-18:00|Vasárnap 10:00-14:00
2094;Pest;Nagykovácsi;Nagykovácsi út 6/E.;Dohánypapír Bt;47.5761;18.8848;Hétfő 07:00-20:00|Kedd 07:00-20:00|Szerda 07:00-20:00|Csütörtök 07:00-20:00|Péntek 07:00-20:00|Szombat 08:00-18:00|Vasárnap 10:00-14:00
7741;Jász-Nagykun-Szolnok;Nagykozár;Ifjúság utca 17.;Gyurák Mátyásné;46.0693;18.3151;Hétfő 05:30-17:45|Kedd 05:30-17:45|Szerda 05:30-17:45|Csütörtök 05:30-17:45|Péntek 05:30-17:45|Szombat 05:30-12:00|Vasárnap 06:30-11:00
3175;Nógrád;Nagylóc;Rákóczi út 123.;HMS- Coop Bt;48.0322;19.5761;Hétfő 07:00-17:00|Kedd 07:00-17:00|Szerda 07:00-17:00|Csütörtök 07:00-17:00|Péntek 07:00-17:00|Szombat 07:00-12:00
2435;Fejér;Nagylók;Hunyadi utca 36.;Horta-Market Bt.;46.9742;18.6479;Hétfő 06:00-18:00|Kedd 06:00-18:00|Szerda 06:00-18:00|Csütörtök 06:00-18:00|Péntek 06:00-18:00|Szombat 06:00-18:00|Vasárnap 06:00-12:00
6622;Csongrád;Nagymágocs;Kossuth utca 28.;Ker-MS Bolt Bt.;46.5824;20.4911;Hétfő 04:30-20:00|Kedd 04:30-20:00|Szerda 04:30-20:00|Csütörtök 04:30-20:00|Péntek 04:30-20:00|Szombat 13:00-21:00|Vasárnap 08:00-18:00
2626;Pest;Nagymaros;Gesztenye sor 4.;Rudi Trafik Bt.;47.7888;18.9588;Hétfő 07:00-19:00|Kedd 07:00-19:00|Szerda 07:00-19:00|Csütörtök 07:00-19:00|Péntek 07:00-19:00|Szombat 07:00-15:00|Vasárnap 08:00-12:00
2626;Pest;Nagymaros;Magyar utca 21;Nagymaros Tabak Bt;47.7888;18.9588;Hétfő 07:00-19:00|Kedd 07:00-19:00|Szerda 07:00-19:00|Csütörtök 07:00-19:00|Péntek 07:00-19:00|Szombat 07:00-15:00|Vasárnap 08:00-12:00
2645;Nógrád;Nagyoroszi;Fő út 8.;Első TabaCoop Bt;48.003638;19.090177;Hétfő 06:30-22:00|Kedd 06:30-22:00|Szerda 06:30-22:00|Csütörtök 06:30-22:00|Péntek 06:30-23:59|Szombat 06:30-23:59|Vasárnap 06:30-23:00
2645;Nógrád;Nagyoroszi;Vásár tér 12.;Lipták István;48.003638;19.090177;Hétfő 06:30-22:00|Kedd 06:30-22:00|Szerda 06:30-22:00|Csütörtök 06:30-22:00|Péntek 06:30-23:59|Szombat 06:30-23:59|Vasárnap 06:30-23:00
8746;Zala;Nagyrada;Kossuth Lajos út 57.;Szalai Viktor László;46.6186;17.1184;Hétfő 06:00-16:00|Kedd 06:00-16:00|Szerda 06:00-16:00|Csütörtök 06:00-10:00|Péntek 06:00-16:00|Szombat 06:00-11:00|Vasárnap 08:00-09:00
3214;Heves;Nagyréde;HRSZ. 468/A.;Tubák Varázsló Bt.;47.7677;19.8448;Hétfő 06:00-20:00|Kedd 06:00-20:00|Szerda 06:00-20:00|Csütörtök 06:00-20:00|Péntek 06:00-20:00|Szombat 06:00-18:00|Vasárnap 06:00-17:00
3214;Heves;Nagyréde;József Attila út 34.;Sziszi-COOP Bt.;47.7677;19.8448;Hétfő 06:00-20:00|Kedd 06:00-20:00|Szerda 06:00-20:00|Csütörtök 06:00-20:00|Péntek 06:00-20:00|Szombat 06:00-18:00|Vasárnap 06:00-17:00
2524;Komárom-Esztergom;Nagysáp;Köztársaság tér 1/A.;Berta Trafik Bt;47.6841;18.6027;Hétfő 07:00-18:00|Kedd 07:00-18:00|Szerda 07:00-18:00|Csütörtök 07:00-18:00|Péntek 07:00-18:00|Szombat 08:00-12:00
5931;Békés;Nagyszénás;Béke utca 2/1.;Németh Ambrus;46.6746;20.6677;Hétfő 06:00-20:00|Kedd 06:00-20:00|Szerda 06:00-20:00|Csütörtök 06:00-20:00|Péntek 06:00-20:00|Szombat 06:00-12:00
5931;Békés;Nagyszénás;Október 6. utca 3.;Öcskös Bt.;46.6746;20.6677;Hétfő 06:00-20:00|Kedd 06:00-20:00|Szerda 06:00-20:00|Csütörtök 06:00-20:00|Péntek 06:00-20:00|Szombat 06:00-12:00
5931;Békés;Nagyszénás;Zrínyi Miklós utca 17.;Némedi Trafik Bt.;46.6705213;20.6815927;Hétfő 06:00-20:00|Kedd 06:00-20:00|Szerda 06:00-20:00|Csütörtök 06:00-20:00|Péntek 06:00-20:00|Szombat 06:00-20:00|Vasárnap 06:00-20:00
2142;Pest;Nagytarcsa;Arany János utca 1.;Rajna László Zsolt;47.5329;19.283;Hétfő 08:00-20:00|Kedd 08:00-20:00|Szerda 08:00-20:00|Csütörtök 08:00-20:00|Péntek 08:00-20:00|Szombat 08:00-20:00|Vasárnap 08:00-20:00
4812;Szabolcs-Szatmár-Bereg;Nagyvarsány;Rákóczi utca 6;Salánki Mária;48.1586;22.2776;Hétfő 06:00-20:00|Kedd 06:00-20:00|Szerda 06:00-20:00|Csütörtök 06:00-20:00|Péntek 06:00-20:00|Szombat 06:00-20:00|Vasárnap 06:00-20:00
2421;Fejér;Nagyvenyim;Fő utca 25/2.;Móró Enikő Éva;46.9892;18.7887;Hétfő 06:00-18:00|Kedd 06:00-18:00|Szerda 06:00-18:00|Csütörtök 06:00-18:00|Péntek 06:00-18:00|Szombat 06:00-12:00|Vasárnap 06:00-11:00
2421;Fejér;Nagyvenyim;Földvári utca 1.;Majsai-Tóth Kinga;46.9892;18.7887;Hétfő 06:00-18:00|Kedd 06:00-18:00|Szerda 06:00-18:00|Csütörtök 06:00-18:00|Péntek 06:00-18:00|Szombat 06:00-12:00|Vasárnap 06:00-11:00
7215;Tolna;Nak;Fő utca 178.;Szijártó Miklós;46.4767;18.0513;Hétfő 05:30-18:00|Kedd 05:30-18:00|Szerda 05:30-18:00|Csütörtök 05:30-18:00|Péntek 05:30-18:00|Szombat 06:00-11:00|Vasárnap 07:00-10:00
4552;Szabolcs-Szatmár-Bereg;Napkor;Orosi utca 15/B;Komolai Viktória;47.943;21.8665;Hétfő 06:00-22:00|Kedd 06:00-22:00|Szerda 06:00-22:00|Csütörtök 06:00-22:00|Péntek 06:00-22:00|Szombat 06:00-22:00|Vasárnap 06:00-22:00
4552;Szabolcs-Szatmár-Bereg;Napkor;Sényői út 15 .;Kéninger Tamás;47.943;21.8665;Hétfő 06:00-22:00|Kedd 06:00-22:00|Szerda 06:00-22:00|Csütörtök 06:00-22:00|Péntek 06:00-22:00|Szombat 06:00-22:00|Vasárnap 06:00-22:00
2899;Komárom-Esztergom;Naszály;Rákóczi utca 123;Popeye és Füstölök Kkt.;47.6988;18.2623;Hétfő 06:00-18:00|Kedd 06:00-18:00|Szerda 06:00-18:00|Csütörtök 06:00-18:00|Péntek 06:00-18:00|Szombat 06:00-12:00|Vasárnap 07:00-11:00
9533;Veszprém;Nemesszalók;Fő utca 53.;Laumin Tabak Bt;47.2709;17.3019;Hétfő 06:00-21:00|Kedd 06:00-21:00|Szerda 06:00-21:00|Csütörtök 06:00-21:00|Péntek 06:00-21:00|Szombat 06:00-21:00|Vasárnap 06:00-21:00
8248;Veszprém;Nemesvámos;Fészek utca 1/1.;Németh Ramóna;47.0518;17.8778;Hétfő 07:00-19:00|Kedd 07:00-19:00|Szerda 07:00-19:00|Csütörtök 07:00-19:00|Péntek 07:00-19:00|Szombat 07:00-15:00
2642;Nógrád;Nógrád;Szondy utca 25/1;Dr. Kalecz Gergely;47.908;19.0491;Hétfő 06:30-18:30|Kedd 06:30-18:30|Szerda 06:30-18:30|Csütörtök 06:30-18:30|Péntek 06:30-18:30|Szombat 06:30-12:00
2685;Nógrád;Nógrádsáp;Szent István utca 14/2.;Hajszter István;47.8418;19.3577;Hétfő 06:00-18:00|Kedd 06:00-18:00|Szerda 06:00-18:00|Csütörtök 06:00-18:00|Péntek 06:00-18:00|Szombat 06:00-12:00
2610;Zala;Nőtincs;Diófa utca 3.;Első TabaCoop Bt;47.8821;19.1412;Hétfő 06:00-17:00|Kedd 06:00-17:00|Szerda 06:00-17:00|Csütörtök 06:00-17:00|Péntek 06:00-17:00|Szombat 06:00-12:00|Vasárnap 06:00-10:00
3872;Nógrád;Novajidrány;Kossuth L. utca 34.;Abaúj Cigarettaáru Bt.;48.3947;21.1677;Hétfő 06:00-14:00|Kedd 06:00-17:00|Szerda 06:00-17:00|Csütörtök 06:00-17:00|Péntek 06:00-17:00|Szombat 06:00-12:00
8512;Veszprém;Nyárád;Arany János utca 35-37.;Pólya Tibor;47.2855;17.3643;Hétfő 08:00-12:00|Kedd 08:00-12:00|Szerda 08:00-12:00|Csütörtök 08:00-12:00|Péntek 08:00-12:00|Szombat 08:00-12:00
2723;Pest;Nyáregyháza;Árpád út 9.;TOBACCO LEAF Bt.;47.2758;19.4771;Hétfő 06:00-18:00|Kedd 06:00-18:00|Szerda 06:00-18:00|Csütörtök 06:00-18:00|Péntek 06:00-18:00|Szombat 07:00-16:00|Vasárnap 08:00-16:00
2723;Pest;Nyáregyháza;Dózsa György út 28.;Verbói Tamás;47.2758;19.4771;Hétfő 06:00-18:00|Kedd 06:00-18:00|Szerda 06:00-18:00|Csütörtök 06:00-18:00|Péntek 06:00-18:00|Szombat 07:00-16:00|Vasárnap 08:00-16:00
2536;Komárom-Esztergom;Nyergesújfalu;Kossuth L. utca 160.;dr. Merényi Tamás;47.7588;18.566;Hétfő 08:00-16:30|Kedd 08:00-16:30|Szerda 08:00-16:30|Csütörtök 08:00-16:30|Péntek 08:00-16:30|Szombat 08:00-13:00
2536;Komárom-Esztergom;Nyergesújfalu;Kossuth Lajos utca 260.;Palotás Ernő Pálné;47.7588;18.566;Hétfő 08:00-16:30|Kedd 08:00-16:30|Szerda 08:00-16:30|Csütörtök 08:00-16:30|Péntek 08:00-16:30|Szombat 08:00-13:00
2536;Komárom-Esztergom;Nyergesújfalu;Kossuth Lajos utca 77.;Marosné Pócs Eleonóra;47.7588;18.566;Hétfő 08:00-16:30|Kedd 08:00-16:30|Szerda 08:00-16:30|Csütörtök 08:00-16:30|Péntek 08:00-16:30|Szombat 08:00-13:00
2536;Komárom-Esztergom;Nyergesújfalu;Május 1 tér 1/a;KDK Trafik Bt;47.7588;18.566;Hétfő 08:00-16:30|Kedd 08:00-16:30|Szerda 08:00-16:30|Csütörtök 08:00-16:30|Péntek 08:00-16:30|Szombat 08:00-13:00
4264;Hajdú-Bihar;Nyírábrány;Határőr utca 133;Tálas Mihály;47.5257;22.0205;Hétfő 06:00-19:00|Kedd 06:00-19:00|Szerda 06:00-19:00|Csütörtök 06:00-19:00|Péntek 06:00-19:00|Szombat 06:00-14:00|Vasárnap 07:00-12:00
4264;Hajdú-Bihar;Nyírábrány;Jókai utca 46.;Fercsi Dohánybolt Bt;47.5449;22.0152;Hétfő 06:00-20:00|Kedd 06:00-20:00|Szerda 06:00-20:00|Csütörtök 06:00-20:00|Péntek 06:00-20:00|Szombat 06:00-20:00|Vasárnap 08:00-20:00
4262;Hajdú-Bihar;Nyíracsád;Petőfi tér 7.;TMG Tabak Ker. és Szolg. Bt;47.6024;21.9718;Hétfő 06:00-18:00|Kedd 06:00-18:00|Szerda 06:00-18:00|Csütörtök 06:00-18:00|Péntek 06:00-18:00|Szombat 06:00-14:00|Vasárnap 08:00-12:00
8454;Veszprém;Nyirád;Dózsa György utca 2/A;Eichinger László;47.0052;17.4542;Hétfő 06:00-16:00|Kedd 06:00-16:00|Szerda 06:00-16:00|Csütörtök 06:00-16:00|Péntek 06:00-16:00|Szombat 06:00-13:00|Vasárnap 07:00-11:30
4356;Szabolcs-Szatmár-Bereg;Nyírcsaholy;Hunyadi J utca 5.;Fekete Istvánné;47.9041;22.3351;Hétfő 06:00-20:00|Kedd 06:00-20:00|Szerda 06:00-20:00|Csütörtök 06:00-20:00|Péntek 06:00-20:00|Szombat 06:00-13:00|Vasárnap 08:00-12:00
4356;Szabolcs-Szatmár-Bereg;Nyírcsaholy;Hunyadi utca 76.;Benéné Papp Andrea;47.9041;22.3351;Hétfő 06:00-20:00|Kedd 06:00-20:00|Szerda 06:00-20:00|Csütörtök 06:00-20:00|Péntek 06:00-20:00|Szombat 06:00-13:00|Vasárnap 08:00-12:00
4331;Szabolcs-Szatmár-Bereg;Nyírcsászári;Dózsa György út 1/A.;Mikó Lászlóné;47.8651;22.1769;Hétfő 06:00-18:00|Kedd 06:00-18:00|Szerda 06:00-18:00|Csütörtök 06:00-18:00|Péntek 06:00-18:00|Szombat 07:00-14:00|Vasárnap 08:00-11:00
4400;Szabolcs-Szatmár-Bereg;Nyíregyháza;8237/16/A/2. Hrsz.;Enitabak Bt;47.949207;21.71971;Hétfő 06:00-22:00|Kedd 06:00-22:00|Szerda 06:00-22:00|Csütörtök 06:00-22:00|Péntek 06:00-22:00|Szombat 06:00-22:00|Vasárnap 08:00-20:00
4400;Szabolcs-Szatmár-Bereg;Nyíregyháza;Agyag utca 3.;Szendeczki Gábor;47.949207;21.71971;Hétfő 06:00-22:00|Kedd 06:00-22:00|Szerda 06:00-22:00|Csütörtök 06:00-22:00|Péntek 06:00-22:00|Szombat 06:00-22:00|Vasárnap 08:00-20:00
4400;Szabolcs-Szatmár-Bereg;Nyíregyháza;Állomás tér 4. pavilon;Végsőné Kiss B. Zsófia;47.949207;21.71971;Hétfő 06:00-22:00|Kedd 06:00-22:00|Szerda 06:00-22:00|Csütörtök 06:00-22:00|Péntek 06:00-22:00|Szombat 06:00-22:00|Vasárnap 08:00-20:00
4400;Szabolcs-Szatmár-Bereg;Nyíregyháza;Árok utca 13;Cigarium Bt.;47.949207;21.71971;Hétfő 06:00-22:00|Kedd 06:00-22:00|Szerda 06:00-22:00|Csütörtök 06:00-22:00|Péntek 06:00-22:00|Szombat 06:00-22:00|Vasárnap 08:00-20:00
4400;Szabolcs-Szatmár-Bereg;Nyíregyháza;Berenát utca 1-3.;Nyírtrafik Bt.;47.949207;21.71971;Hétfő 06:00-22:00|Kedd 06:00-22:00|Szerda 06:00-22:00|Csütörtök 06:00-22:00|Péntek 06:00-22:00|Szombat 06:00-22:00|Vasárnap 08:00-20:00
4400;Szabolcs-Szatmár-Bereg;Nyíregyháza;Bocskai utca 98.;Kocsis és Kovács Dohánybolt Bt.;47.949207;21.71971;Hétfő 06:00-22:00|Kedd 06:00-22:00|Szerda 06:00-22:00|Csütörtök 06:00-22:00|Péntek 06:00-22:00|Szombat 06:00-22:00|Vasárnap 08:00-20:00
4400;Szabolcs-Szatmár-Bereg;Nyíregyháza;Bujtos utca 65/A.;Szortiment Gold Bt.;47.949207;21.71971;Hétfő 06:00-22:00|Kedd 06:00-22:00|Szerda 06:00-22:00|Csütörtök 06:00-22:00|Péntek 06:00-22:00|Szombat 06:00-22:00|Vasárnap 08:00-20:00
4400;Szabolcs-Szatmár-Bereg;Nyíregyháza;Búza tér 15/A.;KEDOKER Bt.;47.949207;21.71971;Hétfő 06:00-22:00|Kedd 06:00-22:00|Szerda 06:00-22:00|Csütörtök 06:00-22:00|Péntek 06:00-22:00|Szombat 06:00-22:00|Vasárnap 08:00-20:00
4400;Szabolcs-Szatmár-Bereg;Nyíregyháza;Deák Ferenc út 52.;Ilosvay Zsolt;47.949207;21.71971;Hétfő 06:00-22:00|Kedd 06:00-22:00|Szerda 06:00-22:00|Csütörtök 06:00-22:00|Péntek 06:00-22:00|Szombat 06:00-22:00|Vasárnap 08:00-20:00
4405;Szabolcs-Szatmár-Bereg;Nyíregyháza;Debreceni út 246.;Borsod Tabak Bt.;47.949207;21.71971;Hétfő 06:00-22:00|Kedd 06:00-22:00|Szerda 06:00-22:00|Csütörtök 06:00-22:00|Péntek 06:00-22:00|Szombat 06:00-22:00|Vasárnap 08:00-20:00
4400;Szabolcs-Szatmár-Bereg;Nyíregyháza;Debreceni út 61-63.;Helli Roland Zsolt;47.949207;21.71971;Hétfő 06:00-22:00|Kedd 06:00-22:00|Szerda 06:00-22:00|Csütörtök 06:00-22:00|Péntek 06:00-22:00|Szombat 06:00-22:00|Vasárnap 08:00-20:00
4400;Szabolcs-Szatmár-Bereg;Nyíregyháza;Debreceni út 99.;Dovital Bt.;47.949207;21.71971;Hétfő 06:00-22:00|Kedd 06:00-22:00|Szerda 06:00-22:00|Csütörtök 06:00-22:00|Péntek 06:00-22:00|Szombat 06:00-22:00|Vasárnap 08:00-20:00
4400;Szabolcs-Szatmár-Bereg;Nyíregyháza;Dugonics utca 29.;Fumo Holding Bt;47.949207;21.71971;Hétfő 06:00-22:00|Kedd 06:00-22:00|Szerda 06:00-22:00|Csütörtök 06:00-22:00|Péntek 06:00-22:00|Szombat 06:00-22:00|Vasárnap 08:00-20:00
4400;Szabolcs-Szatmár-Bereg;Nyíregyháza;Északi körút 1.;West-rex 21 Bt.;47.9656;21.71;Hétfő 00:00-23:59|Kedd 00:00-23:59|Szerda 00:00-23:59|Csütörtök 00:00-23:59|Péntek 00:00-23:59|Szombat 00:00-23:59|Vasárnap 00:00-23:59
4400;Szabolcs-Szatmár-Bereg;Nyíregyháza;Eszperantó tér 1;Nyírtrafik Bt.;47.949207;21.71971;Hétfő 06:00-22:00|Kedd 06:00-22:00|Szerda 06:00-22:00|Csütörtök 06:00-22:00|Péntek 06:00-22:00|Szombat 06:00-22:00|Vasárnap 08:00-20:00
4400;Szabolcs-Szatmár-Bereg;Nyíregyháza;Fazekas János tér 11.;Harmónia Gold Bt;47.9603;21.7383;Hétfő 06:00-20:00|Kedd 06:00-20:00|Szerda 06:00-20:00|Csütörtök 06:00-20:00|Péntek 06:00-20:00|Szombat 06:00-20:00|Vasárnap 06:00-20:00
4400;Szabolcs-Szatmár-Bereg;Nyíregyháza;Fazekas János tér 26.;Papp Mária;47.949207;21.71971;Hétfő 06:00-22:00|Kedd 06:00-22:00|Szerda 06:00-22:00|Csütörtök 06:00-22:00|Péntek 06:00-22:00|Szombat 06:00-22:00|Vasárnap 08:00-20:00
4400;Szabolcs-Szatmár-Bereg;Nyíregyháza;Fazekas János tér 9.;Papp Mária;47.949207;21.71971;Hétfő 06:00-22:00|Kedd 06:00-22:00|Szerda 06:00-22:00|Csütörtök 06:00-22:00|Péntek 06:00-22:00|Szombat 06:00-22:00|Vasárnap 08:00-20:00
4481;Szabolcs-Szatmár-Bereg;Nyíregyháza;Gulyás Pál köz 2.;Hegedüs Antal Lászlóné;47.949207;21.71971;Hétfő 06:00-22:00|Kedd 06:00-22:00|Szerda 06:00-22:00|Csütörtök 06:00-22:00|Péntek 06:00-22:00|Szombat 06:00-22:00|Vasárnap 08:00-20:00
4400;Szabolcs-Szatmár-Bereg;Nyíregyháza;Hunyadi 2.;Nyírtrafik Bt.;47.949207;21.71971;Hétfő 06:00-22:00|Kedd 06:00-22:00|Szerda 06:00-22:00|Csütörtök 06:00-22:00|Péntek 06:00-22:00|Szombat 06:00-22:00|Vasárnap 08:00-20:00
4400;Szabolcs-Szatmár-Bereg;Nyíregyháza;Kállói út 34-36.;Maczali Ferenc;47.949207;21.71971;Hétfő 06:00-22:00|Kedd 06:00-22:00|Szerda 06:00-22:00|Csütörtök 06:00-22:00|Péntek 06:00-22:00|Szombat 06:00-22:00|Vasárnap 08:00-20:00
4400;Szabolcs-Szatmár-Bereg;Nyíregyháza;Kállói utca 16.B.;LEXEM kereskedelmi és Szolgáltató Bt.;47.949207;21.71971;Hétfő 06:00-22:00|Kedd 06:00-22:00|Szerda 06:00-22:00|Csütörtök 06:00-22:00|Péntek 06:00-22:00|Szombat 06:00-22:00|Vasárnap 08:00-20:00
4400;Szabolcs-Szatmár-Bereg;Nyíregyháza;Kígyó út 1. Hrsz. 5212.;MA-PU Dohány Bt.;47.949207;21.71971;Hétfő 06:00-22:00|Kedd 06:00-22:00|Szerda 06:00-22:00|Csütörtök 06:00-22:00|Péntek 06:00-22:00|Szombat 06:00-22:00|Vasárnap 08:00-20:00
4400;Szabolcs-Szatmár-Bereg;Nyíregyháza;Korányi Frigyes utca 18.;Gresó László;47.949207;21.71971;Hétfő 06:00-22:00|Kedd 06:00-22:00|Szerda 06:00-22:00|Csütörtök 06:00-22:00|Péntek 06:00-22:00|Szombat 06:00-22:00|Vasárnap 08:00-20:00
4400;Szabolcs-Szatmár-Bereg;Nyíregyháza;Korányi Frigyes utca 74.;Páll Tamás;47.949207;21.71971;Hétfő 06:00-22:00|Kedd 06:00-22:00|Szerda 06:00-22:00|Csütörtök 06:00-22:00|Péntek 06:00-22:00|Szombat 06:00-22:00|Vasárnap 08:00-20:00
4400;Szabolcs-Szatmár-Bereg;Nyíregyháza;Korányi Frigyes utca 90.;TIBU-PRESS Bt.;47.949207;21.71971;Hétfő 06:00-22:00|Kedd 06:00-22:00|Szerda 06:00-22:00|Csütörtök 06:00-22:00|Péntek 06:00-22:00|Szombat 06:00-22:00|Vasárnap 08:00-20:00
4400;Szabolcs-Szatmár-Bereg;Nyíregyháza;Kosbor utca 2-4.;Jakab Tabak Kereskedelmi és Szolgáltató Bt.;47.949207;21.71971;Hétfő 06:00-22:00|Kedd 06:00-22:00|Szerda 06:00-22:00|Csütörtök 06:00-22:00|Péntek 06:00-22:00|Szombat 06:00-22:00|Vasárnap 08:00-20:00
4400;Szabolcs-Szatmár-Bereg;Nyíregyháza;Kossuth Lajos utca 33-35.;Jakab Tabak Kereskedelmi és Szolgáltató Bt.;47.949207;21.71971;Hétfő 06:00-22:00|Kedd 06:00-22:00|Szerda 06:00-22:00|Csütörtök 06:00-22:00|Péntek 06:00-22:00|Szombat 06:00-22:00|Vasárnap 08:00-20:00
4400;Szabolcs-Szatmár-Bereg;Nyíregyháza;Kossuth tér 8;Gál Zoltán;47.949207;21.71971;Hétfő 06:00-22:00|Kedd 06:00-22:00|Szerda 06:00-22:00|Csütörtök 06:00-22:00|Péntek 06:00-22:00|Szombat 06:00-22:00|Vasárnap 08:00-20:00
4400;Szabolcs-Szatmár-Bereg;Nyíregyháza;Kossuth utca 66/A.;Papp Mária;47.949207;21.71971;Hétfő 06:00-22:00|Kedd 06:00-22:00|Szerda 06:00-22:00|Csütörtök 06:00-22:00|Péntek 06:00-22:00|Szombat 06:00-22:00|Vasárnap 08:00-20:00
4400;Szabolcs-Szatmár-Bereg;Nyíregyháza;László utca 3092/2. hrsz;Silver-Vik Trafik Bt;47.949207;21.71971;Hétfő 06:00-22:00|Kedd 06:00-22:00|Szerda 06:00-22:00|Csütörtök 06:00-22:00|Péntek 06:00-22:00|Szombat 06:00-22:00|Vasárnap 08:00-20:00
4400;Szabolcs-Szatmár-Bereg;Nyíregyháza;Lujza utca 4/B.;Szabolcs Tabak Bt.;47.949207;21.71971;Hétfő 06:00-22:00|Kedd 06:00-22:00|Szerda 06:00-22:00|Csütörtök 06:00-22:00|Péntek 06:00-22:00|Szombat 06:00-22:00|Vasárnap 08:00-20:00
4400;Szabolcs-Szatmár-Bereg;Nyíregyháza;Mező utca 15.;Garai Csaba;47.949207;21.71971;Hétfő 06:00-22:00|Kedd 06:00-22:00|Szerda 06:00-22:00|Csütörtök 06:00-22:00|Péntek 06:00-22:00|Szombat 06:00-22:00|Vasárnap 08:00-20:00
4551;Szabolcs-Szatmár-Bereg;Nyíregyháza;Nyíregyházi út 7/A.;Borsod Tabak Bt.;47.949207;21.71971;Hétfő 06:00-22:00|Kedd 06:00-22:00|Szerda 06:00-22:00|Csütörtök 06:00-22:00|Péntek 06:00-22:00|Szombat 06:00-22:00|Vasárnap 08:00-20:00
4432;Szabolcs-Szatmár-Bereg;Nyíregyháza;Nyírszőlősi út 142.;KEDOKER Bt.;47.949207;21.71971;Hétfő 06:00-22:00|Kedd 06:00-22:00|Szerda 06:00-22:00|Csütörtök 06:00-22:00|Péntek 06:00-22:00|Szombat 06:00-22:00|Vasárnap 08:00-20:00
4400;Szabolcs-Szatmár-Bereg;Nyíregyháza;Ószőlő utca 106.;Péter Sándor;47.949207;21.71971;Hétfő 06:00-22:00|Kedd 06:00-22:00|Szerda 06:00-22:00|Csütörtök 06:00-22:00|Péntek 06:00-22:00|Szombat 06:00-22:00|Vasárnap 08:00-20:00
4400;Szabolcs-Szatmár-Bereg;Nyíregyháza;Petőfi tér 1.;Tarnótzkyné Takács Klára Ilona;47.949207;21.71971;Hétfő 06:00-22:00|Kedd 06:00-22:00|Szerda 06:00-22:00|Csütörtök 06:00-22:00|Péntek 06:00-22:00|Szombat 06:00-22:00|Vasárnap 08:00-20:00
4400;Szabolcs-Szatmár-Bereg;Nyíregyháza;Petőfi utca 1.;Habzsuda Béla;47.949207;21.71971;Hétfő 06:00-22:00|Kedd 06:00-22:00|Szerda 06:00-22:00|Csütörtök 06:00-22:00|Péntek 06:00-22:00|Szombat 06:00-22:00|Vasárnap 08:00-20:00
4400;Szabolcs-Szatmár-Bereg;Nyíregyháza;Pitypang utca 50.;Vass-Contakt Bt;47.949207;21.71971;Hétfő 06:00-22:00|Kedd 06:00-22:00|Szerda 06:00-22:00|Csütörtök 06:00-22:00|Péntek 06:00-22:00|Szombat 06:00-22:00|Vasárnap 08:00-20:00
4400;Szabolcs-Szatmár-Bereg;Nyíregyháza;Rákóczi utca 1.;Gold Roll Tobacco Ker. és Szolg. Bt;47.949207;21.71971;Hétfő 06:00-22:00|Kedd 06:00-22:00|Szerda 06:00-22:00|Csütörtök 06:00-22:00|Péntek 06:00-22:00|Szombat 06:00-22:00|Vasárnap 08:00-20:00
4400;Szabolcs-Szatmár-Bereg;Nyíregyháza;Rákóczi utca 8.;Nyír-Tabak Kereskedelmi és Szolgáltató Bt.;47.949207;21.71971;Hétfő 06:00-22:00|Kedd 06:00-22:00|Szerda 06:00-22:00|Csütörtök 06:00-22:00|Péntek 06:00-22:00|Szombat 06:00-22:00|Vasárnap 08:00-20:00
4400;Szabolcs-Szatmár-Bereg;Nyíregyháza;Szabadság tér 1.;Nádasdi Eszter;47.949207;21.71971;Hétfő 06:00-22:00|Kedd 06:00-22:00|Szerda 06:00-22:00|Csütörtök 06:00-22:00|Péntek 06:00-22:00|Szombat 06:00-22:00|Vasárnap 08:00-20:00
4400;Szabolcs-Szatmár-Bereg;Nyíregyháza;Szarvas utca 2-4.;Kocsis és Kovács Dohánybolt Bt.;47.949207;21.71971;Hétfő 06:00-22:00|Kedd 06:00-22:00|Szerda 06:00-22:00|Csütörtök 06:00-22:00|Péntek 06:00-22:00|Szombat 06:00-22:00|Vasárnap 08:00-20:00
4400;Szabolcs-Szatmár-Bereg;Nyíregyháza;Szegfű utca 75.;Mandala Trafik Bt.;47.949207;21.71971;Hétfő 06:00-22:00|Kedd 06:00-22:00|Szerda 06:00-22:00|Csütörtök 06:00-22:00|Péntek 06:00-22:00|Szombat 06:00-22:00|Vasárnap 08:00-20:00
4400;Szabolcs-Szatmár-Bereg;Nyíregyháza;Szent István utca 73.;Fumo Holding Bt;47.949207;21.71971;Hétfő 06:00-22:00|Kedd 06:00-22:00|Szerda 06:00-22:00|Csütörtök 06:00-22:00|Péntek 06:00-22:00|Szombat 06:00-22:00|Vasárnap 08:00-20:00
4400;Szabolcs-Szatmár-Bereg;Nyíregyháza;Tiszavasvári utca 95.;Fumo Holding Bt;47.949207;21.71971;Hétfő 06:00-22:00|Kedd 06:00-22:00|Szerda 06:00-22:00|Csütörtök 06:00-22:00|Péntek 06:00-22:00|Szombat 06:00-22:00|Vasárnap 08:00-20:00
4400;Szabolcs-Szatmár-Bereg;Nyíregyháza;Törzs utca 51.;Borsod Tabak Bt.;47.949207;21.71971;Hétfő 06:00-22:00|Kedd 06:00-22:00|Szerda 06:00-22:00|Csütörtök 06:00-22:00|Péntek 06:00-22:00|Szombat 06:00-22:00|Vasárnap 08:00-20:00
4400;Szabolcs-Szatmár-Bereg;Nyíregyháza;Ungvár sétány 13;Lakri Dohány Bt.;47.949207;21.71971;Hétfő 06:00-22:00|Kedd 06:00-22:00|Szerda 06:00-22:00|Csütörtök 06:00-22:00|Péntek 06:00-22:00|Szombat 06:00-22:00|Vasárnap 08:00-20:00
4400;Szabolcs-Szatmár-Bereg;Nyíregyháza;Vasvári P. utca 80.;Electrogal Kereskedelmi Bt.;47.949207;21.71971;Hétfő 06:00-22:00|Kedd 06:00-22:00|Szerda 06:00-22:00|Csütörtök 06:00-22:00|Péntek 06:00-22:00|Szombat 06:00-22:00|Vasárnap 08:00-20:00
4400;Szabolcs-Szatmár-Bereg;Nyíregyháza;Vay Ádám körút 10;Dohányfüst Felhő Ker. Kkt;47.949207;21.71971;Hétfő 06:00-22:00|Kedd 06:00-22:00|Szerda 06:00-22:00|Csütörtök 06:00-22:00|Péntek 06:00-22:00|Szombat 06:00-22:00|Vasárnap 08:00-20:00
4311;Szabolcs-Szatmár-Bereg;Nyírgyulaj;Mártirok utca 12.;Halász COOP Trafik Bt.;47.8841;22.0886;Hétfő 06:30-17:00|Kedd 06:30-17:00|Szerda 06:30-17:00|Csütörtök 06:30-17:00|Péntek 06:30-17:00|Szombat 06:30-13:00
4311;Szabolcs-Szatmár-Bereg;Nyírgyulaj;Petőfi utca 98.;Papik Szilárd;47.8841;22.0886;Hétfő 06:30-17:00|Kedd 06:30-17:00|Szerda 06:30-17:00|Csütörtök 06:30-17:00|Péntek 06:30-17:00|Szombat 06:30-13:00
4564;Szabolcs-Szatmár-Bereg;Nyírmada;Ady E. utca 56.;Kiss Máté Zoltán;48.0694;22.1938;Hétfő 06:00-18:00|Kedd 06:00-18:00|Szerda 06:00-18:00|Csütörtök 06:00-18:00|Péntek 06:00-18:00|Szombat 06:00-15:00|Vasárnap 07:00-11:00
4263;Hajdú-Bihar;Nyírmártonfalva;Széchenyi utca 30.;Nyári Istvánné;47.581751;21.899448;Hétfő 05:00-20:00|Kedd 05:00-20:00|Szerda 05:00-20:00|Csütörtök 05:00-20:00|Péntek 05:00-20:00|Szombat 05:00-11:00|Vasárnap 05:00-11:00
4822;Szabolcs-Szatmár-Bereg;Nyírparasznya;Rákóczi utca 106.;Szondiné Kiss Zsófia;48.025;22.2671;Hétfő 07:00-19:00|Kedd 07:00-19:00|Szerda 07:00-19:00|Csütörtök 07:00-19:00|Péntek 07:00-19:00|Szombat 07:00-19:00|Vasárnap 07:00-19:00
4531;Szabolcs-Szatmár-Bereg;Nyírpazony;Széchenyi utca 10;Tarnótzkyné Takács Klára Ilona;47.983;21.7967;Hétfő 06:00-18:00|Kedd 06:00-18:00|Szerda 06:00-18:00|Csütörtök 06:00-18:00|Péntek 06:00-18:00|Szombat 08:00-12:00
4522;Szabolcs-Szatmár-Bereg;Nyírtass;Kossuth út 36.;Angyal Ágnes;48.1194;22.0279;Hétfő 05:00-18:00|Kedd 05:00-18:00|Szerda 05:00-18:00|Csütörtök 05:00-18:00|Péntek 05:00-18:00|Szombat 05:00-14:00|Vasárnap 07:00-11:00
4461;Szabolcs-Szatmár-Bereg;Nyírtelek;Dózsa György út 81/A;Havacs Zoltánné;48.0132;21.6254;Hétfő 07:00-19:00|Kedd 07:00-19:00|Szerda 07:00-19:00|Csütörtök 07:00-19:00|Péntek 07:00-19:00|Szombat 07:00-15:00|Vasárnap 08:00-12:00
4461;Szabolcs-Szatmár-Bereg;Nyírtelek;Szent István utca 6.;Szűcs Sándorné;48.0132;21.6254;Hétfő 07:00-19:00|Kedd 07:00-19:00|Szerda 07:00-19:00|Csütörtök 07:00-19:00|Péntek 07:00-19:00|Szombat 07:00-15:00|Vasárnap 08:00-12:00
9082;Győr-Moson-Sopron;Nyúl;Kossuth Lajos utca 98.;Paár Ernő;47.5874;17.6929;Hétfő 05:30-18:00|Kedd 05:30-18:00|Szerda 05:30-18:00|Csütörtök 05:30-18:00|Péntek 05:30-18:00|Szombat 05:30-12:00|Vasárnap 06:00-09:30
9082;Győr-Moson-Sopron;Nyúl;Táncsics M. út 126.;Bakonyi Péter Tamás;47.5898;17.6882;Hétfő 06:00-18:00|Kedd 06:00-18:00|Szerda 06:00-18:00|Csütörtök 06:00-18:00|Péntek 06:00-18:00|Szombat 09:00-17:00|Vasárnap 09:00-15:00
2063;Fejér;Óbarok;M1 43 km 0385/D dohánybolt;Kulcsár Nóra;47.4907;18.5716;Hétfő 06:00-18:00|Kedd 06:00-18:00|Szerda 06:00-18:00|Csütörtök 06:00-18:00|Péntek 06:00-18:00|Szombat 06:00-13:00|Vasárnap 06:00-11:00
2364;Baranya;Ócsa;Bajcsy-Zsilinszky utca 108.;Rodnob Bt;47.3018;19.2195;Hétfő 06:00-20:00|Kedd 06:00-20:00|Szerda 06:00-20:00|Csütörtök 06:00-20:00|Péntek 06:00-20:00|Szombat 08:00-18:00|Vasárnap 08:00-18:00
2364;Baranya;Ócsa;Damjanich 26.;Szoho- Tabak Bt;47.3018;19.2195;Hétfő 06:00-20:00|Kedd 06:00-20:00|Szerda 06:00-20:00|Csütörtök 06:00-20:00|Péntek 06:00-20:00|Szombat 08:00-18:00|Vasárnap 08:00-18:00
2364;Baranya;Ócsa;Damjanich utca 31.;2364 Vesz-Ad Bt.;47.3002;19.2333;Hétfő 06:00-20:00|Kedd 06:00-20:00|Szerda 06:00-20:00|Csütörtök 06:00-20:00|Péntek 06:00-20:00|Szombat 06:00-20:00|Vasárnap 07:00-13:00
2364;Baranya;Ócsa;Esze Tamás utca 17.;Margál Bt;47.3018;19.2195;Hétfő 06:00-20:00|Kedd 06:00-20:00|Szerda 06:00-20:00|Csütörtök 06:00-20:00|Péntek 06:00-20:00|Szombat 08:00-18:00|Vasárnap 08:00-18:00
2364;Baranya;Ócsa;Szabadság tér 1;Nagyiványi Bt;47.2928;19.2279;Hétfő 06:30-20:00|Kedd 06:30-20:00|Szerda 06:30-20:00|Csütörtök 06:30-20:00|Péntek 06:30-20:00|Szombat 06:30-17:00|Vasárnap 08:00-13:00
7143;Szabolcs-Szatmár-Bereg;Őcsény;924/2/A. HRSZ.;Dohánysor Bt.;46.3142;18.7583;Hétfő 04:30-20:30|Kedd 04:30-20:30|Szerda 04:30-20:30|Csütörtök 04:30-20:30|Péntek 04:30-20:30|Szombat 08:00-12:00|Vasárnap 08:00-12:00
7143;Szabolcs-Szatmár-Bereg;Őcsény;Fő utca 48.;Fajszi Sándor;46.3142;18.7583;Hétfő 04:30-20:30|Kedd 04:30-20:30|Szerda 04:30-20:30|Csütörtök 04:30-20:30|Péntek 04:30-20:30|Szombat 08:00-12:00|Vasárnap 08:00-12:00
4558;Békés;Ófehértó;Alkotmány út 87.;Lévai István;47.9301;22.0359;Hétfő 06:00-20:00|Kedd 06:00-20:00|Szerda 06:00-20:00|Csütörtök 06:00-20:00|Péntek 06:00-20:00|Szombat 06:00-20:00|Vasárnap 06:00-20:00
4558;Békés;Ófehértó;Szent István utca 9.;Müller Tamás;47.9301;22.0359;Hétfő 06:00-20:00|Kedd 06:00-20:00|Szerda 06:00-20:00|Csütörtök 06:00-20:00|Péntek 06:00-20:00|Szombat 06:00-20:00|Vasárnap 06:00-20:00
4755;Veszprém;Ököritófülpös;Kossuth utca 114.;ALLA COOP Bt.;47.9189;22.5033;Hétfő 06:00-18:00|Kedd 06:00-18:00|Szerda 06:00-18:00|Csütörtök 06:00-18:00|Péntek 06:00-18:00|Szombat 07:00-15:00|Vasárnap 07:00-11:00
8414;Baranya;Olaszfalu;Eperjes utca 3.;Aprócska Szipka Bt.;47.2421;17.9072;Hétfő 06:30-17:00|Kedd 06:30-17:00|Szerda 06:30-17:00|Csütörtök 06:30-17:00|Péntek 06:30-17:00|Szombat 06:30-11:00
4826;Borsod-Abaúj-Zemplén;Olcsva;Vitkai utca 8.;Ardai Ferenc Károlyné;48.0855;22.3264;Hétfő 06:00-21:00|Kedd 06:00-21:00|Szerda 06:00-21:00|Csütörtök 06:00-21:00|Péntek 06:00-21:00|Szombat 06:00-21:00|Vasárnap 06:00-21:00
3562;Somogy;Onga;Nádas út 1.;Bársonyos Bt;48.118;20.9107;Hétfő 06:00-18:00|Kedd 06:00-18:30|Szerda 06:00-18:30|Csütörtök 06:00-18:30|Péntek 06:00-18:30|Szombat 06:00-14:00|Vasárnap 07:00-11:00
3562;Somogy;Onga;Rákóczi út 18.;Orphanides és társa Bt.;48.118;20.9107;Hétfő 06:00-18:00|Kedd 06:00-18:30|Szerda 06:00-18:30|Csütörtök 06:00-18:30|Péntek 06:00-18:30|Szombat 06:00-14:00|Vasárnap 07:00-11:00
3562;Somogy;Onga;Sport utca 12.;Kema Trafik Bt.;48.118;20.9107;Hétfő 06:00-18:00|Kedd 06:00-18:30|Szerda 06:00-18:30|Csütörtök 06:00-18:30|Péntek 06:00-18:30|Szombat 06:00-14:00|Vasárnap 07:00-11:00
4821;Vas;Ópályi;Kálvin János tér 1.;Kelet- Partner Szolg. Bt;47.9945;22.3263;Hétfő 06:00-20:00|Kedd 06:00-20:00|Szerda 06:00-20:00|Csütörtök 06:00-20:00|Péntek 06:00-20:00|Szombat 06:00-20:00|Vasárnap 06:00-20:00
4821;Vas;Ópályi;Széchenyi István utca 4.;Buzsik István;47.9945;22.3263;Hétfő 06:00-20:00|Kedd 06:00-20:00|Szerda 06:00-20:00|Csütörtök 06:00-20:00|Péntek 06:00-20:00|Szombat 06:00-20:00|Vasárnap 06:00-20:00
6767;Baranya;Ópusztaszer;Felszabadulás utca 29.;Puszta Trafik Ker. Bt;46.4955;20.0669;Hétfő 06:00-18:00|Kedd 06:00-18:00|Szerda 06:00-18:00|Csütörtök 06:00-18:00|Péntek 06:00-18:00|Szombat 07:00-11:00|Vasárnap 07:00-11:00
4336;Bács-Kiskun;Őr;József Attila utca 32/A.;Angyal Trafik Bt.;47.9742;22.1918;Hétfő 06:00-18:00|Kedd 06:00-18:00|Szerda 06:00-18:00|Csütörtök 06:00-18:00|Péntek 06:00-18:00|Szombat 06:00-14:00
8697;Veszprém;Öreglak;Fő utca 44/A.;Lengyel-Németh Eszter;46.6012;17.6211;Hétfő 05:30-17:00|Kedd 05:30-17:00|Szerda 05:30-17:00|Csütörtök 05:30-17:00|Péntek 05:30-17:00|Szombat 05:30-17:00|Vasárnap 07:00-11:00
6077;Zala;Orgovány;Kossuth Lajos utca 73.;Stégner Istvánné;46.7515;19.477;Hétfő 07:00-19:00|Kedd 07:00-19:00|Szerda 07:00-19:00|Csütörtök 07:00-19:00|Péntek 07:00-19:00|Szombat 07:00-19:00
2671;Zala;Őrhalom;Rákóczi út 69.;Tóth Tamás;48.0764;19.3972;Hétfő 07:00-21:00|Kedd 07:00-21:00|Szerda 07:00-21:00|Csütörtök 07:00-21:00|Péntek 07:00-21:00|Szombat 07:00-21:00|Vasárnap 07:00-21:00
9933;Győr-Moson-Sopron;Őrimagyarósd;Dózsa Gy. utca 23/B.;Kránicz Ferenc;46.8882;16.5361;Hétfő 06:30-15:00|Kedd 06:30-15:00|Szerda 06:30-15:00|Csütörtök 06:30-15:00|Péntek 06:30-15:00|Szombat 06:30-10:00
3743;Borsod-Abaúj-Zemplén;Ormosbánya;Petőfi tér 2.;Abaúj Trafikáru Bt.;48.3305;20.6513;Hétfő 06:00-14:00|Kedd 06:00-16:00|Szerda 06:00-16:00|Csütörtök 06:00-16:00|Péntek 06:00-16:00|Szombat 06:00-12:00
5900;Borsod-Abaúj-Zemplén;Orosháza;Bajcsy-Zsilinszky utca 2.;Ilyés és Társa Trafik Bt;46.5569;20.6723;Hétfő 06:00-18:00|Kedd 06:00-18:00|Szerda 06:00-18:00|Csütörtök 06:00-18:00|Péntek 06:00-18:00|Szombat 06:00-14:00
5900;Borsod-Abaúj-Zemplén;Orosháza;Hosszú 73.;Öcskös Bt.;46.567;20.6779;Hétfő 07:00-19:00|Kedd 07:00-19:00|Szerda 07:00-19:00|Csütörtök 07:00-19:00|Péntek 07:00-19:00|Szombat 07:00-15:00
5900;Borsod-Abaúj-Zemplén;Orosháza;Könd utca 42;Németh Kristóf;46.567;20.6779;Hétfő 07:00-19:00|Kedd 07:00-19:00|Szerda 07:00-19:00|Csütörtök 07:00-19:00|Péntek 07:00-19:00|Szombat 07:00-15:00
5900;Borsod-Abaúj-Zemplén;Orosháza;Kórház utca 14;Vargáné Harmati Boglárka Margit;46.567;20.6779;Hétfő 07:00-19:00|Kedd 07:00-19:00|Szerda 07:00-19:00|Csütörtök 07:00-19:00|Péntek 07:00-19:00|Szombat 07:00-15:00
5900;Borsod-Abaúj-Zemplén;Orosháza;Luther utca 61.;N-Trafik Bt.;46.567;20.6779;Hétfő 07:00-19:00|Kedd 07:00-19:00|Szerda 07:00-19:00|Csütörtök 07:00-19:00|Péntek 07:00-19:00|Szombat 07:00-15:00
5900;Borsod-Abaúj-Zemplén;Orosháza;Mikes utca 21;Nagy Marianna;46.567;20.6779;Hétfő 07:00-19:00|Kedd 07:00-19:00|Szerda 07:00-19:00|Csütörtök 07:00-19:00|Péntek 07:00-19:00|Szombat 07:00-15:00
5900;Borsod-Abaúj-Zemplén;Orosháza;Móra Ferenc 1.;Bíró Csaba Dávidné;46.567;20.6779;Hétfő 07:00-19:00|Kedd 07:00-19:00|Szerda 07:00-19:00|Csütörtök 07:00-19:00|Péntek 07:00-19:00|Szombat 07:00-15:00
5900;Borsod-Abaúj-Zemplén;Orosháza;Móricz Zsigmond utca 2.;Bíró Csaba Dávidné;46.567;20.6779;Hétfő 07:00-19:00|Kedd 07:00-19:00|Szerda 07:00-19:00|Csütörtök 07:00-19:00|Péntek 07:00-19:00|Szombat 07:00-15:00
5900;Borsod-Abaúj-Zemplén;Orosháza;Rákóczi utca 3-5.;Horváth Andrea Etelka;46.5578;20.6671;Hétfő 06:00-18:00|Kedd 06:00-18:00|Szerda 06:00-18:00|Csütörtök 06:00-18:00|Péntek 06:00-22:00|Szombat 06:00-22:00
2840;Borsod-Abaúj-Zemplén;Oroszlány;Bánki Donát utca 12.;Szalai István;47.4816;18.3148;Hétfő 05:00-20:00|Kedd 05:00-20:00|Szerda 05:00-20:00|Csütörtök 05:00-20:00|Péntek 05:00-20:00|Szombat 05:00-20:00|Vasárnap 05:00-20:00
2840;Borsod-Abaúj-Zemplén;Oroszlány;Fürst Sándor utca 22.;KDK Trafik Bt;47.4816;18.3148;Hétfő 05:00-20:00|Kedd 05:00-20:00|Szerda 05:00-20:00|Csütörtök 05:00-20:00|Péntek 05:00-20:00|Szombat 05:00-20:00|Vasárnap 05:00-20:00
2840;Borsod-Abaúj-Zemplén;Oroszlány;Környei út 2.;Szellő Trafik Bt;47.4816;18.3148;Hétfő 05:00-20:00|Kedd 05:00-20:00|Szerda 05:00-20:00|Csütörtök 05:00-20:00|Péntek 05:00-20:00|Szombat 05:00-20:00|Vasárnap 05:00-20:00
2840;Borsod-Abaúj-Zemplén;Oroszlány;Népekbarátsága utca 37.;Burai Csabáné;47.4816;18.3148;Hétfő 05:00-20:00|Kedd 05:00-20:00|Szerda 05:00-20:00|Csütörtök 05:00-20:00|Péntek 05:00-20:00|Szombat 05:00-20:00|Vasárnap 05:00-20:00
2840;Borsod-Abaúj-Zemplén;Oroszlány;Petőfi Sándor utca 29.;Babicska Kirill;47.4816;18.3148;Hétfő 05:00-20:00|Kedd 05:00-20:00|Szerda 05:00-20:00|Csütörtök 05:00-20:00|Péntek 05:00-20:00|Szombat 05:00-20:00|Vasárnap 05:00-20:00
2840;Borsod-Abaúj-Zemplén;Oroszlány;Rákóczi F. utca 92.;Papp Péter Attila;47.4816;18.3148;Hétfő 05:00-20:00|Kedd 05:00-20:00|Szerda 05:00-20:00|Csütörtök 05:00-20:00|Péntek 05:00-20:00|Szombat 05:00-20:00|Vasárnap 05:00-20:00
2840;Borsod-Abaúj-Zemplén;Oroszlány;Rákóczi Ferenc út 47/a;Szalai István;47.4816;18.3148;Hétfő 05:00-20:00|Kedd 05:00-20:00|Szerda 05:00-20:00|Csütörtök 05:00-20:00|Péntek 05:00-20:00|Szombat 05:00-20:00|Vasárnap 05:00-20:00
2840;Borsod-Abaúj-Zemplén;Oroszlány;Rákóczi Ferenc út 73/1.;Antal Róbert;47.4816;18.3148;Hétfő 05:00-20:00|Kedd 05:00-20:00|Szerda 05:00-20:00|Csütörtök 05:00-20:00|Péntek 05:00-20:00|Szombat 05:00-20:00|Vasárnap 05:00-20:00
2840;Borsod-Abaúj-Zemplén;Oroszlány;Rákóczi Ferenc utca 40.;Antal Róbert;47.4861;18.3136;Hétfő 04:00-22:00|Kedd 04:00-22:00|Szerda 04:00-22:00|Csütörtök 04:00-22:00|Péntek 04:00-22:00|Szombat 04:00-22:00|Vasárnap 04:00-22:00
2840;Borsod-Abaúj-Zemplén;Oroszlány;Táncsics Mihály utca 1/A;Tabacchi Bt;47.4816;18.3148;Hétfő 05:00-20:00|Kedd 05:00-20:00|Szerda 05:00-20:00|Csütörtök 05:00-20:00|Péntek 05:00-20:00|Szombat 05:00-20:00|Vasárnap 05:00-20:00
8161;Jász-Nagykun-Szolnok;Ősi;Kossuth Lajos utca 115.;Marcsi és Társa Bt.;47.1496;18.1854;Hétfő 06:00-19:00|Kedd 06:00-19:00|Szerda 06:00-19:00|Csütörtök 06:00-19:00|Péntek 06:00-19:00|Szombat 06:00-14:00
9825;Pest;Oszkó;Rákóczi utca 26.;Kovács Károlyné;47.0435;16.8755;Hétfő 05:30-18:00|Kedd 05:30-18:00|Szerda 05:30-18:00|Csütörtök 05:30-18:00|Péntek 05:30-18:00|Szombat 05:30-11:30|Vasárnap 06:00-11:00
9153;Nógrád;Öttevény;Fő út 46;Nagy Fanni Katalin;47.7224;17.4974;Hétfő 05:00-21:00|Kedd 05:00-21:00|Szerda 05:00-21:00|Csütörtök 05:00-21:00|Péntek 05:00-21:00|Szombat 05:00-21:00|Vasárnap 08:00-20:00
9153;Nógrád;Öttevény;Fő utca 126.;Benes Lászlóné;47.7224;17.4974;Hétfő 05:00-21:00|Kedd 05:00-21:00|Szerda 05:00-21:00|Csütörtök 05:00-21:00|Péntek 05:00-21:00|Szombat 05:00-21:00|Vasárnap 08:00-20:00
3600;Veszprém;Ózd;Árpád Vezér út 20. E. lh. földszint 1.;Novák Anett;48.2146795;20.270838;Hétfő 05:00-23:00|Kedd 05:00-23:00|Szerda 05:00-23:00|Csütörtök 05:00-23:00|Péntek 05:00-23:00|Szombat 05:00-23:00|Vasárnap 06:00-14:00
3600;Veszprém;Ózd;Belterület HRSZ. 8628/4.;B-Commtabac Bt;48.2146795;20.270838;Hétfő 05:00-23:00|Kedd 05:00-23:00|Szerda 05:00-23:00|Csütörtök 05:00-23:00|Péntek 05:00-23:00|Szombat 05:00-23:00|Vasárnap 06:00-14:00
3600;Veszprém;Ózd;Bolyki főút 67.;Dózsa Trafik Bt.;48.22555215;20.258199808075425;Hétfő 06:00-18:00|Kedd 06:00-18:30|Szerda 06:00-18:30|Csütörtök 06:00-18:30|Péntek 06:00-18:30|Szombat 06:00-14:00|Vasárnap 07:00-11:00
3600;Veszprém;Ózd;Hrsz. 8086/2.;Abu-Kamar Ádám;48.2146795;20.270838;Hétfő 05:00-23:00|Kedd 05:00-23:00|Szerda 05:00-23:00|Csütörtök 05:00-23:00|Péntek 05:00-23:00|Szombat 05:00-23:00|Vasárnap 06:00-14:00
3600;Veszprém;Ózd;Jedlik Ányos út hrsz: 915.;Pecsenye István Béla;48.2146795;20.270838;Hétfő 05:00-23:00|Kedd 05:00-23:00|Szerda 05:00-23:00|Csütörtök 05:00-23:00|Péntek 05:00-23:00|Szombat 05:00-23:00|Vasárnap 06:00-14:00
3600;Veszprém;Ózd;József Attila út 33.;Dózsa Trafik Bt.;48.2116;20.2958;Hétfő 06:00-18:00|Kedd 06:00-18:30|Szerda 06:00-18:30|Csütörtök 06:00-18:30|Péntek 06:00-18:30|Szombat 06:00-13:30|Vasárnap 07:00-11:00
3600;Veszprém;Ózd;Mekcsey út 153.;Dózsa Trafik Bt.;48.2286512;20.31495640339629;Hétfő 06:00-18:00|Kedd 06:00-18:30|Szerda 06:00-18:30|Csütörtök 06:00-18:30|Péntek 06:00-18:30|Szombat 06:00-14:00|Vasárnap 07:00-11:00
3600;Veszprém;Ózd;Nagy Imre út 39.;Pecsenye István Béla;48.2276;20.256;Hétfő 07:00-19:00|Kedd 07:00-19:00|Szerda 07:00-19:00|Csütörtök 07:00-19:00|Péntek 07:00-19:00|Szombat 07:00-15:00
3600;Veszprém;Ózd;Nemzetőr út Piaccsarnok;Kovács László;48.2146795;20.270838;Hétfő 05:00-23:00|Kedd 05:00-23:00|Szerda 05:00-23:00|Csütörtök 05:00-23:00|Péntek 05:00-23:00|Szombat 05:00-23:00|Vasárnap 06:00-14:00
3600;Veszprém;Ózd;Petőfi Sándor út 1.;Roskovenszkiné Jergel Noémi Rita;48.2254;20.2978;Hétfő 06:00-22:00|Kedd 06:00-22:00|Szerda 06:00-22:00|Csütörtök 06:00-22:00|Péntek 06:00-22:00|Szombat 06:00-22:00|Vasárnap 06:00-22:00
3600;Veszprém;Ózd;Piac út 8035/5 hrsz;Abu-Kamar Ádám;48.2146795;20.270838;Hétfő 05:00-23:00|Kedd 05:00-23:00|Szerda 05:00-23:00|Csütörtök 05:00-23:00|Péntek 05:00-23:00|Szombat 05:00-23:00|Vasárnap 06:00-14:00
3600;Veszprém;Ózd;Sárli út 2.;Enitabak Bt;48.2146795;20.270838;Hétfő 05:00-23:00|Kedd 05:00-23:00|Szerda 05:00-23:00|Csütörtök 05:00-23:00|Péntek 05:00-23:00|Szombat 05:00-23:00|Vasárnap 06:00-14:00
3600;Veszprém;Ózd;Vas köz 1.;Kriskovics Tamás Ákosné;48.2146795;20.270838;Hétfő 05:00-23:00|Kedd 05:00-23:00|Szerda 05:00-23:00|Csütörtök 05:00-23:00|Péntek 05:00-23:00|Szombat 05:00-23:00|Vasárnap 06:00-14:00
3600;Veszprém;Ózd;Vasvár út 27-29.;Petrány Éva;48.2146795;20.270838;Hétfő 05:00-23:00|Kedd 05:00-23:00|Szerda 05:00-23:00|Csütörtök 05:00-23:00|Péntek 05:00-23:00|Szombat 05:00-23:00|Vasárnap 06:00-14:00
3600;Veszprém;Ózd;Vasvár út 27/A;Bárdos Géza;48.2191;20.2851;Hétfő 06:00-18:00|Kedd 06:00-18:00|Szerda 06:00-18:00|Csütörtök 06:00-18:00|Péntek 06:00-18:00|Szombat 06:00-14:00
3600;Veszprém;Ózd;Vasvár út 35.;Hamar Sándor;48.2146795;20.270838;Hétfő 05:00-23:00|Kedd 05:00-23:00|Szerda 05:00-23:00|Csütörtök 05:00-23:00|Péntek 05:00-23:00|Szombat 05:00-23:00|Vasárnap 06:00-14:00
8761;Zala;Pacsa;Szent István tér 5.;Ezüst Szipka Bt.;46.7224;17.0109;Hétfő 06:00-18:00|Kedd 06:00-18:00|Szerda 06:00-18:00|Csütörtök 06:00-18:00|Péntek 06:00-18:00|Szombat 06:00-14:00|Vasárnap 07:00-12:00
6075;Bács-Kiskun;Páhi;Széchenyi utca 10.;Damásdi Zoltán;46.7131;19.3884;Hétfő 06:00-18:00|Kedd 06:00-18:00|Szerda 06:00-18:00|Csütörtök 06:00-18:00|Péntek 06:00-18:00|Szombat 06:00-14:00|Vasárnap 06:00-10:00
8095;Fejér;Pákozd;Budai út 68/A.;Me-Land Market Bt.;47.2171;18.5423;Hétfő 08:00-16:00|Kedd 08:00-16:00|Szerda 08:00-16:00|Csütörtök 08:00-16:00|Péntek 08:00-16:00|Szombat 08:00-12:00
7030;Tolna;Paks;Barátság utca 3.;Éger Tobacco Bt.;46.615;18.844;Hétfő 05:30-22:00|Kedd 05:30-22:00|Szerda 05:30-22:00|Csütörtök 05:30-22:00|Péntek 05:30-23:59|Szombat 06:00-23:59|Vasárnap 07:00-15:00
7027;Tolna;Paks;Építők útja 3.;Laczi Erzsébet Krisztina;46.6171;18.8422;Hétfő 05:00-22:00|Kedd 05:00-22:00|Szerda 05:00-22:00|Csütörtök 05:00-22:00|Péntek 05:00-23:59|Szombat 07:00-20:00|Vasárnap 07:00-20:00
7030;Tolna;Paks;Építők útja Üzletsor HRSZ. 5122/100/A/8.;Klippel Ágnes;46.6183;18.8401;Hétfő 06:00-18:00|Kedd 06:00-18:00|Szerda 06:00-18:00|Csütörtök 06:00-18:00|Péntek 06:00-18:00|Szombat 06:00-14:00
7030;Tolna;Paks;Fehérvári út 23.;Werker Tabak Bt.;46.6183;18.8401;Hétfő 06:00-18:00|Kedd 06:00-18:00|Szerda 06:00-18:00|Csütörtök 06:00-18:00|Péntek 06:00-18:00|Szombat 06:00-14:00
7027;Tolna;Paks;Rosthy utca 6/2;Arány 2013 Bt;46.6248;18.8583;Hétfő 07:00-19:00|Kedd 07:00-19:00|Szerda 07:00-19:00|Csütörtök 07:00-19:00|Péntek 07:00-19:00|Szombat 07:00-15:00
7030;Tolna;Paks;Táncsics Mihály 3523/17.;Győrmi Bt.;46.6183;18.8401;Hétfő 06:00-18:00|Kedd 06:00-18:00|Szerda 06:00-18:00|Csütörtök 06:00-18:00|Péntek 06:00-18:00|Szombat 06:00-14:00
7030;Tolna;Paks;Tolnai út 3.;Szabó Ferenc;46.6183;18.8401;Hétfő 06:00-18:00|Kedd 06:00-18:00|Szerda 06:00-18:00|Csütörtök 06:00-18:00|Péntek 06:00-18:00|Szombat 06:00-14:00
7030;Tolna;Paks;Tolnai út 70.;Váczi Edit;46.6183;18.8401;Hétfő 06:00-18:00|Kedd 06:00-18:00|Szerda 06:00-18:00|Csütörtök 06:00-18:00|Péntek 06:00-18:00|Szombat 06:00-14:00
6112;Bács-Kiskun;Pálmonostora;Jókai Mór utca 2/C.;Nagy és Társai Ker. Szolg. Bt;46.6261;19.9453;Hétfő 06:00-18:00|Kedd 06:00-18:00|Szerda 06:00-18:00|Csütörtök 06:00-18:00|Péntek 06:00-18:00|Szombat 06:00-12:00|Vasárnap 07:00-11:00
7727;Baranya;Palotabozsok;Kossuth utca 97.;Ritzl Róbert;46.1247;18.642;Hétfő 14:00-22:00|Kedd 14:00-22:00|Szerda 14:00-22:00|Csütörtök 14:00-22:00|Péntek 14:00-22:00|Szombat 14:00-22:00|Vasárnap 10:00-22:00
2214;Pest;Pánd;Fő út 49.;Elefánti Róbert;47.353261;19.6379472;Hétfő 06:00-22:00|Kedd 06:00-22:00|Szerda 06:00-22:00|Csütörtök 06:00-22:00|Péntek 06:00-22:00|Szombat 06:00-22:00|Vasárnap 06:00-22:00
2214;Pest;Pánd;Szabadság utca 2.;Kavipszol Bt.;47.353261;19.6379472;Hétfő 06:00-22:00|Kedd 06:00-22:00|Szerda 06:00-22:00|Csütörtök 06:00-22:00|Péntek 06:00-22:00|Szombat 06:00-22:00|Vasárnap 06:00-22:00
9090;Győr-Moson-Sopron;Pannonhalma;Béke utca 41.;Reizinger Lászlóné;47.552;17.747;Hétfő 08:00-20:00|Kedd 08:00-20:00|Szerda 08:00-20:00|Csütörtök 08:00-20:00|Péntek 08:00-20:00|Szombat 08:00-20:00
9090;Győr-Moson-Sopron;Pannonhalma;Petőfi utca 2./A.;Mészárosné Kovács Adrienn;47.552;17.747;Hétfő 08:00-20:00|Kedd 08:00-20:00|Szerda 08:00-20:00|Csütörtök 08:00-20:00|Péntek 08:00-20:00|Szombat 08:00-20:00
3240;Heves;Parád;Kossuth Lajos út 99.;Besenyei István Elemér;47.9235;20.0323;Hétfő 07:30-19:00|Kedd 07:30-19:00|Szerda 07:30-19:00|Csütörtök 07:30-19:00|Péntek 07:30-19:00|Szombat 07:30-19:00|Vasárnap 07:30-19:00
3777;Borsod-Abaúj-Zemplén;Parasznya;Rákóczi F. utca 77.;Szögedi Tamás;48.1669;20.64;Hétfő 06:00-18:00|Kedd 06:00-18:00|Szerda 06:00-18:00|Csütörtök 06:00-18:00|Péntek 06:00-18:00|Szombat 06:00-14:00|Vasárnap 08:00-12:00
3060;Nógrád;Pásztó;Deák Ferenc utca 7.;Dudás Bertalan;47.9192802;19.6969843;Hétfő 07:00-21:00|Kedd 07:00-21:00|Szerda 07:00-21:00|Csütörtök 07:00-21:00|Péntek 07:00-23:00|Szombat 07:00-23:00|Vasárnap 08:00-21:00
3060;Nógrád;Pásztó;Fő út 23.;Szeles Gábor János;47.9283;19.7085;Hétfő 00:00-23:59|Kedd 00:00-23:59|Szerda 00:00-23:59|Csütörtök 00:00-23:59|Péntek 00:00-23:59|Szombat 00:00-23:59|Vasárnap 00:00-23:59
3060;Nógrád;Pásztó;Fő út 28.;Muzsla Trafik Bt;47.9168;19.6975;Hétfő 05:00-21:00|Kedd 05:00-21:00|Szerda 05:00-21:00|Csütörtök 05:00-21:00|Péntek 05:00-21:00|Szombat 05:00-21:00|Vasárnap 08:00-12:00
3060;Nógrád;Pásztó;Fő utca 89.;C.S.J. Tobacco Bt;47.9283;19.7085;Hétfő 00:00-23:59|Kedd 00:00-23:59|Szerda 00:00-23:59|Csütörtök 00:00-23:59|Péntek 00:00-23:59|Szombat 00:00-23:59|Vasárnap 00:00-23:59
3060;Nógrád;Pásztó;HRSZ. 1973/25;Muzsla Trafik Bt;47.9283;19.7085;Hétfő 00:00-23:59|Kedd 00:00-23:59|Szerda 00:00-23:59|Csütörtök 00:00-23:59|Péntek 00:00-23:59|Szombat 00:00-23:59|Vasárnap 00:00-23:59
2648;Nógrád;Patak;Kossuth utca 9.;Csabai Lászlóné;48.0222;19.1467;Hétfő 05:00-18:00|Kedd 05:00-18:00|Szerda 05:00-18:00|Csütörtök 05:00-18:00|Péntek 05:00-18:00|Szombat 05:00-13:00
4523;Szabolcs-Szatmár-Bereg;Pátroha;Kossuth utca 95.;DOHÁNY COOP Bt.;48.1729;21.9909;Hétfő 08:00-17:00|Kedd 08:00-17:00|Szerda 08:00-17:00|Csütörtök 08:00-17:00|Péntek 08:00-23:59|Szombat 08:00-14:00
2071;Pest;Páty;Rákóczi út 07.;Sági György;47.515728;19.555793;Hétfő 06:00-21:00|Kedd 06:00-21:00|Szerda 06:00-21:00|Csütörtök 06:00-21:00|Péntek 06:00-21:00|Szombat 06:00-21:00|Vasárnap 07:00-19:00
2071;Pest;Páty;Rákóczi út 54.;NF-Tabak Bt.;47.515728;19.555793;Hétfő 06:00-21:00|Kedd 06:00-21:00|Szerda 06:00-21:00|Csütörtök 06:00-21:00|Péntek 06:00-21:00|Szombat 06:00-21:00|Vasárnap 07:00-19:00
2071;Pest;Páty;Somogyi Béla utca 3.;KRISZTINA TABAK-SHOP Bt.;47.5164288;18.8323011;Hétfő 06:00-21:00|Kedd 06:00-21:00|Szerda 06:00-21:00|Csütörtök 06:00-21:00|Péntek 06:00-21:00|Szombat 06:00-20:00|Vasárnap 07:00-18:00
2476;Fejér;Pázmánd;Fő 88.;Liaz-Melani Vagyonvédelmi és Szolgáltató Bt.;47.2878;18.6535;Hétfő 05:00-20:00|Kedd 05:00-20:00|Szerda 05:00-20:00|Csütörtök 05:00-20:00|Péntek 05:00-20:00|Szombat 05:00-20:00|Vasárnap 05:00-20:00
2119;Pest;Pécel;Április 4. utca 14.;BONO CONTACT Bt.;47.4919;19.3426;Hétfő 06:30-18:30|Kedd 06:30-18:30|Szerda 06:30-18:30|Csütörtök 06:30-18:30|Péntek 06:30-18:30|Szombat 06:30-14:30|Vasárnap 08:00-13:00
2119;Pest;Pécel;Baross utca 5/A;Lembachner Éva Rita;47.4919;19.3426;Hétfő 06:30-18:30|Kedd 06:30-18:30|Szerda 06:30-18:30|Csütörtök 06:30-18:30|Péntek 06:30-18:30|Szombat 06:30-14:30|Vasárnap 08:00-13:00
2119;Pest;Pécel;Maglódi út 31.;Laso Ital és Dohányáru Bt;47.4919;19.3426;Hétfő 06:30-18:30|Kedd 06:30-18:30|Szerda 06:30-18:30|Csütörtök 06:30-18:30|Péntek 06:30-18:30|Szombat 06:30-14:30|Vasárnap 08:00-13:00
2119;Pest;Pécel;Maglódi út 82.;Menkó Bt.;47.4768317;19.3432177;Hétfő 06:00-18:00|Kedd 06:00-18:00|Szerda 06:00-18:00|Csütörtök 06:00-18:00|Péntek 06:00-18:00|Szombat 08:00-14:00
2119;Pest;Pécel;Pesti út 123-125.;Schwarczer László Tamás;47.4901567;19.3363516;Hétfő 08:00-18:00|Kedd 08:00-18:00|Szerda 08:00-18:00|Csütörtök 08:00-18:00|Péntek 08:00-18:00|Szombat 08:00-15:00
2119;Pest;Pécel;Rákos utca 1.;Pipaház Bt.;47.4919;19.3426;Hétfő 06:30-18:30|Kedd 06:30-18:30|Szerda 06:30-18:30|Csütörtök 06:30-18:30|Péntek 06:30-18:30|Szombat 06:30-14:30|Vasárnap 08:00-13:00
2119;Pest;Pécel;Rákos utca 26.;Tölli Lászlóné;47.4919;19.3426;Hétfő 06:30-18:30|Kedd 06:30-18:30|Szerda 06:30-18:30|Csütörtök 06:30-18:30|Péntek 06:30-18:30|Szombat 06:30-14:30|Vasárnap 08:00-13:00
7632;Baranya;Pécs;Aidinger János út 26.;TABAK ISLAND Bt.;46.042;18.2269;Hétfő 06:00-21:00|Kedd 06:00-21:00|Szerda 06:00-21:00|Csütörtök 06:00-21:00|Péntek 06:00-21:00|Szombat 06:00-21:00|Vasárnap 06:00-21:00
7623;Baranya;Pécs;Alkotmány utca 75/1.;Lolly Shop Bt.;46.042;18.2269;Hétfő 06:00-21:00|Kedd 06:00-21:00|Szerda 06:00-21:00|Csütörtök 06:00-21:00|Péntek 06:00-21:00|Szombat 06:00-21:00|Vasárnap 06:00-21:00
7624;Baranya;Pécs;Bajcsy -Zsilinszky utca 12.;MAGMA TABAK Bt.;46.042;18.2269;Hétfő 06:00-21:00|Kedd 06:00-21:00|Szerda 06:00-21:00|Csütörtök 06:00-21:00|Péntek 06:00-21:00|Szombat 06:00-21:00|Vasárnap 06:00-21:00
7600;Baranya;Pécs;Bajcsy-Zsilinszky utca 5.;Gyenis Máté Gergely;46.042;18.2269;Hétfő 06:00-21:00|Kedd 06:00-21:00|Szerda 06:00-21:00|Csütörtök 06:00-21:00|Péntek 06:00-21:00|Szombat 06:00-21:00|Vasárnap 06:00-21:00
7624;Baranya;Pécs;Bálicsi út 3/1;Lolly Shop Bt.;46.042;18.2269;Hétfő 06:00-21:00|Kedd 06:00-21:00|Szerda 06:00-21:00|Csütörtök 06:00-21:00|Péntek 06:00-21:00|Szombat 06:00-21:00|Vasárnap 06:00-21:00
7600;Baranya;Pécs;Barbakán tér 1. földszint 2.;Barbakán-Trafik Ker. Bt.;46.042;18.2269;Hétfő 06:00-21:00|Kedd 06:00-21:00|Szerda 06:00-21:00|Csütörtök 06:00-21:00|Péntek 06:00-21:00|Szombat 06:00-21:00|Vasárnap 06:00-21:00
7633;Baranya;Pécs;Belterület 613/4. hrsz. U-7 pav;Nicotiana-Tabacum Bt.;46.042;18.2269;Hétfő 06:00-21:00|Kedd 06:00-21:00|Szerda 06:00-21:00|Csütörtök 06:00-21:00|Péntek 06:00-21:00|Szombat 06:00-21:00|Vasárnap 06:00-21:00
7600;Baranya;Pécs;Berek utca 6.;Lolly Shop Bt.;46.0453;18.2198;Hétfő 07:00-19:00|Kedd 07:00-19:00|Szerda 07:00-19:00|Csütörtök 07:00-19:00|Péntek 07:00-19:00|Szombat 07:00-19:00|Vasárnap 08:00-16:00
7600;Baranya;Pécs;Bethlen G. utca 21.;Ruzsiker Bt.;46.042;18.2269;Hétfő 06:00-21:00|Kedd 06:00-21:00|Szerda 06:00-21:00|Csütörtök 06:00-21:00|Péntek 06:00-21:00|Szombat 06:00-21:00|Vasárnap 06:00-21:00
7632;Baranya;Pécs;Csontváry utca 23912/253.;Balu-Trafik Bt.;46.042;18.2269;Hétfő 06:00-21:00|Kedd 06:00-21:00|Szerda 06:00-21:00|Csütörtök 06:00-21:00|Péntek 06:00-21:00|Szombat 06:00-21:00|Vasárnap 06:00-21:00
7600;Baranya;Pécs;Deák F. utca 2.;Ruzsiker Bt.;46.0852;18.2782;Hétfő 08:00-16:30|Kedd 08:00-16:30|Szerda 08:00-16:30|Csütörtök 08:00-16:30|Péntek 08:00-16:30|Szombat 08:00-12:00
7632;Baranya;Pécs;Diána tér 10/A.;Első Dohánybolt Bt.;46.042;18.2269;Hétfő 06:00-21:00|Kedd 06:00-21:00|Szerda 06:00-21:00|Csütörtök 06:00-21:00|Péntek 06:00-21:00|Szombat 06:00-21:00|Vasárnap 06:00-21:00
7633;Baranya;Pécs;Esztergál L. 10.;Barbakán-Trafik Ker. Bt.;46.042;18.2269;Hétfő 06:00-21:00|Kedd 06:00-21:00|Szerda 06:00-21:00|Csütörtök 06:00-21:00|Péntek 06:00-21:00|Szombat 06:00-21:00|Vasárnap 06:00-21:00
7633;Baranya;Pécs;Esztergár Lajos utca 1/1.;TABAK ISLAND Bt.;46.042;18.2269;Hétfő 06:00-21:00|Kedd 06:00-21:00|Szerda 06:00-21:00|Csütörtök 06:00-21:00|Péntek 06:00-21:00|Szombat 06:00-21:00|Vasárnap 06:00-21:00
7632;Baranya;Pécs;Éva utca 13-15.;Balu-Trafik Bt.;46.0456;18.2194;Hétfő 05:00-23:00|Kedd 05:00-23:00|Szerda 05:00-23:00|Csütörtök 05:00-23:00|Péntek 05:00-23:00|Szombat 05:00-23:00|Vasárnap 05:00-23:00
7624;Baranya;Pécs;Ferencesek utcája 38;Hajdú Katalin;46.042;18.2269;Hétfő 06:00-21:00|Kedd 06:00-21:00|Szerda 06:00-21:00|Csütörtök 06:00-21:00|Péntek 06:00-21:00|Szombat 06:00-21:00|Vasárnap 06:00-21:00
7600;Baranya;Pécs;Hajnal utca 1.;Gyenis Máté Gergely;46.0842;18.2463;Hétfő 06:00-20:00|Kedd 06:00-20:00|Szerda 06:00-20:00|Csütörtök 06:00-20:00|Péntek 06:00-20:00|Szombat 06:00-20:00|Vasárnap 06:00-20:00
7629;Baranya;Pécs;Hársfa út 120/1. B. ép.;Magyar Németh Bt.;46.042;18.2269;Hétfő 06:00-21:00|Kedd 06:00-21:00|Szerda 06:00-21:00|Csütörtök 06:00-21:00|Péntek 06:00-21:00|Szombat 06:00-21:00|Vasárnap 06:00-21:00
7632;Baranya;Pécs;Hrsz. 23912/225.;Nicotiana-Tabacum Bt.;46.042;18.2269;Hétfő 06:00-21:00|Kedd 06:00-21:00|Szerda 06:00-21:00|Csütörtök 06:00-21:00|Péntek 06:00-21:00|Szombat 06:00-21:00|Vasárnap 06:00-21:00
7623;Baranya;Pécs;Indóház tér 2.;MAGMA TABAK Bt.;46.0673;18.2232;Hétfő 06:00-18:00|Kedd 06:00-18:00|Szerda 06:00-18:00|Csütörtök 06:00-18:00|Péntek 06:00-18:00|Szombat 08:00-16:00
7621;Baranya;Pécs;Irgalmasok útja 22.;DohányKer-Alfa Bt.;46.042;18.2269;Hétfő 06:00-21:00|Kedd 06:00-21:00|Szerda 06:00-21:00|Csütörtök 06:00-21:00|Péntek 06:00-21:00|Szombat 06:00-21:00|Vasárnap 06:00-21:00
7621;Baranya;Pécs;Jókai tér 7.;Szigeti Luca;46.0752;18.2278;Hétfő 08:00-20:00|Kedd 08:00-20:00|Szerda 08:00-20:00|Csütörtök 08:00-20:00|Péntek 08:00-20:00|Szombat 09:00-22:00|Vasárnap 14:00-20:00
7621;Baranya;Pécs;Király utca 11.;Dohányker Belváros Bt.;46.042;18.2269;Hétfő 06:00-21:00|Kedd 06:00-21:00|Szerda 06:00-21:00|Csütörtök 06:00-21:00|Péntek 06:00-21:00|Szombat 06:00-21:00|Vasárnap 06:00-21:00
7621;Baranya;Pécs;Király utca 58.;Dohányker Belváros Bt.;46.042;18.2269;Hétfő 06:00-21:00|Kedd 06:00-21:00|Szerda 06:00-21:00|Csütörtök 06:00-21:00|Péntek 06:00-21:00|Szombat 06:00-21:00|Vasárnap 06:00-21:00
7600;Baranya;Pécs;Komjáth Aladár út 2.;Gyenis Máté Gergely;46.042;18.2269;Hétfő 06:00-21:00|Kedd 06:00-21:00|Szerda 06:00-21:00|Csütörtök 06:00-21:00|Péntek 06:00-21:00|Szombat 06:00-21:00|Vasárnap 06:00-21:00
7628;Baranya;Pécs;Komlói út 36288 hrsz.;Dohányker Belváros Bt.;46.042;18.2269;Hétfő 06:00-21:00|Kedd 06:00-21:00|Szerda 06:00-21:00|Csütörtök 06:00-21:00|Péntek 06:00-21:00|Szombat 06:00-21:00|Vasárnap 06:00-21:00
7629;Baranya;Pécs;Komlói utca 63.;Huntabak Trafik Bt;46.0924;18.2682;Hétfő 06:00-20:00|Kedd 06:00-20:00|Szerda 06:00-20:00|Csütörtök 06:00-20:00|Péntek 06:00-20:00|Szombat 07:00-19:00
7632;Baranya;Pécs;Lahti út 2/1. Hrsz. 21169/6.;Szigeti Luca;46.042;18.2269;Hétfő 06:00-21:00|Kedd 06:00-21:00|Szerda 06:00-21:00|Csütörtök 06:00-21:00|Péntek 06:00-21:00|Szombat 06:00-21:00|Vasárnap 06:00-21:00
7600;Baranya;Pécs;Lahti utca 45.;Mesz Ádám;46.042;18.2269;Hétfő 06:00-21:00|Kedd 06:00-21:00|Szerda 06:00-21:00|Csütörtök 06:00-21:00|Péntek 06:00-21:00|Szombat 06:00-21:00|Vasárnap 06:00-21:00
7600;Baranya;Pécs;Lánc utca 2.;Szigeti Luca;46.077;18.2391;Hétfő 06:00-22:00|Kedd 06:00-22:00|Szerda 06:00-22:00|Csütörtök 06:00-22:00|Péntek 06:00-22:00|Szombat 06:00-22:00|Vasárnap 06:00-22:00
7600;Baranya;Pécs;Lázár Vilmos utca 10.;Mesz Ádám;46.042;18.2269;Hétfő 06:00-21:00|Kedd 06:00-21:00|Szerda 06:00-21:00|Csütörtök 06:00-21:00|Péntek 06:00-21:00|Szombat 06:00-21:00|Vasárnap 06:00-21:00
7634;Baranya;Pécs;Magyarürögi út 58/C. földszint 1. ajtó;Magyar Németh Bt.;46.042;18.2269;Hétfő 06:00-21:00|Kedd 06:00-21:00|Szerda 06:00-21:00|Csütörtök 06:00-21:00|Péntek 06:00-21:00|Szombat 06:00-21:00|Vasárnap 06:00-21:00
7634;Baranya;Pécs;Makay I. út 18.;Dohányker Belváros Bt.;46.042;18.2269;Hétfő 06:00-21:00|Kedd 06:00-21:00|Szerda 06:00-21:00|Csütörtök 06:00-21:00|Péntek 06:00-21:00|Szombat 06:00-21:00|Vasárnap 06:00-21:00
7632;Baranya;Pécs;Maléter Pál út 1.;DohányKer-Alfa Bt.;46.042;18.2269;Hétfő 06:00-21:00|Kedd 06:00-21:00|Szerda 06:00-21:00|Csütörtök 06:00-21:00|Péntek 06:00-21:00|Szombat 06:00-21:00|Vasárnap 06:00-21:00
7636;Baranya;Pécs;Málomhegyi utca 2-4;Dr. Haraszti és Társa Bt.;46.042;18.2269;Hétfő 06:00-21:00|Kedd 06:00-21:00|Szerda 06:00-21:00|Csütörtök 06:00-21:00|Péntek 06:00-21:00|Szombat 06:00-21:00|Vasárnap 06:00-21:00
7632;Baranya;Pécs;Málomi út 3.;Szigeti Luca;46.042;18.2269;Hétfő 06:00-21:00|Kedd 06:00-21:00|Szerda 06:00-21:00|Csütörtök 06:00-21:00|Péntek 06:00-21:00|Szombat 06:00-21:00|Vasárnap 06:00-21:00
7632;Baranya;Pécs;Megyeri út 80.;Mesz Ádám;46.042;18.2269;Hétfő 06:00-21:00|Kedd 06:00-21:00|Szerda 06:00-21:00|Csütörtök 06:00-21:00|Péntek 06:00-21:00|Szombat 06:00-21:00|Vasárnap 06:00-21:00
7623;Baranya;Pécs;Megyeri utca 76.;DohányKer-Echo Kiskereskedelmi Bt.;46.042;18.2269;Hétfő 06:00-21:00|Kedd 06:00-21:00|Szerda 06:00-21:00|Csütörtök 06:00-21:00|Péntek 06:00-21:00|Szombat 06:00-21:00|Vasárnap 06:00-21:00
7632;Baranya;Pécs;Nagy Imre út 70.;SCHMIDTTRAFIK Bt.;46.042;18.2269;Hétfő 06:00-21:00|Kedd 06:00-21:00|Szerda 06:00-21:00|Csütörtök 06:00-21:00|Péntek 06:00-21:00|Szombat 06:00-21:00|Vasárnap 06:00-21:00
7632;Baranya;Pécs;Nagy Imre utca 55-57.;Mezővári Péter József;46.042;18.2269;Hétfő 06:00-21:00|Kedd 06:00-21:00|Szerda 06:00-21:00|Csütörtök 06:00-21:00|Péntek 06:00-21:00|Szombat 06:00-21:00|Vasárnap 06:00-21:00
7622;Baranya;Pécs;Nagy Lajos Király útja 12. földszint 89. ajtó - 12/1.;MAGMA TABAK Bt.;46.042;18.2269;Hétfő 06:00-21:00|Kedd 06:00-21:00|Szerda 06:00-21:00|Csütörtök 06:00-21:00|Péntek 06:00-21:00|Szombat 06:00-21:00|Vasárnap 06:00-21:00
7622;Baranya;Pécs;Nagy Lajos király útja 20.;Nicotiana-Tabacum Bt.;46.042;18.2269;Hétfő 06:00-21:00|Kedd 06:00-21:00|Szerda 06:00-21:00|Csütörtök 06:00-21:00|Péntek 06:00-21:00|Szombat 06:00-21:00|Vasárnap 06:00-21:00
7634;Baranya;Pécs;Nagy-berki út 2.;MAGMA TABAK Bt.;46.042;18.2269;Hétfő 06:00-21:00|Kedd 06:00-21:00|Szerda 06:00-21:00|Csütörtök 06:00-21:00|Péntek 06:00-21:00|Szombat 06:00-21:00|Vasárnap 06:00-21:00
7634;Baranya;Pécs;Páfrány utca 4;Lolly Shop Bt.;46.042;18.2269;Hétfő 06:00-21:00|Kedd 06:00-21:00|Szerda 06:00-21:00|Csütörtök 06:00-21:00|Péntek 06:00-21:00|Szombat 06:00-21:00|Vasárnap 06:00-21:00
7627;Baranya;Pécs;Puskin tér 23.;Huntabak Trafik Bt.;46.042;18.2269;Hétfő 06:00-21:00|Kedd 06:00-21:00|Szerda 06:00-21:00|Csütörtök 06:00-21:00|Péntek 06:00-21:00|Szombat 06:00-21:00|Vasárnap 06:00-21:00
7634;Baranya;Pécs;Rácvárosi út 11.;Magyar Németh Bt.;46.042;18.2269;Hétfő 06:00-21:00|Kedd 06:00-21:00|Szerda 06:00-21:00|Csütörtök 06:00-21:00|Péntek 06:00-21:00|Szombat 06:00-21:00|Vasárnap 06:00-21:00
7623;Baranya;Pécs;Rákóczi út 28. földszint 16. ajtó;Galaxi Tabak Bt.;46.042;18.2269;Hétfő 06:00-21:00|Kedd 06:00-21:00|Szerda 06:00-21:00|Csütörtök 06:00-21:00|Péntek 06:00-21:00|Szombat 06:00-21:00|Vasárnap 06:00-21:00
7623;Baranya;Pécs;Rákóczi út 8.;Dévai Nándor;46.042;18.2269;Hétfő 06:00-21:00|Kedd 06:00-21:00|Szerda 06:00-21:00|Csütörtök 06:00-21:00|Péntek 06:00-21:00|Szombat 06:00-21:00|Vasárnap 06:00-21:00
7600;Baranya;Pécs;Rákóczi utca 49.;Lolly Shop Bt.;46.042;18.2269;Hétfő 06:00-21:00|Kedd 06:00-21:00|Szerda 06:00-21:00|Csütörtök 06:00-21:00|Péntek 06:00-21:00|Szombat 06:00-21:00|Vasárnap 06:00-21:00
7624;Baranya;Pécs;Rókus utca 1.;Nicotiana-Tabacum Bt.;46.042;18.2269;Hétfő 06:00-21:00|Kedd 06:00-21:00|Szerda 06:00-21:00|Csütörtök 06:00-21:00|Péntek 06:00-21:00|Szombat 06:00-21:00|Vasárnap 06:00-21:00
7622;Baranya;Pécs;Siklósi út 19308/32.;DohányKer-Alfa Bt.;46.042;18.2269;Hétfő 06:00-21:00|Kedd 06:00-21:00|Szerda 06:00-21:00|Csütörtök 06:00-21:00|Péntek 06:00-21:00|Szombat 06:00-21:00|Vasárnap 06:00-21:00
7626;Baranya;Pécs;Siklósi út 45;Szigeti Luca;46.042;18.2269;Hétfő 06:00-21:00|Kedd 06:00-21:00|Szerda 06:00-21:00|Csütörtök 06:00-21:00|Péntek 06:00-21:00|Szombat 06:00-21:00|Vasárnap 06:00-21:00
7621;Baranya;Pécs;Siklósi út 68/A.;Kovro Trafik Bt.;46.042;18.2269;Hétfő 06:00-21:00|Kedd 06:00-21:00|Szerda 06:00-21:00|Csütörtök 06:00-21:00|Péntek 06:00-21:00|Szombat 06:00-21:00|Vasárnap 06:00-21:00
7600;Baranya;Pécs;Siklósi utca 52/A;Vanner és Társa Bt;46.042;18.2269;Hétfő 06:00-21:00|Kedd 06:00-21:00|Szerda 06:00-21:00|Csütörtök 06:00-21:00|Péntek 06:00-21:00|Szombat 06:00-21:00|Vasárnap 06:00-21:00
7628;Baranya;Pécs;Szabolcsi út 40.;Huntabak Trafik Bt;46.042;18.2269;Hétfő 06:00-21:00|Kedd 06:00-21:00|Szerda 06:00-21:00|Csütörtök 06:00-21:00|Péntek 06:00-21:00|Szombat 06:00-21:00|Vasárnap 06:00-21:00
7624;Baranya;Pécs;Szigeti út 3220/56.;Dohányker Belváros Bt.;46.042;18.2269;Hétfő 06:00-21:00|Kedd 06:00-21:00|Szerda 06:00-21:00|Csütörtök 06:00-21:00|Péntek 06:00-21:00|Szombat 06:00-21:00|Vasárnap 06:00-21:00
7632;Baranya;Pécs;Varsány utca 2-4;Első Dohánybolt Bt.;46.042;18.2269;Hétfő 06:00-21:00|Kedd 06:00-21:00|Szerda 06:00-21:00|Csütörtök 06:00-21:00|Péntek 06:00-21:00|Szombat 06:00-21:00|Vasárnap 06:00-21:00
7633;Baranya;Pécs;Ybl M. utca 7/B.;Mesz Ádám;46.042;18.2269;Hétfő 06:00-21:00|Kedd 06:00-21:00|Szerda 06:00-21:00|Csütörtök 06:00-21:00|Péntek 06:00-21:00|Szombat 06:00-21:00|Vasárnap 06:00-21:00
7622;Baranya;Pécs;Zólyom utca 4.;KOVRO TRAFIK Bt.;46.042;18.2269;Hétfő 06:00-21:00|Kedd 06:00-21:00|Szerda 06:00-21:00|Csütörtök 06:00-21:00|Péntek 06:00-21:00|Szombat 06:00-21:00|Vasárnap 06:00-21:00
7634;Baranya;Pécs;Zsolnay V. utca 48.;Huntabak Trafik Bt;46.042;18.2269;Hétfő 06:00-21:00|Kedd 06:00-21:00|Szerda 06:00-21:00|Csütörtök 06:00-21:00|Péntek 06:00-21:00|Szombat 06:00-21:00|Vasárnap 06:00-21:00
7629;Baranya;Pécs;Zsolnay Vilmos út 118.;DohányKer-Alfa Bt.;46.042;18.2269;Hétfő 06:00-21:00|Kedd 06:00-21:00|Szerda 06:00-21:00|Csütörtök 06:00-21:00|Péntek 06:00-21:00|Szombat 06:00-21:00|Vasárnap 06:00-21:00
7626;Baranya;Pécs;Zsolnay Vilmos utca 15.;Nicotiana-Tabacum Bt.;46.042;18.2269;Hétfő 06:00-21:00|Kedd 06:00-21:00|Szerda 06:00-21:00|Csütörtök 06:00-21:00|Péntek 06:00-21:00|Szombat 06:00-21:00|Vasárnap 06:00-21:00
7627;Baranya;Pécs;Zsolnay Vilmos utca 22.;DohányKer-Alfa Bt.;46.042;18.2269;Hétfő 06:00-21:00|Kedd 06:00-21:00|Szerda 06:00-21:00|Csütörtök 06:00-21:00|Péntek 06:00-21:00|Szombat 06:00-21:00|Vasárnap 06:00-21:00
7600;Baranya;Pécs;Zsolnay Vilmos utca 47/d.;Bánusz Ágota Anna;46.042;18.2269;Hétfő 06:00-21:00|Kedd 06:00-21:00|Szerda 06:00-21:00|Csütörtök 06:00-21:00|Péntek 06:00-21:00|Szombat 06:00-21:00|Vasárnap 06:00-21:00
2614;Pest;Penc;Rákóczi út 21;Martikán Csaba Imréné;47.8022;19.2515;Hétfő 05:30-19:00|Kedd 05:30-19:00|Szerda 05:30-19:00|Csütörtök 05:30-19:00|Péntek 05:30-19:00|Szombat 05:30-17:00|Vasárnap 07:00-17:00
9099;Győr-Moson-Sopron;Pér;Fehérvári út 14;Rental Store Szolg. Bt;47.613566;17.786739;Hétfő 06:00-20:00|Kedd 06:00-20:00|Szerda 06:00-20:00|Csütörtök 06:00-20:00|Péntek 06:00-20:00|Szombat 07:00-20:00|Vasárnap 12:00-20:00
9099;Győr-Moson-Sopron;Pér;Szent Imre utca 35.;Bíró Levente Gábor;47.613566;17.786739;Hétfő 06:00-20:00|Kedd 06:00-20:00|Szerda 06:00-20:00|Csütörtök 06:00-20:00|Péntek 06:00-20:00|Szombat 07:00-20:00|Vasárnap 12:00-20:00
2074;Pest;Perbál;Fő út 29.;Kaiser Éva;47.5906;18.7589;Hétfő 06:00-23:59|Kedd 06:00-23:59|Szerda 06:00-23:59|Csütörtök 06:00-23:59|Péntek 06:00-23:59|Szombat 06:00-23:59|Vasárnap 06:00-23:59
2074;Pest;Perbál;Fő utca 38.;Pi-Pál Bt;47.5906;18.7589;Hétfő 06:00-23:59|Kedd 06:00-23:59|Szerda 06:00-23:59|Csütörtök 06:00-23:59|Péntek 06:00-23:59|Szombat 06:00-23:59|Vasárnap 06:00-23:59
9484;Győr-Moson-Sopron;Pereszteg;Széchenyi utca 61.;Sebestyén Tibor Istvánné;47.6006;16.7432;Hétfő 05:00-08:00|Kedd 05:00-16:00|Szerda 05:00-16:00|Csütörtök 05:00-16:00|Péntek 05:00-16:00|Szombat 05:00-12:00
2431;Fejér;Perkáta;Rózsa utca 99/A;Bógó Ferenc László;47.0509;18.7898;Hétfő 05:00-17:00|Kedd 05:00-17:00|Szerda 05:00-17:00|Csütörtök 05:00-17:00|Péntek 05:00-17:00|Szombat 06:00-14:00|Vasárnap 08:00-12:00
2431;Fejér;Perkáta;Szabadság tér 2.;Bazsó Boltok Bt.;47.0509;18.7898;Hétfő 05:00-17:00|Kedd 05:00-17:00|Szerda 05:00-17:00|Csütörtök 05:00-17:00|Péntek 05:00-17:00|Szombat 06:00-14:00|Vasárnap 08:00-12:00
3756;Borsod-Abaúj-Zemplén;Perkupa;Petőfi S. út 43;Molnár Sándorné;48.4729;20.6859;Hétfő 08:00-20:00|Kedd 08:00-20:00|Szerda 16:00-20:00|Csütörtök 08:00-20:00|Péntek 08:00-20:00|Szombat 08:00-20:00|Vasárnap 08:00-20:00
2209;Pest;Péteri;Petőfi S. utca 74.;VESZTEG KERESKEDELMI ÉS SZOLGÁLTATÓ BT.;47.3882;19.4098;Hétfő 06:00-20:00|Kedd 06:00-20:00|Szerda 06:00-20:00|Csütörtök 06:00-20:00|Péntek 06:00-20:00|Szombat 06:00-14:00|Vasárnap 07:00-12:00
2209;Pest;Péteri;Petőfi Sándor utca 87.;Goldrem Invest Bt.;47.39;19.4093;Hétfő 05:00-22:00|Kedd 05:00-22:00|Szerda 05:00-22:00|Csütörtök 05:00-22:00|Péntek 05:00-22:00|Szombat 05:00-22:00|Vasárnap 06:00-16:00
8105;Veszprém;Pétfürdő;Berhidai út 2.;Végh Attila;47.1659;18.124;Hétfő 05:00-19:00|Kedd 05:00-19:00|Szerda 05:00-19:00|Csütörtök 05:00-19:00|Péntek 05:00-19:00|Szombat 05:00-19:00|Vasárnap 05:00-19:00
8105;Veszprém;Pétfürdő;Temető út 1.;Végh Attila;47.1586;18.119;Hétfő 06:00-22:00|Kedd 06:00-22:00|Szerda 06:00-22:00|Csütörtök 06:00-22:00|Péntek 06:00-22:00|Szombat 06:00-22:00|Vasárnap 06:00-22:00
3023;Heves;Petőfibánya;Bánya út 2.;PETDOHÁNY Bt.;47.7655497;19.7015218;Hétfő 07:00-19:00|Kedd 07:00-19:00|Szerda 07:00-19:00|Csütörtök 07:00-19:00|Péntek 07:00-19:00|Szombat 08:00-19:00|Vasárnap 08:00-14:00
3023;Heves;Petőfibánya;Liszt Ferenc utca 2.;Varjú Gábor Andor;47.766;19.7033;Hétfő 07:00-19:00|Kedd 07:00-19:00|Szerda 07:00-19:00|Csütörtök 07:00-19:00|Péntek 07:00-19:00|Szombat 08:00-19:00|Vasárnap 08:00-14:00
6113;Bács-Kiskun;Petőfiszállás;Kossuth utca 61.;Integrál-Trafik Bt.;46.6229;19.8623;Hétfő 06:00-17:00|Kedd 06:00-18:00|Szerda 06:00-18:00|Csütörtök 06:00-18:00|Péntek 06:00-18:00|Szombat 06:00-13:00|Vasárnap 07:00-11:00
2721;Pest;Pilis;Csaba utca 10.;Lengyel Zoltán;47.2904;19.5454;Hétfő 06:00-18:00|Kedd 06:00-18:00|Szerda 06:00-18:00|Csütörtök 06:00-18:00|Péntek 06:00-18:00|Szombat 06:00-12:00|Vasárnap 07:00-12:00
2721;Pest;Pilis;Kávai utca 4.;Márkus Erzsébet;47.2904;19.5454;Hétfő 06:00-18:00|Kedd 06:00-18:00|Szerda 06:00-18:00|Csütörtök 06:00-18:00|Péntek 06:00-18:00|Szombat 06:00-12:00|Vasárnap 07:00-12:00
2721;Pest;Pilis;Rákóczi utca 41.;Mani-Trafik Bt.;47.283;19.543;Hétfő 07:00-20:00|Kedd 07:00-20:00|Szerda 07:00-20:00|Csütörtök 07:00-20:00|Péntek 07:00-20:00|Szombat 07:00-20:00|Vasárnap 07:00-20:00
2721;Pest;Pilis;Táncsics Mihály utca 11.;Nagy Odett;47.2710429;19.5433771;Hétfő 07:00-19:00|Kedd 07:00-19:00|Szerda 07:00-19:00|Csütörtök 07:00-19:00|Péntek 07:00-19:00|Szombat 07:00-15:00|Vasárnap 08:00-12:00
2721;Pest;Pilis;Vasút utca 1.;Csikós János Ádámné;47.2904;19.5454;Hétfő 06:00-18:00|Kedd 06:00-18:00|Szerda 06:00-18:00|Csütörtök 06:00-18:00|Péntek 06:00-18:00|Szombat 06:00-12:00|Vasárnap 07:00-12:00
2081;Pest;Piliscsaba;Fő út 19/A.;Fehér Hetes Ker. Bt;47.632;18.8297;Hétfő 07:00-19:00|Kedd 07:00-19:00|Szerda 07:00-19:00|Csütörtök 07:00-19:00|Péntek 07:00-19:00|Szombat 07:00-16:00|Vasárnap 08:00-12:00
2081;Pest;Piliscsaba;Fő út 98.;Kövesdi István Tibor;47.632;18.8297;Hétfő 07:00-19:00|Kedd 07:00-19:00|Szerda 07:00-19:00|Csütörtök 07:00-19:00|Péntek 07:00-19:00|Szombat 07:00-16:00|Vasárnap 08:00-12:00
2081;Pest;Piliscsaba;Vasút utca 14.;Mátraházi Zsolt József;47.6375;18.8298;Hétfő 05:00-19:00|Kedd 05:00-19:00|Szerda 05:00-19:00|Csütörtök 05:00-19:00|Péntek 05:00-19:00|Szombat 06:00-15:00|Vasárnap 08:00-12:00
2080;Pest;Pilisjászfalu;Tinnyei út 1.;Goldenstaub Bt.;47.6552;18.7906;Hétfő 06:00-18:00|Kedd 06:00-18:00|Szerda 06:00-18:00|Csütörtök 06:00-18:00|Péntek 06:00-18:00|Szombat 05:30-13:30|Vasárnap 08:00-12:00
2028;Komárom-Esztergom;Pilismarót;Esztergomi út 2.;Retkes János;47.7854;18.8735;Hétfő 05:30-19:00|Kedd 05:30-19:00|Szerda 05:30-19:00|Csütörtök 05:30-19:00|Péntek 05:30-19:00|Szombat 06:00-19:00|Vasárnap 07:00-13:00
2095;Pest;Pilisszántó;Kossuth L. utca 82.;Niké Nedo Bt.;47.6672;18.8835;Hétfő 05:30-18:00|Kedd 05:30-18:00|Szerda 05:30-18:00|Csütörtök 05:30-18:00|Péntek 05:30-18:00|Szombat 05:30-13:00|Vasárnap 08:00-10:00
2095;Pest;Pilisszántó;Nyárfa utca 20.;Száger Lénárd Pál;47.6672;18.8835;Hétfő 05:30-18:00|Kedd 05:30-18:00|Szerda 05:30-18:00|Csütörtök 05:30-18:00|Péntek 05:30-18:00|Szombat 05:30-13:00|Vasárnap 08:00-10:00
2084;Pest;Pilisszentiván;Rét utca 41.;Molnár Béláné;47.608;18.8934;Hétfő 05:30-19:00|Kedd 05:30-19:00|Szerda 05:30-19:00|Csütörtök 05:30-19:00|Péntek 05:30-19:00|Szombat 06:00-15:00|Vasárnap 07:00-12:00
2084;Pest;Pilisszentiván;Szabadság út 54/B;Kálozi Tabak Bt;47.608;18.8934;Hétfő 05:30-19:00|Kedd 05:30-19:00|Szerda 05:30-19:00|Csütörtök 05:30-19:00|Péntek 05:30-19:00|Szombat 06:00-15:00|Vasárnap 07:00-12:00
2084;Pest;Pilisszentiván;Szabadság utca 224/9 hrsz.;Illés Andrea;47.608;18.8934;Hétfő 05:30-19:00|Kedd 05:30-19:00|Szerda 05:30-19:00|Csütörtök 05:30-19:00|Péntek 05:30-19:00|Szombat 06:00-15:00|Vasárnap 07:00-12:00
2085;Pest;Pilisvörösvár;Fő út 106.;Braun Csaba;47.6182;18.905;Hétfő 05:30-19:00|Kedd 05:30-19:00|Szerda 05:30-19:00|Csütörtök 05:30-19:00|Péntek 05:30-19:00|Szombat 06:00-15:00|Vasárnap 07:00-12:00
2085;Pest;Pilisvörösvár;Fő út 27/a.;Magistrado Team Bt.;47.6182;18.905;Hétfő 05:30-19:00|Kedd 05:30-19:00|Szerda 05:30-19:00|Csütörtök 05:30-19:00|Péntek 05:30-19:00|Szombat 06:00-15:00|Vasárnap 07:00-12:00
2085;Pest;Pilisvörösvár;Fő út 54.;Braun János;47.6182;18.905;Hétfő 05:30-19:00|Kedd 05:30-19:00|Szerda 05:30-19:00|Csütörtök 05:30-19:00|Péntek 05:30-19:00|Szombat 06:00-15:00|Vasárnap 07:00-12:00
2085;Pest;Pilisvörösvár;Görgey utca 69.;Vanicsek Mártonné Zsiga Szilvia;47.6182;18.905;Hétfő 05:30-19:00|Kedd 05:30-19:00|Szerda 05:30-19:00|Csütörtök 05:30-19:00|Péntek 05:30-19:00|Szombat 06:00-15:00|Vasárnap 07:00-12:00
2085;Pest;Pilisvörösvár;Kisfaludy utca 32.;Hegelehel Bt;47.6182;18.905;Hétfő 05:30-19:00|Kedd 05:30-19:00|Szerda 05:30-19:00|Csütörtök 05:30-19:00|Péntek 05:30-19:00|Szombat 06:00-15:00|Vasárnap 07:00-12:00
2085;Pest;Pilisvörösvár;Széchenyi utca 2;Molnár Mária;47.6182;18.905;Hétfő 05:30-19:00|Kedd 05:30-19:00|Szerda 05:30-19:00|Csütörtök 05:30-19:00|Péntek 05:30-19:00|Szombat 06:00-15:00|Vasárnap 07:00-12:00
6414;Bács-Kiskun;Pirtó;Dózsa György utca 22.;Dobos Melinda;46.5151;19.4347;Hétfő 05:00-17:00|Kedd 05:00-17:00|Szerda 05:00-17:00|Csütörtök 05:00-17:00|Péntek 05:00-17:00|Szombat 05:00-13:00
6914;Csongrád;Pitvaros;Kossuth Lajos utca 52;Gémesi Anikó;46.3207;20.7364;Hétfő 06:00-18:00|Kedd 06:00-18:00|Szerda 06:00-18:00|Csütörtök 06:00-18:00|Péntek 06:00-18:00|Szombat 06:00-14:00|Vasárnap 07:00-12:00
4125;Hajdú-Bihar;Pocsaj;Petőfi utca 33.;Nagy Zoltán;47.2841;21.81;Hétfő 06:00-22:00|Kedd 06:00-22:00|Szerda 06:00-22:00|Csütörtök 06:00-22:00|Péntek 06:00-22:00|Szombat 06:00-22:00|Vasárnap 06:00-22:00
8154;Fejér;Polgárdi;Batthyány utca 28.;Kovács Hajnal;47.0532;18.3038;Hétfő 06:00-18:00|Kedd 06:00-18:00|Szerda 06:00-18:00|Csütörtök 06:00-18:00|Péntek 06:00-18:00|Szombat 08:00-16:00
8154;Fejér;Polgárdi;Deák Ferenc utca 11.;Molnár-Svehlik Tímea;47.0532;18.3038;Hétfő 06:00-18:00|Kedd 06:00-18:00|Szerda 06:00-18:00|Csütörtök 06:00-18:00|Péntek 06:00-18:00|Szombat 08:00-16:00
8154;Fejér;Polgárdi;Kossuth utca 112/4;Kinga Dohány Bt;47.0532;18.3038;Hétfő 06:00-18:00|Kedd 06:00-18:00|Szerda 06:00-18:00|Csütörtök 06:00-18:00|Péntek 06:00-18:00|Szombat 08:00-16:00
8929;Pest;Pölöske;Petőfi Sándor utca 72.;Kiss László;46.7547;16.924;Hétfő 06:00-18:00|Kedd 06:00-18:00|Szerda 06:00-18:00|Csütörtök 06:00-18:00|Péntek 06:00-18:00|Szombat 06:00-14:00|Vasárnap 07:00-11:00
2013;Vas;Pomáz;Árpád fejedelem útja 2732/8 hrsz.;Trafik-System Nyugat Bt;47.653;19.0217;Hétfő 05:30-22:00|Kedd 05:30-22:00|Szerda 05:30-22:00|Csütörtök 05:30-22:00|Péntek 05:30-22:00|Szombat 05:30-22:00|Vasárnap 05:30-21:00
2013;Vas;Pomáz;Bem József utca 19.;Almádi András;47.653;19.0217;Hétfő 05:30-22:00|Kedd 05:30-22:00|Szerda 05:30-22:00|Csütörtök 05:30-22:00|Péntek 05:30-22:00|Szombat 05:30-22:00|Vasárnap 05:30-21:00
2013;Vas;Pomáz;Beniczky utca 74.;ANALYSER Kkt.;47.6508368;19.0071105;Hétfő 06:00-18:00|Kedd 06:00-18:00|Szerda 06:00-18:00|Csütörtök 06:00-18:00|Péntek 06:00-18:00|Szombat 06:00-12:00|Vasárnap 06:00-12:00
2013;Vas;Pomáz;Dobogókői út 12.;Peringer Istvánné;47.6512;19.0012;Hétfő 06:00-20:00|Kedd 06:00-20:00|Szerda 06:00-20:00|Csütörtök 06:00-20:00|Péntek 06:00-20:00|Szombat 06:00-20:00|Vasárnap 06:00-20:00
2013;Vas;Pomáz;Szent Miklós tér 1/A.;SOSO Bt.;47.653;19.0217;Hétfő 05:30-22:00|Kedd 05:30-22:00|Szerda 05:30-22:00|Csütörtök 05:30-22:00|Péntek 05:30-22:00|Szombat 05:30-22:00|Vasárnap 05:30-21:00
2013;Vas;Pomáz;Szőlőtelep utca 16;Szabó Noémi Erzsébet;47.653;19.0217;Hétfő 05:30-22:00|Kedd 05:30-22:00|Szerda 05:30-22:00|Csütörtök 05:30-22:00|Péntek 05:30-22:00|Szombat 05:30-22:00|Vasárnap 05:30-21:00
2013;Vas;Pomáz;Vasút sor 10.;Almádi András;47.653;19.0217;Hétfő 05:30-22:00|Kedd 05:30-22:00|Szerda 05:30-22:00|Csütörtök 05:30-22:00|Péntek 05:30-22:00|Szombat 05:30-22:00|Vasárnap 05:30-21:00
3388;Somogy;Poroszló;Fő út 5.;Fávorné Gyulai Ramóna;47.6441;20.6538;Hétfő 06:00-18:00|Kedd 06:00-18:00|Szerda 06:00-18:00|Csütörtök 06:00-18:00|Péntek 06:00-18:00|Szombat 06:00-18:00|Vasárnap 06:00-18:00
8986;Győr-Moson-Sopron;Pórszombat;Kossuth Lajos út 24;Kiss Attiláné;46.7285;16.5778;Hétfő 08:00-17:00|Kedd 08:00-17:00|Szerda 08:00-17:00|Csütörtök 08:00-17:00|Péntek 08:00-17:00|Szombat 08:00-12:00
4150;Győr-Moson-Sopron;Püspökladány;Bocskai utca 33/1.;Asztalos Lajosné;47.3158;21.1033;Hétfő 05:30-22:30|Kedd 05:30-22:30|Szerda 05:30-22:30|Csütörtök 05:30-22:30|Péntek 05:30-22:30|Szombat 05:30-15:00|Vasárnap 07:00-12:00
4150;Győr-Moson-Sopron;Püspökladány;Bocskai utca 6/5.;Karacsné Baranyai Róza Katalin;47.3158;21.1033;Hétfő 05:30-22:30|Kedd 05:30-22:30|Szerda 05:30-22:30|Csütörtök 05:30-22:30|Péntek 05:30-22:30|Szombat 05:30-15:00|Vasárnap 07:00-12:00
4150;Győr-Moson-Sopron;Püspökladány;Karcagi utca 30.;Borsos Imréné;47.3158;21.1033;Hétfő 05:30-22:30|Kedd 05:30-22:30|Szerda 05:30-22:30|Csütörtök 05:30-22:30|Péntek 05:30-22:30|Szombat 05:30-15:00|Vasárnap 07:00-12:00
4150;Győr-Moson-Sopron;Püspökladány;Kossuth utca 7.;Kissné Tóth Klára;47.3158;21.1033;Hétfő 05:30-22:30|Kedd 05:30-22:30|Szerda 05:30-22:30|Csütörtök 05:30-22:30|Péntek 05:30-22:30|Szombat 05:30-15:00|Vasárnap 07:00-12:00
4150;Győr-Moson-Sopron;Püspökladány;Petőfi utca 1;Attidavand Bt.;47.3158;21.1033;Hétfő 05:30-22:30|Kedd 05:30-22:30|Szerda 05:30-22:30|Csütörtök 05:30-22:30|Péntek 05:30-22:30|Szombat 05:30-15:00|Vasárnap 07:00-12:00
4150;Győr-Moson-Sopron;Püspökladány;Petőfi utca 62;Kiss Sándor;47.3158;21.1033;Hétfő 05:30-22:30|Kedd 05:30-22:30|Szerda 05:30-22:30|Csütörtök 05:30-22:30|Péntek 05:30-22:30|Szombat 05:30-15:00|Vasárnap 07:00-12:00
4150;Győr-Moson-Sopron;Püspökladány;Vasút út 2.;Kovács Csaba;47.3158;21.1033;Hétfő 05:30-22:30|Kedd 05:30-22:30|Szerda 05:30-22:30|Csütörtök 05:30-22:30|Péntek 05:30-22:30|Szombat 05:30-15:00|Vasárnap 07:00-12:00
9776;Vas;Püspökmolnári;Kossuth L. utca 78.;Golden-Fer Bt.;47.0907;16.7956;Hétfő 06:00-17:00|Kedd 06:00-17:00|Szerda 06:00-17:00|Csütörtök 06:00-17:00|Péntek 06:00-17:00|Szombat 06:00-10:00|Vasárnap 07:00-10:00
4565;Somogy;Pusztadobos;Rákóczi utca 7.;Kiss Máté Zoltán;48.0563;22.2216;Hétfő 06:00-18:00|Kedd 06:00-18:00|Szerda 06:00-18:00|Csütörtök 06:00-18:00|Péntek 06:00-18:00|Szombat 06:00-14:00|Vasárnap 07:00-11:00
5919;Veszprém;Pusztaföldvár;Rákóczi utca 98/1.;Ilyés és Társa Trafik Bt;46.5267;20.8045;Hétfő 06:00-18:00|Kedd 06:00-18:00|Szerda 06:00-18:00|Csütörtök 06:00-18:00|Péntek 06:00-18:00|Szombat 06:00-14:00
5125;Zala;Pusztamonostor;Szabadság út 44.;B-Tabaco-OP Bt.;47.556;19.7928;Hétfő 06:15-18:00|Kedd 06:15-18:00|Szerda 06:15-18:00|Csütörtök 06:15-18:00|Péntek 06:15-18:00|Szombat 06:15-13:00|Vasárnap 07:00-11:00
2490;Fejér;Pusztaszabolcs;Adonyi út 8.;Euromix Dohány Bt.;47.1364;18.7623;Hétfő 07:00-19:00|Kedd 07:00-19:00|Szerda 07:00-19:00|Csütörtök 07:00-19:00|Péntek 07:00-19:00|Szombat 07:00-15:00|Vasárnap 08:00-12:00
2490;Fejér;Pusztaszabolcs;Sport utca 6.;ToMa Trafik Bt.;47.1388;18.7602;Hétfő 05:00-21:00|Kedd 05:00-21:00|Szerda 05:00-21:00|Csütörtök 05:00-21:00|Péntek 05:00-21:00|Szombat 07:00-21:00|Vasárnap 07:00-13:00
6769;Győr-Moson-Sopron;Pusztaszer;Fő utca 15.;Dr. Palotás Ferenc Istvánné;46.5487;19.988;Hétfő 07:00-19:00|Kedd 07:00-19:00|Szerda 07:00-19:00|Csütörtök 07:00-19:00|Péntek 07:00-19:00|Szombat 07:00-15:00
3630;Pest;Putnok;Kossuth Lajos utca 9.;Harsányi Adrienn;48.294;20.4372;Hétfő 08:00-17:00|Kedd 08:00-17:00|Szerda 08:00-17:00|Csütörtök 08:00-17:00|Péntek 08:00-17:00|Szombat 07:00-13:00
3630;Pest;Putnok;Kossuth út 32.;Dorogi István;48.2937;20.4388;Hétfő 06:30-18:30|Kedd 06:30-18:30|Szerda 06:30-18:30|Csütörtök 06:30-18:30|Péntek 06:30-18:30|Szombat 06:30-14:30
9961;Vas;Rábagyarmat;Kocsis László utca 13.;Soósné Tóth Éva Mária;46.9417;16.4223;Hétfő 06:00-17:00|Kedd 06:00-17:00|Szerda 06:00-17:00|Csütörtök 06:00-17:00|Péntek 06:00-17:00|Szombat 06:00-10:00
9777;Vas;Rábahidvég;Béke utca 3.;Molnár Lídia Mária;47.0734;16.7429;Hétfő 06:00-18:00|Kedd 06:00-18:00|Szerda 06:00-18:00|Csütörtök 06:00-18:00|Péntek 06:00-18:00|Szombat 06:00-18:00|Vasárnap 08:00-10:00
9142;Győr-Moson-Sopron;Rábapatona;István utca 5.;Makra István;47.624365299999994;17.481029200000002;Hétfő 06:00-18:00|Kedd 06:00-18:00|Szerda 06:00-18:00|Csütörtök 06:00-18:00|Péntek 06:00-18:00|Szombat 06:00-15:00|Vasárnap 06:00-12:00
9142;Győr-Moson-Sopron;Rábapatona;Kossuth Lajos 3.;Maloun Tamás;47.624365299999994;17.481029200000002;Hétfő 06:00-18:00|Kedd 06:00-18:00|Szerda 06:00-18:00|Csütörtök 06:00-18:00|Péntek 06:00-18:00|Szombat 06:00-15:00|Vasárnap 06:00-12:00
9146;Győr-Moson-Sopron;Rábapordány;Ady Endre utca 2.;Mmtrafik Dohányértékesítő Kkt;47.5575;17.3263;Hétfő 07:00-15:00|Kedd 07:00-15:00|Szerda 07:00-15:00|Csütörtök 07:00-15:00|Péntek 07:00-15:00|Szombat 07:00-11:00
9135;Győr-Moson-Sopron;Rábaszentmihály;Béke utca 1;Horváth Attila;47.5776;17.4296;Hétfő 08:00-22:00|Kedd 08:00-22:00|Szerda 08:00-22:00|Csütörtök 08:00-22:00|Péntek 08:00-22:00|Szombat 07:00-22:00|Vasárnap 07:00-22:00
2459;Fejér;Rácalmás;Fő utca 67;Miss István Zoltánné;47.0272;18.9234;Hétfő 07:00-18:00|Kedd 07:00-18:00|Szerda 07:00-18:00|Csütörtök 07:00-18:00|Péntek 07:00-18:00|Szombat 07:00-12:00
2459;Fejér;Rácalmás;Széchenyi tér 14.;Pomóthy Attila;47.0272;18.9234;Hétfő 07:00-18:00|Kedd 07:00-18:00|Szerda 07:00-18:00|Csütörtök 07:00-18:00|Péntek 07:00-18:00|Szombat 07:00-12:00
2465;Fejér;Ráckeresztúr;Hősök tér 11.;Bécsi Zsuzsanna Éva;47.275;18.828;Hétfő 05:00-19:00|Kedd 05:00-19:00|Szerda 05:00-19:00|Csütörtök 05:00-19:00|Péntek 05:00-19:00|Szombat 06:00-14:00|Vasárnap 08:00-12:00
2300;Pest;Ráckeve;Bajcsy-Zsilinszky utca 9.;Zakariás Lászlóné;47.1574935;18.9429898;Hétfő 06:00-18:00|Kedd 06:00-18:00|Szerda 06:00-18:00|Csütörtök 06:00-18:00|Péntek 06:00-18:00|Szombat 06:00-13:00|Vasárnap 06:00-13:00
2300;Pest;Ráckeve;Gábor Áron utca 14.;Baranya Bálintné;47.1609;18.9409;Hétfő 06:00-18:00|Kedd 06:00-18:00|Szerda 06:00-18:00|Csütörtök 06:00-18:00|Péntek 06:00-18:00|Szombat 06:00-14:00|Vasárnap 07:30-12:00
2300;Pest;Ráckeve;Irinyi utca 2.;Moto Grill&Caffee Bt;47.1609;18.9409;Hétfő 06:00-18:00|Kedd 06:00-18:00|Szerda 06:00-18:00|Csütörtök 06:00-18:00|Péntek 06:00-18:00|Szombat 06:00-14:00|Vasárnap 07:30-12:00
2300;Pest;Ráckeve;Kossuth utca 98 - 100;RSS Tabak Bt;47.1609;18.9409;Hétfő 06:00-18:00|Kedd 06:00-18:00|Szerda 06:00-18:00|Csütörtök 06:00-18:00|Péntek 06:00-18:00|Szombat 06:00-14:00|Vasárnap 07:30-12:00
2300;Pest;Ráckeve;Vörösmarty utca 41.;Farooqné Bartal Magdolna;47.1609;18.9409;Hétfő 06:00-18:00|Kedd 06:00-18:00|Szerda 06:00-18:00|Csütörtök 06:00-18:00|Péntek 06:00-18:00|Szombat 06:00-14:00|Vasárnap 07:30-12:00
3826;Borsod-Abaúj-Zemplén;Rakacaszend;Fő utca 42;Girhiny Béláné;48.4619;20.8355;Hétfő 06:30-10:30|Kedd 06:30-10:30|Szerda 06:30-10:30|Csütörtök 06:30-10:30|Péntek 06:30-10:30|Szombat 06:30-10:30|Vasárnap 06:30-10:30
5085;Jász-Nagykun-Szolnok;Rákóczifalva;Rákóczi Ferenc út 51.;Nagy Istvánné;47.088734;20.227856;Hétfő 05:00-21:00|Kedd 05:00-21:00|Szerda 05:00-21:00|Csütörtök 05:00-21:00|Péntek 05:00-21:00|Szombat 06:00-21:00|Vasárnap 06:00-21:00
5085;Jász-Nagykun-Szolnok;Rákóczifalva;Szent László Király út 84/B.;Élelmix-Trans Bt;47.088734;20.227856;Hétfő 05:00-21:00|Kedd 05:00-21:00|Szerda 05:00-21:00|Csütörtök 05:00-21:00|Péntek 05:00-21:00|Szombat 06:00-21:00|Vasárnap 06:00-21:00
8300;Veszprém;Raposka;Berzsenyi Dániel 13.;Természetes Füst Bt;46.8846;17.428;Hétfő 08:30-17:00|Kedd 08:30-17:00|Szerda 08:30-17:00|Csütörtök 08:30-17:00|Péntek 08:30-17:00|Szombat 08:00-12:00
8300;Veszprém;Raposka;Gyulakeszi út Hrsz.: 585/3.;Tiamo Grafika Bt.;46.8846;17.428;Hétfő 08:30-17:00|Kedd 08:30-17:00|Szerda 08:30-17:00|Csütörtök 08:30-17:00|Péntek 08:30-17:00|Szombat 08:00-12:00
8300;Veszprém;Raposka;Stadion utca 1929/38. Hrsz.;Tiamo Grafika Bt.;46.8846;17.428;Hétfő 08:30-17:00|Kedd 08:30-17:00|Szerda 08:30-17:00|Csütörtök 08:30-17:00|Péntek 08:30-17:00|Szombat 08:00-12:00
3245;Heves;Recsk;Kossuth Lajos út 95.;Bélkő Tabak Bt.;47.932;20.1043;Hétfő 05:00-20:00|Kedd 05:00-20:00|Szerda 05:00-20:00|Csütörtök 05:00-20:00|Péntek 05:00-20:00|Szombat 06:00-14:00
3245;Heves;Recsk;Kossuth Lajos utca 83.;Eged István;47.9308;20.1031;Hétfő 07:00-19:00|Kedd 07:00-19:00|Szerda 07:00-19:00|Csütörtök 07:00-19:00|Péntek 07:00-19:00|Szombat 07:00-15:00
7193;Tolna;Regöly;Hunyadi utca 34.;Huth Bt;46.5788;18.3812;Hétfő 06:30-18:00|Kedd 06:30-18:00|Szerda 06:30-18:00|Csütörtök 06:30-18:00|Péntek 06:30-18:00|Szombat 07:00-11:00
4525;Szabolcs-Szatmár-Bereg;Rétközberencs;Fő út 14/A.;Zborai Tiborné;48.2022;22.0117;Hétfő 07:30-20:00|Kedd 07:30-20:00|Szerda 07:30-20:00|Csütörtök 07:30-20:00|Péntek 07:30-20:00|Szombat 07:30-20:00|Vasárnap 07:30-12:00
2651;Nógrád;Rétság;Rákóczi 41/F;Börzsöny Trafik Bt;47.927;19.1369;Hétfő 06:00-22:00|Kedd 06:00-22:00|Szerda 06:00-22:00|Csütörtök 06:00-22:00|Péntek 06:00-22:00|Szombat 06:00-22:20|Vasárnap 06:00-22:00
3177;Nógrád;Rimóc;Szécsényi utca 5/a.;Palóc Tabak Bt.;48.0391;19.5302;Hétfő 06:00-17:00|Kedd 06:00-17:00|Szerda 06:00-17:00|Csütörtök 06:00-17:00|Péntek 06:00-17:00|Szombat 06:00-12:00
4563;Szabolcs-Szatmár-Bereg;Rohod;Petőfi Sándor utca 8;Budáné Polgári Piroska;48.0295;22.1329;Hétfő 08:00-22:00|Kedd 08:00-22:00|Szerda 08:00-22:00|Csütörtök 08:00-22:00|Péntek 08:00-22:00|Szombat 08:00-22:00|Vasárnap 08:00-22:00
2654;Baranya;Romhány;Kossuth út 43.;Kohári Ágnes;47.9251;19.2593;Hétfő 08:00-20:00|Kedd 08:00-20:00|Szerda 08:00-20:00|Csütörtök 08:00-20:00|Péntek 08:00-20:00|Szombat 08:00-20:00|Vasárnap 08:00-20:00
2654;Baranya;Romhány;Zrínyi út 6.;Gálikné Bartók Judit Zsuzsanna;47.9251;19.2593;Hétfő 08:00-20:00|Kedd 08:00-20:00|Szerda 08:00-20:00|Csütörtök 08:00-20:00|Péntek 08:00-20:00|Szombat 08:00-20:00|Vasárnap 08:00-20:00
3033;Csongrád;Rózsaszentmárton;Deák Ferenc út 47.;Renáta-Coop Bt.;47.7869;19.7418;Hétfő 06:00-20:00|Kedd 06:00-20:00|Szerda 06:00-20:00|Csütörtök 06:00-20:00|Péntek 06:00-20:00|Szombat 06:00-18:00|Vasárnap 07:00-18:00
3733;Borsod-Abaúj-Zemplén;Rudabánya;Petőfi Sándor út 1/A.;Toja Trafik Bt.;48.3759;20.6197;Hétfő 06:00-18:30|Kedd 06:00-18:30|Szerda 06:00-18:30|Csütörtök 06:00-18:30|Péntek 06:00-18:30|Szombat 06:00-13:30|Vasárnap 07:00-11:00
8654;Somogy;Ságvár;Fő út 2/C;Sendex Trafik Bt.;46.841607;18.100312;Hétfő 06:00-22:00|Kedd 06:00-22:00|Szerda 06:00-22:00|Csütörtök 06:00-22:00|Péntek 06:00-22:00|Szombat 06:00-22:00|Vasárnap 06:00-22:00
3792;Borsod-Abaúj-Zemplén;Sajóbábony;Erkel Ferenc út 1/1;Gazda Lajos;48.18;20.7393;Hétfő 05:30-17:30|Kedd 05:30-17:30|Szerda 05:30-17:30|Csütörtök 05:30-17:30|Péntek 05:30-17:30|Szombat 07:00-12:00|Vasárnap 07:00-12:00
3793;Borsod-Abaúj-Zemplén;Sajóecseg;Thököly utca 10.;Kema Trafik Bt.;48.191;20.7727;Hétfő 07:00-16:00|Kedd 07:00-16:00|Szerda 07:00-16:00|Csütörtök 07:00-16:00|Péntek 07:00-16:00|Szombat 07:00-12:00|Vasárnap 07:00-10:00
3720;Borsod-Abaúj-Zemplén;Sajóivánka;Május 1 út 14/2;Páva Trafik Bt.;48.2842;20.5805;Hétfő 06:00-18:00|Kedd 06:00-18:00|Szerda 06:00-18:00|Csütörtök 06:00-18:00|Péntek 06:00-18:00|Szombat 06:00-13:00|Vasárnap 07:00-10:00
3773;Borsod-Abaúj-Zemplén;Sajókápolna;Rákoczi Ferenc utca 1.;Tóth Lajosné;48.1841;20.6756;Hétfő 06:30-20:30|Kedd 06:30-20:30|Szerda 06:30-20:30|Csütörtök 06:30-20:30|Péntek 06:30-20:30|Szombat 06:30-20:30|Vasárnap 06:30-20:30
3791;Borsod-Abaúj-Zemplén;Sajókeresztúr;Rákóczi út 64.;Páva Trafik Bt.;48.1701;20.7766;Hétfő 06:30-16:30|Kedd 06:30-16:30|Szerda 06:30-16:30|Csütörtök 06:30-16:30|Péntek 06:30-16:30|Szombat 06:30-12:30|Vasárnap 07:00-11:00
3712;Borsod-Abaúj-Zemplén;Sajósenye;Dózsa György út 2.;Hadaúj Trafik Bt.;48.1956;20.8218;Hétfő 06:00-18:30|Kedd 06:00-18:30|Szerda 06:00-18:30|Csütörtök 06:00-18:30|Péntek 06:00-18:30|Szombat 06:00-13:30|Vasárnap 07:00-11:00
3712;Borsod-Abaúj-Zemplén;Sajósenye;Dózsa György utca 45.;Vékei Béláné;48.1956;20.8218;Hétfő 06:00-18:30|Kedd 06:00-18:30|Szerda 06:00-18:30|Csütörtök 06:00-18:30|Péntek 06:00-18:30|Szombat 06:00-13:30|Vasárnap 07:00-11:00
3770;Borsod-Abaúj-Zemplén;Sajószentpéter;Bercsényi utca 2.;Dávid Tabak BT;48.2193;20.7111;Hétfő 06:00-20:00|Kedd 06:00-20:00|Szerda 06:00-20:00|Csütörtök 06:00-20:00|Péntek 06:00-20:00|Szombat 06:00-20:00|Vasárnap 08:00-18:00
3770;Borsod-Abaúj-Zemplén;Sajószentpéter;Harica tér 3.;Csibo Bt.;48.2134;20.7085;Hétfő 09:00-17:00|Kedd 09:00-17:00|Szerda 09:00-17:00|Csütörtök 09:00-17:00|Péntek 09:00-17:00|Szombat 09:00-13:00
3770;Borsod-Abaúj-Zemplén;Sajószentpéter;Kossuth Lajos út 190-194.;Zuti Györgyné;48.2193;20.7111;Hétfő 06:00-20:00|Kedd 06:00-20:00|Szerda 06:00-20:00|Csütörtök 06:00-20:00|Péntek 06:00-20:00|Szombat 06:00-20:00|Vasárnap 08:00-18:00
3770;Borsod-Abaúj-Zemplén;Sajószentpéter;Kossuth út 98.;Csibo Bt.;48.2193;20.7111;Hétfő 06:00-20:00|Kedd 06:00-20:00|Szerda 06:00-20:00|Csütörtök 06:00-20:00|Péntek 06:00-20:00|Szombat 06:00-20:00|Vasárnap 08:00-18:00
3770;Borsod-Abaúj-Zemplén;Sajószentpéter;Tárna út 15/1;Péteri Dohány Bt.;48.2193;20.7111;Hétfő 06:00-20:00|Kedd 06:00-20:00|Szerda 06:00-20:00|Csütörtök 06:00-20:00|Péntek 06:00-20:00|Szombat 06:00-20:00|Vasárnap 08:00-18:00
6762;Csongrád;Sándorfalva;Ady Endre utca 3.;BB Trafik Bt;46.3601;20.1002;Hétfő 06:00-18:00|Kedd 06:00-18:00|Szerda 06:00-18:00|Csütörtök 06:00-18:00|Péntek 06:00-18:00|Szombat 06:00-14:00|Vasárnap 06:00-12:00
6762;Csongrád;Sándorfalva;Alkotmány körút 14.;Szél Ferenc Csaba;46.362;20.0978;Hétfő 05:30-21:00|Kedd 05:30-21:00|Szerda 05:30-21:00|Csütörtök 05:30-21:00|Péntek 05:30-21:00|Szombat 05:30-21:00|Vasárnap 06:00-21:00
6762;Csongrád;Sándorfalva;Rigó utca 2;Málcájt Bt.;46.3601;20.1002;Hétfő 06:00-18:00|Kedd 06:00-18:00|Szerda 06:00-18:00|Csütörtök 06:00-18:00|Péntek 06:00-18:00|Szombat 06:00-14:00|Vasárnap 06:00-12:00
6762;Csongrád;Sándorfalva;Szent István utca 63.;Csáki Éva;46.3601;20.1002;Hétfő 06:00-18:00|Kedd 06:00-18:00|Szerda 06:00-18:00|Csütörtök 06:00-18:00|Péntek 06:00-18:00|Szombat 06:00-14:00|Vasárnap 06:00-12:00
4272;Hajdú-Bihar;Sáránd;Bagosi utca 16/a.;GN Trafik Bt;47.4074;21.6304;Hétfő 06:00-20:00|Kedd 06:00-20:00|Szerda 06:00-20:00|Csütörtök 06:00-20:00|Péntek 06:00-20:00|Szombat 07:00-18:00|Vasárnap 07:00-18:00
2523;Komárom-Esztergom;Sárisáp;Malom utca 8.;Karcagi Pál;47.6749;18.6806;Hétfő 05:00-11:00|Kedd 05:00-11:00|Szerda 05:00-11:00|Csütörtök 05:00-11:00|Péntek 05:00-11:00|Szombat 07:00-12:00|Vasárnap 08:00-12:00
5720;Békés;Sarkad;Gyulai út 37.;Tóth Julianna;46.7395;21.3736;Hétfő 06:00-22:00|Kedd 06:00-22:00|Szerda 06:00-22:00|Csütörtök 06:00-22:00|Péntek 06:00-22:00|Szombat 06:00-22:00
5720;Békés;Sarkad;Gyulai út 5.;Csóka Mária;46.7395;21.3736;Hétfő 06:00-22:00|Kedd 06:00-22:00|Szerda 06:00-22:00|Csütörtök 06:00-22:00|Péntek 06:00-22:00|Szombat 06:00-22:00
5720;Békés;Sarkad;Szalontai utca 9;Bende Istvánné;46.7395;21.3736;Hétfő 06:00-22:00|Kedd 06:00-22:00|Szerda 06:00-22:00|Csütörtök 06:00-22:00|Péntek 06:00-22:00|Szombat 06:00-22:00
5720;Békés;Sarkad;Vasút utca 28.;Szabó Éva;46.7407299;21.3918872;Hétfő 06:00-18:30|Kedd 06:00-18:30|Szerda 06:00-18:30|Csütörtök 06:00-18:30|Péntek 06:00-18:30|Szombat 06:00-14:00|Vasárnap 06:30-11:00
8125;Fejér;Sárkeresztúr;Dózsa György utca 39;Sárvíz Trafik Bt.;47.0069;18.5475;Hétfő 07:00-19:00|Kedd 07:00-19:00|Szerda 07:00-19:00|Csütörtök 07:00-19:00|Péntek 07:00-19:00|Szombat 07:00-19:00|Vasárnap 07:00-19:00
8125;Fejér;Sárkeresztúr;Petőfi Sándor utca 23.;Ludányi Jánosné;46.9991;18.5547;Hétfő 06:00-20:00|Kedd 06:00-20:00|Szerda 06:00-20:00|Csütörtök 06:00-20:00|Péntek 06:00-20:00|Szombat 06:00-12:00|Vasárnap 06:00-10:00
2433;Fejér;Sárosd;Fő utca 17.;Me-Land Market Bt.;47.0452;18.6414;Hétfő 06:00-18:00|Kedd 06:00-18:00|Szerda 06:00-18:00|Csütörtök 06:00-18:00|Péntek 06:00-18:00|Szombat 06:00-12:00|Vasárnap 06:00-12:00
2433;Fejér;Sárosd;Perkátai út 32.;Horta-Market Bt.;47.0452;18.6414;Hétfő 06:00-18:00|Kedd 06:00-18:00|Szerda 06:00-18:00|Csütörtök 06:00-18:00|Péntek 06:00-18:00|Szombat 06:00-12:00|Vasárnap 06:00-12:00
8126;Fejér;Sárszentágota;Dózsa György utca 5.;Nagy Győzőné;46.9667;18.5624;Hétfő 08:00-18:00|Kedd 08:00-18:00|Szerda 08:00-18:00|Csütörtök 08:00-18:00|Péntek 08:00-18:00|Szombat 07:00-11:00|Vasárnap 08:00-10:00
7047;Tolna;Sárszentlőrinc;Petőfi utca 21.;Mecsek Dohányértékesítő Bt.;46.6246;18.6071;Hétfő 06:00-17:00|Kedd 06:00-17:00|Szerda 06:00-17:00|Csütörtök 06:00-17:00|Péntek 06:00-17:00|Szombat 06:00-11:00
8143;Fejér;Sárszentmihály;Fő út 131.;Klesitz Tibor;47.1528;18.3356;Hétfő 05:30-20:00|Kedd 05:30-20:00|Szerda 05:30-20:00|Csütörtök 05:30-20:00|Péntek 05:30-20:00|Szombat 06:00-18:00
8143;Fejér;Sárszentmihály;Fő út 29/A.;Perla Trafik Bt;47.1528;18.3356;Hétfő 05:30-20:00|Kedd 05:30-20:00|Szerda 05:30-20:00|Csütörtök 05:30-20:00|Péntek 05:30-20:00|Szombat 06:00-18:00
9600;Vas;Sárvár;Alkotmány utca 4.;Sárvári Trafik S+S Kkt.;47.2502;16.942;Hétfő 06:00-22:00|Kedd 06:00-22:00|Szerda 06:00-22:00|Csütörtök 06:00-22:00|Péntek 06:00-22:00|Szombat 06:00-22:00|Vasárnap 07:00-18:00
9600;Vas;Sárvár;Batthyány utca 33.;WEST-TABAK Bt.;47.2502;16.942;Hétfő 06:00-22:00|Kedd 06:00-22:00|Szerda 06:00-22:00|Csütörtök 06:00-22:00|Péntek 06:00-22:00|Szombat 06:00-22:00|Vasárnap 07:00-18:00
9600;Vas;Sárvár;Fekete-híd utca 2.;Z+K Tabak Bt.;47.2502;16.942;Hétfő 06:00-22:00|Kedd 06:00-22:00|Szerda 06:00-22:00|Csütörtök 06:00-22:00|Péntek 06:00-22:00|Szombat 06:00-22:00|Vasárnap 07:00-18:00
9600;Vas;Sárvár;Hunyadi utca 1.;Ata-Ker 2013 Bt;47.2502;16.942;Hétfő 06:00-22:00|Kedd 06:00-22:00|Szerda 06:00-22:00|Csütörtök 06:00-22:00|Péntek 06:00-22:00|Szombat 06:00-22:00|Vasárnap 07:00-18:00
9600;Vas;Sárvár;Laktanya utca 2.;Sárvári Trafik M+A Kkt.;47.2502;16.942;Hétfő 06:00-22:00|Kedd 06:00-22:00|Szerda 06:00-22:00|Csütörtök 06:00-22:00|Péntek 06:00-22:00|Szombat 06:00-22:00|Vasárnap 07:00-18:00
9600;Vas;Sárvár;Nádasdy utca 55.;Sárvári Coop-Trafik Bt.;47.2502;16.942;Hétfő 06:00-22:00|Kedd 06:00-22:00|Szerda 06:00-22:00|Csütörtök 06:00-22:00|Péntek 06:00-22:00|Szombat 06:00-22:00|Vasárnap 07:00-18:00
9600;Vas;Sárvár;Rákóczi út 43/A.;NYUGATTABAK KKT;47.2502;16.942;Hétfő 06:00-22:00|Kedd 06:00-22:00|Szerda 06:00-22:00|Csütörtök 06:00-22:00|Péntek 06:00-22:00|Szombat 06:00-22:00|Vasárnap 07:00-18:00
9600;Vas;Sárvár;Rákóczi utca 16-18.;Krisztina Tabak Bt.;47.2502;16.942;Hétfő 06:00-22:00|Kedd 06:00-22:00|Szerda 06:00-22:00|Csütörtök 06:00-22:00|Péntek 06:00-22:00|Szombat 06:00-22:00|Vasárnap 07:00-18:00
4533;Szabolcs-Szatmár-Bereg;Sényő;Kossuth utca 62.;Pehely Evelin;47.9995;21.8793;Hétfő 06:00-20:00|Kedd 06:00-20:00|Szerda 06:00-20:00|Csütörtök 06:00-20:00|Péntek 06:00-20:00|Szombat 06:00-20:00|Vasárnap 06:00-16:00
8111;Fejér;Seregélyes;Fő út 194.;Alba Trafik Bt;47.1091;18.5827;Hétfő 06:00-18:00|Kedd 06:00-18:00|Szerda 06:00-18:00|Csütörtök 06:00-18:00|Péntek 06:00-18:00|Szombat 06:00-18:00|Vasárnap 06:00-18:00
8111;Fejér;Seregélyes;Nagyköz utca 8.;Palkovics Krisztián;47.1091;18.5827;Hétfő 06:00-18:00|Kedd 06:00-18:00|Szerda 06:00-18:00|Csütörtök 06:00-18:00|Péntek 06:00-18:00|Szombat 06:00-18:00|Vasárnap 06:00-18:00
8600;Somogy;Siófok;Bajcsy Zsilinszky utca 110.;Sendex Trafik Bt.;46.879254;18.070227;Hétfő 06:00-20:00|Kedd 06:00-20:00|Szerda 06:00-20:00|Csütörtök 06:00-20:00|Péntek 06:00-20:00|Szombat 06:00-20:00|Vasárnap 08:30-19:00
8600;Somogy;Siófok;Fasor sétány 1.;Trafik Beach Bt.;46.879254;18.070227;Hétfő 06:00-20:00|Kedd 06:00-20:00|Szerda 06:00-20:00|Csütörtök 06:00-20:00|Péntek 06:00-20:00|Szombat 06:00-20:00|Vasárnap 08:30-19:00
8600;Somogy;Siófok;Fő tér 9.;Fumidusz Bt.;46.879254;18.070227;Hétfő 06:00-20:00|Kedd 06:00-20:00|Szerda 06:00-20:00|Csütörtök 06:00-20:00|Péntek 06:00-20:00|Szombat 06:00-20:00|Vasárnap 08:30-19:00
8600;Somogy;Siófok;Fő utca 107. földszint 3. ajtó;Balázs Zoltánné;46.879254;18.070227;Hétfő 06:00-20:00|Kedd 06:00-20:00|Szerda 06:00-20:00|Csütörtök 06:00-20:00|Péntek 06:00-20:00|Szombat 06:00-20:00|Vasárnap 08:30-19:00
8600;Somogy;Siófok;Fő utca 83.;Sinka Edit;46.879254;18.070227;Hétfő 06:00-20:00|Kedd 06:00-20:00|Szerda 06:00-20:00|Csütörtök 06:00-20:00|Péntek 06:00-20:00|Szombat 06:00-20:00|Vasárnap 08:30-19:00
8600;Somogy;Siófok;Honvéd utca 64.;Kovács Gábor;46.879254;18.070227;Hétfő 06:00-20:00|Kedd 06:00-20:00|Szerda 06:00-20:00|Csütörtök 06:00-20:00|Péntek 06:00-20:00|Szombat 06:00-20:00|Vasárnap 08:30-19:00
8600;Somogy;Siófok;Koch Róbert utca 15/A.;Balázs Zoltánné;46.879254;18.070227;Hétfő 06:00-20:00|Kedd 06:00-20:00|Szerda 06:00-20:00|Csütörtök 06:00-20:00|Péntek 06:00-20:00|Szombat 06:00-20:00|Vasárnap 08:30-19:00
8600;Somogy;Siófok;Sió utca 10. Fsz. 2.;Nagy László;46.879254;18.070227;Hétfő 06:00-20:00|Kedd 06:00-20:00|Szerda 06:00-20:00|Csütörtök 06:00-20:00|Péntek 06:00-20:00|Szombat 06:00-20:00|Vasárnap 08:30-19:00
8600;Somogy;Siófok;Vak Bottyán utca 1-5.;Fumidusz Bt.;46.879254;18.070227;Hétfő 06:00-20:00|Kedd 06:00-20:00|Szerda 06:00-20:00|Csütörtök 06:00-20:00|Péntek 06:00-20:00|Szombat 06:00-20:00|Vasárnap 08:30-19:00
8600;Somogy;Siófok;Zamárdi utca 1-2.;Fekete Zoltán Antal;46.879254;18.070227;Hétfő 06:00-20:00|Kedd 06:00-20:00|Szerda 06:00-20:00|Csütörtök 06:00-20:00|Péntek 06:00-20:00|Szombat 06:00-20:00|Vasárnap 08:30-19:00
3332;Heves;Sirok;Nyírjes út 4. 760/5.;Tuza Gáborné;47.9281;20.1946;Hétfő 05:00-16:00|Kedd 05:00-16:00|Szerda 05:00-16:00|Csütörtök 05:00-16:00|Péntek 05:00-16:00|Szombat 05:00-12:00|Vasárnap 06:00-11:00
9315;Győr-Moson-Sopron;Sobor;Andrási 8.;Nemes Lászlóné;47.4772;17.3748;Hétfő 06:30-17:00|Kedd 06:30-17:00|Szerda 06:30-17:00|Csütörtök 06:30-17:00|Péntek 06:30-17:00|Szombat 06:30-12:30|Vasárnap 11:00-13:30
8897;Győr-Moson-Sopron;Söjtör;Deák Ferenc utca 185.;Vizsi és Garo Bt.;46.6641864;16.8483366;Hétfő 04:30-19:00|Kedd 04:30-19:00|Szerda 04:30-19:00|Csütörtök 04:30-19:00|Péntek 04:30-22:00|Szombat 07:00-22:00|Vasárnap 07:00-20:00
9112;Bács-Kiskun;Sokorópátka;Fő út 12.;Erdős Zoltán János;47.4914;17.6908;Hétfő 07:00-17:00|Kedd 07:00-17:00|Szerda 07:00-17:00|Csütörtök 07:00-17:00|Péntek 07:00-17:00|Szombat 07:00-12:00
6230;Veszprém;Soltvadkert;Bocskai utca 19 .;Kelemenné Péczka Tünde;46.578976;19.395571;Hétfő 05:00-22:00|Kedd 05:00-22:00|Szerda 05:00-22:00|Csütörtök 05:00-22:00|Péntek 05:00-22:00|Szombat 05:00-22:00|Vasárnap 05:00-22:00
6230;Veszprém;Soltvadkert;Dr. Gratzer István utca 3.;Kárpáti János Gergő;46.581455;19.393982;Hétfő 05:00-20:00|Kedd 05:00-20:00|Szerda 05:00-20:00|Csütörtök 05:00-20:00|Péntek 05:00-20:00|Szombat 05:00-23:59|Vasárnap 05:00-20:00
6230;Veszprém;Soltvadkert;Ifjúság utca 2.;Vizi János;46.578976;19.395571;Hétfő 05:00-22:00|Kedd 05:00-22:00|Szerda 05:00-22:00|Csütörtök 05:00-22:00|Péntek 05:00-22:00|Szombat 05:00-22:00|Vasárnap 05:00-22:00
6230;Veszprém;Soltvadkert;Kossuth Lajos utca 15.;Primvill Bt;46.578976;19.395571;Hétfő 05:00-22:00|Kedd 05:00-22:00|Szerda 05:00-22:00|Csütörtök 05:00-22:00|Péntek 05:00-22:00|Szombat 05:00-22:00|Vasárnap 05:00-22:00
2083;Somogy;Solymár;Rózsika utca 2/B.;Vraskó János;47.5821;18.939;Hétfő 06:00-20:00|Kedd 06:00-20:00|Szerda 06:00-20:00|Csütörtök 06:00-20:00|Péntek 06:00-20:00|Szombat 06:00-20:00|Vasárnap 06:00-20:00
2083;Somogy;Solymár;Templom tér 3.;Solymár Tabak Bt;47.5821;18.939;Hétfő 06:00-20:00|Kedd 06:00-20:00|Szerda 06:00-20:00|Csütörtök 06:00-20:00|Péntek 06:00-20:00|Szombat 06:00-20:00|Vasárnap 06:00-20:00
2083;Somogy;Solymár;Terstyánszky Ödön utca 94.;2Bacco Bt.;47.597;18.9291;Hétfő 06:00-20:00|Kedd 06:00-20:00|Szerda 06:00-20:00|Csütörtök 06:00-20:00|Péntek 06:00-20:00|Szombat 06:00-19:00|Vasárnap 07:00-18:00
2083;Somogy;Solymár;Vasút utca 17.;Kozek Krisztina;47.5821;18.939;Hétfő 06:00-20:00|Kedd 06:00-20:00|Szerda 06:00-20:00|Csütörtök 06:00-20:00|Péntek 06:00-20:00|Szombat 06:00-20:00|Vasárnap 06:00-20:00
8481;Veszprém;Somlóvásárhely;03/2. Hrsz.;Osztoics Tamás;47.1203;17.3777;Hétfő 06:30-16:00|Kedd 06:30-16:00|Szerda 06:30-16:00|Csütörtök 06:30-16:00|Péntek 06:30-16:00|Szombat 06:30-11:30
8684;Somogy;Somogybabod;Ady Endre utca 12.;Csek Győzőné;46.6807;17.7731;Hétfő 07:00-21:00|Kedd 07:00-21:00|Szerda 07:00-21:00|Csütörtök 07:00-21:00|Péntek 07:00-21:00|Szombat 07:00-21:00|Vasárnap 07:00-21:00
8699;Somogy;Somogyvámos;Fő utca 74.;Márton Lajosné;46.5717;17.6847;Hétfő 07:00-19:00|Kedd 07:00-19:00|Szerda 07:00-19:00|Csütörtök 07:00-19:00|Péntek 07:00-19:00|Szombat 07:00-19:00|Vasárnap 08:00-12:00
8123;Győr-Moson-Sopron;Soponya;Petőfi út 187/b.;Fekti Beáta;47.0124;18.4548;Hétfő 06:00-18:00|Kedd 06:00-18:00|Szerda 06:00-18:00|Csütörtök 06:00-18:00|Péntek 06:00-18:00|Szombat 06:00-18:00|Vasárnap 07:00-14:00
9483;Győr-Moson-Sopron;Sopronkövesd;Kossuth Lajos 64.;Rupf Tibor;47.5439;16.7471;Hétfő 07:00-19:00|Kedd 07:00-19:00|Szerda 07:00-19:00|Csütörtök 07:00-19:00|Péntek 07:00-19:00|Szombat 07:00-19:00
2038;Vas;Sóskút;Fő utca 22.;Belle Tabak Bt.;47.4066;18.8331;Hétfő 06:00-21:00|Kedd 06:00-21:00|Szerda 06:00-21:00|Csütörtök 06:00-21:00|Péntek 06:00-21:00|Szombat 06:00-21:00|Vasárnap 07:00-20:00
2038;Vas;Sóskút;Petőfi Sándor utca 57.;Kovács Sándorné;47.4066;18.8331;Hétfő 06:00-21:00|Kedd 06:00-21:00|Szerda 06:00-21:00|Csütörtök 06:00-21:00|Péntek 06:00-21:00|Szombat 06:00-21:00|Vasárnap 07:00-20:00
6346;Baranya;Sükösd;Hősök tere 2.;Füstkarika Trafik Bt.;46.2891;18.9946;Hétfő 14:00-22:00|Kedd 06:00-14:00|Szerda 14:00-22:00|Csütörtök 06:00-14:00|Péntek 14:00-22:00|Szombat 06:00-14:00|Vasárnap 14:00-22:00
2241;Zala;Sülysáp;József Attila utca 2.;Kiss Zsolt;47.4532;19.5505;Hétfő 06:00-18:00|Kedd 06:00-18:00|Szerda 06:00-18:00|Csütörtök 06:00-18:00|Péntek 06:00-18:00|Szombat 07:00-15:00|Vasárnap 08:00-12:00
2241;Zala;Sülysáp;Kápolna utca 21.;Holépszer Bt.;47.4532;19.5505;Hétfő 06:00-18:00|Kedd 06:00-18:00|Szerda 06:00-18:00|Csütörtök 06:00-18:00|Péntek 06:00-18:00|Szombat 07:00-15:00|Vasárnap 08:00-12:00
2241;Zala;Sülysáp;Szent István tér 6.;Dósa Richárd Attila;47.4532;19.5505;Hétfő 06:00-18:00|Kedd 06:00-18:00|Szerda 06:00-18:00|Csütörtök 06:00-18:00|Péntek 06:00-18:00|Szombat 07:00-15:00|Vasárnap 08:00-12:00
2241;Zala;Sülysáp;Vasút utca 45/Q.;Petrikné Kubik Mária;47.4532;19.5505;Hétfő 06:00-18:00|Kedd 06:00-18:00|Szerda 06:00-18:00|Csütörtök 06:00-18:00|Péntek 06:00-18:00|Szombat 07:00-15:00|Vasárnap 08:00-12:00
2241;Zala;Sülysáp;Vasút utca 48.;Dézsé Dohány Bt.;47.4524;19.528;Hétfő 06:00-18:00|Kedd 06:00-18:00|Szerda 06:00-18:00|Csütörtök 06:00-18:00|Péntek 06:00-18:00|Szombat 06:00-18:00|Vasárnap 07:00-12:00
8330;Bács-Kiskun;Sümeg;Baglyas tér 2.;Természetes Füst Bt;46.9775;17.2816;Hétfő 05:30-14:00|Kedd 05:30-14:00|Szerda 05:30-14:00|Csütörtök 05:30-14:00|Péntek 05:30-14:00|Szombat 08:00-12:00
8330;Bács-Kiskun;Sümeg;Flórián tér 3/2;Természetes Füst Bt;46.9775;17.2816;Hétfő 05:30-14:00|Kedd 05:30-14:00|Szerda 05:30-14:00|Csütörtök 05:30-14:00|Péntek 05:30-14:00|Szombat 08:00-12:00
8330;Bács-Kiskun;Sümeg;Kossuth Lajos utca 4.;Dofix Bt;46.9775;17.2816;Hétfő 05:30-14:00|Kedd 05:30-14:00|Szerda 05:30-14:00|Csütörtök 05:30-14:00|Péntek 05:30-14:00|Szombat 08:00-12:00
8151;Fejér;Szabadbattyán;Balatoni út hrsz. 588.;Pákozdi Andrea;47.119846;18.373813;Hétfő 06:00-22:00|Kedd 06:00-22:00|Szerda 06:00-22:00|Csütörtök 06:00-22:00|Péntek 06:00-22:00|Szombat 06:00-22:00|Vasárnap 06:00-22:00
8151;Fejér;Szabadbattyán;Csíkvár tér 3/A;Trafik Shop 2013 BT.;47.119846;18.373813;Hétfő 06:00-22:00|Kedd 06:00-22:00|Szerda 06:00-22:00|Csütörtök 06:00-22:00|Péntek 06:00-22:00|Szombat 06:00-22:00|Vasárnap 06:00-22:00
8151;Fejér;Szabadbattyán;Csíkvár tér 9.;Balázs Család Bt.;47.119846;18.373813;Hétfő 06:00-22:00|Kedd 06:00-22:00|Szerda 06:00-22:00|Csütörtök 06:00-22:00|Péntek 06:00-22:00|Szombat 06:00-22:00|Vasárnap 06:00-22:00
5712;Békés;Szabadkígyós;Kossuth tér 4.;Lipták Laura;46.599;21.0644;Hétfő 06:00-18:00|Kedd 06:00-18:00|Szerda 06:00-18:00|Csütörtök 06:00-18:00|Péntek 06:00-18:00|Szombat 07:00-12:00|Vasárnap 07:00-10:00
5712;Békés;Szabadkígyós;Ókígyósi út 162.;Perza András;46.599;21.0644;Hétfő 06:00-18:00|Kedd 06:00-18:00|Szerda 06:00-18:00|Csütörtök 06:00-18:00|Péntek 06:00-18:00|Szombat 07:00-12:00|Vasárnap 07:00-10:00
4547;Szabolcs-Szatmár-Bereg;Szabolcsbáka;Kossuth utca 93.;Nyírség Gold Trafik Bt.;48.153;22.142;Hétfő 06:00-17:00|Kedd 06:00-17:00|Szerda 06:00-17:00|Csütörtök 06:00-17:00|Péntek 06:00-17:00|Szombat 06:00-13:00
2111;Pest;Szada;Dózsa György 1/B;Józsa Tabak-Shop Bt.;47.6396;19.3135;Hétfő 05:00-21:00|Kedd 05:00-21:00|Szerda 05:00-21:00|Csütörtök 05:00-21:00|Péntek 05:00-21:00|Szombat 06:00-21:00|Vasárnap 06:00-14:00
2111;Pest;Szada;Dózsa György út 80.;Szentesiné Józer Anita;47.6396;19.3135;Hétfő 05:00-21:00|Kedd 05:00-21:00|Szerda 05:00-21:00|Csütörtök 05:00-21:00|Péntek 05:00-21:00|Szombat 06:00-21:00|Vasárnap 06:00-14:00
5081;Jász-Nagykun-Szolnok;Szajol;Mátyás király út 7.;Kátai Tibor;47.174818;20.303827;Hétfő 00:00-23:59|Kedd 00:00-23:59|Szerda 00:00-23:59|Csütörtök 00:00-23:59|Péntek 00:00-23:59|Szombat 00:00-23:59|Vasárnap 00:00-23:59
2856;Komárom-Esztergom;Szákszend;Csillag utca 4.;Durgula Lászlóné;47.5537;18.1662;Hétfő 06:30-15:00|Kedd 06:30-15:00|Szerda 06:30-15:00|Csütörtök 06:30-15:00|Péntek 06:30-15:00|Szombat 06:30-12:00|Vasárnap 08:00-11:00
3863;Borsod-Abaúj-Zemplén;Szalaszend;József Attila út 4/A.;Weigert-Tóth Zsuzsanna;48.3851;21.1269;Hétfő 00:00-23:59|Kedd 08:00-21:00|Szerda 08:00-21:00|Csütörtök 08:00-21:00|Péntek 08:00-21:00|Szombat 08:00-21:00|Vasárnap 08:00-21:00
4824;Szabolcs-Szatmár-Bereg;Szamosszeg;Bercsényi utca 8.;Szabó Irén;48.0453;22.3658;Hétfő 06:00-21:00|Kedd 06:00-21:00|Szerda 06:00-21:00|Csütörtök 06:00-21:00|Péntek 06:00-21:00|Szombat 06:00-21:00
6131;Bács-Kiskun;Szank;Béke utca 49.;Hachbold Gábor;46.5544;19.6684;Hétfő 06:00-18:00|Kedd 06:00-18:00|Szerda 06:00-18:00|Csütörtök 06:00-18:00|Péntek 06:00-18:00|Szombat 06:00-14:00|Vasárnap 07:00-10:00
6131;Bács-Kiskun;Szank;Rákóczi Ferenc utca 27/A.;Tabak Market Bt.;46.5544;19.6684;Hétfő 06:00-18:00|Kedd 06:00-18:00|Szerda 06:00-18:00|Csütörtök 06:00-18:00|Péntek 06:00-18:00|Szombat 06:00-14:00|Vasárnap 07:00-10:00
9317;Győr-Moson-Sopron;Szany;Kossuth Lajos utca 3.;Mmtrafik Dohányértékesítő Kkt;47.4664;17.2956;Hétfő 06:00-17:00|Kedd 06:00-17:00|Szerda 06:00-17:00|Csütörtök 06:00-17:00|Péntek 06:00-17:00|Szombat 06:00-14:00|Vasárnap 06:30-10:30
9317;Győr-Moson-Sopron;Szany;Szabadság utca 1.;Kiss Attila Emilné;47.4664;17.2956;Hétfő 06:00-17:00|Kedd 06:00-17:00|Szerda 06:00-17:00|Csütörtök 06:00-17:00|Péntek 06:00-17:00|Szombat 06:00-14:00|Vasárnap 06:30-10:30
2066;Fejér;Szár;Rákóczi Ferenc utca 55.;Matuza Orsolya;47.478;18.5183;Hétfő 07:00-20:00|Kedd 07:00-20:00|Szerda 07:00-20:00|Csütörtök 07:00-20:00|Péntek 07:00-20:00|Szombat 07:00-18:00|Vasárnap 07:00-15:00
2067;Komárom-Esztergom;Szárliget;Árpád utca 56.;Falusi-Barbara ker. Bt.;47.52;18.4875;Hétfő 06:00-19:00|Kedd 06:00-19:00|Szerda 06:00-19:00|Csütörtök 06:00-19:00|Péntek 06:00-19:00|Szombat 06:00-18:00|Vasárnap 07:00-16:00
2067;Komárom-Esztergom;Szárliget;Petőfi Sándor utca 3.;Onódi László József;47.52;18.4875;Hétfő 06:00-19:00|Kedd 06:00-19:00|Szerda 06:00-19:00|Csütörtök 06:00-19:00|Péntek 06:00-19:00|Szombat 06:00-18:00|Vasárnap 07:00-16:00
5540;Békés;Szarvas;Csabai út 1/2.;Némedi Trafik Bt.;46.866332;20.542179;Hétfő 06:00-21:00|Kedd 06:00-21:00|Szerda 06:00-21:00|Csütörtök 06:00-21:00|Péntek 06:00-23:00|Szombat 06:00-23:00|Vasárnap 06:00-21:00
5540;Békés;Szarvas;Dózsa György utca 42.;Némedi Trafik Bt.;46.866332;20.542179;Hétfő 06:00-21:00|Kedd 06:00-21:00|Szerda 06:00-21:00|Csütörtök 06:00-21:00|Péntek 06:00-23:00|Szombat 06:00-23:00|Vasárnap 06:00-21:00
5540;Békés;Szarvas;Kazinczy utca 1.;Hop-Trafik Bt;46.866332;20.542179;Hétfő 06:00-21:00|Kedd 06:00-21:00|Szerda 06:00-21:00|Csütörtök 06:00-21:00|Péntek 06:00-23:00|Szombat 06:00-23:00|Vasárnap 06:00-21:00
5540;Békés;Szarvas;Szabadság út 35.;Szabó Róbert;46.866332;20.542179;Hétfő 06:00-21:00|Kedd 06:00-21:00|Szerda 06:00-21:00|Csütörtök 06:00-21:00|Péntek 06:00-23:00|Szombat 06:00-23:00|Vasárnap 06:00-21:00
5540;Békés;Szarvas;Szabadság út 41;Litauszki György;46.866332;20.542179;Hétfő 06:00-21:00|Kedd 06:00-21:00|Szerda 06:00-21:00|Csütörtök 06:00-21:00|Péntek 06:00-23:00|Szombat 06:00-23:00|Vasárnap 06:00-21:00
5540;Békés;Szarvas;Vajda Péter utca 8.;Tóth Ferenc;46.866332;20.542179;Hétfő 06:00-21:00|Kedd 06:00-21:00|Szerda 06:00-21:00|Csütörtök 06:00-21:00|Péntek 06:00-23:00|Szombat 06:00-23:00|Vasárnap 06:00-21:00
5540;Békés;Szarvas;Vasút út 54.;Zvara Tibor Ákosné;46.866332;20.542179;Hétfő 06:00-21:00|Kedd 06:00-21:00|Szerda 06:00-21:00|Csütörtök 06:00-21:00|Péntek 06:00-23:00|Szombat 06:00-23:00|Vasárnap 06:00-21:00
5540;Békés;Szarvas;Vasút utca 42.;Némedi Trafik Bt.;46.866332;20.542179;Hétfő 06:00-21:00|Kedd 06:00-21:00|Szerda 06:00-21:00|Csütörtök 06:00-21:00|Péntek 06:00-23:00|Szombat 06:00-23:00|Vasárnap 06:00-21:00
6763;Csongrád;Szatymaz;Kossuth L. utca 68.;Borbola Mihály Gyuláné;46.3413;20.041;Hétfő 06:00-18:00|Kedd 06:00-18:00|Szerda 06:00-18:00|Csütörtök 06:00-18:00|Péntek 06:00-18:00|Szombat 06:00-14:00|Vasárnap 06:00-12:00
6763;Csongrád;Szatymaz;Vasút utca 7.;Tápai Szilvia;46.3443;20.0442;Hétfő 06:00-20:00|Kedd 06:00-20:00|Szerda 06:00-20:00|Csütörtök 06:00-20:00|Péntek 06:00-20:00|Szombat 06:00-14:00
2440;Pest;Százhalombatta;Berzsenyi Dániel utca 2.;Topezocorp Bt;47.3264;18.9231;Hétfő 05:00-22:00|Kedd 05:00-22:00|Szerda 05:00-22:00|Csütörtök 05:00-22:00|Péntek 05:00-22:00|Szombat 05:00-22:00|Vasárnap 05:00-22:00
2440;Pest;Százhalombatta;Csenterics Sándor út 3.;Rosskopf Ferenc László;47.3264;18.9231;Hétfő 05:00-22:00|Kedd 05:00-22:00|Szerda 05:00-22:00|Csütörtök 05:00-22:00|Péntek 05:00-22:00|Szombat 05:00-22:00|Vasárnap 05:00-22:00
2440;Pest;Százhalombatta;Damjanich utca 23.;KRISZTINA TABAK-SHOP Bt.;47.3264;18.9231;Hétfő 05:00-22:00|Kedd 05:00-22:00|Szerda 05:00-22:00|Csütörtök 05:00-22:00|Péntek 05:00-22:00|Szombat 05:00-22:00|Vasárnap 05:00-22:00
2440;Pest;Százhalombatta;Gesztenyés 6.;M&N Bt;47.3264;18.9231;Hétfő 05:00-22:00|Kedd 05:00-22:00|Szerda 05:00-22:00|Csütörtök 05:00-22:00|Péntek 05:00-22:00|Szombat 05:00-22:00|Vasárnap 05:00-22:00
2440;Pest;Százhalombatta;Kodály Zoltán sétány 2337/18. Hrsz.;Sz&M Trafik Bt.;47.3264;18.9231;Hétfő 05:00-22:00|Kedd 05:00-22:00|Szerda 05:00-22:00|Csütörtök 05:00-22:00|Péntek 05:00-22:00|Szombat 05:00-22:00|Vasárnap 05:00-22:00
2440;Pest;Százhalombatta;Kodály Zoltán sétány 32.;Oláh Gábor;47.3136828;18.9071343;Hétfő 06:00-18:00|Kedd 06:00-18:00|Szerda 06:00-18:00|Csütörtök 06:00-18:00|Péntek 06:00-18:00|Szombat 06:00-14:00
2440;Pest;Százhalombatta;Olimpia utca 1.;Crane Tobacco Bt.;47.3156;18.915;Hétfő 04:30-23:00|Kedd 04:30-23:00|Szerda 04:30-23:00|Csütörtök 04:30-23:00|Péntek 04:30-23:00|Szombat 04:30-23:00|Vasárnap 04:30-23:00
2440;Pest;Százhalombatta;Szent László út 30.;Mrázné Tóth Erzsébet;47.3264;18.9231;Hétfő 05:00-22:00|Kedd 05:00-22:00|Szerda 05:00-22:00|Csütörtök 05:00-22:00|Péntek 05:00-22:00|Szombat 05:00-22:00|Vasárnap 05:00-22:00
2440;Pest;Százhalombatta;Városkapu utca 2981 hrsz.;Dr. Lachmann Norbert;47.3264;18.9231;Hétfő 05:00-22:00|Kedd 05:00-22:00|Szerda 05:00-22:00|Csütörtök 05:00-22:00|Péntek 05:00-22:00|Szombat 05:00-22:00|Vasárnap 05:00-22:00
3170;Nógrád;Szécsény;Rákóczi út 76.;M-HERKULES Bt.;48.082;19.5222;Hétfő 06:00-22:00|Kedd 06:00-22:00|Szerda 06:00-22:00|Csütörtök 06:00-22:00|Péntek 06:00-22:00|Szombat 06:00-22:00|Vasárnap 06:00-12:00
3170;Nógrád;Szécsény;Rákóczi út 88;HMS- Coop Bt;48.082;19.5222;Hétfő 06:00-22:00|Kedd 06:00-22:00|Szerda 06:00-22:00|Csütörtök 06:00-22:00|Péntek 06:00-22:00|Szombat 06:00-22:00|Vasárnap 06:00-12:00
3170;Nógrád;Szécsény;Varsányi út 0213/30. hrsz.;Sümegi Tünde Adél;48.082;19.5222;Hétfő 06:00-22:00|Kedd 06:00-22:00|Szerda 06:00-22:00|Csütörtök 06:00-22:00|Péntek 06:00-22:00|Szombat 06:00-22:00|Vasárnap 06:00-12:00
7056;Tolna;Szedres;Széchenyi utca 36.;Zengő Bt.;46.4737;18.6841;Hétfő 06:00-18:00|Kedd 06:00-18:00|Szerda 06:00-18:00|Csütörtök 06:00-18:00|Péntek 06:00-18:00|Szombat 06:00-18:00|Vasárnap 07:00-18:00
6720;Csongrád;Szeged;4035/3. HRSZ.;CSIBO TABAK Bt.;46.272375;20.161452;Hétfő 05:00-00:00|Kedd 05:00-00:00|Szerda 05:00-00:00|Csütörtök 05:00-00:00|Péntek 05:00-00:00|Szombat 05:00-00:00|Vasárnap 05:00-00:00
6728;Csongrád;Szeged;Algyői út 72.;Hekla Trade Bt.;46.272375;20.161452;Hétfő 05:00-00:00|Kedd 05:00-00:00|Szerda 05:00-00:00|Csütörtök 05:00-00:00|Péntek 05:00-00:00|Szombat 05:00-00:00|Vasárnap 05:00-00:00
6700;Csongrád;Szeged;Back Bernát utca 7;Smoke Tabak Bt;46.272375;20.161452;Hétfő 05:00-00:00|Kedd 05:00-00:00|Szerda 05:00-00:00|Csütörtök 05:00-00:00|Péntek 05:00-00:00|Szombat 05:00-00:00|Vasárnap 05:00-00:00
6724;Csongrád;Szeged;Bakay Nándor utca 24. A épület földszint 19. ajtó;Smoke Tabak Bt.;46.272375;20.161452;Hétfő 05:00-00:00|Kedd 05:00-00:00|Szerda 05:00-00:00|Csütörtök 05:00-00:00|Péntek 05:00-00:00|Szombat 05:00-00:00|Vasárnap 05:00-00:00
6722;Csongrád;Szeged;Bécsi körút 27.;Bukis Bt.;46.272375;20.161452;Hétfő 05:00-00:00|Kedd 05:00-00:00|Szerda 05:00-00:00|Csütörtök 05:00-00:00|Péntek 05:00-00:00|Szombat 05:00-00:00|Vasárnap 05:00-00:00
6725;Csongrád;Szeged;Bem utca 1.;Burnót Trafik Bt;46.272375;20.161452;Hétfő 05:00-00:00|Kedd 05:00-00:00|Szerda 05:00-00:00|Csütörtök 05:00-00:00|Péntek 05:00-00:00|Szombat 05:00-00:00|Vasárnap 05:00-00:00
6724;Csongrád;Szeged;Boros József utca 15. fszt. 9.;Bemese Team Bt.;46.272375;20.161452;Hétfő 05:00-00:00|Kedd 05:00-00:00|Szerda 05:00-00:00|Csütörtök 05:00-00:00|Péntek 05:00-00:00|Szombat 05:00-00:00|Vasárnap 05:00-00:00
6753;Csongrád;Szeged;Budai Nagy Antal 27/B.;Imre Trafik Bt;46.272375;20.161452;Hétfő 05:00-00:00|Kedd 05:00-00:00|Szerda 05:00-00:00|Csütörtök 05:00-00:00|Péntek 05:00-00:00|Szombat 05:00-00:00|Vasárnap 05:00-00:00
6723;Csongrád;Szeged;Budapesti körút 1.;Tisza Trafik Bt;46.272375;20.161452;Hétfő 05:00-00:00|Kedd 05:00-00:00|Szerda 05:00-00:00|Csütörtök 05:00-00:00|Péntek 05:00-00:00|Szombat 05:00-00:00|Vasárnap 05:00-00:00
6723;Csongrád;Szeged;Budapesti körút 38.;Traficum Bt;46.272375;20.161452;Hétfő 05:00-00:00|Kedd 05:00-00:00|Szerda 05:00-00:00|Csütörtök 05:00-00:00|Péntek 05:00-00:00|Szombat 05:00-00:00|Vasárnap 05:00-00:00
6723;Csongrád;Szeged;Csillag tér 6.;Bemese Team Bt.;46.272375;20.161452;Hétfő 05:00-00:00|Kedd 05:00-00:00|Szerda 05:00-00:00|Csütörtök 05:00-00:00|Péntek 05:00-00:00|Szombat 05:00-00:00|Vasárnap 05:00-00:00
6724;Csongrád;Szeged;Csongrádi sugárút 62-64. földszint 7. ajtó;Bényi Trafik Bt.;46.272375;20.161452;Hétfő 05:00-00:00|Kedd 05:00-00:00|Szerda 05:00-00:00|Csütörtök 05:00-00:00|Péntek 05:00-00:00|Szombat 05:00-00:00|Vasárnap 05:00-00:00
6723;Csongrád;Szeged;Csongrádi sugárút 89.;CSIBO TABAK Bt.;46.272375;20.161452;Hétfő 05:00-00:00|Kedd 05:00-00:00|Szerda 05:00-00:00|Csütörtök 05:00-00:00|Péntek 05:00-00:00|Szombat 05:00-00:00|Vasárnap 05:00-00:00
6722;Csongrád;Szeged;Dáni utca 7. földszint 13. ajtó;Tápai Dohánytermék Bt.;46.272375;20.161452;Hétfő 05:00-00:00|Kedd 05:00-00:00|Szerda 05:00-00:00|Csütörtök 05:00-00:00|Péntek 05:00-00:00|Szombat 05:00-00:00|Vasárnap 05:00-00:00
6720;Csongrád;Szeged;Deák Ferenc utca 2.;Hekla Trade Bt.;46.272375;20.161452;Hétfő 05:00-00:00|Kedd 05:00-00:00|Szerda 05:00-00:00|Csütörtök 05:00-00:00|Péntek 05:00-00:00|Szombat 05:00-00:00|Vasárnap 05:00-00:00
6723;Csongrád;Szeged;Etelka sor 1.;Toldi Trafik Bt;46.272375;20.161452;Hétfő 05:00-00:00|Kedd 05:00-00:00|Szerda 05:00-00:00|Csütörtök 05:00-00:00|Péntek 05:00-00:00|Szombat 05:00-00:00|Vasárnap 05:00-00:00
6726;Csongrád;Szeged;Fő fasor 102.;Ka-Do-Kip Bt;46.272375;20.161452;Hétfő 05:00-00:00|Kedd 05:00-00:00|Szerda 05:00-00:00|Csütörtök 05:00-00:00|Péntek 05:00-00:00|Szombat 05:00-00:00|Vasárnap 05:00-00:00
6727;Csongrád;Szeged;Gábor Áron utca 24.;Workload Bt;46.2686;20.1768;Hétfő 06:00-22:00|Kedd 06:00-22:00|Szerda 06:00-22:00|Csütörtök 06:00-22:00|Péntek 06:00-22:00|Szombat 06:00-22:00|Vasárnap 06:00-21:00
6723;Csongrád;Szeged;Gáspár Zoltán utca 6.;Ribizsár Péter;46.272375;20.161452;Hétfő 05:00-00:00|Kedd 05:00-00:00|Szerda 05:00-00:00|Csütörtök 05:00-00:00|Péntek 05:00-00:00|Szombat 05:00-00:00|Vasárnap 05:00-00:00
6723;Csongrád;Szeged;Gyöngyvirág utca 10.;Talent Service Betéti Társaság;46.272375;20.161452;Hétfő 05:00-00:00|Kedd 05:00-00:00|Szerda 05:00-00:00|Csütörtök 05:00-00:00|Péntek 05:00-00:00|Szombat 05:00-00:00|Vasárnap 05:00-00:00
6722;Csongrád;Szeged;Hajnóczy utca 30.;Körút Trafik BT;46.2552;20.1404;Hétfő 07:00-21:30|Kedd 07:00-21:30|Szerda 07:00-21:30|Csütörtök 07:00-21:30|Péntek 07:00-21:30|Szombat 08:00-18:00|Vasárnap 08:00-14:00
6728;Csongrád;Szeged;Hosszú utca 73-79.;Mészáros János;46.272375;20.161452;Hétfő 05:00-00:00|Kedd 05:00-00:00|Szerda 05:00-00:00|Csütörtök 05:00-00:00|Péntek 05:00-00:00|Szombat 05:00-00:00|Vasárnap 05:00-00:00
6724;Csongrád;Szeged;Kálvária tér 25.;Ka-Do-Kip Bt;46.272375;20.161452;Hétfő 05:00-00:00|Kedd 05:00-00:00|Szerda 05:00-00:00|Csütörtök 05:00-00:00|Péntek 05:00-00:00|Szombat 05:00-00:00|Vasárnap 05:00-00:00
6720;Csongrád;Szeged;Károlyi utca 4.;Togo Kereskedelmi Bt.;46.272375;20.161452;Hétfő 05:00-00:00|Kedd 05:00-00:00|Szerda 05:00-00:00|Csütörtök 05:00-00:00|Péntek 05:00-00:00|Szombat 05:00-00:00|Vasárnap 05:00-00:00
6725;Csongrád;Szeged;Katona József utca 89.;Kaszás Trafik Bt;46.272375;20.161452;Hétfő 05:00-00:00|Kedd 05:00-00:00|Szerda 05:00-00:00|Csütörtök 05:00-00:00|Péntek 05:00-00:00|Szombat 05:00-00:00|Vasárnap 05:00-00:00
6720;Csongrád;Szeged;Kelemen László utca 11.;Togo Kereskedelmi Bt.;46.272375;20.161452;Hétfő 05:00-00:00|Kedd 05:00-00:00|Szerda 05:00-00:00|Csütörtök 05:00-00:00|Péntek 05:00-00:00|Szombat 05:00-00:00|Vasárnap 05:00-00:00
6723;Csongrád;Szeged;Kereszttöltés utca 19/b.;Fortuna 92 Bt.;46.272375;20.161452;Hétfő 05:00-00:00|Kedd 05:00-00:00|Szerda 05:00-00:00|Csütörtök 05:00-00:00|Péntek 05:00-00:00|Szombat 05:00-00:00|Vasárnap 05:00-00:00
6721;Csongrád;Szeged;Kossuth Lajos sugárút 10-12.;Furnas Bt.;46.272375;20.161452;Hétfő 05:00-00:00|Kedd 05:00-00:00|Szerda 05:00-00:00|Csütörtök 05:00-00:00|Péntek 05:00-00:00|Szombat 05:00-00:00|Vasárnap 05:00-00:00
6724;Csongrád;Szeged;Kossuth Lajos sugárút 117.;TF Dohány Bt.;46.272375;20.161452;Hétfő 05:00-00:00|Kedd 05:00-00:00|Szerda 05:00-00:00|Csütörtök 05:00-00:00|Péntek 05:00-00:00|Szombat 05:00-00:00|Vasárnap 05:00-00:00
6724;Csongrád;Szeged;Kossuth Lajos sugárút 69-71;Workload Bt;46.272375;20.161452;Hétfő 05:00-00:00|Kedd 05:00-00:00|Szerda 05:00-00:00|Csütörtök 05:00-00:00|Péntek 05:00-00:00|Szombat 05:00-00:00|Vasárnap 05:00-00:00
6771;Csongrád;Szeged;Magyar utca 1.;Ternik Bt.;46.272375;20.161452;Hétfő 05:00-00:00|Kedd 05:00-00:00|Szerda 05:00-00:00|Csütörtök 05:00-00:00|Péntek 05:00-00:00|Szombat 05:00-00:00|Vasárnap 05:00-00:00
6771;Csongrád;Szeged;Makai út 113.;Toldi Trafik Bt;46.272375;20.161452;Hétfő 05:00-00:00|Kedd 05:00-00:00|Szerda 05:00-00:00|Csütörtök 05:00-00:00|Péntek 05:00-00:00|Szombat 05:00-00:00|Vasárnap 05:00-00:00
6724;Csongrád;Szeged;Makkoserdő sor 30.;DÉLI-BÁB '98 Bt.;46.272375;20.161452;Hétfő 05:00-00:00|Kedd 05:00-00:00|Szerda 05:00-00:00|Csütörtök 05:00-00:00|Péntek 05:00-00:00|Szombat 05:00-00:00|Vasárnap 05:00-00:00
6723;Csongrád;Szeged;Makkosházi körút 21.;Furnas Bt.;46.272375;20.161452;Hétfő 05:00-00:00|Kedd 05:00-00:00|Szerda 05:00-00:00|Csütörtök 05:00-00:00|Péntek 05:00-00:00|Szombat 05:00-00:00|Vasárnap 05:00-00:00
6723;Csongrád;Szeged;Makkosházi körút 4.;Intertabacodako Bt.;46.272375;20.161452;Hétfő 05:00-00:00|Kedd 05:00-00:00|Szerda 05:00-00:00|Csütörtök 05:00-00:00|Péntek 05:00-00:00|Szombat 05:00-00:00|Vasárnap 05:00-00:00
6726;Csongrád;Szeged;Marostői utca 23.;Kaszás Trafik Bt;46.272375;20.161452;Hétfő 05:00-00:00|Kedd 05:00-00:00|Szerda 05:00-00:00|Csütörtök 05:00-00:00|Péntek 05:00-00:00|Szombat 05:00-00:00|Vasárnap 05:00-00:00
6722;Csongrád;Szeged;Mars tér 17.;Gőgh József;46.272375;20.161452;Hétfő 05:00-00:00|Kedd 05:00-00:00|Szerda 05:00-00:00|Csütörtök 05:00-00:00|Péntek 05:00-00:00|Szombat 05:00-00:00|Vasárnap 05:00-00:00
6723;Csongrád;Szeged;Mikszáth Kálmán utca 23.;Füst és Kávé Bt.;46.272375;20.161452;Hétfő 05:00-00:00|Kedd 05:00-00:00|Szerda 05:00-00:00|Csütörtök 05:00-00:00|Péntek 05:00-00:00|Szombat 05:00-00:00|Vasárnap 05:00-00:00
6723;Csongrád;Szeged;Molnár utca 3-5.;Pipicz Lajos Tamás;46.272375;20.161452;Hétfő 05:00-00:00|Kedd 05:00-00:00|Szerda 05:00-00:00|Csütörtök 05:00-00:00|Péntek 05:00-00:00|Szombat 05:00-00:00|Vasárnap 05:00-00:00
6720;Csongrád;Szeged;Nagy Jenő utca 1.;Kupola Dohány Bt.;46.272375;20.161452;Hétfő 05:00-00:00|Kedd 05:00-00:00|Szerda 05:00-00:00|Csütörtök 05:00-00:00|Péntek 05:00-00:00|Szombat 05:00-00:00|Vasárnap 05:00-00:00
6726;Csongrád;Szeged;Népkert sor 1.;Liget Tabac Bt.;46.272375;20.161452;Hétfő 05:00-00:00|Kedd 05:00-00:00|Szerda 05:00-00:00|Csütörtök 05:00-00:00|Péntek 05:00-00:00|Szombat 05:00-00:00|Vasárnap 05:00-00:00
6724;Csongrád;Szeged;Ortutay utca 2.;Füst és Kávé Bt.;46.272375;20.161452;Hétfő 05:00-00:00|Kedd 05:00-00:00|Szerda 05:00-00:00|Csütörtök 05:00-00:00|Péntek 05:00-00:00|Szombat 05:00-00:00|Vasárnap 05:00-00:00
6722;Csongrád;Szeged;Petőfi Sándor sugárút 24. fsz. 2. ajtó;SIPI SÖRKERT Bt.;46.272375;20.161452;Hétfő 05:00-00:00|Kedd 05:00-00:00|Szerda 05:00-00:00|Csütörtök 05:00-00:00|Péntek 05:00-00:00|Szombat 05:00-00:00|Vasárnap 05:00-00:00
6725;Csongrád;Szeged;Petőfi Sándor sugárút 67.;Lazít-Ok Bt;46.272375;20.161452;Hétfő 05:00-00:00|Kedd 05:00-00:00|Szerda 05:00-00:00|Csütörtök 05:00-00:00|Péntek 05:00-00:00|Szombat 05:00-00:00|Vasárnap 05:00-00:00
6726;Csongrád;Szeged;Pinty utca 18.;Gőgh József;46.272375;20.161452;Hétfő 05:00-00:00|Kedd 05:00-00:00|Szerda 05:00-00:00|Csütörtök 05:00-00:00|Péntek 05:00-00:00|Szombat 05:00-00:00|Vasárnap 05:00-00:00
6723;Csongrád;Szeged;Retek utca 21/B;Bársony Trafik Bt.;46.272375;20.161452;Hétfő 05:00-00:00|Kedd 05:00-00:00|Szerda 05:00-00:00|Csütörtök 05:00-00:00|Péntek 05:00-00:00|Szombat 05:00-00:00|Vasárnap 05:00-00:00
6724;Csongrád;Szeged;Rókusi körút 29.;Gőgh József;46.272375;20.161452;Hétfő 05:00-00:00|Kedd 05:00-00:00|Szerda 05:00-00:00|Csütörtök 05:00-00:00|Péntek 05:00-00:00|Szombat 05:00-00:00|Vasárnap 05:00-00:00
6720;Csongrád;Szeged;Rókusi körút 38/6.;Kupola Dohány Bt.;46.272375;20.161452;Hétfő 05:00-00:00|Kedd 05:00-00:00|Szerda 05:00-00:00|Csütörtök 05:00-00:00|Péntek 05:00-00:00|Szombat 05:00-00:00|Vasárnap 05:00-00:00
6724;Csongrád;Szeged;Rókusi körút 5/B.;Kocsis Trafik Bt.;46.272375;20.161452;Hétfő 05:00-00:00|Kedd 05:00-00:00|Szerda 05:00-00:00|Csütörtök 05:00-00:00|Péntek 05:00-00:00|Szombat 05:00-00:00|Vasárnap 05:00-00:00
6724;Csongrád;Szeged;Rókusi körút 76-3.;Traficum Bt;46.272375;20.161452;Hétfő 05:00-00:00|Kedd 05:00-00:00|Szerda 05:00-00:00|Csütörtök 05:00-00:00|Péntek 05:00-00:00|Szombat 05:00-00:00|Vasárnap 05:00-00:00
6721;Csongrád;Szeged;Sajka utca 10.;IMRE TRAFIK Bt.;46.272375;20.161452;Hétfő 05:00-00:00|Kedd 05:00-00:00|Szerda 05:00-00:00|Csütörtök 05:00-00:00|Péntek 05:00-00:00|Szombat 05:00-00:00|Vasárnap 05:00-00:00
6725;Csongrád;Szeged;Sárkány utca 1.;Ujvári Ernő;46.272375;20.161452;Hétfő 05:00-00:00|Kedd 05:00-00:00|Szerda 05:00-00:00|Csütörtök 05:00-00:00|Péntek 05:00-00:00|Szombat 05:00-00:00|Vasárnap 05:00-00:00
6723;Csongrád;Szeged;Sárosi utca 1 .;Tisza Trafik Bt;46.272375;20.161452;Hétfő 05:00-00:00|Kedd 05:00-00:00|Szerda 05:00-00:00|Csütörtök 05:00-00:00|Péntek 05:00-00:00|Szombat 05:00-00:00|Vasárnap 05:00-00:00
6720;Csongrád;Szeged;Somogyi utca 20.;Ménesi Kereskedőház Bt.;46.272375;20.161452;Hétfő 05:00-00:00|Kedd 05:00-00:00|Szerda 05:00-00:00|Csütörtök 05:00-00:00|Péntek 05:00-00:00|Szombat 05:00-00:00|Vasárnap 05:00-00:00
6729;Csongrád;Szeged;Szabadkai út 1/c.;Furnas Bt.;46.272375;20.161452;Hétfő 05:00-00:00|Kedd 05:00-00:00|Szerda 05:00-00:00|Csütörtök 05:00-00:00|Péntek 05:00-00:00|Szombat 05:00-00:00|Vasárnap 05:00-00:00
6729;Csongrád;Szeged;Szabadkai út 47.;Intertabacodako Bt.;46.272375;20.161452;Hétfő 05:00-00:00|Kedd 05:00-00:00|Szerda 05:00-00:00|Csütörtök 05:00-00:00|Péntek 05:00-00:00|Szombat 05:00-00:00|Vasárnap 05:00-00:00
6723;Csongrád;Szeged;Szamos utca 15.;CSIBO TABAK Bt.;46.272375;20.161452;Hétfő 05:00-00:00|Kedd 05:00-00:00|Szerda 05:00-00:00|Csütörtök 05:00-00:00|Péntek 05:00-00:00|Szombat 05:00-00:00|Vasárnap 05:00-00:00
6720;Csongrád;Szeged;Széchenyi tér 9.;Papp Zoltán Attiláné;46.272375;20.161452;Hétfő 05:00-00:00|Kedd 05:00-00:00|Szerda 05:00-00:00|Csütörtök 05:00-00:00|Péntek 05:00-00:00|Szombat 05:00-00:00|Vasárnap 05:00-00:00
6721;Csongrád;Szeged;Szent István tér 15.;TABAK TREZOR Bt.;46.272375;20.161452;Hétfő 05:00-00:00|Kedd 05:00-00:00|Szerda 05:00-00:00|Csütörtök 05:00-00:00|Péntek 05:00-00:00|Szombat 05:00-00:00|Vasárnap 05:00-00:00
6722;Csongrád;Szeged;Szentháromság utca 7.;Bemese Team Bt.;46.272375;20.161452;Hétfő 05:00-00:00|Kedd 05:00-00:00|Szerda 05:00-00:00|Csütörtök 05:00-00:00|Péntek 05:00-00:00|Szombat 05:00-00:00|Vasárnap 05:00-00:00
6725;Csongrád;Szeged;Szilléri sugárút 25.;Tápai Dohánytermék Bt;46.272375;20.161452;Hétfő 05:00-00:00|Kedd 05:00-00:00|Szerda 05:00-00:00|Csütörtök 05:00-00:00|Péntek 05:00-00:00|Szombat 05:00-00:00|Vasárnap 05:00-00:00
6724;Csongrád;Szeged;Szt.Rókus tér 3 .;Raffayné Kamenszky Ágnes Marianna;46.272375;20.161452;Hétfő 05:00-00:00|Kedd 05:00-00:00|Szerda 05:00-00:00|Csütörtök 05:00-00:00|Péntek 05:00-00:00|Szombat 05:00-00:00|Vasárnap 05:00-00:00
6791;Csongrád;Szeged;Tas utca 1.;Ujvári Lászlóné;46.272375;20.161452;Hétfő 05:00-00:00|Kedd 05:00-00:00|Szerda 05:00-00:00|Csütörtök 05:00-00:00|Péntek 05:00-00:00|Szombat 05:00-00:00|Vasárnap 05:00-00:00
6723;Csongrád;Szeged;Űrhajós utca 1.;Kocsis Trafik Bt.;46.272375;20.161452;Hétfő 05:00-00:00|Kedd 05:00-00:00|Szerda 05:00-00:00|Csütörtök 05:00-00:00|Péntek 05:00-00:00|Szombat 05:00-00:00|Vasárnap 05:00-00:00
6725;Csongrád;Szeged;Űrhajós utca 13/b;Workload Bt;46.272375;20.161452;Hétfő 05:00-00:00|Kedd 05:00-00:00|Szerda 05:00-00:00|Csütörtök 05:00-00:00|Péntek 05:00-00:00|Szombat 05:00-00:00|Vasárnap 05:00-00:00
6791;Csongrád;Szeged;Vadliba utca 2.;T-Trafik 2013 Bt;46.272375;20.161452;Hétfő 05:00-00:00|Kedd 05:00-00:00|Szerda 05:00-00:00|Csütörtök 05:00-00:00|Péntek 05:00-00:00|Szombat 05:00-00:00|Vasárnap 05:00-00:00
6724;Csongrád;Szeged;Vásárhelyi Pál utca 3-5.;Hekla Trade Bt.;46.272375;20.161452;Hétfő 05:00-00:00|Kedd 05:00-00:00|Szerda 05:00-00:00|Csütörtök 05:00-00:00|Péntek 05:00-00:00|Szombat 05:00-00:00|Vasárnap 05:00-00:00
6726;Csongrád;Szeged;Vedres utca 12.;Bársony Trafik Bt.;46.272375;20.161452;Hétfő 05:00-00:00|Kedd 05:00-00:00|Szerda 05:00-00:00|Csütörtök 05:00-00:00|Péntek 05:00-00:00|Szombat 05:00-00:00|Vasárnap 05:00-00:00
6724;Csongrád;Szeged;Vértói út 7. 16297/14/B/1.;Dugo-Trafik Bt.;46.272375;20.161452;Hétfő 05:00-00:00|Kedd 05:00-00:00|Szerda 05:00-00:00|Csütörtök 05:00-00:00|Péntek 05:00-00:00|Szombat 05:00-00:00|Vasárnap 05:00-00:00
6721;Csongrád;Szeged;Zárda utca 6.;Berter Trafik Bt.;46.272375;20.161452;Hétfő 05:00-00:00|Kedd 05:00-00:00|Szerda 05:00-00:00|Csütörtök 05:00-00:00|Péntek 05:00-00:00|Szombat 05:00-00:00|Vasárnap 05:00-00:00
6635;Csongrád;Szegvár;Mindszenti út 14.;Papp Beáta Trafik Bt.;46.5793;20.2238;Hétfő 05:00-21:00|Kedd 05:00-21:00|Szerda 05:00-21:00|Csütörtök 05:00-21:00|Péntek 05:00-23:00|Szombat 06:00-23:00|Vasárnap 06:00-20:00
6635;Csongrád;Szegvár;Szentesi utca 2-4.;Csatordai Bolt Bt.;46.5793;20.2238;Hétfő 05:00-21:00|Kedd 05:00-21:00|Szerda 05:00-21:00|Csütörtök 05:00-21:00|Péntek 05:00-23:00|Szombat 06:00-23:00|Vasárnap 06:00-20:00
6635;Csongrád;Szegvár;Szentesi utca 28;Dobainé Kovács Mária;46.5793;20.2238;Hétfő 05:00-21:00|Kedd 05:00-21:00|Szerda 05:00-21:00|Csütörtök 05:00-21:00|Péntek 05:00-23:00|Szombat 06:00-23:00|Vasárnap 06:00-20:00
8000;Fejér;Székesfehérvár;020056/20. hrsz.;Irmes Zsolt Károly;47.193482;18.423483;Hétfő 05:00-22:00|Kedd 05:00-22:00|Szerda 05:00-22:00|Csütörtök 05:00-22:00|Péntek 05:00-22:00|Szombat 05:00-22:00|Vasárnap 06:30-22:00
8000;Fejér;Székesfehérvár;Aszalvölgyi út 4.;Sebastian Dohánybolt Bt;47.193482;18.423483;Hétfő 05:00-22:00|Kedd 05:00-22:00|Szerda 05:00-22:00|Csütörtök 05:00-22:00|Péntek 05:00-22:00|Szombat 05:00-22:00|Vasárnap 06:30-22:00
8000;Fejér;Székesfehérvár;Balatoni út 139.;Z+K Tabak Bt.;47.193482;18.423483;Hétfő 05:00-22:00|Kedd 05:00-22:00|Szerda 05:00-22:00|Csütörtök 05:00-22:00|Péntek 05:00-22:00|Szombat 05:00-22:00|Vasárnap 06:30-22:00
8000;Fejér;Székesfehérvár;Balatoni út 21.;Pagora Bt;47.193482;18.423483;Hétfő 05:00-22:00|Kedd 05:00-22:00|Szerda 05:00-22:00|Csütörtök 05:00-22:00|Péntek 05:00-22:00|Szombat 05:00-22:00|Vasárnap 06:30-22:00
8000;Fejér;Székesfehérvár;Balatoni út 44-46.;Nivona Bt.;47.193482;18.423483;Hétfő 05:00-22:00|Kedd 05:00-22:00|Szerda 05:00-22:00|Csütörtök 05:00-22:00|Péntek 05:00-22:00|Szombat 05:00-22:00|Vasárnap 06:30-22:00
8000;Fejér;Székesfehérvár;Bátky Zsigmond 1.;Alba Szivar Bt.;47.193482;18.423483;Hétfő 05:00-22:00|Kedd 05:00-22:00|Szerda 05:00-22:00|Csütörtök 05:00-22:00|Péntek 05:00-22:00|Szombat 05:00-22:00|Vasárnap 06:30-22:00
8000;Fejér;Székesfehérvár;Béke tér hrsz. 596.;Sebastian Dohánybolt Bt;47.193482;18.423483;Hétfő 05:00-22:00|Kedd 05:00-22:00|Szerda 05:00-22:00|Csütörtök 05:00-22:00|Péntek 05:00-22:00|Szombat 05:00-22:00|Vasárnap 06:30-22:00
8000;Fejér;Székesfehérvár;Beregszászi út 2.;Trafik Shop 2013 BT.;47.1958;18.4477;Hétfő 06:00-19:00|Kedd 06:00-19:00|Szerda 06:00-19:00|Csütörtök 06:00-19:00|Péntek 06:00-19:00|Szombat 07:00-15:00|Vasárnap 07:00-13:00
8000;Fejér;Székesfehérvár;Berényi út 3.;Bogyó Tibor;47.1995;18.4193;Hétfő 06:00-22:00|Kedd 06:00-22:00|Szerda 06:00-22:00|Csütörtök 06:00-22:00|Péntek 06:00-22:00|Szombat 08:00-22:00|Vasárnap 08:00-12:00
8000;Fejér;Székesfehérvár;Budai 9881/2;Kinga Dohány Bt;47.193482;18.423483;Hétfő 05:00-22:00|Kedd 05:00-22:00|Szerda 05:00-22:00|Csütörtök 05:00-22:00|Péntek 05:00-22:00|Szombat 05:00-22:00|Vasárnap 06:30-22:00
8000;Fejér;Székesfehérvár;Budai út 169.;Alba Tobacco Bt.;47.193482;18.423483;Hétfő 05:00-22:00|Kedd 05:00-22:00|Szerda 05:00-22:00|Csütörtök 05:00-22:00|Péntek 05:00-22:00|Szombat 05:00-22:00|Vasárnap 06:30-22:00
8000;Fejér;Székesfehérvár;Budai út 46.;Erla 2002 Bt.;47.193482;18.423483;Hétfő 05:00-22:00|Kedd 05:00-22:00|Szerda 05:00-22:00|Csütörtök 05:00-22:00|Péntek 05:00-22:00|Szombat 05:00-22:00|Vasárnap 06:30-22:00
8000;Fejér;Székesfehérvár;Budai utca 80.;Alba Emeralt Bt.;47.193482;18.423483;Hétfő 05:00-22:00|Kedd 05:00-22:00|Szerda 05:00-22:00|Csütörtök 05:00-22:00|Péntek 05:00-22:00|Szombat 05:00-22:00|Vasárnap 06:30-22:00
8000;Fejér;Székesfehérvár;Deák Ferenc utca 29.;Erla 2002 Bt.;47.193482;18.423483;Hétfő 05:00-22:00|Kedd 05:00-22:00|Szerda 05:00-22:00|Csütörtök 05:00-22:00|Péntek 05:00-22:00|Szombat 05:00-22:00|Vasárnap 06:30-22:00
8000;Fejér;Székesfehérvár;Eszperantó tér 38/7.;Alba Trafik Bt;47.193482;18.423483;Hétfő 05:00-22:00|Kedd 05:00-22:00|Szerda 05:00-22:00|Csütörtök 05:00-22:00|Péntek 05:00-22:00|Szombat 05:00-22:00|Vasárnap 06:30-22:00
8000;Fejér;Székesfehérvár;Farkasvermi köz 1.;Pagora Bt;47.193482;18.423483;Hétfő 05:00-22:00|Kedd 05:00-22:00|Szerda 05:00-22:00|Csütörtök 05:00-22:00|Péntek 05:00-22:00|Szombat 05:00-22:00|Vasárnap 06:30-22:00
8000;Fejér;Székesfehérvár;Fecskepart utca 4054/2. hrsz.;Gálné Tyukodi Zsuzsanna;47.193482;18.423483;Hétfő 05:00-22:00|Kedd 05:00-22:00|Szerda 05:00-22:00|Csütörtök 05:00-22:00|Péntek 05:00-22:00|Szombat 05:00-22:00|Vasárnap 06:30-22:00
8000;Fejér;Székesfehérvár;Fórum tér 1.;Trafik Shop 2013 BT.;47.193482;18.423483;Hétfő 05:00-22:00|Kedd 05:00-22:00|Szerda 05:00-22:00|Csütörtök 05:00-22:00|Péntek 05:00-22:00|Szombat 05:00-22:00|Vasárnap 06:30-22:00
8000;Fejér;Székesfehérvár;Halász 1.;Kelemen Barna Tibor;47.193482;18.423483;Hétfő 05:00-22:00|Kedd 05:00-22:00|Szerda 05:00-22:00|Csütörtök 05:00-22:00|Péntek 05:00-22:00|Szombat 05:00-22:00|Vasárnap 06:30-22:00
8000;Fejér;Székesfehérvár;Holland fasor 1.;Hori Trafik Bt.;47.193482;18.423483;Hétfő 05:00-22:00|Kedd 05:00-22:00|Szerda 05:00-22:00|Csütörtök 05:00-22:00|Péntek 05:00-22:00|Szombat 05:00-22:00|Vasárnap 06:30-22:00
8000;Fejér;Székesfehérvár;Horváth utca 558/5. hrsz.;Kozár Eszter;47.193482;18.423483;Hétfő 05:00-22:00|Kedd 05:00-22:00|Szerda 05:00-22:00|Csütörtök 05:00-22:00|Péntek 05:00-22:00|Szombat 05:00-22:00|Vasárnap 06:30-22:00
8000;Fejér;Székesfehérvár;Hrsz. 7617/16.;Alba Szivar Bt.;47.193482;18.423483;Hétfő 05:00-22:00|Kedd 05:00-22:00|Szerda 05:00-22:00|Csütörtök 05:00-22:00|Péntek 05:00-22:00|Szombat 05:00-22:00|Vasárnap 06:30-22:00
8000;Fejér;Székesfehérvár;József Attila utca 27.;Alba Dohánybolt Bt;47.193482;18.423483;Hétfő 05:00-22:00|Kedd 05:00-22:00|Szerda 05:00-22:00|Csütörtök 05:00-22:00|Péntek 05:00-22:00|Szombat 05:00-22:00|Vasárnap 06:30-22:00
8000;Fejér;Székesfehérvár;Kelemen Béla üzletsor 5447/9.;Demirell Bt.;47.193482;18.423483;Hétfő 05:00-22:00|Kedd 05:00-22:00|Szerda 05:00-22:00|Csütörtök 05:00-22:00|Péntek 05:00-22:00|Szombat 05:00-22:00|Vasárnap 06:30-22:00
8000;Fejér;Székesfehérvár;Király sor 8505/9. hrsz.;Hori Trafik Bt.;47.193482;18.423483;Hétfő 05:00-22:00|Kedd 05:00-22:00|Szerda 05:00-22:00|Csütörtök 05:00-22:00|Péntek 05:00-22:00|Szombat 05:00-22:00|Vasárnap 06:30-22:00
8000;Fejér;Székesfehérvár;Liszt Ferenc utca 9.;Sebastian Dohánybolt Bt;47.193482;18.423483;Hétfő 05:00-22:00|Kedd 05:00-22:00|Szerda 05:00-22:00|Csütörtök 05:00-22:00|Péntek 05:00-22:00|Szombat 05:00-22:00|Vasárnap 06:30-22:00
8000;Fejér;Székesfehérvár;Mártírok útja 11.;Muráti Trafik Bt.;47.193482;18.423483;Hétfő 05:00-22:00|Kedd 05:00-22:00|Szerda 05:00-22:00|Csütörtök 05:00-22:00|Péntek 05:00-22:00|Szombat 05:00-22:00|Vasárnap 06:30-22:00
8000;Fejér;Székesfehérvár;Móricz Zsigmond utca 11.;Manori-Trafik Bt.;47.193482;18.423483;Hétfő 05:00-22:00|Kedd 05:00-22:00|Szerda 05:00-22:00|Csütörtök 05:00-22:00|Péntek 05:00-22:00|Szombat 05:00-22:00|Vasárnap 06:30-22:00
8000;Fejér;Székesfehérvár;Palotai út 3.;Conori Bt.;47.193482;18.423483;Hétfő 05:00-22:00|Kedd 05:00-22:00|Szerda 05:00-22:00|Csütörtök 05:00-22:00|Péntek 05:00-22:00|Szombat 05:00-22:00|Vasárnap 06:30-22:00
8000;Fejér;Székesfehérvár;Palotai utca 10.;Irmes Ildikó;47.193482;18.423483;Hétfő 05:00-22:00|Kedd 05:00-22:00|Szerda 05:00-22:00|Csütörtök 05:00-22:00|Péntek 05:00-22:00|Szombat 05:00-22:00|Vasárnap 06:30-22:00
8000;Fejér;Székesfehérvár;Piac tér 4.;Szép-Pataki Bt.;47.193482;18.423483;Hétfő 05:00-22:00|Kedd 05:00-22:00|Szerda 05:00-22:00|Csütörtök 05:00-22:00|Péntek 05:00-22:00|Szombat 05:00-22:00|Vasárnap 06:30-22:00
8000;Fejér;Székesfehérvár;Pozsonyi út 99/C földszint 5. ajtó;Bartók-Balog Gyula Sándorné;47.193482;18.423483;Hétfő 05:00-22:00|Kedd 05:00-22:00|Szerda 05:00-22:00|Csütörtök 05:00-22:00|Péntek 05:00-22:00|Szombat 05:00-22:00|Vasárnap 06:30-22:00
8000;Fejér;Székesfehérvár;Pozsonyi utca 10.;Trafik Shop 2013 BT.;47.193482;18.423483;Hétfő 05:00-22:00|Kedd 05:00-22:00|Szerda 05:00-22:00|Csütörtök 05:00-22:00|Péntek 05:00-22:00|Szombat 05:00-22:00|Vasárnap 06:30-22:00
8000;Fejér;Székesfehérvár;Rádió utca 1.;Royap Tobacco Bt.;47.193482;18.423483;Hétfő 05:00-22:00|Kedd 05:00-22:00|Szerda 05:00-22:00|Csütörtök 05:00-22:00|Péntek 05:00-22:00|Szombat 05:00-22:00|Vasárnap 06:30-22:00
8000;Fejér;Székesfehérvár;Rákóczi út 1.;Trafik Shop 2013 BT.;47.193482;18.423483;Hétfő 05:00-22:00|Kedd 05:00-22:00|Szerda 05:00-22:00|Csütörtök 05:00-22:00|Péntek 05:00-22:00|Szombat 05:00-22:00|Vasárnap 06:30-22:00
8000;Fejér;Székesfehérvár;Rózsa utca 2.;Csongor Trafik Bt.;47.193482;18.423483;Hétfő 05:00-22:00|Kedd 05:00-22:00|Szerda 05:00-22:00|Csütörtök 05:00-22:00|Péntek 05:00-22:00|Szombat 05:00-22:00|Vasárnap 06:30-22:00
8000;Fejér;Székesfehérvár;Sarló utca 4.;Czuczu és Tsa. Dohánykereskedelmi Bt.;47.193482;18.423483;Hétfő 05:00-22:00|Kedd 05:00-22:00|Szerda 05:00-22:00|Csütörtök 05:00-22:00|Péntek 05:00-22:00|Szombat 05:00-22:00|Vasárnap 06:30-22:00
8000;Fejér;Székesfehérvár;Sütő utca 28.;Demirell Bt.;47.193482;18.423483;Hétfő 05:00-22:00|Kedd 05:00-22:00|Szerda 05:00-22:00|Csütörtök 05:00-22:00|Péntek 05:00-22:00|Szombat 05:00-22:00|Vasárnap 06:30-22:00
8000;Fejér;Székesfehérvár;Széchenyi út 87.;Ferencz-Press Szolg. Bt.;47.193482;18.423483;Hétfő 05:00-22:00|Kedd 05:00-22:00|Szerda 05:00-22:00|Csütörtök 05:00-22:00|Péntek 05:00-22:00|Szombat 05:00-22:00|Vasárnap 06:30-22:00
8000;Fejér;Székesfehérvár;Szedreskerti lakónegyed 32.;Demirell Bt.;47.193482;18.423483;Hétfő 05:00-22:00|Kedd 05:00-22:00|Szerda 05:00-22:00|Csütörtök 05:00-22:00|Péntek 05:00-22:00|Szombat 05:00-22:00|Vasárnap 06:30-22:00
8000;Fejér;Székesfehérvár;Sziget utca 33;Erla 2002 Bt.;47.193482;18.423483;Hétfő 05:00-22:00|Kedd 05:00-22:00|Szerda 05:00-22:00|Csütörtök 05:00-22:00|Péntek 05:00-22:00|Szombat 05:00-22:00|Vasárnap 06:30-22:00
8000;Fejér;Székesfehérvár;Távirda utca 14.;PRESIDENT Bt.;47.193482;18.423483;Hétfő 05:00-22:00|Kedd 05:00-22:00|Szerda 05:00-22:00|Csütörtök 05:00-22:00|Péntek 05:00-22:00|Szombat 05:00-22:00|Vasárnap 06:30-22:00
8000;Fejér;Székesfehérvár;Verseci utca HRSZ: 9818/3/A/4;Atlantic Tobacco Bt;47.193482;18.423483;Hétfő 05:00-22:00|Kedd 05:00-22:00|Szerda 05:00-22:00|Csütörtök 05:00-22:00|Péntek 05:00-22:00|Szombat 05:00-22:00|Vasárnap 06:30-22:00
7100;Tolna;Szekszárd;Arany J. utca 31.;Fajszi Sándor;46.3466;18.703;Hétfő 07:00-17:00|Kedd 07:00-17:00|Szerda 07:00-17:00|Csütörtök 07:00-17:00|Péntek 07:00-17:00|Szombat 07:00-12:00
7100;Tolna;Szekszárd;Arany János utca 17-21. földszint 2. ajtó;Szolnoki Miklós Sándor;46.3466;18.703;Hétfő 07:00-17:00|Kedd 07:00-17:00|Szerda 07:00-17:00|Csütörtök 07:00-17:00|Péntek 07:00-17:00|Szombat 07:00-12:00
7100;Tolna;Szekszárd;Árok utca 1.;Werker Tabak Bt.;46.3466;18.703;Hétfő 07:00-17:00|Kedd 07:00-17:00|Szerda 07:00-17:00|Csütörtök 07:00-17:00|Péntek 07:00-17:00|Szombat 07:00-12:00
7100;Tolna;Szekszárd;Béri Balogh Ádám utca 2.;Suhajda Tabak Bt;46.3466;18.703;Hétfő 07:00-17:00|Kedd 07:00-17:00|Szerda 07:00-17:00|Csütörtök 07:00-17:00|Péntek 07:00-17:00|Szombat 07:00-12:00
7100;Tolna;Szekszárd;Béri Balogh Ádám utca 50.;Meko-traffik Bt;46.34083625;18.701368799926037;Hétfő 00:00-23:59|Kedd 00:00-23:59|Szerda 00:00-23:59|Csütörtök 00:00-23:59|Péntek 00:00-23:59|Szombat 00:00-23:59|Vasárnap 00:00-23:59
7100;Tolna;Szekszárd;Béri Balogh Ádám utca 94/b.;Szolnoki Miklós Sándor;46.3466;18.703;Hétfő 07:00-17:00|Kedd 07:00-17:00|Szerda 07:00-17:00|Csütörtök 07:00-17:00|Péntek 07:00-17:00|Szombat 07:00-12:00
7100;Tolna;Szekszárd;Csatári utca 1.;PBO-ROAD Bt.;46.3466;18.703;Hétfő 07:00-17:00|Kedd 07:00-17:00|Szerda 07:00-17:00|Csütörtök 07:00-17:00|Péntek 07:00-17:00|Szombat 07:00-12:00
7100;Tolna;Szekszárd;Keselyüsi 2.;Csit Dohányforgalmazó Bt.;46.3466;18.703;Hétfő 07:00-17:00|Kedd 07:00-17:00|Szerda 07:00-17:00|Csütörtök 07:00-17:00|Péntek 07:00-17:00|Szombat 07:00-12:00
7100;Tolna;Szekszárd;Kölcsey lakótelep 1-2.;Dohány utca Bt;46.3466;18.703;Hétfő 07:00-17:00|Kedd 07:00-17:00|Szerda 07:00-17:00|Csütörtök 07:00-17:00|Péntek 07:00-17:00|Szombat 07:00-12:00
7100;Tolna;Szekszárd;Pollack Mihály utca 2-4.;DOHÁNY UTCA Bt.;46.3466;18.703;Hétfő 07:00-17:00|Kedd 07:00-17:00|Szerda 07:00-17:00|Csütörtök 07:00-17:00|Péntek 07:00-17:00|Szombat 07:00-12:00
7100;Tolna;Szekszárd;Rákóczi út 25.;Meko-traffik Bt;46.3466;18.703;Hétfő 07:00-17:00|Kedd 07:00-17:00|Szerda 07:00-17:00|Csütörtök 07:00-17:00|Péntek 07:00-17:00|Szombat 07:00-12:00
7100;Tolna;Szekszárd;Rákóczi utca 74-76.;Maxi Tabak Bt.;46.3585551;18.7036026;Hétfő 06:00-18:00|Kedd 06:00-18:00|Szerda 06:00-18:00|Csütörtök 06:00-18:00|Péntek 06:00-18:00|Szombat 06:00-14:00
7100;Tolna;Szekszárd;Széchenyi utca 29-31.;Auguszta Bt.;46.3466;18.703;Hétfő 07:00-17:00|Kedd 07:00-17:00|Szerda 07:00-17:00|Csütörtök 07:00-17:00|Péntek 07:00-17:00|Szombat 07:00-12:00
7100;Tolna;Szekszárd;Tartsay Vilmos utca 4094/16/A/1. hrsz.;Dohánysor Bt.;46.3466;18.703;Hétfő 07:00-17:00|Kedd 07:00-17:00|Szerda 07:00-17:00|Csütörtök 07:00-17:00|Péntek 07:00-17:00|Szombat 07:00-12:00
7100;Tolna;Szekszárd;Tinódi utca 10.;Hegedüs Ingrid;46.3466;18.703;Hétfő 07:00-17:00|Kedd 07:00-17:00|Szerda 07:00-17:00|Csütörtök 07:00-17:00|Péntek 07:00-17:00|Szombat 07:00-12:00
7100;Tolna;Szekszárd;Wesselényi utca 18.;Merkl Krisztina;46.3444;18.7065;Hétfő 06:00-21:30|Kedd 06:00-21:30|Szerda 06:00-21:30|Csütörtök 06:00-21:30|Péntek 06:00-21:30|Szombat 06:00-21:30|Vasárnap 06:00-17:30
2640;Nógrád;Szendehely;Váci út 48;Szegner Tamás;47.8588;19.1059;Hétfő 05:00-20:00|Kedd 05:00-20:00|Szerda 05:00-20:00|Csütörtök 05:00-20:00|Péntek 05:00-20:00|Szombat 05:00-20:00|Vasárnap 06:00-20:00
3751;Borsod-Abaúj-Zemplén;Szendrőlád;Fő út 36.;Géber Filter Coop Bt;48.3422;20.7432;Hétfő 07:30-15:30|Kedd 07:30-15:30|Szerda 07:30-15:30|Csütörtök 07:30-15:30|Péntek 07:30-15:30|Szombat 07:30-11:30
2000;Pest;Szentendre;Ady Endre út 24.;Tobacco Heaven Bt;47.6549044;19.0717605;Hétfő 06:00-21:00|Kedd 06:00-21:00|Szerda 06:00-21:00|Csütörtök 06:00-21:00|Péntek 06:00-21:00|Szombat 06:00-21:00|Vasárnap 08:00-16:00
2000;Pest;Szentendre;Bükkös part 26/A;Katabak Bt;47.6549044;19.0717605;Hétfő 06:00-21:00|Kedd 06:00-21:00|Szerda 06:00-21:00|Csütörtök 06:00-21:00|Péntek 06:00-21:00|Szombat 06:00-21:00|Vasárnap 08:00-16:00
2000;Pest;Szentendre;Dózsa György út 20.;Katabak Bt;47.6549044;19.0717605;Hétfő 06:00-21:00|Kedd 06:00-21:00|Szerda 06:00-21:00|Csütörtök 06:00-21:00|Péntek 06:00-21:00|Szombat 06:00-21:00|Vasárnap 08:00-16:00
2000;Pest;Szentendre;Dunakanyar körút 46.;Trafik-System Dél Bt.;47.6549044;19.0717605;Hétfő 06:00-21:00|Kedd 06:00-21:00|Szerda 06:00-21:00|Csütörtök 06:00-21:00|Péntek 06:00-21:00|Szombat 06:00-21:00|Vasárnap 08:00-16:00
2000;Pest;Szentendre;Eper utca 2.;Handball Family Bt;47.6549044;19.0717605;Hétfő 06:00-21:00|Kedd 06:00-21:00|Szerda 06:00-21:00|Csütörtök 06:00-21:00|Péntek 06:00-21:00|Szombat 06:00-21:00|Vasárnap 08:00-16:00
2000;Pest;Szentendre;Hamvas Béla utca 2-8;Móric-Trafik Bt;47.6549044;19.0717605;Hétfő 06:00-21:00|Kedd 06:00-21:00|Szerda 06:00-21:00|Csütörtök 06:00-21:00|Péntek 06:00-21:00|Szombat 06:00-21:00|Vasárnap 08:00-16:00
2000;Pest;Szentendre;HRSZ. 396.;V and F Bt.;47.6549044;19.0717605;Hétfő 06:00-21:00|Kedd 06:00-21:00|Szerda 06:00-21:00|Csütörtök 06:00-21:00|Péntek 06:00-21:00|Szombat 06:00-21:00|Vasárnap 08:00-16:00
2000;Pest;Szentendre;Kossuth Lajos utca 13.;Régi Duna Bt;47.6549044;19.0717605;Hétfő 06:00-21:00|Kedd 06:00-21:00|Szerda 06:00-21:00|Csütörtök 06:00-21:00|Péntek 06:00-21:00|Szombat 06:00-21:00|Vasárnap 08:00-16:00
2000;Pest;Szentendre;Papszigeti utca hrsz. 4690/1;Handball Family Bt;47.6549044;19.0717605;Hétfő 06:00-21:00|Kedd 06:00-21:00|Szerda 06:00-21:00|Csütörtök 06:00-21:00|Péntek 06:00-21:00|Szombat 06:00-21:00|Vasárnap 08:00-16:00
2000;Pest;Szentendre;Széchenyi István tér 37/4;Régi Duna Bt;47.6549044;19.0717605;Hétfő 06:00-21:00|Kedd 06:00-21:00|Szerda 06:00-21:00|Csütörtök 06:00-21:00|Péntek 06:00-21:00|Szombat 06:00-21:00|Vasárnap 08:00-16:00
2000;Pest;Szentendre;Sztravodai út 12/3.;Regéczy és Fia Bt;47.6549044;19.0717605;Hétfő 06:00-21:00|Kedd 06:00-21:00|Szerda 06:00-21:00|Csütörtök 06:00-21:00|Péntek 06:00-21:00|Szombat 06:00-21:00|Vasárnap 08:00-16:00
2000;Pest;Szentendre;Vasúti Villasor 5.;Tobacco Heaven Bt;47.6549044;19.0717605;Hétfő 06:00-21:00|Kedd 06:00-21:00|Szerda 06:00-21:00|Csütörtök 06:00-21:00|Péntek 06:00-21:00|Szombat 06:00-21:00|Vasárnap 08:00-16:00
8444;Veszprém;Szentgál;Hunyadi utca 51/A.;Deli Henriett;47.1146;17.7395;Hétfő 05:00-20:00|Kedd 05:00-20:00|Szerda 05:00-20:00|Csütörtök 05:00-20:00|Péntek 05:00-20:00|Szombat 06:00-14:00
9955;Vas;Szentgotthárd;Alkotmány út 61.;Kovács József;46.955;16.274;Hétfő 07:00-19:00|Kedd 07:00-19:00|Szerda 07:00-19:00|Csütörtök 07:00-19:00|Péntek 07:00-19:00|Szombat 07:00-15:00
9970;Vas;Szentgotthárd;Füzesi út 6.;Kardos Zoltán;46.955;16.274;Hétfő 07:00-19:00|Kedd 07:00-19:00|Szerda 07:00-19:00|Csütörtök 07:00-19:00|Péntek 07:00-19:00|Szombat 07:00-15:00
9970;Vas;Szentgotthárd;Hunyadi utca 19.;Szim-Va Dohány Kereskedelmi Bt.;46.955;16.274;Hétfő 07:00-19:00|Kedd 07:00-19:00|Szerda 07:00-19:00|Csütörtök 07:00-19:00|Péntek 07:00-19:00|Szombat 07:00-15:00
9970;Vas;Szentgotthárd;Széll Kálmán tér 19.;Serfecz Tibor;46.9535603;16.2740884;Hétfő 05:00-18:00|Kedd 05:00-18:00|Szerda 05:00-18:00|Csütörtök 05:00-18:00|Péntek 05:00-18:00|Szombat 07:00-15:00
9955;Vas;Szentgotthárd;Széll Kálmán tér 20.;Vincze Csaba;46.9531;16.2735;Hétfő 05:00-23:00|Kedd 05:00-23:00|Szerda 05:00-23:00|Csütörtök 05:00-23:00|Péntek 05:00-23:00|Szombat 05:00-23:00|Vasárnap 08:00-20:00
3418;Borsod-Abaúj-Zemplén;Szentistván;József Attila utca 1.;Aranyosi-Dohány Bt;47.7725;20.6656;Hétfő 13:00-17:00|Kedd 13:00-17:00|Szerda 13:00-17:00|Csütörtök 13:00-17:00|Péntek 13:00-17:00
8225;Veszprém;Szentkirályszabadja;Balatoni utca 21.;Katona István;47.0526;17.9702;Hétfő 06:30-18:30|Kedd 06:30-18:30|Szerda 06:30-18:30|Csütörtök 06:30-18:30|Péntek 06:30-18:30|Szombat 06:30-18:30|Vasárnap 06:30-18:30
8225;Veszprém;Szentkirályszabadja;Esze Tamás út 1.;Béndek Zoltán;47.0526;17.9702;Hétfő 06:30-18:30|Kedd 06:30-18:30|Szerda 06:30-18:30|Csütörtök 06:30-18:30|Péntek 06:30-18:30|Szombat 06:30-18:30|Vasárnap 06:30-18:30
7936;Baranya;Szentlászló;Rákóczi utca 43.;Spanenberger Attiláné;46.148;17.8317;Hétfő 05:30-18:00|Kedd 05:30-18:00|Szerda 05:30-18:00|Csütörtök 05:30-18:00|Péntek 05:30-18:00|Szombat 05:30-12:00
2255;Pest;Szentlőrinckáta;Dózsa György út 81.;Szabó Zoltánné;47.5166;19.7499;Hétfő 05:30-18:00|Kedd 05:30-18:00|Szerda 05:30-18:00|Csütörtök 05:30-18:00|Péntek 05:30-18:00|Szombat 06:00-12:00|Vasárnap 06:00-12:00
2254;Pest;Szentmártonkáta;Dózsa György út 15;Magoss György Imréné;47.45;19.6954;Hétfő 06:00-20:00|Kedd 06:00-20:00|Szerda 06:00-20:00|Csütörtök 06:00-20:00|Péntek 06:00-20:00|Szombat 06:00-20:00|Vasárnap 07:00-16:00
2254;Pest;Szentmártonkáta;Rákóczi út 65.;Skoda-Fer Bt;47.45;19.6954;Hétfő 06:00-20:00|Kedd 06:00-20:00|Szerda 06:00-20:00|Csütörtök 06:00-20:00|Péntek 06:00-20:00|Szombat 06:00-20:00|Vasárnap 07:00-16:00
2254;Pest;Szentmártonkáta;Vasútsor utca 1.;Puskás Melinda;47.4331;19.6788;Hétfő 05:00-19:00|Kedd 05:00-19:00|Szerda 05:00-19:00|Csütörtök 05:00-19:00|Péntek 05:00-19:00|Szombat 06:00-14:00|Vasárnap 07:00-12:00
3900;Borsod-Abaúj-Zemplén;Szerencs;Gyár út 14.;Semsey Attila;48.1579;21.203;Hétfő 06:00-22:00|Kedd 06:00-22:00|Szerda 06:00-22:00|Csütörtök 06:00-22:00|Péntek 06:00-22:00|Szombat 06:00-22:00|Vasárnap 06:00-22:00
3900;Borsod-Abaúj-Zemplén;Szerencs;HRSZ. 2902/5.;Game-Oriental Trade Bt;48.1579;21.203;Hétfő 06:00-22:00|Kedd 06:00-22:00|Szerda 06:00-22:00|Csütörtök 06:00-22:00|Péntek 06:00-22:00|Szombat 06:00-22:00|Vasárnap 06:00-22:00
3900;Borsod-Abaúj-Zemplén;Szerencs;Rákóczi út 58.;B & G Trans Bt.;48.1579;21.203;Hétfő 06:00-22:00|Kedd 06:00-22:00|Szerda 06:00-22:00|Csütörtök 06:00-22:00|Péntek 06:00-22:00|Szombat 06:00-22:00|Vasárnap 06:00-22:00
3900;Borsod-Abaúj-Zemplén;Szerencs;Rákóczi utca 104.;Game-Oriental Trade Bt;48.1614;21.206;Hétfő 06:00-18:00|Kedd 06:00-18:00|Szerda 06:00-18:00|Csütörtök 06:00-18:00|Péntek 06:00-18:00|Szombat 06:00-18:00|Vasárnap 07:00-12:00
3900;Borsod-Abaúj-Zemplén;Szerencs;Rákóczi utca 16.;Drexler Trafik Bt;48.1613;21.1924;Hétfő 07:00-19:00|Kedd 07:00-19:00|Szerda 07:00-19:00|Csütörtök 07:00-19:00|Péntek 07:00-19:00|Szombat 07:00-19:00|Vasárnap 08:00-12:00
2321;Pest;Szigetbecse;Réti út 2 .;Ádám Family-Kerszolg. Bt.;47.1289;18.9498;Hétfő 06:00-18:00|Kedd 06:00-18:00|Szerda 06:00-18:00|Csütörtök 06:00-18:00|Péntek 06:00-18:00|Szombat 06:00-14:00|Vasárnap 07:00-12:00
2317;Pest;Szigetcsép;Fő utca 48-50.;Kismukk-i Kereskedelmi és Szolgáltató Bt.;47.261286;18.968254;Hétfő 06:00-22:00|Kedd 06:00-22:00|Szerda 06:00-22:00|Csütörtök 06:00-22:00|Péntek 06:00-22:00|Szombat 00:00-23:59|Vasárnap 06:00-22:00
2317;Pest;Szigetcsép;Váczi Mihály utca 20.;Vargha István;47.261286;18.968254;Hétfő 06:00-22:00|Kedd 06:00-22:00|Szerda 06:00-22:00|Csütörtök 06:00-22:00|Péntek 06:00-22:00|Szombat 00:00-23:59|Vasárnap 06:00-22:00
2315;Pest;Szigethalom;Csillag utca 13.;Siposné Vas Viktória;47.466768;19.001984;Hétfő 06:00-20:00|Kedd 06:00-20:00|Szerda 06:00-20:00|Csütörtök 06:00-20:00|Péntek 06:00-20:00|Szombat 06:00-18:00|Vasárnap 06:15-12:15
2315;Pest;Szigethalom;Iskola út 2.;Miszkuly Sándorné;47.466768;19.001984;Hétfő 06:00-20:00|Kedd 06:00-20:00|Szerda 06:00-20:00|Csütörtök 06:00-20:00|Péntek 06:00-20:00|Szombat 06:00-18:00|Vasárnap 06:15-12:15
2315;Pest;Szigethalom;József A. utca 4.;Ermiág Dohány Bt;47.466768;19.001984;Hétfő 06:00-20:00|Kedd 06:00-20:00|Szerda 06:00-20:00|Csütörtök 06:00-20:00|Péntek 06:00-20:00|Szombat 06:00-18:00|Vasárnap 06:15-12:15
2315;Pest;Szigethalom;Mű 30.;Kripta Péter;47.466768;19.001984;Hétfő 06:00-20:00|Kedd 06:00-20:00|Szerda 06:00-20:00|Csütörtök 06:00-20:00|Péntek 06:00-20:00|Szombat 06:00-18:00|Vasárnap 06:15-12:15
2315;Pest;Szigethalom;Mű út 152.;ABM ker. szolg. Bt.;47.3226;19.0128;Hétfő 00:00-23:59|Kedd 00:00-23:59|Szerda 00:00-23:59|Csütörtök 00:00-23:59|Péntek 00:00-23:59|Szombat 00:00-23:59|Vasárnap 00:00-23:59
2315;Pest;Szigethalom;Mű út 199.;Kecse József;47.466768;19.001984;Hétfő 06:00-20:00|Kedd 06:00-20:00|Szerda 06:00-20:00|Csütörtök 06:00-20:00|Péntek 06:00-20:00|Szombat 06:00-18:00|Vasárnap 06:15-12:15
2315;Pest;Szigethalom;Mű utca 72.;Dohány Sziget Bt;47.466768;19.001984;Hétfő 06:00-20:00|Kedd 06:00-20:00|Szerda 06:00-20:00|Csütörtök 06:00-20:00|Péntek 06:00-20:00|Szombat 06:00-18:00|Vasárnap 06:15-12:15
2315;Pest;Szigethalom;Szabadkai utca 192.;Odrobina Szilvia;47.466768;19.001984;Hétfő 06:00-20:00|Kedd 06:00-20:00|Szerda 06:00-20:00|Csütörtök 06:00-20:00|Péntek 06:00-20:00|Szombat 06:00-18:00|Vasárnap 06:15-12:15
2315;Pest;Szigethalom;Szabadkai utca 260.;Bán Norbert;47.466768;19.001984;Hétfő 06:00-20:00|Kedd 06:00-20:00|Szerda 06:00-20:00|Csütörtök 06:00-20:00|Péntek 06:00-20:00|Szombat 06:00-18:00|Vasárnap 06:15-12:15
2318;Pest;Szigetszentmárton;Kossuth L. utca 23;ABM ker. szolg. Bt.;47.2285;18.9583;Hétfő 06:00-22:00|Kedd 06:00-22:00|Szerda 06:00-22:00|Csütörtök 06:00-22:00|Péntek 06:00-22:00
2310;Pest;Szigetszentmiklós;Árpád utca 50.;Brucker Plusz Kereskedelmi Bt.;47.3477;19.0449;Hétfő 06:00-19:00|Kedd 06:00-19:00|Szerda 06:00-19:00|Csütörtök 06:00-19:00|Péntek 06:00-19:00|Szombat 07:00-15:00|Vasárnap 07:00-15:00
2310;Pest;Szigetszentmiklós;Bajcsy-Zsilinszky út 24.;TURTABAK Bt.;47.3392;19.036;Hétfő 06:00-18:00|Kedd 06:00-18:00|Szerda 06:00-18:00|Csütörtök 06:00-18:00|Péntek 06:00-18:00|Szombat 08:00-16:00
2310;Pest;Szigetszentmiklós;Bajcsy-Zsilinszky út 8.;Néma Tobacco Bt;47.3390608302;19.0344216953;Hétfő 07:00-20:00|Kedd 07:00-20:00|Szerda 07:00-20:00|Csütörtök 07:00-20:00|Péntek 07:00-23:59|Szombat 07:00-23:59|Vasárnap 09:00-16:00
2310;Pest;Szigetszentmiklós;Csepeli út 196/29. hrsz.;Corodi Viorica;47.3390608302;19.0344216953;Hétfő 07:00-20:00|Kedd 07:00-20:00|Szerda 07:00-20:00|Csütörtök 07:00-20:00|Péntek 07:00-23:59|Szombat 07:00-23:59|Vasárnap 09:00-16:00
2310;Pest;Szigetszentmiklós;Csepeli út 64-68.;Symphytum Bt.;47.3390608302;19.0344216953;Hétfő 07:00-20:00|Kedd 07:00-20:00|Szerda 07:00-20:00|Csütörtök 07:00-20:00|Péntek 07:00-23:59|Szombat 07:00-23:59|Vasárnap 09:00-16:00
2310;Pest;Szigetszentmiklós;Gyári út 14.;Szikra Trafik Bt.;47.3379;19.0378;Hétfő 05:00-20:00|Kedd 05:00-20:00|Szerda 05:00-20:00|Csütörtök 05:00-20:00|Péntek 05:00-20:00|Szombat 05:00-20:00|Vasárnap 05:00-20:00
2310;Pest;Szigetszentmiklós;Gyári út 2.;Király Zoltán;47.3390608302;19.0344216953;Hétfő 07:00-20:00|Kedd 07:00-20:00|Szerda 07:00-20:00|Csütörtök 07:00-20:00|Péntek 07:00-23:59|Szombat 07:00-23:59|Vasárnap 09:00-16:00
2310;Pest;Szigetszentmiklós;II. Rákóczi Ferenc utca 40. B. ép.;Edynor Slims Bt;47.3390608302;19.0344216953;Hétfő 07:00-20:00|Kedd 07:00-20:00|Szerda 07:00-20:00|Csütörtök 07:00-20:00|Péntek 07:00-23:59|Szombat 07:00-23:59|Vasárnap 09:00-16:00
2310;Pest;Szigetszentmiklós;M0 autópálya 19-es km szelvény 0.;Tóthné Zsoldis Marianna;47.3390608302;19.0344216953;Hétfő 07:00-20:00|Kedd 07:00-20:00|Szerda 07:00-20:00|Csütörtök 07:00-20:00|Péntek 07:00-23:59|Szombat 07:00-23:59|Vasárnap 09:00-16:00
2310;Pest;Szigetszentmiklós;Mű út HRSZ. 12015/24;Néma Tobacco Bt;47.3390608302;19.0344216953;Hétfő 07:00-20:00|Kedd 07:00-20:00|Szerda 07:00-20:00|Csütörtök 07:00-20:00|Péntek 07:00-23:59|Szombat 07:00-23:59|Vasárnap 09:00-16:00
2310;Pest;Szigetszentmiklós;Ősz utca 18.;Szikra Trafik Bt.;47.3518;19.0258;Hétfő 05:00-20:00|Kedd 05:00-20:00|Szerda 05:00-20:00|Csütörtök 05:00-20:00|Péntek 05:00-20:00|Szombat 05:00-20:00|Vasárnap 05:00-20:00
2310;Pest;Szigetszentmiklós;Szent Miklós útja 25.;Barkóczi István;47.3390608302;19.0344216953;Hétfő 07:00-20:00|Kedd 07:00-20:00|Szerda 07:00-20:00|Csütörtök 07:00-20:00|Péntek 07:00-23:59|Szombat 07:00-23:59|Vasárnap 09:00-16:00
2310;Pest;Szigetszentmiklós;Szent Miklósi utca 16.;Lumina KERESKEDELMI Bt.;47.3390608302;19.0344216953;Hétfő 07:00-20:00|Kedd 07:00-20:00|Szerda 07:00-20:00|Csütörtök 07:00-20:00|Péntek 07:00-23:59|Szombat 07:00-23:59|Vasárnap 09:00-16:00
2310;Pest;Szigetszentmiklós;Szigetszentmiklós- Gyártelep 12020/2;Lumina KERESKEDELMI Bt.;47.3390608302;19.0344216953;Hétfő 07:00-20:00|Kedd 07:00-20:00|Szerda 07:00-20:00|Csütörtök 07:00-20:00|Péntek 07:00-23:59|Szombat 07:00-23:59|Vasárnap 09:00-16:00
2319;Pest;Szigetújfalu;Akácfa utca 37.;Berki Katalin;47.2339;18.9279;Hétfő 06:00-19:00|Kedd 06:00-19:00|Szerda 06:00-19:00|Csütörtök 06:00-19:00|Péntek 06:00-19:00|Szombat 06:00-12:00|Vasárnap 08:00-11:00
3377;Heves;Szihalom;Kossuth út 67.;Dománné Csicsman Ágnes;47.7788;20.479;Hétfő 06:00-18:00|Kedd 06:00-18:00|Szerda 06:00-18:00|Csütörtök 06:00-18:00|Péntek 06:00-18:00|Szombat 06:00-20:00|Vasárnap 06:00-12:00
3800;Borsod-Abaúj-Zemplén;Szikszó;Apponyi út 2;Ducsai Gergelyné;48.1929;20.9273;Hétfő 06:00-18:00|Kedd 06:00-18:00|Szerda 06:00-18:00|Csütörtök 06:00-18:00|Péntek 06:00-18:00|Szombat 06:00-18:00|Vasárnap 06:00-12:00
3800;Borsod-Abaúj-Zemplén;Szikszó;Bolt utca 1/3.;Kerekes Sándorné;48.1929;20.9273;Hétfő 06:00-18:00|Kedd 06:00-18:00|Szerda 06:00-18:00|Csütörtök 06:00-18:00|Péntek 06:00-18:00|Szombat 06:00-18:00|Vasárnap 06:00-12:00
3800;Borsod-Abaúj-Zemplén;Szikszó;Miskolci út 83.;Gunyáné Kiss Eleonóra;48.1871;20.9237;Hétfő 06:00-22:00|Kedd 06:00-22:00|Szerda 06:00-22:00|Csütörtök 06:00-22:00|Péntek 06:00-22:00|Szombat 06:00-22:00|Vasárnap 06:00-22:00
9326;Győr-Moson-Sopron;Szil;Város utca 56.;Je-Li 2003 ker. és Szolg. Bt.;47.5037;17.2307;Hétfő 06:00-18:00|Kedd 06:00-18:00|Szerda 06:00-18:00|Csütörtök 06:00-18:00|Péntek 06:00-18:00|Szombat 06:00-14:00|Vasárnap 08:00-10:00
3711;Borsod-Abaúj-Zemplén;Szirmabesenyő;Kossuth Lajos tér 17. A-1.;Debi 96 Bt.;48.1536;20.7955;Hétfő 07:00-19:00|Kedd 07:00-19:00|Szerda 07:00-19:00|Csütörtök 07:00-19:00|Péntek 07:00-19:00|Szombat 07:00-15:00
3711;Borsod-Abaúj-Zemplén;Szirmabesenyő;Széchenyi út 52.;Oli-Zé Bt.;48.1474;20.8027;Hétfő 06:00-20:00|Kedd 06:00-20:00|Szerda 06:00-20:00|Csütörtök 06:00-20:00|Péntek 06:00-20:00|Szombat 12:00-21:00|Vasárnap 12:00-20:00
2628;Pest;Szob;Arany János utca 19.;Trafik-System Nyugat Bt;47.817;18.8632;Hétfő 06:30-19:00|Kedd 06:30-19:00|Szerda 06:30-19:00|Csütörtök 06:30-19:00|Péntek 06:30-19:00|Szombat 06:30-19:00|Vasárnap 07:00-15:00
2628;Pest;Szob;Rév utca 625/3;Zombori Edina;47.817;18.8632;Hétfő 06:30-19:00|Kedd 06:30-19:00|Szerda 06:30-19:00|Csütörtök 06:30-19:00|Péntek 06:30-19:00|Szombat 06:30-19:00|Vasárnap 07:00-15:00
2133;Jász-Nagykun-Szolnok;Sződliget;Dunai fasor 1.;Tóth Zsolt;47.728;19.1546;Hétfő 05:00-19:00|Kedd 05:00-19:00|Szerda 05:00-19:00|Csütörtök 05:00-19:00|Péntek 05:00-19:00|Szombat 06:00-18:00|Vasárnap 07:00-13:00
2133;Jász-Nagykun-Szolnok;Sződliget;Határ utca 41.;Menyhárt Attila;47.728;19.1546;Hétfő 05:00-19:00|Kedd 05:00-19:00|Szerda 05:00-19:00|Csütörtök 05:00-19:00|Péntek 05:00-19:00|Szombat 06:00-18:00|Vasárnap 07:00-13:00
2133;Jász-Nagykun-Szolnok;Sződliget;Meggyfa utca 38.;Sümegi Ipari és Vend. Bt;47.7363;19.1464;Hétfő 08:00-20:00|Kedd 08:00-20:00|Szerda 08:00-20:00|Csütörtök 08:00-20:00|Péntek 08:00-20:00|Szombat 08:00-20:00|Vasárnap 08:00-20:00
2624;Borsod-Abaúj-Zemplén;Szokolya;Kossuth utca 31.;Homovics Béláné;47.8657;19.0019;Hétfő 06:11-14:21|Kedd 06:11-14:21|Szerda 06:11-14:21|Csütörtök 06:11-14:21|Péntek 06:11-14:21|Szombat 06:11-14:21|Vasárnap 06:11-14:21
5000;Veszprém;Szolnok;Ady Endre út 1.;MKM Dohány Ker. Bt.;47.176655;20.200198;Hétfő 06:00-20:00|Kedd 06:00-20:00|Szerda 06:00-20:00|Csütörtök 06:00-20:00|Péntek 06:00-20:00|Szombat 07:00-19:00|Vasárnap 08:00-18:00
5000;Veszprém;Szolnok;Ady Endre út 11. XIII/4.;Szivarka 97 Bt.;47.176655;20.200198;Hétfő 06:00-20:00|Kedd 06:00-20:00|Szerda 06:00-20:00|Csütörtök 06:00-20:00|Péntek 06:00-20:00|Szombat 07:00-19:00|Vasárnap 08:00-18:00
5000;Veszprém;Szolnok;Ady Endre út 15.;Tasi Trafik Bt.;47.176655;20.200198;Hétfő 06:00-20:00|Kedd 06:00-20:00|Szerda 06:00-20:00|Csütörtök 06:00-20:00|Péntek 06:00-20:00|Szombat 07:00-19:00|Vasárnap 08:00-18:00
5000;Veszprém;Szolnok;Béla Király út 10.;POLTURA Bt.;47.176655;20.200198;Hétfő 06:00-20:00|Kedd 06:00-20:00|Szerda 06:00-20:00|Csütörtök 06:00-20:00|Péntek 06:00-20:00|Szombat 07:00-19:00|Vasárnap 08:00-18:00
5000;Veszprém;Szolnok;Bimbó utca 1/A.;J&B PRINT Bt.;47.176655;20.200198;Hétfő 06:00-20:00|Kedd 06:00-20:00|Szerda 06:00-20:00|Csütörtök 06:00-20:00|Péntek 06:00-20:00|Szombat 07:00-19:00|Vasárnap 08:00-18:00
5000;Veszprém;Szolnok;Boldog Sándor István körút 34. fsz. 7.;Szivarka 97 Bt.;47.176655;20.200198;Hétfő 06:00-20:00|Kedd 06:00-20:00|Szerda 06:00-20:00|Csütörtök 06:00-20:00|Péntek 06:00-20:00|Szombat 07:00-19:00|Vasárnap 08:00-18:00
5000;Veszprém;Szolnok;Bolt köz 2.;Gedi Vending Bt;47.176655;20.200198;Hétfő 06:00-20:00|Kedd 06:00-20:00|Szerda 06:00-20:00|Csütörtök 06:00-20:00|Péntek 06:00-20:00|Szombat 07:00-19:00|Vasárnap 08:00-18:00
5000;Veszprém;Szolnok;Délibáb utca 4-6.;TRADOBIZ Bt.;47.176655;20.200198;Hétfő 06:00-20:00|Kedd 06:00-20:00|Szerda 06:00-20:00|Csütörtök 06:00-20:00|Péntek 06:00-20:00|Szombat 07:00-19:00|Vasárnap 08:00-18:00
5000;Veszprém;Szolnok;Dr. Sebestyén Gyula körút 8. fsz. 4.;Horváth Enikő;47.176655;20.200198;Hétfő 06:00-20:00|Kedd 06:00-20:00|Szerda 06:00-20:00|Csütörtök 06:00-20:00|Péntek 06:00-20:00|Szombat 07:00-19:00|Vasárnap 08:00-18:00
5000;Veszprém;Szolnok;Felső Szandai rét 1.;MIN-Team Bt.;47.159;20.1976;Hétfő 06:00-22:00|Kedd 06:00-22:00|Szerda 06:00-22:00|Csütörtök 06:00-22:00|Péntek 06:00-22:00|Szombat 06:00-22:00|Vasárnap 07:00-20:00
5000;Veszprém;Szolnok;Ifjúság út 16.;M&ZS Trafik Bt.;47.176655;20.200198;Hétfő 06:00-20:00|Kedd 06:00-20:00|Szerda 06:00-20:00|Csütörtök 06:00-20:00|Péntek 06:00-20:00|Szombat 07:00-19:00|Vasárnap 08:00-18:00
5000;Veszprém;Szolnok;Jászkürt utca 1.;MKM Dohány Ker. Bt.;47.176655;20.200198;Hétfő 06:00-20:00|Kedd 06:00-20:00|Szerda 06:00-20:00|Csütörtök 06:00-20:00|Péntek 06:00-20:00|Szombat 07:00-19:00|Vasárnap 08:00-18:00
5000;Veszprém;Szolnok;Jubileum tér 2/A;Szép Barbara;47.176655;20.200198;Hétfő 06:00-20:00|Kedd 06:00-20:00|Szerda 06:00-20:00|Csütörtök 06:00-20:00|Péntek 06:00-20:00|Szombat 07:00-19:00|Vasárnap 08:00-18:00
5000;Veszprém;Szolnok;Jubileum tér 4;MIN-Team Bt.;47.176655;20.200198;Hétfő 06:00-20:00|Kedd 06:00-20:00|Szerda 06:00-20:00|Csütörtök 06:00-20:00|Péntek 06:00-20:00|Szombat 07:00-19:00|Vasárnap 08:00-18:00
5000;Veszprém;Szolnok;Karczag László utca 1.;HaBa Dohány 2013 Bt;47.176655;20.200198;Hétfő 06:00-20:00|Kedd 06:00-20:00|Szerda 06:00-20:00|Csütörtök 06:00-20:00|Péntek 06:00-20:00|Szombat 07:00-19:00|Vasárnap 08:00-18:00
5000;Veszprém;Szolnok;Karinthy Frigyes út 38.;POLTURA Bt.;47.176655;20.200198;Hétfő 06:00-20:00|Kedd 06:00-20:00|Szerda 06:00-20:00|Csütörtök 06:00-20:00|Péntek 06:00-20:00|Szombat 07:00-19:00|Vasárnap 08:00-18:00
5008;Somogy;Szolnok;Kölcsey Ferenc utca 2.;Tuza Gábor;47.176655;20.200198;Hétfő 06:00-20:00|Kedd 06:00-20:00|Szerda 06:00-20:00|Csütörtök 06:00-20:00|Péntek 06:00-20:00|Szombat 07:00-19:00|Vasárnap 08:00-18:00
5000;Veszprém;Szolnok;Konstantin út 49.;M&ZS Trafik Bt.;47.176655;20.200198;Hétfő 06:00-20:00|Kedd 06:00-20:00|Szerda 06:00-20:00|Csütörtök 06:00-20:00|Péntek 06:00-20:00|Szombat 07:00-19:00|Vasárnap 08:00-18:00
5000;Veszprém;Szolnok;Kőrösi út 33.;Balázs Bt.;47.1642;20.1584;Hétfő 06:00-18:00|Kedd 06:00-18:00|Szerda 06:00-18:00|Csütörtök 06:00-18:00|Péntek 06:00-18:00|Szombat 06:00-12:00
5000;Veszprém;Szolnok;Kossuth tér 3.;Mészáros Imréné;47.176655;20.200198;Hétfő 06:00-20:00|Kedd 06:00-20:00|Szerda 06:00-20:00|Csütörtök 06:00-20:00|Péntek 06:00-20:00|Szombat 07:00-19:00|Vasárnap 08:00-18:00
5008;Somogy;Szolnok;Krúdy Gyula út 108.;Martin Priest Bt.;47.1228;20.2123;Hétfő 06:00-20:00|Kedd 06:00-20:00|Szerda 06:00-20:00|Csütörtök 06:00-20:00|Péntek 06:00-20:00|Szombat 06:00-20:00|Vasárnap 06:00-20:00
5000;Veszprém;Szolnok;Mozdony utca 4.;POLTURA Bt.;47.176655;20.200198;Hétfő 06:00-20:00|Kedd 06:00-20:00|Szerda 06:00-20:00|Csütörtök 06:00-20:00|Péntek 06:00-20:00|Szombat 07:00-19:00|Vasárnap 08:00-18:00
5000;Veszprém;Szolnok;Rákóczi út 85.;Sólyom Ker. Bt;47.176655;20.200198;Hétfő 06:00-20:00|Kedd 06:00-20:00|Szerda 06:00-20:00|Csütörtök 06:00-20:00|Péntek 06:00-20:00|Szombat 07:00-19:00|Vasárnap 08:00-18:00
5008;Somogy;Szolnok;Simon Ferenc út 55/A.;MIN-Team Bt.;47.176655;20.200198;Hétfő 06:00-20:00|Kedd 06:00-20:00|Szerda 06:00-20:00|Csütörtök 06:00-20:00|Péntek 06:00-20:00|Szombat 07:00-19:00|Vasárnap 08:00-18:00
5000;Veszprém;Szolnok;Szántó körút 48.;Lux Tabak Bt.;47.176655;20.200198;Hétfő 06:00-20:00|Kedd 06:00-20:00|Szerda 06:00-20:00|Csütörtök 06:00-20:00|Péntek 06:00-20:00|Szombat 07:00-19:00|Vasárnap 08:00-18:00
5000;Veszprém;Szolnok;Szapáry út 26.;Strammer Lászlóné;47.176655;20.200198;Hétfő 06:00-20:00|Kedd 06:00-20:00|Szerda 06:00-20:00|Csütörtök 06:00-20:00|Péntek 06:00-20:00|Szombat 07:00-19:00|Vasárnap 08:00-18:00
5000;Veszprém;Szolnok;Széchényi István körút 121;Knsz Napsugár Bt.;47.176655;20.200198;Hétfő 06:00-20:00|Kedd 06:00-20:00|Szerda 06:00-20:00|Csütörtök 06:00-20:00|Péntek 06:00-20:00|Szombat 07:00-19:00|Vasárnap 08:00-18:00
5000;Veszprém;Szolnok;Széchenyi István körút 14.;Gedi Vending Bt;47.176655;20.200198;Hétfő 06:00-20:00|Kedd 06:00-20:00|Szerda 06:00-20:00|Csütörtök 06:00-20:00|Péntek 06:00-20:00|Szombat 07:00-19:00|Vasárnap 08:00-18:00
5000;Veszprém;Szolnok;Széchenyi István körút 4/B.;MIN-Team Bt.;47.176655;20.200198;Hétfő 06:00-20:00|Kedd 06:00-20:00|Szerda 06:00-20:00|Csütörtök 06:00-20:00|Péntek 06:00-20:00|Szombat 07:00-19:00|Vasárnap 08:00-18:00
5000;Veszprém;Szolnok;Széchenyi körút 135.;Szivarka 97 Bt.;47.176655;20.200198;Hétfő 06:00-20:00|Kedd 06:00-20:00|Szerda 06:00-20:00|Csütörtök 06:00-20:00|Péntek 06:00-20:00|Szombat 07:00-19:00|Vasárnap 08:00-18:00
5000;Veszprém;Szolnok;Thököly út 6.;Somos Anikó;47.176655;20.200198;Hétfő 06:00-20:00|Kedd 06:00-20:00|Szerda 06:00-20:00|Csütörtök 06:00-20:00|Péntek 06:00-20:00|Szombat 07:00-19:00|Vasárnap 08:00-18:00
5000;Veszprém;Szolnok;Tószegi út 41.;POLTURA Bt.;47.176655;20.200198;Hétfő 06:00-20:00|Kedd 06:00-20:00|Szerda 06:00-20:00|Csütörtök 06:00-20:00|Péntek 06:00-20:00|Szombat 07:00-19:00|Vasárnap 08:00-18:00
5000;Veszprém;Szolnok;Tószegi út 8.;MIN-Team Bt.;47.176655;20.200198;Hétfő 06:00-20:00|Kedd 06:00-20:00|Szerda 06:00-20:00|Csütörtök 06:00-20:00|Péntek 06:00-20:00|Szombat 07:00-19:00|Vasárnap 08:00-18:00
5000;Veszprém;Szolnok;Vitéz Szathmári József utca 1/A. földszint;Gedi Vending Bt.;47.176655;20.200198;Hétfő 06:00-20:00|Kedd 06:00-20:00|Szerda 06:00-20:00|Csütörtök 06:00-20:00|Péntek 06:00-20:00|Szombat 07:00-19:00|Vasárnap 08:00-18:00
5000;Veszprém;Szolnok;Vízpart körút 1.;Szivarka 97 Bt.;47.176655;20.200198;Hétfő 06:00-20:00|Kedd 06:00-20:00|Szerda 06:00-20:00|Csütörtök 06:00-20:00|Péntek 06:00-20:00|Szombat 07:00-19:00|Vasárnap 08:00-18:00
9700;Baranya;Szombathely;11-es Huszár út 39-45.;VASI TOBAGO Kkt.;47.2414;16.6233;Hétfő 06:30-20:00|Kedd 06:30-20:00|Szerda 06:30-20:00|Csütörtök 06:30-20:00|Péntek 06:30-20:00|Szombat 06:30-18:00|Vasárnap 08:00-17:00
9700;Baranya;Szombathely;6024/4. hrsz.;VASI TOBAGO Kkt.;47.2414;16.6233;Hétfő 06:30-20:00|Kedd 06:30-20:00|Szerda 06:30-20:00|Csütörtök 06:30-20:00|Péntek 06:30-20:00|Szombat 06:30-18:00|Vasárnap 08:00-17:00
9700;Baranya;Szombathely;Arad utca 2.;Németh Szolg. És Ker. Bt.;47.2414;16.6233;Hétfő 06:30-20:00|Kedd 06:30-20:00|Szerda 06:30-20:00|Csütörtök 06:30-20:00|Péntek 06:30-20:00|Szombat 06:30-18:00|Vasárnap 08:00-17:00
9700;Baranya;Szombathely;Bejczy István utca 1-3.;Herbi Tabak Bt.;47.2414;16.6233;Hétfő 06:30-20:00|Kedd 06:30-20:00|Szerda 06:30-20:00|Csütörtök 06:30-20:00|Péntek 06:30-20:00|Szombat 06:30-18:00|Vasárnap 08:00-17:00
9700;Baranya;Szombathely;Csaba utca 17. 18009/3.;Tabu-Tabak Kkt;47.2414;16.6233;Hétfő 06:30-20:00|Kedd 06:30-20:00|Szerda 06:30-20:00|Csütörtök 06:30-20:00|Péntek 06:30-20:00|Szombat 06:30-18:00|Vasárnap 08:00-17:00
9700;Baranya;Szombathely;Diófa utca 9590/4. hrsz.;VASI TOBAGO Kkt.;47.2414;16.6233;Hétfő 06:30-20:00|Kedd 06:30-20:00|Szerda 06:30-20:00|Csütörtök 06:30-20:00|Péntek 06:30-20:00|Szombat 06:30-18:00|Vasárnap 08:00-17:00
9700;Baranya;Szombathely;Dolgozók útja 1/A.;Alfa Dohány Kereskedelmi Bt.;47.2414;16.6233;Hétfő 06:30-20:00|Kedd 06:30-20:00|Szerda 06:30-20:00|Csütörtök 06:30-20:00|Péntek 06:30-20:00|Szombat 06:30-18:00|Vasárnap 08:00-17:00
9700;Baranya;Szombathely;Éhen Gyula tér 4.;Alfa Dohány Kereskedelmi Bt.;47.2414;16.6233;Hétfő 06:30-20:00|Kedd 06:30-20:00|Szerda 06:30-20:00|Csütörtök 06:30-20:00|Péntek 06:30-20:00|Szombat 06:30-18:00|Vasárnap 08:00-17:00
9700;Baranya;Szombathely;Gazdag Erzsi utca 10.;VASI TOBAGO Kkt.;47.2414;16.6233;Hétfő 06:30-20:00|Kedd 06:30-20:00|Szerda 06:30-20:00|Csütörtök 06:30-20:00|Péntek 06:30-20:00|Szombat 06:30-18:00|Vasárnap 08:00-17:00
9700;Baranya;Szombathely;Gazdag Erzsi utca 12.;Baranyai Tibor;47.2414;16.6233;Hétfő 06:30-20:00|Kedd 06:30-20:00|Szerda 06:30-20:00|Csütörtök 06:30-20:00|Péntek 06:30-20:00|Szombat 06:30-18:00|Vasárnap 08:00-17:00
9700;Baranya;Szombathely;HRSZ. 10805.;Baranyai Tibor;47.2414;16.6233;Hétfő 06:30-20:00|Kedd 06:30-20:00|Szerda 06:30-20:00|Csütörtök 06:30-20:00|Péntek 06:30-20:00|Szombat 06:30-18:00|Vasárnap 08:00-17:00
9700;Baranya;Szombathely;Jászai Mari utca 6/A.;Intertrafik Bt.;47.2414;16.6233;Hétfő 06:30-20:00|Kedd 06:30-20:00|Szerda 06:30-20:00|Csütörtök 06:30-20:00|Péntek 06:30-20:00|Szombat 06:30-18:00|Vasárnap 08:00-17:00
9700;Baranya;Szombathely;Kenyérvíz utca 2.;Alfa Dohány Kereskedelmi Bt.;47.2414;16.6233;Hétfő 06:30-20:00|Kedd 06:30-20:00|Szerda 06:30-20:00|Csütörtök 06:30-20:00|Péntek 06:30-20:00|Szombat 06:30-18:00|Vasárnap 08:00-17:00
9700;Baranya;Szombathely;Kiskar utca 6.;Baranyai Tibor;47.2414;16.6233;Hétfő 06:30-20:00|Kedd 06:30-20:00|Szerda 06:30-20:00|Csütörtök 06:30-20:00|Péntek 06:30-20:00|Szombat 06:30-18:00|Vasárnap 08:00-17:00
9700;Baranya;Szombathely;Komlósi Ferenc 35.;Krisztina Tabak Betéti Társaság;47.2414;16.6233;Hétfő 06:30-20:00|Kedd 06:30-20:00|Szerda 06:30-20:00|Csütörtök 06:30-20:00|Péntek 06:30-20:00|Szombat 06:30-18:00|Vasárnap 08:00-17:00
9700;Baranya;Szombathely;Körmendi út 42-48.;Intertrafik Ker. Bt.;47.2414;16.6233;Hétfő 06:30-20:00|Kedd 06:30-20:00|Szerda 06:30-20:00|Csütörtök 06:30-20:00|Péntek 06:30-20:00|Szombat 06:30-18:00|Vasárnap 08:00-17:00
9700;Baranya;Szombathely;Körmendi út 89.;Alpok Trafik Bt.;47.2414;16.6233;Hétfő 06:30-20:00|Kedd 06:30-20:00|Szerda 06:30-20:00|Csütörtök 06:30-20:00|Péntek 06:30-20:00|Szombat 06:30-18:00|Vasárnap 08:00-17:00
9700;Baranya;Szombathely;Kőszegi utca 11/I;Éliás Gábor;47.2414;16.6233;Hétfő 06:30-20:00|Kedd 06:30-20:00|Szerda 06:30-20:00|Csütörtök 06:30-20:00|Péntek 06:30-20:00|Szombat 06:30-18:00|Vasárnap 08:00-17:00
9700;Baranya;Szombathely;Mátyás király út 46.;TABU-TABAK Kkt.;47.2414;16.6233;Hétfő 06:30-20:00|Kedd 06:30-20:00|Szerda 06:30-20:00|Csütörtök 06:30-20:00|Péntek 06:30-20:00|Szombat 06:30-18:00|Vasárnap 08:00-17:00
9700;Baranya;Szombathely;Óperint utca 4-6.;Baranyai Tibor;47.2414;16.6233;Hétfő 06:30-20:00|Kedd 06:30-20:00|Szerda 06:30-20:00|Csütörtök 06:30-20:00|Péntek 06:30-20:00|Szombat 06:30-18:00|Vasárnap 08:00-17:00
9700;Baranya;Szombathely;Paragvári utca 31.;Tabu-Tabak Kkt;47.2414;16.6233;Hétfő 06:30-20:00|Kedd 06:30-20:00|Szerda 06:30-20:00|Csütörtök 06:30-20:00|Péntek 06:30-20:00|Szombat 06:30-18:00|Vasárnap 08:00-17:00
9700;Baranya;Szombathely;Pázmány Péter körút 28.;Intertrafik Ker. Bt.;47.2414;16.6233;Hétfő 06:30-20:00|Kedd 06:30-20:00|Szerda 06:30-20:00|Csütörtök 06:30-20:00|Péntek 06:30-20:00|Szombat 06:30-18:00|Vasárnap 08:00-17:00
9700;Baranya;Szombathely;Szelestey L. utca 62.;Tabu-Tabak Kkt;47.2414;16.6233;Hétfő 06:30-20:00|Kedd 06:30-20:00|Szerda 06:30-20:00|Csütörtök 06:30-20:00|Péntek 06:30-20:00|Szombat 06:30-18:00|Vasárnap 08:00-17:00
9700;Baranya;Szombathely;Szent Gellért utca 39.;Dancsó Group Bt.;47.2414;16.6233;Hétfő 06:30-20:00|Kedd 06:30-20:00|Szerda 06:30-20:00|Csütörtök 06:30-20:00|Péntek 06:30-20:00|Szombat 06:30-18:00|Vasárnap 08:00-17:00
9700;Baranya;Szombathely;Szent Gellért utca 51.;Vasi BB Trafik Bt.;47.2414;16.6233;Hétfő 06:30-20:00|Kedd 06:30-20:00|Szerda 06:30-20:00|Csütörtök 06:30-20:00|Péntek 06:30-20:00|Szombat 06:30-18:00|Vasárnap 08:00-17:00
9700;Baranya;Szombathely;Szent István utca 20.;Németh Gábor;47.2414;16.6233;Hétfő 06:30-20:00|Kedd 06:30-20:00|Szerda 06:30-20:00|Csütörtök 06:30-20:00|Péntek 06:30-20:00|Szombat 06:30-18:00|Vasárnap 08:00-17:00
9700;Baranya;Szombathely;Szent Márton utca 15.;Szim-Va Dohány Kereskedelmi Bt.;47.2414;16.6233;Hétfő 06:30-20:00|Kedd 06:30-20:00|Szerda 06:30-20:00|Csütörtök 06:30-20:00|Péntek 06:30-20:00|Szombat 06:30-18:00|Vasárnap 08:00-17:00
9700;Baranya;Szombathely;Szűrcsapó utca 2-4 fsz. 3.;Baranyai Tibor;47.2414;16.6233;Hétfő 06:30-20:00|Kedd 06:30-20:00|Szerda 06:30-20:00|Csütörtök 06:30-20:00|Péntek 06:30-20:00|Szombat 06:30-18:00|Vasárnap 08:00-17:00
9700;Baranya;Szombathely;Váci utca 59-61. 2759/31/A/7;Vasi BB Trafik ker. Bt.;47.2414;16.6233;Hétfő 06:30-20:00|Kedd 06:30-20:00|Szerda 06:30-20:00|Csütörtök 06:30-20:00|Péntek 06:30-20:00|Szombat 06:30-18:00|Vasárnap 08:00-17:00
9700;Baranya;Szombathely;Varasd utca 10.;Vasi BB Trafik ker. Bt.;47.2414;16.6233;Hétfő 06:30-20:00|Kedd 06:30-20:00|Szerda 06:30-20:00|Csütörtök 06:30-20:00|Péntek 06:30-20:00|Szombat 06:30-18:00|Vasárnap 08:00-17:00
9700;Baranya;Szombathely;Verseny utca 30.;Alfa Dohány Kereskedelmi Bt.;47.2414;16.6233;Hétfő 06:30-20:00|Kedd 06:30-20:00|Szerda 06:30-20:00|Csütörtök 06:30-20:00|Péntek 06:30-20:00|Szombat 06:30-18:00|Vasárnap 08:00-17:00
9700;Baranya;Szombathely;Viktória utca 12.;VASI TOBAGO Kkt.;47.2414;16.6233;Hétfő 06:30-20:00|Kedd 06:30-20:00|Szerda 06:30-20:00|Csütörtök 06:30-20:00|Péntek 06:30-20:00|Szombat 06:30-18:00|Vasárnap 08:00-17:00
9700;Baranya;Szombathely;Zanati út 42.;Alfa Dohány Kereskedelmi Bt.;47.2414;16.6233;Hétfő 06:30-20:00|Kedd 06:30-20:00|Szerda 06:30-20:00|Csütörtök 06:30-20:00|Péntek 06:30-20:00|Szombat 06:30-18:00|Vasárnap 08:00-17:00
2896;Baranya;Szomód;Fő utca 36.;Horváthné Huczka Mária;47.6847;18.339;Hétfő 05:30-17:30|Kedd 05:30-17:30|Szerda 05:30-17:30|Csütörtök 05:30-17:30|Péntek 05:30-17:30|Szombat 06:30-12:00|Vasárnap 07:00-11:00
3411;Somogy;Szomolya;Kossuth út 24;Benéné Takács Andrea;47.8924;20.4922;Hétfő 08:12-14:18|Kedd 08:12-14:18|Szerda 08:12-14:18|Csütörtök 08:12-14:18|Péntek 08:12-14:18|Szombat 08:00-13:00|Vasárnap 08:00-11:00
2822;Borsod-Abaúj-Zemplén;Szomor;Gyermelyi út 3.;Halász Trafik Bt;47.5919;18.6635;Hétfő 07:00-17:00|Kedd 07:00-17:00|Szerda 07:00-17:00|Csütörtök 07:00-17:00|Péntek 07:00-17:00|Szombat 07:00-11:00|Vasárnap 08:00-11:00
3154;Borsod-Abaúj-Zemplén;Szuha;Kossuth út 237.;Bárnai Viktória;47.9641;19.9154;Hétfő 07:00-20:00|Kedd 07:00-20:00|Szerda 07:00-20:00|Csütörtök 07:00-20:00|Péntek 07:00-20:00|Szombat 07:00-22:00|Vasárnap 07:00-20:00
3731;Baranya;Szuhakálló;Névtelen utca 120/2. Hrsz.;Szotáczki Attila;48.285;20.6552;Hétfő 06:00-21:00|Kedd 06:00-21:00|Szerda 06:00-21:00|Csütörtök 06:00-21:00|Péntek 06:00-21:00|Szombat 06:00-21:00|Vasárnap 06:00-21:00
3734;Somogy;Szuhogy;József Attila utca 64.;Vidó Lajosné;48.3842;20.6757;Hétfő 06:00-16:00|Kedd 06:00-16:00|Szerda 06:00-16:00|Csütörtök 06:00-16:00|Péntek 06:00-16:00|Szombat 06:00-16:00|Vasárnap 07:00-10:00
3064;Baranya;Szurdokpüspöki;Szabadság út 169.;Botond-3 Bt;47.8668;19.6969;Hétfő 06:30-18:00|Kedd 06:30-18:00|Szerda 06:30-18:00|Csütörtök 06:30-18:00|Péntek 06:30-18:00|Szombat 06:30-12:00
8088;Fejér;Tabajd;Kossuth Lajos utca 22.;Falusi-Martin Bt.;47.404;18.6291;Hétfő 06:00-18:00|Kedd 06:00-18:00|Szerda 06:00-18:00|Csütörtök 06:00-18:00|Péntek 06:00-18:00|Szombat 06:00-18:00|Vasárnap 07:00-16:00
6224;Bács-Kiskun;Tabdi;Szent István utca 2.;Kurucz Zsolt;46.6845;19.3079;Hétfő 06:30-18:00|Kedd 06:30-18:00|Szerda 06:30-18:00|Csütörtök 06:30-18:00|Péntek 06:30-18:00|Szombat 06:30-12:00|Vasárnap 07:00-11:30
8121;Fejér;Tác;Ifjúság út 2.;Kovroly Bt.;47.0803;18.4107;Hétfő 05:00-21:00|Kedd 05:00-21:00|Szerda 05:00-21:00|Csütörtök 05:00-21:00|Péntek 05:00-21:00|Szombat 05:00-21:00|Vasárnap 06:00-21:00
2021;Pest;Tahitótfalu;Belterület HRSZ. 1394/3/c;Régi Duna Bt;47.7549;19.089;Hétfő 05:00-21:00|Kedd 05:00-21:00|Szerda 05:00-21:00|Csütörtök 05:00-21:00|Péntek 05:00-21:00|Szombat 06:00-16:00|Vasárnap 07:00-14:00
2021;Pest;Tahitótfalu;Hősök tere 5/A;Koreny András;47.7549;19.089;Hétfő 05:00-21:00|Kedd 05:00-21:00|Szerda 05:00-21:00|Csütörtök 05:00-21:00|Péntek 05:00-21:00|Szombat 06:00-16:00|Vasárnap 07:00-14:00
2335;Pest;Taksony;Attila utca 12.;Taksonyi Trafik Bt;47.3359;19.0666;Hétfő 06:00-20:00|Kedd 06:00-20:00|Szerda 06:00-20:00|Csütörtök 06:00-20:00|Péntek 06:00-20:00|Szombat 06:00-20:00|Vasárnap 06:00-20:00
2335;Pest;Taksony;Fő út 32.;He-Gi-Er Dohánykereskedelmi Bt.;47.3359;19.0666;Hétfő 06:00-20:00|Kedd 06:00-20:00|Szerda 06:00-20:00|Csütörtök 06:00-20:00|Péntek 06:00-20:00|Szombat 06:00-20:00|Vasárnap 06:00-20:00
2335;Pest;Taksony;Fő út 41.;Taksonyi Dohány Bt;47.3354;19.0665;Hétfő 06:00-20:00|Kedd 06:00-20:00|Szerda 06:00-20:00|Csütörtök 06:00-20:00|Péntek 06:00-20:00|Szombat 06:00-20:00|Vasárnap 07:00-20:00
2335;Pest;Taksony;Szent Imre út 8;Wágner Trafik Bt;47.3359;19.0666;Hétfő 06:00-20:00|Kedd 06:00-20:00|Szerda 06:00-20:00|Csütörtök 06:00-20:00|Péntek 06:00-20:00|Szombat 06:00-20:00|Vasárnap 06:00-20:00
8295;Veszprém;Taliándörögd;Kossuth utca 46;Csobánc Coop Bt.;46.9803;17.5682;Hétfő 07:00-16:30|Kedd 07:00-16:30|Szerda 07:00-16:30|Csütörtök 07:00-16:30|Péntek 07:00-16:30|Szombat 07:00-11:00|Vasárnap 07:00-10:30
7090;Tolna;Tamási;Deák Ferenc út 27.;Zengő Zsolt;46.6279;18.2862;Hétfő 06:00-18:00|Kedd 06:00-18:00|Szerda 06:00-18:00|Csütörtök 06:00-18:00|Péntek 06:00-18:00|Szombat 08:00-12:00
7090;Tolna;Tamási;Szabadság út 97/B.;Tambahu 2002 Bt;46.6279;18.2862;Hétfő 06:00-18:00|Kedd 06:00-18:00|Szerda 06:00-18:00|Csütörtök 06:00-18:00|Péntek 06:00-18:00|Szombat 08:00-12:00
7090;Tolna;Tamási;Szabadság utca 56.;Dám Trafik Bt.;46.6956642;18.1873676;Hétfő 07:00-19:00|Kedd 07:00-19:00|Szerda 07:00-19:00|Csütörtök 07:00-19:00|Péntek 07:00-19:00|Szombat 08:00-13:00
2764;Pest;Tápióbicske;Nagykátai utca 45.;Benisek Bt;47.3702;19.6935;Hétfő 05:00-21:00|Kedd 05:00-21:00|Szerda 05:00-21:00|Csütörtök 05:00-21:00|Péntek 05:00-21:00|Szombat 05:00-21:00|Vasárnap 06:30-21:00
2767;Pest;Tápiógyörgye;Batthyány utca 1.;Kérdő Anita;47.3359;19.9504;Hétfő 06:00-19:00|Kedd 06:00-19:00|Szerda 06:00-19:00|Csütörtök 06:00-19:00|Péntek 06:00-19:00|Szombat 07:00-19:00|Vasárnap 09:00-11:00
2767;Pest;Tápiógyörgye;Táncsics Mihály utca 2.;Varró-Klement Magdolna;47.3359;19.9504;Hétfő 06:00-19:00|Kedd 06:00-19:00|Szerda 06:00-19:00|Csütörtök 06:00-19:00|Péntek 06:00-19:00|Szombat 07:00-19:00|Vasárnap 09:00-11:00
2251;Pest;Tápiószecső;Dózsa Gy. út 49.;Dézsé Dohány Bt.;47.446;19.6086;Hétfő 06:00-18:00|Kedd 06:00-18:00|Szerda 06:00-18:00|Csütörtök 06:00-18:00|Péntek 06:00-18:00|Szombat 06:00-18:00|Vasárnap 07:00-12:00
2251;Pest;Tápiószecső;Kátai út 50.;Magoss György Imréné;47.446;19.6086;Hétfő 06:00-18:00|Kedd 06:00-18:00|Szerda 06:00-18:00|Csütörtök 06:00-18:00|Péntek 06:00-18:00|Szombat 06:00-18:00|Vasárnap 07:00-12:00
2251;Pest;Tápiószecső;Kossuth utca 1.;Bata József György;47.446;19.6086;Hétfő 06:00-18:00|Kedd 06:00-18:00|Szerda 06:00-18:00|Csütörtök 06:00-18:00|Péntek 06:00-18:00|Szombat 06:00-18:00|Vasárnap 07:00-12:00
2766;Pest;Tápiószele;Bartók Béla utca 8.;HM-Tabaco-Op Bt;47.3305;19.8753;Hétfő 07:00-19:00|Kedd 07:00-19:00|Szerda 07:00-19:00|Csütörtök 07:00-19:00|Péntek 07:00-19:00|Szombat 07:00-15:00|Vasárnap 08:00-16:00
2766;Pest;Tápiószele;Béke út 1.;Meva-Szele Bt.;47.3305;19.8753;Hétfő 07:00-19:00|Kedd 07:00-19:00|Szerda 07:00-19:00|Csütörtök 07:00-19:00|Péntek 07:00-19:00|Szombat 07:00-15:00|Vasárnap 08:00-16:00
2766;Pest;Tápiószele;Farmosi út 20/A.;Kelemenné Lénárd Katalin;47.3305;19.8753;Hétfő 07:00-19:00|Kedd 07:00-19:00|Szerda 07:00-19:00|Csütörtök 07:00-19:00|Péntek 07:00-19:00|Szombat 07:00-15:00|Vasárnap 08:00-16:00
2766;Pest;Tápiószele;Rákóczi út 53/A;GALBÁCS-KER Bt.;47.3305;19.8753;Hétfő 07:00-19:00|Kedd 07:00-19:00|Szerda 07:00-19:00|Csütörtök 07:00-19:00|Péntek 07:00-19:00|Szombat 07:00-15:00|Vasárnap 08:00-16:00
2711;Pest;Tápiószentmárton;Béke tér 9.;GALBÁCS-KER Bt.;47.34;19.7676;Hétfő 06:00-20:00|Kedd 06:00-20:00|Szerda 06:00-20:00|Csütörtök 06:00-20:00|Péntek 06:00-20:00|Szombat 07:00-20:00|Vasárnap 08:00-18:00
2711;Pest;Tápiószentmárton;Sőregi út 1.;Pikk-Pakk HNK Trafik Bt;47.3309;19.7554;Hétfő 06:00-19:00|Kedd 06:00-19:00|Szerda 06:00-19:00|Csütörtök 06:00-19:00|Péntek 06:00-19:00|Szombat 06:00-14:00|Vasárnap 06:00-14:00
2769;Pest;Tápiószőlős;Árpád utca 1/5;Feketéné Bencsik Gizella;47.293515;19.837447;Hétfő 06:00-20:00|Kedd 06:00-20:00|Szerda 06:00-20:00|Csütörtök 06:00-20:00|Péntek 06:00-20:00|Szombat 06:00-20:00|Vasárnap 07:00-16:00
2769;Pest;Tápiószőlős;Kossuth Lajos út 42.;Józsáné Molnár Andrea;47.293515;19.837447;Hétfő 06:00-20:00|Kedd 06:00-20:00|Szerda 06:00-20:00|Csütörtök 06:00-20:00|Péntek 06:00-20:00|Szombat 06:00-20:00|Vasárnap 07:00-16:00
9761;Vas;Táplánszentkereszt;Széll Kálmán utca 18.;Táplán Tabak ker.szolg. Bt.;47.1968;16.6966;Hétfő 06:00-18:00|Kedd 06:00-18:00|Szerda 06:00-18:00|Csütörtök 06:00-18:00|Péntek 06:00-18:00|Szombat 06:00-14:00|Vasárnap 07:00-12:00
8297;Veszprém;Tapolca;Alkotmány utca 11.;Tiamo Grafika Bt.;46.8846;17.428;Hétfő 08:30-17:00|Kedd 08:30-17:00|Szerda 08:30-17:00|Csütörtök 08:30-17:00|Péntek 08:30-17:00|Szombat 08:00-12:00
3915;Borsod-Abaúj-Zemplén;Tarcal;Fő út 75.;Szadai György;48.136383;21.339088;Hétfő 06:00-22:00|Kedd 06:00-22:00|Szerda 06:00-22:00|Csütörtök 06:00-22:00|Péntek 06:00-22:00|Szombat 06:00-22:00|Vasárnap 08:00-20:00
3915;Borsod-Abaúj-Zemplén;Tarcal;Fő utca 76.;Kertész Trafik Bt.;48.136383;21.339088;Hétfő 06:00-22:00|Kedd 06:00-22:00|Szerda 06:00-22:00|Csütörtök 06:00-22:00|Péntek 06:00-22:00|Szombat 06:00-22:00|Vasárnap 08:00-20:00
3416;Borsod-Abaúj-Zemplén;Tard;Béke utca 143.;Mező Trafik Bt;47.876;20.6027;Hétfő 06:00-17:00|Kedd 06:00-17:00|Szerda 06:00-17:00|Csütörtök 06:00-17:00|Péntek 06:00-17:00|Szombat 06:00-12:00|Vasárnap 07:00-11:00
3644;Borsod-Abaúj-Zemplén;Tardona;Hunyadi János utca 34;Anga Andrásné;48.1674;20.5278;Hétfő 06:00-18:00|Kedd 06:00-18:00|Szerda 06:00-18:00|Csütörtök 06:00-18:00|Péntek 06:00-18:00|Szombat 06:00-16:00|Vasárnap 08:00-12:00
2834;Komárom-Esztergom;Tardos;Béke út 5.;Nagy Erika;47.6627;18.4501;Hétfő 06:00-19:00|Kedd 06:00-19:00|Szerda 06:00-19:00|Csütörtök 06:00-19:00|Péntek 06:00-19:00|Szombat 06:00-12:00|Vasárnap 07:00-12:00
5641;Békés;Tarhos;Petőfi 8.;Dobozi Tabak Bt.;46.8098;21.2143;Hétfő 05:00-19:00|Kedd 05:00-19:00|Szerda 05:00-19:00|Csütörtök 05:00-19:00|Péntek 05:00-19:00|Szombat 06:00-17:00|Vasárnap 07:00-17:00
2831;Komárom-Esztergom;Tarján;Vadász 14.;Tobaccomarket Dohányker. Bt.;47.6047;18.5035;Hétfő 05:00-18:00|Kedd 05:00-18:00|Szerda 05:00-18:00|Csütörtök 05:00-18:00|Péntek 05:00-18:00|Szombat 05:00-13:00|Vasárnap 08:00-10:00
2831;Komárom-Esztergom;Tarján;Vadász 40.;Nagy Ferenc;47.6047;18.5035;Hétfő 05:00-18:00|Kedd 05:00-18:00|Szerda 05:00-18:00|Csütörtök 05:00-18:00|Péntek 05:00-18:00|Szombat 05:00-13:00|Vasárnap 08:00-10:00
3369;Heves;Tarnabod;Petőfi S. utca 16.;Ács László;47.685;20.2288;Hétfő 06:00-20:00|Kedd 00:00-20:00|Szerda 06:00-20:00|Csütörtök 06:00-20:00|Péntek 06:00-20:00|Szombat 06:00-20:00|Vasárnap 06:00-20:00
2461;Pest;Tárnok;Dózsa György utca 23.;Tárnoki Trafik Bt.;47.376353;18.845409;Hétfő 06:00-18:00|Kedd 06:00-18:00|Szerda 06:00-18:00|Csütörtök 06:00-18:00|Péntek 06:00-18:00|Szombat 06:00-12:00
2461;Pest;Tárnok;Fő utca 43/f;Boti Attila;47.376353;18.845409;Hétfő 06:00-18:00|Kedd 06:00-18:00|Szerda 06:00-18:00|Csütörtök 06:00-18:00|Péntek 06:00-18:00|Szombat 06:00-12:00
2461;Pest;Tárnok;Hazatérők útja 36.;Sz&M Trafik Bt.;47.376353;18.845409;Hétfő 06:00-18:00|Kedd 06:00-18:00|Szerda 06:00-18:00|Csütörtök 06:00-18:00|Péntek 06:00-18:00|Szombat 06:00-12:00
2461;Pest;Tárnok;Rákóczi út 43.;Pécsvári Trafik Bt.;47.3640234;18.862251487208216;Hétfő 06:00-21:00|Kedd 06:00-21:00|Szerda 06:00-21:00|Csütörtök 06:00-21:00|Péntek 06:00-21:00|Szombat 06:00-21:00|Vasárnap 06:00-21:00
2461;Pest;Tárnok;Rözler Endre utca 1;Pici Centrum Ker. és Szolg. Bt.;47.376353;18.845409;Hétfő 06:00-18:00|Kedd 06:00-18:00|Szerda 06:00-18:00|Csütörtök 06:00-18:00|Péntek 06:00-18:00|Szombat 06:00-12:00
4931;Szabolcs-Szatmár-Bereg;Tarpa;Kossuth utca 25/E.;Szabó József;48.1039;22.5284;Hétfő 07:00-19:00|Kedd 07:00-19:00|Szerda 07:00-19:00|Csütörtök 07:00-19:00|Péntek 07:00-19:00|Szombat 08:00-16:00
6098;Bács-Kiskun;Tass;Jókai utca 2.;Csabai Vivien;47.014;19.0313;Hétfő 05:00-18:00|Kedd 05:00-18:00|Szerda 05:00-18:00|Csütörtök 05:00-18:00|Péntek 05:00-18:00|Szombat 06:00-14:00|Vasárnap 06:00-14:00
2534;Komárom-Esztergom;Tát;Bécsi út 38.;Hosszú Szivar Ker. Bt;47.7441;18.6461;Hétfő 05:30-19:00|Kedd 05:30-19:00|Szerda 05:30-19:00|Csütörtök 05:30-19:00|Péntek 05:30-19:00|Szombat 06:00-14:00|Vasárnap 07:00-13:00
2534;Komárom-Esztergom;Tát;Fő utca 145.;Retkes János;47.7441;18.6461;Hétfő 05:30-19:00|Kedd 05:30-19:00|Szerda 05:30-19:00|Csütörtök 05:30-19:00|Péntek 05:30-19:00|Szombat 06:00-14:00|Vasárnap 07:00-13:00
2534;Komárom-Esztergom;Tát;Zola Emil fasor 2/B.;Berta Trafik Bt;47.7441;18.6461;Hétfő 05:30-19:00|Kedd 05:30-19:00|Szerda 05:30-19:00|Csütörtök 05:30-19:00|Péntek 05:30-19:00|Szombat 06:00-14:00|Vasárnap 07:00-13:00
2890;Komárom-Esztergom;Tata;Ady Endre út 43.;Éberhardt Péter;47.648;18.3286;Hétfő 05:00-22:00|Kedd 05:00-22:00|Szerda 05:00-22:00|Csütörtök 05:00-22:00|Péntek 05:00-22:00|Szombat 05:00-22:00|Vasárnap 05:00-22:00
2890;Komárom-Esztergom;Tata;Agostyáni utca 78-4.;D & P 2013. Bt.;47.648;18.3286;Hétfő 05:00-22:00|Kedd 05:00-22:00|Szerda 05:00-22:00|Csütörtök 05:00-22:00|Péntek 05:00-22:00|Szombat 05:00-22:00|Vasárnap 05:00-22:00
2890;Komárom-Esztergom;Tata;Bajcsy-Zsilinszky út 3.;Depo-Trade '94 Nagykereskedelmi Bt.;47.648;18.3286;Hétfő 05:00-22:00|Kedd 05:00-22:00|Szerda 05:00-22:00|Csütörtök 05:00-22:00|Péntek 05:00-22:00|Szombat 05:00-22:00|Vasárnap 05:00-22:00
2890;Komárom-Esztergom;Tata;Keszthelyi HRSZ. 1440/09.;Agnes Trafik Bt.;47.648;18.3286;Hétfő 05:00-22:00|Kedd 05:00-22:00|Szerda 05:00-22:00|Csütörtök 05:00-22:00|Péntek 05:00-22:00|Szombat 05:00-22:00|Vasárnap 05:00-22:00
2890;Komárom-Esztergom;Tata;Kocsi utca 29.;Hartman Attila;47.648;18.3286;Hétfő 05:00-22:00|Kedd 05:00-22:00|Szerda 05:00-22:00|Csütörtök 05:00-22:00|Péntek 05:00-22:00|Szombat 05:00-22:00|Vasárnap 05:00-22:00
2890;Komárom-Esztergom;Tata;Környei út 325/5. hrsz;Éberhardt Péter;47.648;18.3286;Hétfő 05:00-22:00|Kedd 05:00-22:00|Szerda 05:00-22:00|Csütörtök 05:00-22:00|Péntek 05:00-22:00|Szombat 05:00-22:00|Vasárnap 05:00-22:00
2890;Komárom-Esztergom;Tata;Május 1 út 1879/19.;G.-Bónusz Ker. És Szolg Bt.;47.648;18.3286;Hétfő 05:00-22:00|Kedd 05:00-22:00|Szerda 05:00-22:00|Csütörtök 05:00-22:00|Péntek 05:00-22:00|Szombat 05:00-22:00|Vasárnap 05:00-22:00
2890;Komárom-Esztergom;Tata;Mikovényi utca 3/A.;D & P 2013. Bt.;47.648;18.3286;Hétfő 05:00-22:00|Kedd 05:00-22:00|Szerda 05:00-22:00|Csütörtök 05:00-22:00|Péntek 05:00-22:00|Szombat 05:00-22:00|Vasárnap 05:00-22:00
2890;Komárom-Esztergom;Tata;Piac tér 3.;DEPÓ-TRADE '94 Bt.;47.648;18.3286;Hétfő 05:00-22:00|Kedd 05:00-22:00|Szerda 05:00-22:00|Csütörtök 05:00-22:00|Péntek 05:00-22:00|Szombat 05:00-22:00|Vasárnap 05:00-22:00
2890;Komárom-Esztergom;Tata;Rákóczi F. utca 8.;Tabacchi Bt;47.648;18.3286;Hétfő 05:00-22:00|Kedd 05:00-22:00|Szerda 05:00-22:00|Csütörtök 05:00-22:00|Péntek 05:00-22:00|Szombat 05:00-22:00|Vasárnap 05:00-22:00
2890;Komárom-Esztergom;Tata;Zsigmond utca 38/a.;Depo-Trade '94 Nagykereskedelmi Bt.;47.648;18.3286;Hétfő 05:00-22:00|Kedd 05:00-22:00|Szerda 05:00-22:00|Csütörtök 05:00-22:00|Péntek 05:00-22:00|Szombat 05:00-22:00|Vasárnap 05:00-22:00
2800;Komárom-Esztergom;Tatabánya;Árpád utca 85.;Három-Saller Bt.;47.5647;18.3982;Hétfő 05:00-18:00|Kedd 05:00-18:00|Szerda 05:00-18:00|Csütörtök 05:00-18:00|Péntek 05:00-18:00|Szombat 08:00-16:00|Vasárnap 08:00-12:00
2800;Komárom-Esztergom;Tatabánya;Bánhidai lakótelep 108;Kissné Töltési Éva;47.5782;18.3895;Hétfő 06:00-21:00|Kedd 06:00-21:00|Szerda 06:00-21:00|Csütörtök 06:00-21:00|Péntek 06:00-21:00|Szombat 06:00-21:00|Vasárnap 06:00-21:00
2800;Komárom-Esztergom;Tatabánya;Bánhidai lakótelep 8303/4.;Flórián és Társa Ker. és szolg. Bt;47.5647;18.3982;Hétfő 05:00-18:00|Kedd 05:00-18:00|Szerda 05:00-18:00|Csütörtök 05:00-18:00|Péntek 05:00-18:00|Szombat 08:00-16:00|Vasárnap 08:00-12:00
2800;Komárom-Esztergom;Tatabánya;Búzavirág út 6.;Tajtékpipa Bt.;47.5647;18.3982;Hétfő 05:00-18:00|Kedd 05:00-18:00|Szerda 05:00-18:00|Csütörtök 05:00-18:00|Péntek 05:00-18:00|Szombat 08:00-16:00|Vasárnap 08:00-12:00
2800;Komárom-Esztergom;Tatabánya;Dózsa György utca 58.;Éberhardt Péter;47.5647;18.3982;Hétfő 05:00-18:00|Kedd 05:00-18:00|Szerda 05:00-18:00|Csütörtök 05:00-18:00|Péntek 05:00-18:00|Szombat 08:00-16:00|Vasárnap 08:00-12:00
2800;Komárom-Esztergom;Tatabánya;Erdész utca 1.;TALIZMÁN TABAK Bt.;47.5647;18.3982;Hétfő 05:00-18:00|Kedd 05:00-18:00|Szerda 05:00-18:00|Csütörtök 05:00-18:00|Péntek 05:00-18:00|Szombat 08:00-16:00|Vasárnap 08:00-12:00
2800;Komárom-Esztergom;Tatabánya;Felsőgallai út 40.;Sluck-Ker Ker. és Szolg. Bt.;47.5647;18.3982;Hétfő 05:00-18:00|Kedd 05:00-18:00|Szerda 05:00-18:00|Csütörtök 05:00-18:00|Péntek 05:00-18:00|Szombat 08:00-16:00|Vasárnap 08:00-12:00
2800;Komárom-Esztergom;Tatabánya;Fő tér 14/D;TALIZMÁN TABAK Bt.;47.5843;18.3979;Hétfő 07:00-19:00|Kedd 07:00-19:00|Szerda 07:00-19:00|Csütörtök 07:00-19:00|Péntek 07:00-19:00|Szombat 08:00-16:00
2800;Komárom-Esztergom;Tatabánya;Gábor Áron utca 43.;Sluck-Ker Ker. és Szolg. Bt.;47.5647;18.3982;Hétfő 05:00-18:00|Kedd 05:00-18:00|Szerda 05:00-18:00|Csütörtök 05:00-18:00|Péntek 05:00-18:00|Szombat 08:00-16:00|Vasárnap 08:00-12:00
2800;Komárom-Esztergom;Tatabánya;Gál István lakótelep 300.;Bomon Trade Bt;47.5647;18.3982;Hétfő 05:00-18:00|Kedd 05:00-18:00|Szerda 05:00-18:00|Csütörtök 05:00-18:00|Péntek 05:00-18:00|Szombat 08:00-16:00|Vasárnap 08:00-12:00
2800;Komárom-Esztergom;Tatabánya;Gál István lakótelep 715;Három-Saller Bt.;47.5607;18.4171;Hétfő 05:00-18:00|Kedd 05:00-18:00|Szerda 05:00-18:00|Csütörtök 05:00-18:00|Péntek 05:00-18:00|Szombat 08:00-16:00|Vasárnap 08:00-12:00
2800;Komárom-Esztergom;Tatabánya;Győri út 27.;TALIZMÁN TABAK Bt.;47.5647;18.3982;Hétfő 05:00-18:00|Kedd 05:00-18:00|Szerda 05:00-18:00|Csütörtök 05:00-18:00|Péntek 05:00-18:00|Szombat 08:00-16:00|Vasárnap 08:00-12:00
2800;Komárom-Esztergom;Tatabánya;Győri út 31.;Agnes Trafik Bt.;47.5647;18.3982;Hétfő 05:00-18:00|Kedd 05:00-18:00|Szerda 05:00-18:00|Csütörtök 05:00-18:00|Péntek 05:00-18:00|Szombat 08:00-16:00|Vasárnap 08:00-12:00
2800;Komárom-Esztergom;Tatabánya;Győri utca 1/a;Sluck-Ker Ker. és Szolg. Bt.;47.5647;18.3982;Hétfő 05:00-18:00|Kedd 05:00-18:00|Szerda 05:00-18:00|Csütörtök 05:00-18:00|Péntek 05:00-18:00|Szombat 08:00-16:00|Vasárnap 08:00-12:00
2800;Komárom-Esztergom;Tatabánya;Ifjúság út 57/1. Lph.;Tabacchi Bt;47.5647;18.3982;Hétfő 05:00-18:00|Kedd 05:00-18:00|Szerda 05:00-18:00|Csütörtök 05:00-18:00|Péntek 05:00-18:00|Szombat 08:00-16:00|Vasárnap 08:00-12:00
2800;Komárom-Esztergom;Tatabánya;Ifjúság utca 11378/2.;Frech Mónika;47.5647;18.3982;Hétfő 05:00-18:00|Kedd 05:00-18:00|Szerda 05:00-18:00|Csütörtök 05:00-18:00|Péntek 05:00-18:00|Szombat 08:00-16:00|Vasárnap 08:00-12:00
2800;Komárom-Esztergom;Tatabánya;Kodály tér 5.;Csatabata Bt;47.5647;18.3982;Hétfő 05:00-18:00|Kedd 05:00-18:00|Szerda 05:00-18:00|Csütörtök 05:00-18:00|Péntek 05:00-18:00|Szombat 08:00-16:00|Vasárnap 08:00-12:00
2800;Komárom-Esztergom;Tatabánya;Kodály Z. tér 9;Tabacchi Bt;47.5647;18.3982;Hétfő 05:00-18:00|Kedd 05:00-18:00|Szerda 05:00-18:00|Csütörtök 05:00-18:00|Péntek 05:00-18:00|Szombat 08:00-16:00|Vasárnap 08:00-12:00
2800;Komárom-Esztergom;Tatabánya;Komáromi út 27.;B2A Bt;47.5647;18.3982;Hétfő 05:00-18:00|Kedd 05:00-18:00|Szerda 05:00-18:00|Csütörtök 05:00-18:00|Péntek 05:00-18:00|Szombat 08:00-16:00|Vasárnap 08:00-12:00
2800;Komárom-Esztergom;Tatabánya;Köztársaság útja 1/F.;KDK Trafik Bt;47.5647;18.3982;Hétfő 05:00-18:00|Kedd 05:00-18:00|Szerda 05:00-18:00|Csütörtök 05:00-18:00|Péntek 05:00-18:00|Szombat 08:00-16:00|Vasárnap 08:00-12:00
2800;Komárom-Esztergom;Tatabánya;Mártírok útja 44.;Frech Mónika;47.5647;18.3982;Hétfő 05:00-18:00|Kedd 05:00-18:00|Szerda 05:00-18:00|Csütörtök 05:00-18:00|Péntek 05:00-18:00|Szombat 08:00-16:00|Vasárnap 08:00-12:00
2800;Komárom-Esztergom;Tatabánya;Ótelep utca 1.;Bomon Trade Bt;47.5647;18.3982;Hétfő 05:00-18:00|Kedd 05:00-18:00|Szerda 05:00-18:00|Csütörtök 05:00-18:00|Péntek 05:00-18:00|Szombat 08:00-16:00|Vasárnap 08:00-12:00
2800;Komárom-Esztergom;Tatabánya;Réti 164.;Görög-Gáncs Vivien;47.5647;18.3982;Hétfő 05:00-18:00|Kedd 05:00-18:00|Szerda 05:00-18:00|Csütörtök 05:00-18:00|Péntek 05:00-18:00|Szombat 08:00-16:00|Vasárnap 08:00-12:00
2800;Komárom-Esztergom;Tatabánya;Sárberki lakótelep Hrsz. 11620/18/a.;Flórián és Társa Ker. és szolg. Bt;47.5647;18.3982;Hétfő 05:00-18:00|Kedd 05:00-18:00|Szerda 05:00-18:00|Csütörtök 05:00-18:00|Péntek 05:00-18:00|Szombat 08:00-16:00|Vasárnap 08:00-12:00
2800;Komárom-Esztergom;Tatabánya;Sárberki lakótelep Hrsz. 4140/15.;Flórián és Társa Ker. és szolg. Bt;47.5647;18.3982;Hétfő 05:00-18:00|Kedd 05:00-18:00|Szerda 05:00-18:00|Csütörtök 05:00-18:00|Péntek 05:00-18:00|Szombat 08:00-16:00|Vasárnap 08:00-12:00
2800;Komárom-Esztergom;Tatabánya;Szent Borbála 3.;P + P Dohány Betéti Társaság;47.5647;18.3982;Hétfő 05:00-18:00|Kedd 05:00-18:00|Szerda 05:00-18:00|Csütörtök 05:00-18:00|Péntek 05:00-18:00|Szombat 08:00-16:00|Vasárnap 08:00-12:00
2800;Komárom-Esztergom;Tatabánya;Szent Borbála tér 6/b.;Agnes Trafik Bt.;47.5647;18.3982;Hétfő 05:00-18:00|Kedd 05:00-18:00|Szerda 05:00-18:00|Csütörtök 05:00-18:00|Péntek 05:00-18:00|Szombat 08:00-16:00|Vasárnap 08:00-12:00
2800;Komárom-Esztergom;Tatabánya;Szent Borbála út 39.;TALIZMÁN TABAK Bt.;47.5647;18.3982;Hétfő 05:00-18:00|Kedd 05:00-18:00|Szerda 05:00-18:00|Csütörtök 05:00-18:00|Péntek 05:00-18:00|Szombat 08:00-16:00|Vasárnap 08:00-12:00
2800;Komárom-Esztergom;Tatabánya;Szent György út 50/A;B2A Bt;47.5647;18.3982;Hétfő 05:00-18:00|Kedd 05:00-18:00|Szerda 05:00-18:00|Csütörtök 05:00-18:00|Péntek 05:00-18:00|Szombat 08:00-16:00|Vasárnap 08:00-12:00
2800;Komárom-Esztergom;Tatabánya;Szent György utca 53.;B2A Bt;47.5647;18.3982;Hétfő 05:00-18:00|Kedd 05:00-18:00|Szerda 05:00-18:00|Csütörtök 05:00-18:00|Péntek 05:00-18:00|Szombat 08:00-16:00|Vasárnap 08:00-12:00
2800;Komárom-Esztergom;Tatabánya;Újváros piactér HRSZ. 11140/2/A1;B2A Bt;47.5647;18.3982;Hétfő 05:00-18:00|Kedd 05:00-18:00|Szerda 05:00-18:00|Csütörtök 05:00-18:00|Péntek 05:00-18:00|Szombat 08:00-16:00|Vasárnap 08:00-12:00
2800;Komárom-Esztergom;Tatabánya;Vadász út 20.;Dana Dohány Bt.;47.5647;18.3982;Hétfő 05:00-18:00|Kedd 05:00-18:00|Szerda 05:00-18:00|Csütörtök 05:00-18:00|Péntek 05:00-18:00|Szombat 08:00-16:00|Vasárnap 08:00-12:00
5675;Békés;Telekgerendás;Ady Endre utca 16.;Kvaszné Hovanyecz Judit;46.6562;20.9517;Hétfő 06:00-18:00|Kedd 06:00-18:00|Szerda 06:00-18:00|Csütörtök 06:00-18:00|Péntek 06:00-18:00|Szombat 06:00-12:00|Vasárnap 08:00-11:00
2089;Pest;Telki;Muskátli utca 1/A;Lord Trafik Szolg. Bt;47.5507;18.8205;Hétfő 06:00-22:00|Kedd 06:00-22:00|Szerda 06:00-22:00|Csütörtök 06:00-22:00|Péntek 06:00-22:00|Szombat 06:00-18:00
9111;Győr-Moson-Sopron;Tényő;Munkás utca 15.;Erdős Zoltán János;47.5416;17.6489;Hétfő 06:00-18:00|Kedd 06:00-18:00|Szerda 06:00-18:00|Csütörtök 06:00-18:00|Péntek 06:00-18:00|Szombat 06:00-17:00
8109;Veszprém;Tés;Petőfi utca 51.;Falusi-Ottó Bt.;47.2594;18.0322;Hétfő 06:00-19:00|Kedd 06:00-19:00|Szerda 06:00-19:00|Csütörtök 06:00-19:00|Péntek 06:00-19:00|Szombat 06:00-18:00|Vasárnap 07:00-16:00
2635;Pest;Tésa;Ipolysági út 9;Fidel Csaba;47.9784;18.7874;Hétfő 05:00-19:00|Kedd 05:00-19:00|Szerda 05:00-19:00|Csütörtök 05:00-19:00|Péntek 05:00-19:00|Szombat 05:00-19:00|Vasárnap 06:30-19:00
9100;Győr-Moson-Sopron;Tét;Fő utca 129.;ÉVA-TOBACCO Bt.;47.5140099;17.5150613;Hétfő 07:00-19:00|Kedd 07:00-19:00|Szerda 07:00-19:00|Csütörtök 07:00-19:00|Péntek 07:00-19:00|Szombat 07:00-15:00
9100;Győr-Moson-Sopron;Tét;Győri út 6-8;Koszt és Kvártély Bt.;47.514;17.5148;Hétfő 06:00-18:00|Kedd 06:00-18:00|Szerda 06:00-18:00|Csütörtök 06:00-18:00|Péntek 06:00-18:00|Szombat 09:00-17:00|Vasárnap 09:00-15:00
9100;Győr-Moson-Sopron;Tét;Kisfaludy utca 1.;Ko-Re-Ct Hungary Bt.;47.514;17.5148;Hétfő 06:00-18:00|Kedd 06:00-18:00|Szerda 06:00-18:00|Csütörtök 06:00-18:00|Péntek 06:00-18:00|Szombat 09:00-17:00|Vasárnap 09:00-15:00
3423;Borsod-Abaúj-Zemplén;Tibolddaróc;Kácsi út 4.;Mező Trafik Bt;47.9222;20.6344;Hétfő 06:30-17:30|Kedd 06:30-17:30|Szerda 06:30-17:30|Csütörtök 06:30-17:30|Péntek 06:30-17:30|Szombat 06:30-12:00|Vasárnap 07:00-11:00
2086;Pest;Tinnye;Bajcsy-Zsilinszky utca 23.;Gáspár Noémi;47.6195;18.7785;Hétfő 06:00-17:00|Kedd 09:00-19:00|Szerda 06:00-17:00|Csütörtök 09:00-19:00|Péntek 06:00-17:00|Szombat 07:00-15:00
3971;Borsod-Abaúj-Zemplén;Tiszakarád;Iskola utca 2;Varga Veronika;48.2102;21.719;Hétfő 06:00-18:00|Kedd 06:00-18:00|Szerda 06:00-18:00|Csütörtök 06:00-18:00|Péntek 06:00-18:00|Szombat 06:00-14:00
3971;Borsod-Abaúj-Zemplén;Tiszakarád;Rákóczi Ferenc utca 67.;Lukács Sándor;48.2102;21.719;Hétfő 06:00-18:00|Kedd 06:00-18:00|Szerda 06:00-18:00|Csütörtök 06:00-18:00|Péntek 06:00-18:00|Szombat 06:00-14:00
5211;Jász-Nagykun-Szolnok;Tiszapüspöki;Fő út 125.;Juhász Krisztina;47.2121;20.324;Hétfő 06:00-20:00|Kedd 06:00-20:00|Szerda 06:00-20:00|Csütörtök 06:00-20:00|Péntek 06:00-20:00|Szombat 08:00-16:00|Vasárnap 08:00-16:00
5061;Jász-Nagykun-Szolnok;Tiszasüly;Kiséri út 36.;Pollák Tibor Istvánné;47.3923;20.3873;Hétfő 06:00-17:30|Kedd 06:00-17:30|Szerda 06:00-17:30|Csütörtök 06:00-17:30|Péntek 06:00-17:30|Szombat 06:00-12:00|Vasárnap 07:00-10:00
4487;Szabolcs-Szatmár-Bereg;Tiszatelek;Kossuth út 15.;Balla-Horváth Henrietta;48.1879;21.8273;Hétfő 06:00-22:00|Kedd 06:00-22:00|Szerda 06:00-22:00|Csütörtök 06:00-22:00|Péntek 06:00-22:00|Szombat 06:00-22:00|Vasárnap 08:00-14:00
2252;Pest;Tóalmás;Béke utca 41;Magyar Tiborné;47.5085;19.6634;Hétfő 06:00-20:00|Kedd 06:00-20:00|Szerda 06:00-20:00|Csütörtök 06:00-20:00|Péntek 06:00-20:00|Szombat 06:00-14:00|Vasárnap 06:00-14:00
2073;Borsod-Abaúj-Zemplén;Tök;Kútvölgy tér 26.;Kaiser Éva;47.5665;18.732;Hétfő 06:00-00:00|Kedd 06:00-00:00|Szerda 06:00-00:00|Csütörtök 06:00-00:00|Péntek 06:00-00:00|Szombat 06:00-00:00|Vasárnap 06:00-00:00
2531;Komárom-Esztergom;Tokod;József Attila út 119.;Papp Márk Antal;47.7365;18.6694;Hétfő 08:00-16:00|Kedd 08:00-16:00|Szerda 08:00-16:00|Csütörtök 08:00-16:00|Péntek 08:00-16:00|Szombat 10:00-14:00|Vasárnap 10:00-14:00
2531;Komárom-Esztergom;Tokod;Köztársaság 1.;Trafik-System Észak Bt;47.7365;18.6694;Hétfő 08:00-16:00|Kedd 08:00-16:00|Szerda 08:00-16:00|Csütörtök 08:00-16:00|Péntek 08:00-16:00|Szombat 10:00-14:00|Vasárnap 10:00-14:00
2531;Komárom-Esztergom;Tokod;Széchenyi utca 2.;Bánhidiné Mészáros Edit;47.7365;18.6694;Hétfő 08:00-16:00|Kedd 08:00-16:00|Szerda 08:00-16:00|Csütörtök 08:00-16:00|Péntek 08:00-16:00|Szombat 10:00-14:00|Vasárnap 10:00-14:00
2532;Vas;Tokodaltáró;József Attila utca 31/A.;JSG Bt;47.7316;18.6924;Hétfő 06:00-19:00|Kedd 06:00-19:00|Szerda 06:00-19:00|Csütörtök 06:00-19:00|Péntek 06:00-19:00|Szombat 07:00-15:00
2316;Borsod-Abaúj-Zemplén;Tököl;Állomás utca 5/A.;Ladányi Lajosné;47.3277;18.965;Hétfő 05:00-22:00|Kedd 05:00-22:00|Szerda 05:00-22:00|Csütörtök 05:00-22:00|Péntek 05:00-22:00|Szombat 05:00-22:00|Vasárnap 05:00-22:00
2316;Borsod-Abaúj-Zemplén;Tököl;Fő út 86-87.;Haczigi Bt.;47.3277;18.965;Hétfő 05:00-22:00|Kedd 05:00-22:00|Szerda 05:00-22:00|Csütörtök 05:00-22:00|Péntek 05:00-22:00|Szombat 05:00-22:00|Vasárnap 05:00-22:00
2316;Borsod-Abaúj-Zemplén;Tököl;Kölcsey Ferenc utca 1938/4 hrsz.;DRAGOVICS TOBACCO Bt.;47.3277;18.965;Hétfő 05:00-22:00|Kedd 05:00-22:00|Szerda 05:00-22:00|Csütörtök 05:00-22:00|Péntek 05:00-22:00|Szombat 05:00-22:00|Vasárnap 05:00-22:00
7130;Jász-Nagykun-Szolnok;Tolna;Alkotmány 72/a.;Rezske Dohány Bt.;46.4207;18.7708;Hétfő 06:00-18:00|Kedd 06:00-18:00|Szerda 06:00-18:00|Csütörtök 06:00-18:00|Péntek 06:00-18:00|Szombat 06:00-12:00|Vasárnap 06:00-11:00
7130;Jász-Nagykun-Szolnok;Tolna;Alkotmány utca 22.;Merkl Krisztina;46.4198;18.7697;Hétfő 05:30-19:30|Kedd 05:30-19:30|Szerda 05:30-19:30|Csütörtök 05:30-19:30|Péntek 05:30-19:30|Szombat 05:30-19:30|Vasárnap 06:30-11:30
7130;Jász-Nagykun-Szolnok;Tolna;Bajcsy Zsilinszky 8/A.;Győrmi Bt.;46.4207;18.7708;Hétfő 06:00-18:00|Kedd 06:00-18:00|Szerda 06:00-18:00|Csütörtök 06:00-18:00|Péntek 06:00-18:00|Szombat 06:00-12:00|Vasárnap 06:00-11:00
7130;Jász-Nagykun-Szolnok;Tolna;Deák F. utca 24.;Koncz Gábor;46.4207;18.7708;Hétfő 06:00-18:00|Kedd 06:00-18:00|Szerda 06:00-18:00|Csütörtök 06:00-18:00|Péntek 06:00-18:00|Szombat 06:00-12:00|Vasárnap 06:00-11:00
7130;Jász-Nagykun-Szolnok;Tolna;Deák F. utca 7.;Tantos Csaba;46.4229;18.7857;Hétfő 05:30-19:30|Kedd 05:30-19:30|Szerda 05:30-19:30|Csütörtök 05:30-19:30|Péntek 05:30-19:30|Szombat 05:30-19:30|Vasárnap 06:00-11:00
9086;Bács-Kiskun;Töltéstava;József Attila utca 22.;Cser Tamás;47.6258;17.7374;Hétfő 07:00-19:00|Kedd 07:00-19:00|Szerda 07:00-19:00|Csütörtök 07:00-19:00|Péntek 07:00-19:00|Szombat 07:00-13:00
5324;Vas;Tomajmonostora;Széchenyi út 61/A.;Kovács Szabolcs István;47.4317;20.7017;Hétfő 06:00-18:00|Kedd 06:00-18:00|Szerda 06:00-18:00|Csütörtök 06:00-18:00|Péntek 06:00-18:00|Szombat 06:00-17:00|Vasárnap 06:00-11:00
6422;Vas;Tompa;Alsósákalapos tanya 18/A;Molnár Dohány Bt.;46.171715;19.555793;Hétfő 06:00-18:00|Kedd 06:00-18:00|Szerda 06:00-18:00|Csütörtök 06:00-18:00|Péntek 06:00-18:00|Szombat 08:00-16:00
6422;Vas;Tompa;Kossuth utca 48.;Csenger Árpád Csaba;46.171715;19.555793;Hétfő 06:00-18:00|Kedd 06:00-18:00|Szerda 06:00-18:00|Csütörtök 06:00-18:00|Péntek 06:00-18:00|Szombat 08:00-16:00
6422;Vas;Tompa;Szentháromság tér 1.;Kiss Anikó;46.171715;19.555793;Hétfő 06:00-18:00|Kedd 06:00-18:00|Szerda 06:00-18:00|Csütörtök 06:00-18:00|Péntek 06:00-18:00|Szombat 08:00-16:00
2463;Borsod-Abaúj-Zemplén;Tordas;Szabadság út 48.;Menyhei Jade Olívia;47.3447;18.7477;Hétfő 08:00-20:00|Kedd 08:00-20:00|Szerda 08:00-20:00|Csütörtök 08:00-20:00|Péntek 08:00-20:00|Szombat 08:00-20:00|Vasárnap 08:00-20:00
2045;Zala;Törökbálint;Bajcsy-Zsilinszky utca 75/B.;Hajdúk Dohány Bt.;47.4349;18.9156;Hétfő 06:30-20:00|Kedd 06:30-20:00|Szerda 06:30-20:00|Csütörtök 06:30-20:00|Péntek 06:30-20:00|Szombat 07:00-15:00|Vasárnap 07:00-15:00
2045;Zala;Törökbálint;Baross utca 27.;Liget Tabak-Shop Kereskedelmi Bt.;47.4349;18.9156;Hétfő 06:30-20:00|Kedd 06:30-20:00|Szerda 06:30-20:00|Csütörtök 06:30-20:00|Péntek 06:30-20:00|Szombat 07:00-15:00|Vasárnap 07:00-15:00
2045;Zala;Törökbálint;Bornemissza Gergely utca 1.;Bánfi Róbert;47.4349;18.9156;Hétfő 06:30-20:00|Kedd 06:30-20:00|Szerda 06:30-20:00|Csütörtök 06:30-20:00|Péntek 06:30-20:00|Szombat 07:00-15:00|Vasárnap 07:00-15:00
2045;Zala;Törökbálint;Munkácsy Mihály utca 27-29.;Bánfi Róbert;47.4329128;18.9190043;Hétfő 05:00-20:00|Kedd 05:00-20:00|Szerda 05:00-20:00|Csütörtök 05:00-20:00|Péntek 05:00-20:00|Szombat 07:00-15:00|Vasárnap 07:00-15:00
2045;Zala;Törökbálint;Szabadság tér 23.;Ronikolett Bt;47.4349;18.9156;Hétfő 06:30-20:00|Kedd 06:30-20:00|Szerda 06:30-20:00|Csütörtök 06:30-20:00|Péntek 06:30-20:00|Szombat 07:00-15:00|Vasárnap 07:00-15:00
5200;Veszprém;Törökszentmiklós;Budai Nagy Antal utca 1.;Krech Tobacco Bt.;47.1784213;20.4116192;Hétfő 08:00-20:00|Kedd 08:00-20:00|Szerda 08:00-20:00|Csütörtök 08:00-20:00|Péntek 08:00-20:00|Szombat 09:00-20:00|Vasárnap 14:00-18:00
5200;Veszprém;Törökszentmiklós;Herman Ottó utca 3.;Miklós-Inter Kereskedelmi és Szolgáltató Bt;47.1787;20.4093;Hétfő 06:00-19:00|Kedd 06:00-19:00|Szerda 06:00-19:00|Csütörtök 06:00-19:00|Péntek 06:00-19:00|Szombat 08:00-18:00|Vasárnap 07:00-12:00
5200;Veszprém;Törökszentmiklós;Hunyadi tér 3.;Miklós Trafik Bt.;47.1787;20.4093;Hétfő 06:00-19:00|Kedd 06:00-19:00|Szerda 06:00-19:00|Csütörtök 06:00-19:00|Péntek 06:00-19:00|Szombat 08:00-18:00|Vasárnap 07:00-12:00
5200;Veszprém;Törökszentmiklós;Kossuth Lajos út 280.;Szivar Varázs Bt;47.1758;20.3863;Hétfő 06:00-18:00|Kedd 06:00-18:00|Szerda 06:00-18:00|Csütörtök 06:00-18:00|Péntek 06:00-18:00|Szombat 07:00-15:00
5200;Veszprém;Törökszentmiklós;Kossuth Lajos utca 98-100.;Miklós Trafik Bt.;47.1806;20.4181;Hétfő 06:00-20:00|Kedd 06:00-20:00|Szerda 06:00-20:00|Csütörtök 06:00-20:00|Péntek 06:00-20:00|Szombat 07:00-17:00|Vasárnap 07:00-13:00
5200;Veszprém;Törökszentmiklós;Kossuth út 189.;Takács György;47.1786;20.3991;Hétfő 06:00-21:00|Kedd 06:00-21:00|Szerda 06:00-21:00|Csütörtök 06:00-21:00|Péntek 06:00-21:00|Szombat 06:00-21:00|Vasárnap 07:00-19:00
5200;Veszprém;Törökszentmiklós;Pánthy Endre út 31.;Miklós-Inter Kereskedelmi és Szolgáltató Bt;47.1735;20.405;Hétfő 06:00-21:00|Kedd 06:00-21:00|Szerda 06:00-21:00|Csütörtök 06:00-21:00|Péntek 06:00-22:00|Szombat 06:00-22:00|Vasárnap 07:00-13:00
5200;Veszprém;Törökszentmiklós;Táncsics Mihály utca 2/A.;Fehérné és Tsa. Bt.;47.1787;20.4093;Hétfő 06:00-19:00|Kedd 06:00-19:00|Szerda 06:00-19:00|Csütörtök 06:00-19:00|Péntek 06:00-19:00|Szombat 08:00-18:00|Vasárnap 07:00-12:00
5091;Vas;Tószeg;Attila út 1;Csücsök Csárda Bt;47.1029;20.1292;Hétfő 06:00-20:00|Kedd 06:00-20:00|Szerda 06:00-20:00|Csütörtök 06:00-20:00|Péntek 06:00-20:00|Szombat 06:00-20:00|Vasárnap 06:00-20:00
5091;Vas;Tószeg;Attila út 13/A.;Horváth Ferencné;47.1029;20.1292;Hétfő 06:00-20:00|Kedd 06:00-20:00|Szerda 06:00-20:00|Csütörtök 06:00-20:00|Péntek 06:00-20:00|Szombat 06:00-20:00|Vasárnap 06:00-20:00
5091;Vas;Tószeg;Rákóczi út 39.;Szilágyiné Varga Andrea;47.1006;20.1484;Hétfő 06:00-18:00|Kedd 06:00-18:00|Szerda 06:00-18:00|Csütörtök 06:00-18:00|Péntek 06:00-18:00|Szombat 06:00-14:00
5940;Csongrád;Tótkomlós;Kereszt utca 1.;Benyó Pál;46.4085;20.7382;Hétfő 05:00-21:00|Kedd 05:00-21:00|Szerda 05:00-21:00|Csütörtök 05:00-21:00|Péntek 05:00-23:00|Szombat 05:00-23:00|Vasárnap 05:00-17:00
5940;Csongrád;Tótkomlós;Kossuth utca 27;Benyó Pál;46.4085;20.7382;Hétfő 05:00-21:00|Kedd 05:00-21:00|Szerda 05:00-21:00|Csütörtök 05:00-21:00|Péntek 05:00-23:00|Szombat 05:00-23:00|Vasárnap 05:00-17:00
5940;Csongrád;Tótkomlós;Sexty utca 1.;Öcskös Bt.;46.4085;20.7382;Hétfő 05:00-21:00|Kedd 05:00-21:00|Szerda 05:00-21:00|Csütörtök 05:00-21:00|Péntek 05:00-23:00|Szombat 05:00-23:00|Vasárnap 05:00-17:00
2194;Pest;Tura;Kossuth Lajos utca 165.;Tura Trafik Dohánykereskedelmi Bt;47.610123;19.589401;Hétfő 06:00-21:00|Kedd 06:00-21:00|Szerda 06:00-21:00|Csütörtök 06:00-21:00|Péntek 06:00-21:00|Szombat 07:00-22:00|Vasárnap 07:00-20:00
2194;Pest;Tura;Rákóczi Ferenc 25.;Juhász Sándorné;47.610123;19.589401;Hétfő 06:00-21:00|Kedd 06:00-21:00|Szerda 06:00-21:00|Csütörtök 06:00-21:00|Péntek 06:00-21:00|Szombat 07:00-22:00|Vasárnap 07:00-20:00
2194;Pest;Tura;Tabán út 42.;Tura Tabak Bt;47.610123;19.589401;Hétfő 06:00-21:00|Kedd 06:00-21:00|Szerda 06:00-21:00|Csütörtök 06:00-21:00|Péntek 06:00-21:00|Szombat 07:00-22:00|Vasárnap 07:00-20:00
8796;Jász-Nagykun-Szolnok;Türje;Szabadság tér 4.;Both Otilia Rozália;46.9825;17.1055;Hétfő 05:00-17:00|Kedd 05:00-17:00|Szerda 05:00-17:00|Csütörtök 05:00-17:00|Péntek 05:00-17:00|Szombat 05:00-12:00
5420;Baranya;Túrkeve;István Király utca 3.;Hollósi Imre;47.1113;20.7459;Hétfő 06:00-20:00|Kedd 06:00-20:00|Szerda 06:00-20:00|Csütörtök 06:00-20:00|Péntek 06:00-20:00|Szombat 06:00-18:00|Vasárnap 06:00-16:00
5420;Baranya;Túrkeve;Kenyérmezei út 41.;Katanda Tabak Bt;47.1067;20.742;Hétfő 03:30-20:30|Kedd 03:30-20:30|Szerda 03:30-20:30|Csütörtök 03:30-20:30|Péntek 03:30-20:30|Szombat 06:00-22:00|Vasárnap 06:00-20:00
5420;Baranya;Túrkeve;Millenium park 3.;Fumador Trafik Bt.;47.1113;20.7459;Hétfő 06:00-20:00|Kedd 06:00-20:00|Szerda 06:00-20:00|Csütörtök 06:00-20:00|Péntek 06:00-20:00|Szombat 06:00-18:00|Vasárnap 06:00-16:00
5420;Baranya;Túrkeve;Rákóczi utca 29;Hollósi Imre;47.1113;20.7459;Hétfő 06:00-20:00|Kedd 06:00-20:00|Szerda 06:00-20:00|Csütörtök 06:00-20:00|Péntek 06:00-20:00|Szombat 06:00-18:00|Vasárnap 06:00-16:00
5420;Baranya;Túrkeve;Széchenyi út 54.;Hollósi Imre;47.1037;20.7414;Hétfő 06:00-20:00|Kedd 06:00-20:00|Szerda 06:00-20:00|Csütörtök 06:00-20:00|Péntek 06:00-20:00|Szombat 06:00-20:00|Vasárnap 06:00-20:00
5661;Békés;Újkígyós;Gyulai út 24.;Bandik Ziccer Bt.;46.5954;21.0304;Hétfő 05:00-21:00|Kedd 05:00-21:00|Szerda 05:00-21:00|Csütörtök 05:00-21:00|Péntek 05:00-21:00|Szombat 05:00-21:00|Vasárnap 05:00-21:00
5661;Békés;Újkígyós;Iskola utca 5/4.;Bánfi Péter Pálné;46.5954;21.0304;Hétfő 05:00-21:00|Kedd 05:00-21:00|Szerda 05:00-21:00|Csütörtök 05:00-21:00|Péntek 05:00-21:00|Szombat 05:00-21:00|Vasárnap 05:00-21:00
5661;Békés;Újkígyós;Petőfi utca 36.;Ekerek Bt;46.5954;21.0304;Hétfő 05:00-21:00|Kedd 05:00-21:00|Szerda 05:00-21:00|Csütörtök 05:00-21:00|Péntek 05:00-21:00|Szombat 05:00-21:00|Vasárnap 05:00-21:00
5052;Jász-Nagykun-Szolnok;Újszász;Dózsa György út 11.;Répási Csaba;47.2908;20.0696;Hétfő 06:00-18:00|Kedd 06:00-18:00|Szerda 06:00-18:00|Csütörtök 06:00-18:00|Péntek 06:00-18:00|Szombat 07:00-12:00|Vasárnap 08:00-11:00
2768;Pest;Újszilvás;Alkotmány utca 70.;BZG és VR Ker Bt;47.2664;19.9117;Hétfő 06:00-21:00|Kedd 06:00-21:00|Szerda 06:00-21:00|Csütörtök 06:00-21:00|Péntek 06:00-21:00|Szombat 06:00-21:00|Vasárnap 06:00-21:00
2768;Pest;Újszilvás;Alkotmány utca 90.;Újszilvás Univerzális Szolg Ker Bt;47.2664;19.9117;Hétfő 06:00-21:00|Kedd 06:00-21:00|Szerda 06:00-21:00|Csütörtök 06:00-21:00|Péntek 06:00-21:00|Szombat 06:00-21:00|Vasárnap 06:00-21:00
8347;Veszprém;Ukk;Kossuth L. utca 6.;Marton Lajos;47.044;17.2197;Hétfő 07:00-19:00|Kedd 07:00-19:00|Szerda 07:00-19:00|Csütörtök 07:00-19:00|Péntek 07:00-19:00|Szombat 07:00-19:00|Vasárnap 07:00-19:00
2225;Komárom-Esztergom;Üllő;Kossuth L. utca 58.;Szyro Trafik Bt;47.387;19.3356;Hétfő 05:00-22:00|Kedd 05:00-22:00|Szerda 05:00-22:00|Csütörtök 05:00-22:00|Péntek 05:00-00:00|Szombat 05:00-00:00|Vasárnap 05:00-22:00
2225;Komárom-Esztergom;Üllő;Ócsai út 1.;Erla Dohány Bt.;47.387;19.3356;Hétfő 05:00-22:00|Kedd 05:00-22:00|Szerda 05:00-22:00|Csütörtök 05:00-22:00|Péntek 05:00-00:00|Szombat 05:00-00:00|Vasárnap 05:00-22:00
2225;Komárom-Esztergom;Üllő;Ócsai út 36.;J+Á 2001 Bt.;47.387;19.3356;Hétfő 05:00-22:00|Kedd 05:00-22:00|Szerda 05:00-22:00|Csütörtök 05:00-22:00|Péntek 05:00-00:00|Szombat 05:00-00:00|Vasárnap 05:00-22:00
2225;Komárom-Esztergom;Üllő;Pesti út 126.;Tina Tabac Bt;47.387;19.3356;Hétfő 05:00-22:00|Kedd 05:00-22:00|Szerda 05:00-22:00|Csütörtök 05:00-22:00|Péntek 05:00-00:00|Szombat 05:00-00:00|Vasárnap 05:00-22:00
2225;Komárom-Esztergom;Üllő;Pesti út 15.;Saskáné Kadenszki Rozália;47.382;19.3517;Hétfő 06:00-18:00|Kedd 06:00-18:00|Szerda 06:00-18:00|Csütörtök 06:00-18:00|Péntek 06:00-18:00|Szombat 07:00-12:00|Vasárnap 07:00-12:00
2225;Komárom-Esztergom;Üllő;Pesti út 3.;Pap Zsuzsanna;47.387;19.3356;Hétfő 05:00-22:00|Kedd 05:00-22:00|Szerda 05:00-22:00|Csütörtök 05:00-22:00|Péntek 05:00-00:00|Szombat 05:00-00:00|Vasárnap 05:00-22:00
2244;Szabolcs-Szatmár-Bereg;Úri;Kossuth utca 19.;Hajdú Krisztina;47.414;19.5256;Hétfő 06:00-16:00|Kedd 06:00-18:00|Szerda 06:00-18:00|Csütörtök 06:00-18:00|Péntek 06:00-18:00|Szombat 06:00-13:00|Vasárnap 07:00-11:00
2096;Veszprém;Üröm;Bécsi út 2.;Oktán 2003 Bt;47.5956;19.0161;Hétfő 06:30-20:00|Kedd 06:30-20:00|Szerda 06:30-20:00|Csütörtök 06:30-20:00|Péntek 06:30-20:00|Szombat 06:30-13:00|Vasárnap 07:00-13:00
2096;Veszprém;Üröm;Dózsa György út 3152/1.;Józsa Tabak-Shop Bt.;47.5956;19.0161;Hétfő 06:30-20:00|Kedd 06:30-20:00|Szerda 06:30-20:00|Csütörtök 06:30-20:00|Péntek 06:30-20:00|Szombat 06:30-13:00|Vasárnap 07:00-13:00
2096;Veszprém;Üröm;Fő utca 41.;Dió Bolt Bt.;47.5956;19.0161;Hétfő 06:30-20:00|Kedd 06:30-20:00|Szerda 06:30-20:00|Csütörtök 06:30-20:00|Péntek 06:30-20:00|Szombat 06:30-13:00|Vasárnap 07:00-13:00
2096;Veszprém;Üröm;Ürömi út 14.;SASZ-Dohány Bt;47.5956;19.0161;Hétfő 06:30-20:00|Kedd 06:30-20:00|Szerda 06:30-20:00|Csütörtök 06:30-20:00|Péntek 06:30-20:00|Szombat 06:30-13:00|Vasárnap 07:00-13:00
6332;Pest;Uszód;Szabadság utca 21.;Nit-Trafik Bt;46.5693;18.9049;Hétfő 06:00-20:00|Kedd 06:00-20:00|Szerda 06:00-20:00|Csütörtök 06:00-20:00|Péntek 06:00-20:00|Szombat 06:00-20:00|Vasárnap 06:00-20:00
2600;Pest;Vác;Árpád út 44.;Kitlingerné Nándori Bettina;47.7871;19.1202;Hétfő 06:00-20:00|Kedd 06:00-20:00|Szerda 06:00-20:00|Csütörtök 06:00-20:00|Péntek 06:00-20:00|Szombat 06:00-10:00|Vasárnap 06:00-10:00
2600;Pest;Vác;Árpád út 87.;Barokk Főtér Bt.;47.7871;19.1202;Hétfő 06:00-20:00|Kedd 06:00-20:00|Szerda 06:00-20:00|Csütörtök 06:00-20:00|Péntek 06:00-20:00|Szombat 06:00-10:00|Vasárnap 06:00-10:00
2600;Pest;Vác;Bolgár utca 8/A.;Toldi Tabak Dohány Bt.;47.7871;19.1202;Hétfő 06:00-20:00|Kedd 06:00-20:00|Szerda 06:00-20:00|Csütörtök 06:00-20:00|Péntek 06:00-20:00|Szombat 06:00-10:00|Vasárnap 06:00-10:00
2600;Pest;Vác;Deákvári főtér 83/3. hrsz.;Bagaretta Bt.;47.7871;19.1202;Hétfő 06:00-20:00|Kedd 06:00-20:00|Szerda 06:00-20:00|Csütörtök 06:00-20:00|Péntek 06:00-20:00|Szombat 06:00-10:00|Vasárnap 06:00-10:00
2600;Pest;Vác;Deres utca 4559/9 hrsz.;Szabal Trafik Bt;47.7871;19.1202;Hétfő 06:00-20:00|Kedd 06:00-20:00|Szerda 06:00-20:00|Csütörtök 06:00-20:00|Péntek 06:00-20:00|Szombat 06:00-10:00|Vasárnap 06:00-10:00
2600;Pest;Vác;Dr. Csányi László körút 46.;Hevér Dohány Bt;47.7871;19.1202;Hétfő 06:00-20:00|Kedd 06:00-20:00|Szerda 06:00-20:00|Csütörtök 06:00-20:00|Péntek 06:00-20:00|Szombat 06:00-10:00|Vasárnap 06:00-10:00
2600;Pest;Vác;Földváry tér 6.;Koki Trafik Bt.;47.7871;19.1202;Hétfő 06:00-20:00|Kedd 06:00-20:00|Szerda 06:00-20:00|Csütörtök 06:00-20:00|Péntek 06:00-20:00|Szombat 06:00-10:00|Vasárnap 06:00-10:00
2600;Pest;Vác;Hársfa utca 2.;Berczelly Balázs;47.789;19.1195;Hétfő 06:00-22:00|Kedd 06:00-22:00|Szerda 06:00-22:00|Csütörtök 06:00-22:00|Péntek 06:00-22:00|Szombat 06:00-22:00|Vasárnap 08:00-17:00
2600;Pest;Vác;Kölcsey Ferenc utca 1;Tajtékbetét Bt;47.7871;19.1202;Hétfő 06:00-20:00|Kedd 06:00-20:00|Szerda 06:00-20:00|Csütörtök 06:00-20:00|Péntek 06:00-20:00|Szombat 06:00-10:00|Vasárnap 06:00-10:00
2600;Pest;Vác;Kossuth utca 33.;Á+P-Nektár Kereskedelmi Bt.;47.7871;19.1202;Hétfő 06:00-20:00|Kedd 06:00-20:00|Szerda 06:00-20:00|Csütörtök 06:00-20:00|Péntek 06:00-20:00|Szombat 06:00-10:00|Vasárnap 06:00-10:00
2600;Pest;Vác;Magyar utca 2.;Hevér Dohány Bt;47.7871;19.1202;Hétfő 06:00-20:00|Kedd 06:00-20:00|Szerda 06:00-20:00|Csütörtök 06:00-20:00|Péntek 06:00-20:00|Szombat 06:00-10:00|Vasárnap 06:00-10:00
2600;Pest;Vác;Magyar utca 5.;STRAUSZ TRAFIK Bt.;47.7746262;19.1407502;Hétfő 06:00-21:00|Kedd 06:00-21:00|Szerda 06:00-21:00|Csütörtök 06:00-21:00|Péntek 06:00-21:00|Szombat 07:00-15:00|Vasárnap 07:00-15:00
2600;Pest;Vác;Széchenyi utca 33.;Szandi&nóra Bt;47.7813;19.132;Hétfő 07:00-19:00|Kedd 07:00-19:00|Szerda 07:00-19:00|Csütörtök 07:00-19:00|Péntek 07:00-19:00|Szombat 08:00-16:00
2600;Pest;Vác;Széchenyi utca 40.;Hevér Dohány Bt;47.7821;19.1323;Hétfő 05:00-22:00|Kedd 05:00-22:00|Szerda 05:00-22:00|Csütörtök 05:00-22:00|Péntek 05:00-23:59|Szombat 05:00-23:59|Vasárnap 05:00-22:00
2600;Pest;Vác;Széchenyi utca 9;Vác Tabak Bt;47.7871;19.1202;Hétfő 06:00-20:00|Kedd 06:00-20:00|Szerda 06:00-20:00|Csütörtök 06:00-20:00|Péntek 06:00-20:00|Szombat 06:00-10:00|Vasárnap 06:00-10:00
2600;Pest;Vác;Szent István tér 3. 2764/A/1;Dr. Kalecz Gergely;47.7871;19.1202;Hétfő 06:00-20:00|Kedd 06:00-20:00|Szerda 06:00-20:00|Csütörtök 06:00-20:00|Péntek 06:00-20:00|Szombat 06:00-10:00|Vasárnap 06:00-10:00
2164;Pest;Váchartyán;Fő út 4.;VHG-Tabak Bt;47.7232;19.2609;Hétfő 08:00-17:00|Kedd 08:00-17:00|Szerda 08:00-17:00|Csütörtök 08:00-17:00|Péntek 08:00-17:00|Szombat 07:00-15:55
4562;Szabolcs-Szatmár-Bereg;Vaja;Lachner György utca 8.;Ugyan Jánosné;47.9959;22.1634;Hétfő 06:00-18:00|Kedd 06:00-18:00|Szerda 06:00-18:00|Csütörtök 06:00-18:00|Péntek 06:00-18:00|Szombat 06:00-16:00|Vasárnap 07:00-12:00
2473;Fejér;Vál;István tér 7.;Falusi-Ottó Bt.;47.3596;18.6734;Hétfő 06:00-18:00|Kedd 06:00-18:00|Szerda 06:00-18:00|Csütörtök 06:00-18:00|Péntek 06:00-18:00|Szombat 06:00-18:00|Vasárnap 07:00-16:00
2473;Fejér;Vál;Vajda János út 54.;Falusi-Martin Bt.;47.3596;18.6734;Hétfő 06:00-18:00|Kedd 06:00-18:00|Szerda 06:00-18:00|Csütörtök 06:00-18:00|Péntek 06:00-18:00|Szombat 06:00-18:00|Vasárnap 07:00-16:00
2114;Pest;Valkó;Szabadság út 47/A.;Pálma Tabak Bt;47.5642;19.5124;Hétfő 06:00-19:00|Kedd 06:00-19:00|Szerda 06:00-19:00|Csütörtök 06:00-19:00|Péntek 19:00-19:00|Szombat 07:00-15:00|Vasárnap 07:00-12:00
8316;Zala;Vállus;Kossuth Lajos utca 52.;Szi-Lukács Ágnes;46.8661;17.2973;Hétfő 07:00-19:00|Kedd 07:00-19:00|Szerda 07:00-19:00|Csütörtök 07:00-19:00|Péntek 07:00-19:00|Szombat 07:00-19:00|Vasárnap 07:00-19:00
3291;Heves;Vámosgyörk;Petőfi utca 12;Blaskó Szilvia;47.6848;19.9274;Hétfő 06:30-18:00|Kedd 06:30-18:00|Szerda 06:30-18:00|Csütörtök 06:30-18:00|Péntek 06:30-18:00
4287;Hajdú-Bihar;Vámospércs;Debreceni út 2.;Jessy Ker.és Vend. Bt;47.5266;21.8982;Hétfő 06:00-20:00|Kedd 06:00-20:00|Szerda 06:00-20:00|Csütörtök 06:00-20:00|Péntek 06:00-20:00|Szombat 06:00-20:00|Vasárnap 06:00-15:00
4287;Hajdú-Bihar;Vámospércs;Debreceni utca 11.;Csikitó Kereskedelmi és Vendéglátói Bt.;47.5266;21.8982;Hétfő 06:00-20:00|Kedd 06:00-20:00|Szerda 06:00-20:00|Csütörtök 06:00-20:00|Péntek 06:00-20:00|Szombat 06:00-20:00|Vasárnap 06:00-15:00
4287;Hajdú-Bihar;Vámospércs;Kossuth utca 17.;Méhész Attila;47.5266;21.8982;Hétfő 06:00-20:00|Kedd 06:00-20:00|Szerda 06:00-20:00|Csütörtök 06:00-20:00|Péntek 06:00-20:00|Szombat 06:00-20:00|Vasárnap 06:00-15:00
2688;Nógrád;Vanyarc;Veres Pálné út 79.;Pavkó Andrásné;47.8253;19.449;Hétfő 06:11-14:15|Kedd 06:11-14:15|Szerda 06:11-14:15|Csütörtök 06:11-14:15|Péntek 06:11-14:15|Szombat 06:11-14:15
3778;Borsod-Abaúj-Zemplén;Varbó;Rákóczi út 46.;Unió Kertváros Bt.;48.1625;20.6213;Hétfő 06:30-17:00|Kedd 06:30-17:00|Szerda 06:30-17:00|Csütörtök 06:30-17:00|Péntek 06:30-17:00|Szombat 06:30-13:00|Vasárnap 07:00-11:00
8100;Veszprém;Várpalota;Bakony utca 8.;BB- Dohány Bt;47.201;18.1321;Hétfő 06:00-19:00|Kedd 06:00-19:00|Szerda 06:00-19:00|Csütörtök 06:00-19:00|Péntek 06:00-19:00|Szombat 06:00-19:00|Vasárnap 06:00-12:00
8100;Veszprém;Várpalota;Erdődy Pálffy Tamás utca 31.;BB- Dohány Bt;47.200296;18.148532;Hétfő 06:00-22:00|Kedd 06:00-22:00|Szerda 06:00-22:00|Csütörtök 06:00-22:00|Péntek 06:00-22:00|Szombat 06:00-22:00|Vasárnap 06:00-22:00
8100;Veszprém;Várpalota;Fehérvári út 19.;BB-DOHÁNY Bt.;47.200296;18.148532;Hétfő 06:00-22:00|Kedd 06:00-22:00|Szerda 06:00-22:00|Csütörtök 06:00-22:00|Péntek 06:00-22:00|Szombat 06:00-22:00|Vasárnap 06:00-22:00
8100;Veszprém;Várpalota;Gárdonyi Géza utca 127/3 hrsz.;Varga Krisztina;47.200296;18.148532;Hétfő 06:00-22:00|Kedd 06:00-22:00|Szerda 06:00-22:00|Csütörtök 06:00-22:00|Péntek 06:00-22:00|Szombat 06:00-22:00|Vasárnap 06:00-22:00
8100;Veszprém;Várpalota;Gárdonyi Géza utca 35.;BB- Dohány Bt;47.1991;18.143;Hétfő 06:00-19:00|Kedd 06:00-19:00|Szerda 06:00-19:00|Csütörtök 06:00-19:00|Péntek 06:00-19:00|Szombat 06:00-19:00|Vasárnap 06:00-12:00
8100;Veszprém;Várpalota;Hétvezér út 3.;Nagy Magdi Trafik Bt;47.200296;18.148532;Hétfő 06:00-22:00|Kedd 06:00-22:00|Szerda 06:00-22:00|Csütörtök 06:00-22:00|Péntek 06:00-22:00|Szombat 06:00-22:00|Vasárnap 06:00-22:00
8100;Veszprém;Várpalota;Hétvezér utca 1.;BB- Dohány Bt;47.200296;18.148532;Hétfő 06:00-22:00|Kedd 06:00-22:00|Szerda 06:00-22:00|Csütörtök 06:00-22:00|Péntek 06:00-22:00|Szombat 06:00-22:00|Vasárnap 06:00-22:00
8100;Veszprém;Várpalota;Mátyás király utca 607/5 hrsz.;Nagy Magdi Trafik Bt;47.200296;18.148532;Hétfő 06:00-22:00|Kedd 06:00-22:00|Szerda 06:00-22:00|Csütörtök 06:00-22:00|Péntek 06:00-22:00|Szombat 06:00-22:00|Vasárnap 06:00-22:00
8100;Veszprém;Várpalota;Szent István út 8.;TRAFFIC-RULE Bt.;47.200296;18.148532;Hétfő 06:00-22:00|Kedd 06:00-22:00|Szerda 06:00-22:00|Csütörtök 06:00-22:00|Péntek 06:00-22:00|Szombat 06:00-22:00|Vasárnap 06:00-22:00
4800;Szabolcs-Szatmár-Bereg;Vásárosnamény;Árpád út 7.;Végsőné Kiss B. Zsófia;48.1294;22.3067;Hétfő 06:00-20:00|Kedd 06:00-20:00|Szerda 06:00-20:00|Csütörtök 06:00-20:00|Péntek 06:00-20:00|Szombat 06:00-20:00|Vasárnap 06:00-20:00
4803;Szabolcs-Szatmár-Bereg;Vásárosnamény;Gulácsi út 1.;Salánki Mária;48.1258;22.3418;Hétfő 06:00-22:00|Kedd 06:00-22:00|Szerda 06:00-22:00|Csütörtök 06:00-22:00|Péntek 06:00-00:00|Szombat 06:00-00:00|Vasárnap 06:00-22:00
4800;Szabolcs-Szatmár-Bereg;Vásárosnamény;Jókai út 23;Salánki Mária;48.1294;22.3067;Hétfő 06:00-20:00|Kedd 06:00-20:00|Szerda 06:00-20:00|Csütörtök 06:00-20:00|Péntek 06:00-20:00|Szombat 06:00-20:00|Vasárnap 06:00-20:00
4800;Szabolcs-Szatmár-Bereg;Vásárosnamény;Szabadság tér 19.;Kiss Máté Zoltán;48.1295;22.3181;Hétfő 06:00-20:00|Kedd 06:00-20:00|Szerda 06:00-20:00|Csütörtök 06:00-20:00|Péntek 06:00-20:00|Szombat 06:00-20:00|Vasárnap 06:00-20:00
9674;Vas;Vashosszúfalu;Kossuth utca 113.;Németh Ferenc;47.116;17.0568;Hétfő 07:00-16:30|Kedd 07:00-16:30|Szerda 07:00-16:30|Csütörtök 07:00-16:30|Péntek 07:00-16:30|Szombat 07:00-12:00
4502;Szabolcs-Szatmár-Bereg;Vasmegyer;Kossuth utca 125/A;Matolcsi Béla;48.1103;21.8174;Hétfő 08:00-16:30|Kedd 08:00-16:30|Szerda 08:00-16:30|Csütörtök 08:00-16:30|Péntek 08:00-16:30|Szombat 08:00-12:00
9800;Vas;Vasvár;ALkotmány utca 95.;Vasvári Trafik Bt.;47.0483;16.7997;Hétfő 06:00-22:00|Kedd 06:00-22:00|Szerda 06:00-22:00|Csütörtök 06:00-22:00|Péntek 06:00-22:00|Szombat 06:00-22:00|Vasárnap 06:00-22:00
9800;Vas;Vasvár;Köztársaság tér 4.;Kiss Gyuláné;47.0483;16.7997;Hétfő 06:00-22:00|Kedd 06:00-22:00|Szerda 06:00-22:00|Csütörtök 06:00-22:00|Péntek 06:00-22:00|Szombat 06:00-22:00|Vasárnap 06:00-22:00
9800;Vas;Vasvár;Március 15. tér 3-4.;Török Richárd;47.0483;16.7997;Hétfő 06:00-22:00|Kedd 06:00-22:00|Szerda 06:00-22:00|Csütörtök 06:00-22:00|Péntek 06:00-22:00|Szombat 06:00-22:00|Vasárnap 06:00-22:00
2220;Pest;Vecsés;Budai Nagy Antal utca 97;Dobai 2013 Bt.;47.4094;19.2578;Hétfő 06:00-20:00|Kedd 06:00-20:00|Szerda 06:00-20:00|Csütörtök 06:00-20:00|Péntek 06:00-20:00|Szombat 06:00-20:00|Vasárnap 06:00-20:00
2220;Pest;Vecsés;Dózsa György utca 26.;Gedi Trafik Bt;47.4046;19.255;Hétfő 06:00-20:00|Kedd 06:00-20:00|Szerda 06:00-20:00|Csütörtök 06:00-20:00|Péntek 06:00-20:00|Szombat 07:00-15:00
2220;Pest;Vecsés;Fő út 104-106.;Király Zoltán;47.4094;19.2578;Hétfő 06:00-20:00|Kedd 06:00-20:00|Szerda 06:00-20:00|Csütörtök 06:00-20:00|Péntek 06:00-20:00|Szombat 06:00-20:00|Vasárnap 06:00-20:00
2220;Pest;Vecsés;Fő út 190.;Gedi Trafik Bt;47.4117254;19.2703723;Hétfő 06:00-20:00|Kedd 06:00-20:00|Szerda 06:00-20:00|Csütörtök 06:00-20:00|Péntek 06:00-20:00|Szombat 07:00-15:00
2220;Pest;Vecsés;Fő utca 244.;SLIM Tabak Bt.;47.4094;19.2578;Hétfő 06:00-20:00|Kedd 06:00-20:00|Szerda 06:00-20:00|Csütörtök 06:00-20:00|Péntek 06:00-20:00|Szombat 06:00-20:00|Vasárnap 06:00-20:00
2220;Pest;Vecsés;Iskola utca 24.;Barcsai Jenő;47.4055607;19.279357;Hétfő 06:00-20:00|Kedd 06:00-20:00|Szerda 06:00-20:00|Csütörtök 06:00-20:00|Péntek 06:00-20:00|Szombat 06:00-16:00
2220;Pest;Vecsés;Lőrinci út 45. E/19. épület;Trafik Trend Bt.;47.4094;19.2578;Hétfő 06:00-20:00|Kedd 06:00-20:00|Szerda 06:00-20:00|Csütörtök 06:00-20:00|Péntek 06:00-20:00|Szombat 06:00-20:00|Vasárnap 06:00-20:00
2220;Pest;Vecsés;Telepi 34.;Marco 99 Bt.;47.4094;19.2578;Hétfő 06:00-20:00|Kedd 06:00-20:00|Szerda 06:00-20:00|Csütörtök 06:00-20:00|Péntek 06:00-20:00|Szombat 06:00-20:00|Vasárnap 06:00-20:00
2220;Pest;Vecsés;Üllői út 829.;Kári János Tobacco Bt.;47.4094;19.2578;Hétfő 06:00-20:00|Kedd 06:00-20:00|Szerda 06:00-20:00|Csütörtök 06:00-20:00|Péntek 06:00-20:00|Szombat 06:00-20:00|Vasárnap 06:00-20:00
2481;Fejér;Velence;Iskola utca 2.;Bazsó Boltok Bt.;47.2231;18.6681;Hétfő 07:00-18:00|Kedd 07:00-18:00|Szerda 07:00-18:00|Csütörtök 07:00-18:00|Péntek 07:00-18:00|Szombat 07:00-13:00|Vasárnap 07:00-12:00
2481;Fejér;Velence;Tópart utca 40;Velencei Dohánybolt Bt.;47.237;18.6535;Hétfő 06:00-22:00|Kedd 06:00-22:00|Szerda 06:00-22:00|Csütörtök 06:00-22:00|Péntek 06:00-22:00|Szombat 06:00-22:00|Vasárnap 06:00-22:00
2477;Fejér;Vereb;Petőfi út 10/1.;Mikó Józsefné;47.3204;18.617;Hétfő 07:00-21:00|Kedd 07:00-21:00|Szerda 07:00-21:00|Csütörtök 07:00-21:00|Péntek 07:00-21:00|Szombat 07:00-22:00|Vasárnap 07:00-22:00
2112;Pest;Veresegyház;Baross utca 1.;Huszai Gábor Dohánytrafik Bt;47.6579;19.2696;Hétfő 07:00-21:00|Kedd 07:00-21:00|Szerda 07:00-21:00|Csütörtök 07:00-21:00|Péntek 07:00-21:00|Szombat 07:00-18:00|Vasárnap 08:00-18:00
2112;Pest;Veresegyház;Budapesti út 108.;Maglódi Ágnes Dohánytrafik Bt;47.6579;19.2696;Hétfő 07:00-21:00|Kedd 07:00-21:00|Szerda 07:00-21:00|Csütörtök 07:00-21:00|Péntek 07:00-21:00|Szombat 07:00-18:00|Vasárnap 08:00-18:00
2112;Pest;Veresegyház;Erkel Ferenc tér 4.;Józsa Tabak-Shop Bt.;47.6579;19.2696;Hétfő 07:00-21:00|Kedd 07:00-21:00|Szerda 07:00-21:00|Csütörtök 07:00-21:00|Péntek 07:00-21:00|Szombat 07:00-18:00|Vasárnap 08:00-18:00
2112;Pest;Veresegyház;Fő út 22.;Lukosz Ital és Dohányárú Bt;47.6579;19.2696;Hétfő 07:00-21:00|Kedd 07:00-21:00|Szerda 07:00-21:00|Csütörtök 07:00-21:00|Péntek 07:00-21:00|Szombat 07:00-18:00|Vasárnap 08:00-18:00
2112;Pest;Veresegyház;Fő út 70.;Süni Dohánybolt Bt.;47.6563;19.2865;Hétfő 05:00-23:00|Kedd 05:00-23:00|Szerda 05:00-23:00|Csütörtök 05:00-23:00|Péntek 05:00-23:59|Szombat 05:00-23:59|Vasárnap 08:00-23:00
2112;Pest;Veresegyház;Szadai út 7;Józsa Tabak-Shop Bt.;47.6579;19.2696;Hétfő 07:00-21:00|Kedd 07:00-21:00|Szerda 07:00-21:00|Csütörtök 07:00-21:00|Péntek 07:00-21:00|Szombat 07:00-18:00|Vasárnap 08:00-18:00
2112;Pest;Veresegyház;Szadai út 981/59/A/2.;Fercsill 2013 Bt;47.6579;19.2696;Hétfő 07:00-21:00|Kedd 07:00-21:00|Szerda 07:00-21:00|Csütörtök 07:00-21:00|Péntek 07:00-21:00|Szombat 07:00-18:00|Vasárnap 08:00-18:00
2112;Pest;Veresegyház;Viczián utca 32.;Drenyovszki Zoltán Pál;47.6579;19.2696;Hétfő 07:00-21:00|Kedd 07:00-21:00|Szerda 07:00-21:00|Csütörtök 07:00-21:00|Péntek 07:00-21:00|Szombat 07:00-18:00|Vasárnap 08:00-18:00
2621;Pest;Verőce;Árpád út 1.;Pellérdyné Bodrácska Dóra Katalin;47.8207;19.0422;Hétfő 06:00-23:00|Kedd 06:00-23:00|Szerda 06:00-23:00|Csütörtök 06:00-23:00|Péntek 06:00-23:59|Szombat 06:00-23:59|Vasárnap 07:00-23:00
2621;Pest;Verőce;Rákóczi utca 33;Nagymaros Tabak Bt;47.8207;19.0422;Hétfő 06:00-23:00|Kedd 06:00-23:00|Szerda 06:00-23:00|Csütörtök 06:00-23:00|Péntek 06:00-23:59|Szombat 06:00-23:59|Vasárnap 07:00-23:00
3351;Heves;Verpelét;Arany János 2.;Szalajka Tabak Bt;47.8533;20.2312;Hétfő 06:00-18:00|Kedd 06:00-18:00|Szerda 06:00-18:00|Csütörtök 06:00-18:00|Péntek 06:00-18:00|Szombat 12:00-20:00
3351;Heves;Verpelét;Kossuth Lajos út 71.;Mátraalja Tabak Bt;47.8463;20.2263;Hétfő 05:00-20:00|Kedd 05:00-20:00|Szerda 05:00-20:00|Csütörtök 05:00-20:00|Péntek 05:00-20:00|Szombat 06:00-14:00
2859;Komárom-Esztergom;Vérteskethely;Kossuth Lajos utca 90.;Kuzmann Tibor;47.485896;18.08384;Hétfő 06:40-17:40|Kedd 06:40-17:40|Szerda 06:40-17:40|Csütörtök 06:40-17:40|Péntek 06:40-17:40|Szombat 07:00-18:00|Vasárnap 09:00-11:00
2823;Komárom-Esztergom;Vértessomló;Rákóczi Ferenc utca 48/A.;Manager Trafik Bt.;47.5098;18.3668;Hétfő 07:00-17:30|Kedd 07:00-17:30|Szerda 07:00-17:30|Csütörtök 07:00-17:30|Péntek 07:00-17:30|Szombat 07:00-12:00|Vasárnap 07:00-10:00
2837;Komárom-Esztergom;Vértesszőlős;Gagarin utca 2/A;Vértes Trafik Bt;47.6239;18.3719;Hétfő 07:00-20:00|Kedd 07:00-20:00|Szerda 07:00-20:00|Csütörtök 07:00-20:00|Péntek 07:00-20:00|Szombat 07:00-20:00|Vasárnap 07:00-20:00
9352;Győr-Moson-Sopron;Veszkény;Fő utca 67.;VÖL-COOP Kkt.;47.5969;17.0887;Hétfő 06:30-16:00|Kedd 06:30-16:00|Szerda 06:30-16:00|Csütörtök 06:30-16:00|Péntek 06:30-16:00|Szombat 06:00-12:00
8200;Veszprém;Veszprém;Almádi út 21.;Big Trafik Bt.;47.0831647;17.9228704;Hétfő 06:00-22:00|Kedd 06:00-22:00|Szerda 06:00-22:00|Csütörtök 06:00-22:00|Péntek 06:00-22:00|Szombat 06:00-22:00|Vasárnap 08:00-21:00
8200;Veszprém;Veszprém;Aulich Lajos utca 1.;Smoke Bt;47.0831647;17.9228704;Hétfő 06:00-22:00|Kedd 06:00-22:00|Szerda 06:00-22:00|Csütörtök 06:00-22:00|Péntek 06:00-22:00|Szombat 06:00-22:00|Vasárnap 08:00-21:00
8200;Veszprém;Veszprém;Avar utca 24/2.;Stribl Ágnes;47.0831647;17.9228704;Hétfő 06:00-22:00|Kedd 06:00-22:00|Szerda 06:00-22:00|Csütörtök 06:00-22:00|Péntek 06:00-22:00|Szombat 06:00-22:00|Vasárnap 08:00-21:00
8200;Veszprém;Veszprém;Bajcsy-Zsilinszky Endre utca 18.;Családi Dohányker Bt.;47.0886;17.9159;Hétfő 07:00-19:00|Kedd 07:00-19:00|Szerda 07:00-19:00|Csütörtök 07:00-19:00|Péntek 07:00-19:00|Szombat 07:00-15:00
8200;Veszprém;Veszprém;Budapest út 16.;Profi Trafik Bt;47.0831647;17.9228704;Hétfő 06:00-22:00|Kedd 06:00-22:00|Szerda 06:00-22:00|Csütörtök 06:00-22:00|Péntek 06:00-22:00|Szombat 06:00-22:00|Vasárnap 08:00-21:00
8200;Veszprém;Veszprém;Cholnoky Jenő út 23/b;Maczkóné Szefcsik Katalin;47.0831647;17.9228704;Hétfő 06:00-22:00|Kedd 06:00-22:00|Szerda 06:00-22:00|Csütörtök 06:00-22:00|Péntek 06:00-22:00|Szombat 06:00-22:00|Vasárnap 08:00-21:00
8200;Veszprém;Veszprém;Cholnoky Jenő utca 11;Herendi Adrienn Éva;47.0831647;17.9228704;Hétfő 06:00-22:00|Kedd 06:00-22:00|Szerda 06:00-22:00|Csütörtök 06:00-22:00|Péntek 06:00-22:00|Szombat 06:00-22:00|Vasárnap 08:00-21:00
8200;Veszprém;Veszprém;Cholnoky utca 29/1.;Oberna Trafik Bt;47.0831647;17.9228704;Hétfő 06:00-22:00|Kedd 06:00-22:00|Szerda 06:00-22:00|Csütörtök 06:00-22:00|Péntek 06:00-22:00|Szombat 06:00-22:00|Vasárnap 08:00-21:00
8200;Veszprém;Veszprém;Cserhát lakótelep 6.;Timu Dohány Bt.;47.0831647;17.9228704;Hétfő 06:00-22:00|Kedd 06:00-22:00|Szerda 06:00-22:00|Csütörtök 06:00-22:00|Péntek 06:00-22:00|Szombat 06:00-22:00|Vasárnap 08:00-21:00
8200;Veszprém;Veszprém;Csillag 22.;Timu Dohány Bt.;47.0831647;17.9228704;Hétfő 06:00-22:00|Kedd 06:00-22:00|Szerda 06:00-22:00|Csütörtök 06:00-22:00|Péntek 06:00-22:00|Szombat 06:00-22:00|Vasárnap 08:00-21:00
8200;Veszprém;Veszprém;Damjanich utca 7. B/4.;Smoke Bt;47.0831647;17.9228704;Hétfő 06:00-22:00|Kedd 06:00-22:00|Szerda 06:00-22:00|Csütörtök 06:00-22:00|Péntek 06:00-22:00|Szombat 06:00-22:00|Vasárnap 08:00-21:00
8200;Veszprém;Veszprém;Dornyai Béla utca 4.;Trafimax Ker. Bt;47.0831647;17.9228704;Hétfő 06:00-22:00|Kedd 06:00-22:00|Szerda 06:00-22:00|Csütörtök 06:00-22:00|Péntek 06:00-22:00|Szombat 06:00-22:00|Vasárnap 08:00-21:00
8200;Veszprém;Veszprém;Egyetem utca 19.;Hudi-Trafik Bt;47.0858;17.9087;Hétfő 23:59-02:04|Kedd 23:59-02:04|Szerda 23:59-02:04|Csütörtök 23:59-02:04|Péntek 23:59-02:04|Szombat 23:59-02:04|Vasárnap 23:59-02:04
8200;Veszprém;Veszprém;Északkeleti útgyűrű 2.;Irmes Zsolt Károly;47.0831647;17.9228704;Hétfő 06:00-22:00|Kedd 06:00-22:00|Szerda 06:00-22:00|Csütörtök 06:00-22:00|Péntek 06:00-22:00|Szombat 06:00-22:00|Vasárnap 08:00-21:00
8200;Veszprém;Veszprém;Halle utca 7.;Dual Trafik Bt;47.1039;17.9158;Hétfő 05:00-23:00|Kedd 05:00-23:00|Szerda 05:00-23:00|Csütörtök 05:00-23:00|Péntek 05:00-23:00|Szombat 05:00-23:00|Vasárnap 05:00-23:00
8200;Veszprém;Veszprém;Haszkovó utca 16/B;Kériné Gál Teréz;47.0831647;17.9228704;Hétfő 06:00-22:00|Kedd 06:00-22:00|Szerda 06:00-22:00|Csütörtök 06:00-22:00|Péntek 06:00-22:00|Szombat 06:00-22:00|Vasárnap 08:00-21:00
8200;Veszprém;Veszprém;Haszkovó utca 18/D.;Juti Trafik Bt;47.1083;17.9176;Hétfő 05:30-22:00|Kedd 05:30-22:00|Szerda 05:30-22:00|Csütörtök 05:30-22:00|Péntek 05:30-22:00|Szombat 05:30-22:00|Vasárnap 05:30-22:00
8200;Veszprém;Veszprém;Házgyári út 7.;Juti Trafik Bt.;47.0831647;17.9228704;Hétfő 06:00-22:00|Kedd 06:00-22:00|Szerda 06:00-22:00|Csütörtök 06:00-22:00|Péntek 06:00-22:00|Szombat 06:00-22:00|Vasárnap 08:00-21:00
8200;Veszprém;Veszprém;Hrsz. 6608/7.;Stribl Ágnes;47.0831647;17.9228704;Hétfő 06:00-22:00|Kedd 06:00-22:00|Szerda 06:00-22:00|Csütörtök 06:00-22:00|Péntek 06:00-22:00|Szombat 06:00-22:00|Vasárnap 08:00-21:00
8200;Veszprém;Veszprém;Jutasi út 59. 6 lcsh.;Tálos Lajos Árpád;47.0831647;17.9228704;Hétfő 06:00-22:00|Kedd 06:00-22:00|Szerda 06:00-22:00|Csütörtök 06:00-22:00|Péntek 06:00-22:00|Szombat 06:00-22:00|Vasárnap 08:00-21:00
8200;Veszprém;Veszprém;Jutasi utca 3.;Profi Trafik Bt;47.0941;17.9144;Hétfő 05:30-22:00|Kedd 05:30-22:00|Szerda 05:30-22:00|Csütörtök 05:30-22:00|Péntek 05:30-22:00|Szombat 05:30-22:00|Vasárnap 05:30-22:00
8200;Veszprém;Veszprém;Jutasi utca 69/I.;Katona István;47.0831647;17.9228704;Hétfő 06:00-22:00|Kedd 06:00-22:00|Szerda 06:00-22:00|Csütörtök 06:00-22:00|Péntek 06:00-22:00|Szombat 06:00-22:00|Vasárnap 08:00-21:00
8200;Veszprém;Veszprém;Kossuth Lajos utca 23. Hrsz.: 4080;Trafik Holding Bt.;47.0831647;17.9228704;Hétfő 06:00-22:00|Kedd 06:00-22:00|Szerda 06:00-22:00|Csütörtök 06:00-22:00|Péntek 06:00-22:00|Szombat 06:00-22:00|Vasárnap 08:00-21:00
8200;Veszprém;Veszprém;Március 15. utca 4.;Feld Tabak Bt;47.0831647;17.9228704;Hétfő 06:00-22:00|Kedd 06:00-22:00|Szerda 06:00-22:00|Csütörtök 06:00-22:00|Péntek 06:00-22:00|Szombat 06:00-22:00|Vasárnap 08:00-21:00
8200;Veszprém;Veszprém;Mártírok útja 13.;Trafimax Ker. Bt;47.0831647;17.9228704;Hétfő 06:00-22:00|Kedd 06:00-22:00|Szerda 06:00-22:00|Csütörtök 06:00-22:00|Péntek 06:00-22:00|Szombat 06:00-22:00|Vasárnap 08:00-21:00
8200;Veszprém;Veszprém;Mindszenty József utca 4.;Profi Trafik Bt;47.0831647;17.9228704;Hétfő 06:00-22:00|Kedd 06:00-22:00|Szerda 06:00-22:00|Csütörtök 06:00-22:00|Péntek 06:00-22:00|Szombat 06:00-22:00|Vasárnap 08:00-21:00
8412;Veszprém;Veszprém;Posta utca 66.;Markó József Lajos;47.0831647;17.9228704;Hétfő 06:00-22:00|Kedd 06:00-22:00|Szerda 06:00-22:00|Csütörtök 06:00-22:00|Péntek 06:00-22:00|Szombat 06:00-22:00|Vasárnap 08:00-21:00
8200;Veszprém;Veszprém;Rákóczi Ferenc utca 6. földszint;Muráti Trafik Bt.;47.0831647;17.9228704;Hétfő 06:00-22:00|Kedd 06:00-22:00|Szerda 06:00-22:00|Csütörtök 06:00-22:00|Péntek 06:00-22:00|Szombat 06:00-22:00|Vasárnap 08:00-21:00
8200;Veszprém;Veszprém;Sarló utca 21.;Rácz Trafik Bt.;47.0831647;17.9228704;Hétfő 06:00-22:00|Kedd 06:00-22:00|Szerda 06:00-22:00|Csütörtök 06:00-22:00|Péntek 06:00-22:00|Szombat 06:00-22:00|Vasárnap 08:00-21:00
8200;Veszprém;Veszprém;Tizenháromváros tér 1.;Hudi-Trafik Bt;47.0831647;17.9228704;Hétfő 06:00-22:00|Kedd 06:00-22:00|Szerda 06:00-22:00|Csütörtök 06:00-22:00|Péntek 06:00-22:00|Szombat 06:00-22:00|Vasárnap 08:00-21:00
8200;Veszprém;Veszprém;Török Ignác utca 16.;TREND 82 Kkt.;47.0831647;17.9228704;Hétfő 06:00-22:00|Kedd 06:00-22:00|Szerda 06:00-22:00|Csütörtök 06:00-22:00|Péntek 06:00-22:00|Szombat 06:00-22:00|Vasárnap 08:00-21:00
8412;Veszprém;Veszprém;Zirci utca 14.;Karli Gyuláné;47.142753;17.950216;Hétfő 06:00-20:00|Kedd 06:00-20:00|Szerda 06:00-20:00|Csütörtök 06:00-20:00|Péntek 06:00-20:00|Szombat 06:00-20:00|Vasárnap 07:00-17:00
8353;Zala;Vindornyalak;Fő utca 98.;Gulyás Tibor;46.8897;17.2286;Hétfő 08:00-20:00|Kedd 08:00-20:00|Szerda 08:00-20:00|Csütörtök 08:00-20:00|Péntek 08:00-20:00|Szombat 08:00-18:00|Vasárnap 09:00-16:00
2025;Pest;Visegrád;Rév utca 3.;Vazul-Tabac 2013 Bt.;47.786;18.9702;Hétfő 06:00-22:00|Kedd 06:00-22:00|Szerda 06:00-22:00|Csütörtök 06:00-22:00|Péntek 06:00-22:00|Szombat 06:00-22:00|Vasárnap 06:00-22:00
3271;Heves;Visonta;Hősök tere 7/A.;Zsellérker Bt.;47.7825;20.0269;Hétfő 05:00-17:00|Kedd 05:00-17:00|Szerda 05:00-17:00|Csütörtök 05:00-17:00|Péntek 05:00-17:00|Szombat 05:00-17:00
9371;Győr-Moson-Sopron;Vitnyéd;Fő utca 44.;Akvint Bt.;47.586;16.9891;Hétfő 06:00-20:00|Kedd 06:00-20:00|Szerda 06:00-20:00|Csütörtök 06:00-20:00|Péntek 06:00-20:00|Szombat 06:00-20:00|Vasárnap 06:00-20:00
8314;Zala;Vonyarcvashegy;Rákóczi Ferenc utca 2-4;Andikacs Dohány Bt;46.762;17.3152;Hétfő 07:00-18:00|Kedd 07:00-18:00|Szerda 07:00-18:00|Csütörtök 07:00-18:00|Péntek 07:00-18:00|Szombat 07:00-15:00|Vasárnap 07:00-13:00
5051;Jász-Nagykun-Szolnok;Zagyvarékas;Fekete Lajos út 3.;Vízner Gábor;47.2681;20.128;Hétfő 06:00-22:00|Kedd 06:00-22:00|Szerda 06:00-22:00|Csütörtök 06:00-22:00|Péntek 06:00-22:00|Szombat 06:00-22:00|Vasárnap 06:00-13:00
5051;Jász-Nagykun-Szolnok;Zagyvarékas;Rákoczi út 64.;Erdélyi Egon;47.2681;20.128;Hétfő 06:00-22:00|Kedd 06:00-22:00|Szerda 06:00-22:00|Csütörtök 06:00-22:00|Péntek 06:00-22:00|Szombat 06:00-22:00|Vasárnap 06:00-13:00
6787;Csongrád;Zákányszék;Dózsa György utca 56.;Papp Vincéné;46.2751;19.8881;Hétfő 06:00-18:00|Kedd 06:00-18:00|Szerda 06:00-18:00|Csütörtök 06:00-18:00|Péntek 06:00-18:00|Szombat 06:00-14:00|Vasárnap 06:00-11:00
8798;Zala;Zalabér;Rákóczi Ferenc utca 25.;Mörk Károlyné;46.9762;17.0276;Hétfő 08:00-16:00|Kedd 08:00-16:00|Szerda 08:00-16:00|Csütörtök 08:00-16:00|Péntek 08:00-16:00|Szombat 07:00-15:00
8900;Zala;Zalaegerszeg;Balatoni út 8/B.;Avanzi Tobacco Bt;46.8439;16.8669;Hétfő 00:00-23:59|Kedd 00:00-23:59|Szerda 00:00-23:59|Csütörtök 00:00-23:59|Péntek 00:00-23:59|Szombat 00:00-23:59|Vasárnap 00:00-23:59
8900;Zala;Zalaegerszeg;Becsali út 2-6.;Tóthné Kelencz Erika Márta;46.8439;16.8669;Hétfő 00:00-23:59|Kedd 00:00-23:59|Szerda 00:00-23:59|Csütörtök 00:00-23:59|Péntek 00:00-23:59|Szombat 00:00-23:59|Vasárnap 00:00-23:59
8900;Zala;Zalaegerszeg;Berzsenyi Dániel utca 10/A;Paál Péter;46.8439;16.8669;Hétfő 00:00-23:59|Kedd 00:00-23:59|Szerda 00:00-23:59|Csütörtök 00:00-23:59|Péntek 00:00-23:59|Szombat 00:00-23:59|Vasárnap 00:00-23:59
8900;Zala;Zalaegerszeg;Erkel Ferenc utca 22.;Rákosa Zsolt;46.8439;16.8669;Hétfő 00:00-23:59|Kedd 00:00-23:59|Szerda 00:00-23:59|Csütörtök 00:00-23:59|Péntek 00:00-23:59|Szombat 00:00-23:59|Vasárnap 00:00-23:59
8900;Zala;Zalaegerszeg;Göcseji út 47.;Borbás Eszter;46.8439;16.8669;Hétfő 00:00-23:59|Kedd 00:00-23:59|Szerda 00:00-23:59|Csütörtök 00:00-23:59|Péntek 00:00-23:59|Szombat 00:00-23:59|Vasárnap 00:00-23:59
8900;Zala;Zalaegerszeg;Hegyalja utca 31.;Rákosa Zsolt;46.8439;16.8669;Hétfő 00:00-23:59|Kedd 00:00-23:59|Szerda 00:00-23:59|Csütörtök 00:00-23:59|Péntek 00:00-23:59|Szombat 00:00-23:59|Vasárnap 00:00-23:59
8900;Zala;Zalaegerszeg;Hock János utca 7469/2;Peti Tabak Bt.;46.8439;16.8669;Hétfő 00:00-23:59|Kedd 00:00-23:59|Szerda 00:00-23:59|Csütörtök 00:00-23:59|Péntek 00:00-23:59|Szombat 00:00-23:59|Vasárnap 00:00-23:59
8900;Zala;Zalaegerszeg;Kaszaházi út 37.;Valcum Tabak Bt.;46.8439;16.8669;Hétfő 00:00-23:59|Kedd 00:00-23:59|Szerda 00:00-23:59|Csütörtök 00:00-23:59|Péntek 00:00-23:59|Szombat 00:00-23:59|Vasárnap 00:00-23:59
8900;Zala;Zalaegerszeg;Kazinczy tér 11.;Tóthné Kelencz Erika Márta;46.8439;16.8669;Hétfő 00:00-23:59|Kedd 00:00-23:59|Szerda 00:00-23:59|Csütörtök 00:00-23:59|Péntek 00:00-23:59|Szombat 00:00-23:59|Vasárnap 00:00-23:59
8900;Zala;Zalaegerszeg;Körmendi út 41.;Borbás Eszter;46.8439;16.8669;Hétfő 00:00-23:59|Kedd 00:00-23:59|Szerda 00:00-23:59|Csütörtök 00:00-23:59|Péntek 00:00-23:59|Szombat 00:00-23:59|Vasárnap 00:00-23:59
8900;Zala;Zalaegerszeg;Kovács Károly tér 6-8;Bolla György;46.8436;16.8478;Hétfő 07:00-17:00|Kedd 07:00-17:00|Szerda 07:00-17:00|Csütörtök 07:00-17:00|Péntek 07:00-17:00|Szombat 08:00-12:00
8900;Zala;Zalaegerszeg;Köztársaság utca 89/d.;Bakos Dohány Bt;46.8439;16.8669;Hétfő 00:00-23:59|Kedd 00:00-23:59|Szerda 00:00-23:59|Csütörtök 00:00-23:59|Péntek 00:00-23:59|Szombat 00:00-23:59|Vasárnap 00:00-23:59
8900;Zala;Zalaegerszeg;Landorhegyi út 25/A.;Zte Dohány Bt.;46.8439;16.8669;Hétfő 00:00-23:59|Kedd 00:00-23:59|Szerda 00:00-23:59|Csütörtök 00:00-23:59|Péntek 00:00-23:59|Szombat 00:00-23:59|Vasárnap 00:00-23:59
8900;Zala;Zalaegerszeg;Ola utca 9-11.;Szekö Trafik Bt;46.8439;16.8669;Hétfő 00:00-23:59|Kedd 00:00-23:59|Szerda 00:00-23:59|Csütörtök 00:00-23:59|Péntek 00:00-23:59|Szombat 00:00-23:59|Vasárnap 00:00-23:59
8900;Zala;Zalaegerszeg;Petőfi Sándor utca 20.;Tóth és Tóth market Bt;46.8439;16.8669;Hétfő 00:00-23:59|Kedd 00:00-23:59|Szerda 00:00-23:59|Csütörtök 00:00-23:59|Péntek 00:00-23:59|Szombat 00:00-23:59|Vasárnap 00:00-23:59
8900;Zala;Zalaegerszeg;Petőfi utca 2.;E-LA Tabak Bt;46.8439;16.8669;Hétfő 00:00-23:59|Kedd 00:00-23:59|Szerda 00:00-23:59|Csütörtök 00:00-23:59|Péntek 00:00-23:59|Szombat 00:00-23:59|Vasárnap 00:00-23:59
8900;Zala;Zalaegerszeg;Platán sor 17/A;BA-ZSÓ Tabak Bt.;46.8436;16.8313;Hétfő 06:30-19:30|Kedd 06:30-19:30|Szerda 06:30-19:30|Csütörtök 06:30-19:30|Péntek 06:30-19:30|Szombat 07:00-15:00|Vasárnap 08:00-15:00
8900;Zala;Zalaegerszeg;Platán sor 6/A;BA-ZSÓ Tabak Bt.;46.8439;16.8669;Hétfő 00:00-23:59|Kedd 00:00-23:59|Szerda 00:00-23:59|Csütörtök 00:00-23:59|Péntek 00:00-23:59|Szombat 00:00-23:59|Vasárnap 00:00-23:59
8900;Zala;Zalaegerszeg;Sport utca 4.;Szekö Trafik Bt;46.8439;16.8669;Hétfő 00:00-23:59|Kedd 00:00-23:59|Szerda 00:00-23:59|Csütörtök 00:00-23:59|Péntek 00:00-23:59|Szombat 00:00-23:59|Vasárnap 00:00-23:59
8900;Zala;Zalaegerszeg;Stadion út 2.;Tóthné Kelencz Erika Márta;46.8439;16.8669;Hétfő 00:00-23:59|Kedd 00:00-23:59|Szerda 00:00-23:59|Csütörtök 00:00-23:59|Péntek 00:00-23:59|Szombat 00:00-23:59|Vasárnap 00:00-23:59
8900;Zala;Zalaegerszeg;Stadion utca 5.;dr. Mateisz Renáta;46.8439;16.8669;Hétfő 00:00-23:59|Kedd 00:00-23:59|Szerda 00:00-23:59|Csütörtök 00:00-23:59|Péntek 00:00-23:59|Szombat 00:00-23:59|Vasárnap 00:00-23:59
8900;Zala;Zalaegerszeg;Széchenyi tér 1.;Herbi Tabak Bt;46.8439;16.8669;Hétfő 00:00-23:59|Kedd 00:00-23:59|Szerda 00:00-23:59|Csütörtök 00:00-23:59|Péntek 00:00-23:59|Szombat 00:00-23:59|Vasárnap 00:00-23:59
8900;Zala;Zalaegerszeg;Széchenyi tér 4.;Omnia Mercator Bt.;46.8439;16.8669;Hétfő 00:00-23:59|Kedd 00:00-23:59|Szerda 00:00-23:59|Csütörtök 00:00-23:59|Péntek 00:00-23:59|Szombat 00:00-23:59|Vasárnap 00:00-23:59
8900;Zala;Zalaegerszeg;Vizslaparki út 44.;Egzisztencia Bt;46.8439;16.8669;Hétfő 00:00-23:59|Kedd 00:00-23:59|Szerda 00:00-23:59|Csütörtök 00:00-23:59|Péntek 00:00-23:59|Szombat 00:00-23:59|Vasárnap 00:00-23:59
8900;Zala;Zalaegerszeg;Zrínyi Miklós utca 39.;Viki '97 Bt.;46.8439;16.8669;Hétfő 00:00-23:59|Kedd 00:00-23:59|Szerda 00:00-23:59|Csütörtök 00:00-23:59|Péntek 00:00-23:59|Szombat 00:00-23:59|Vasárnap 00:00-23:59
8900;Zala;Zalaegerszeg;Zrínyi utca 17.;Paál Péter;46.8439;16.8669;Hétfő 00:00-23:59|Kedd 00:00-23:59|Szerda 00:00-23:59|Csütörtök 00:00-23:59|Péntek 00:00-23:59|Szombat 00:00-23:59|Vasárnap 00:00-23:59
8349;Veszprém;Zalagyömörő;Kisfaludy utca 7.;Sarvaly-COOP Kereskedelmi Bt.;47.0168;17.226;Hétfő 06:00-15:00|Kedd 06:00-15:00|Szerda 06:00-15:00|Csütörtök 06:00-15:00|Péntek 06:00-15:00|Szombat 06:00-12:00
8749;Zala;Zalakaros;Gyógyfürdő tér 4.;ATLANTISZ-N BT.;46.5603;17.1227;Hétfő 06:30-20:30|Kedd 06:30-20:30|Szerda 06:30-20:30|Csütörtök 06:30-20:30|Péntek 06:30-20:30|Szombat 06:30-20:30|Vasárnap 07:00-19:00
8751;Zala;Zalakomár;Attila utca 2.;Baranyai József;46.5352;17.177;Hétfő 06:00-20:30|Kedd 06:00-20:30|Szerda 06:00-20:30|Csütörtök 06:00-20:30|Péntek 06:00-20:30|Szombat 06:00-20:30|Vasárnap 06:00-20:30
8752;Zala;Zalakomár;Tavasz utca 5.;Farkas Mónika;46.5276394;17.1857134;Hétfő 06:00-18:00|Kedd 06:00-18:00|Szerda 06:00-18:00|Csütörtök 06:00-18:00|Péntek 06:00-18:00|Szombat 06:00-18:00
8790;Zala;Zalaszentgrót;Batthyány Lajos utca 17/A.;Gróti Trafik Bt;46.9408;17.081;Hétfő 06:00-20:00|Kedd 06:00-20:00|Szerda 06:00-20:00|Csütörtök 06:00-20:00|Péntek 06:00-20:00|Szombat 06:00-12:00
8790;Zala;Zalaszentgrót;Batthyány Lajos utca 6-2.;Gróti Trafik Bt.;46.9408;17.081;Hétfő 06:00-20:00|Kedd 06:00-20:00|Szerda 06:00-20:00|Csütörtök 06:00-20:00|Péntek 06:00-20:00|Szombat 06:00-12:00
8790;Zala;Zalaszentgrót;Batthyányi Lajos utca 9/A.;Grót Tabak Bt;46.9408;17.081;Hétfő 06:00-20:00|Kedd 06:00-20:00|Szerda 06:00-20:00|Csütörtök 06:00-20:00|Péntek 06:00-20:00|Szombat 06:00-12:00
8790;Zala;Zalaszentgrót;Kinizsi tér 5. 402/1/A/1.;Pataky Miklós Dezsőné;46.9408;17.081;Hétfő 06:00-20:00|Kedd 06:00-20:00|Szerda 06:00-20:00|Csütörtök 06:00-20:00|Péntek 06:00-20:00|Szombat 06:00-12:00
8936;Zala;Zalaszentmihály;Deák Ferenc 1.;Ezüst Szipka Bt.;46.7265;16.949;Hétfő 06:00-18:00|Kedd 06:00-18:00|Szerda 06:00-18:00|Csütörtök 06:00-18:00|Péntek 06:00-18:00|Szombat 06:00-14:00|Vasárnap 07:00-12:00
8392;Zala;Zalavár;József Attila utca 38.;Balázsi Ferenc;46.667;17.159;Hétfő 06:00-18:00|Kedd 06:00-18:00|Szerda 06:00-18:00|Csütörtök 06:00-18:00|Péntek 06:00-18:00|Szombat 06:00-15:00|Vasárnap 06:00-12:00
8621;Somogy;Zamárdi;Eötvös utca 3.;Czer Tibor;46.880733;17.943868;Hétfő 06:00-20:00|Kedd 06:00-20:00|Szerda 06:00-20:00|Csütörtök 06:00-20:00|Péntek 06:00-20:00|Szombat 08:00-20:00|Vasárnap 08:00-20:00
8621;Somogy;Zamárdi;Kossuth Lajos utca 2.;Fumidusz Bt.;46.880733;17.943868;Hétfő 06:00-20:00|Kedd 06:00-20:00|Szerda 06:00-20:00|Csütörtök 06:00-20:00|Péntek 06:00-20:00|Szombat 08:00-20:00|Vasárnap 08:00-20:00
8672;Somogy;Zics;Kossuth l. utca 2.;Friss Richárd;46.6772;17.9767;Hétfő 14:00-18:00|Kedd 14:00-18:00|Szerda 14:00-18:00|Csütörtök 14:00-18:00|Péntek 14:00-18:00|Szombat 14:00-18:00
8420;Veszprém;Zirc;Deák Ferenc utca 6.;Dózni Dohány Bt.;47.2641;17.8727;Hétfő 06:30-19:30|Kedd 06:30-19:30|Szerda 06:30-19:30|Csütörtök 06:30-19:30|Péntek 06:30-19:30|Szombat 06:30-14:00|Vasárnap 00:00-12:00
8420;Veszprém;Zirc;Petőfi utca 3.;Dózni Dohány Bt.;47.2612;17.8737;Hétfő 06:30-19:30|Kedd 06:30-19:30|Szerda 06:30-19:30|Csütörtök 06:30-19:30|Péntek 06:30-19:30|Szombat 06:30-14:00|Vasárnap 07:00-12:00
8420;Veszprém;Zirc;Rákóczi tér 9.;Bakony-Tabak Bt;47.2641;17.8727;Hétfő 06:30-19:30|Kedd 06:30-19:30|Szerda 06:30-19:30|Csütörtök 06:30-19:30|Péntek 06:30-19:30|Szombat 06:30-14:00|Vasárnap 00:00-12:00
7173;Tolna;Zomba;Rákóczi utca 2.;Stocki Bt.;46.4105;18.5653;Hétfő 06:00-18:00|Kedd 06:00-18:00|Szerda 06:00-18:00|Csütörtök 06:00-18:00|Péntek 06:00-18:00|Szombat 08:00-12:00
2072;Pest;Zsámbék;Magyar utca 75.;Udvardy Olivér;47.5462;18.7184;Hétfő 06:00-22:00|Kedd 06:00-22:00|Szerda 06:00-22:00|Csütörtök 06:00-22:00|Péntek 06:00-23:59|Szombat 06:00-23:59|Vasárnap 06:00-22:00
2072;Pest;Zsámbék;Petőfi Sándor utca 30/13.;Udvardy Olivér;47.5462;18.7184;Hétfő 06:00-22:00|Kedd 06:00-22:00|Szerda 06:00-22:00|Csütörtök 06:00-22:00|Péntek 06:00-23:59|Szombat 06:00-23:59|Vasárnap 06:00-22:00
2116;Pest;Zsámbok;Szent Imre utca 2/A.;Vér János;47.5432;19.6076;Hétfő 06:00-20:00|Kedd 06:00-20:00|Szerda 06:00-20:00|Csütörtök 06:00-20:00|Péntek 06:00-20:00|Szombat 06:00-14:00|Vasárnap 08:00-12:00
2116;Pest;Zsámbok;Turai utca 11.;Top Tobaccos Bt;47.5432;19.6076;Hétfő 06:00-20:00|Kedd 06:00-20:00|Szerda 06:00-20:00|Csütörtök 06:00-20:00|Péntek 06:00-20:00|Szombat 06:00-14:00|Vasárnap 08:00-12:00
6411;Bács-Kiskun;Zsana;I. körzet tanya 113/A.;Kauz László;46.3831;19.6592;Hétfő 06:00-18:00|Kedd 06:00-18:00|Szerda 06:00-18:00|Csütörtök 06:00-18:00|Péntek 06:00-18:00|Szombat 06:00-15:00|Vasárnap 06:00-11:00
6792;Csongrád;Zsombó;Andrássy út 112.;Toi&Moi Bt.;46.3276;19.9748;Hétfő 07:00-19:00|Kedd 07:00-19:00|Szerda 07:00-19:00|Csütörtök 07:00-19:00|Péntek 07:00-19:00|Szombat 07:00-19:00
6792;Csongrád;Zsombó;Rákosi Jenő utca 2.;Papp Beáta Trafik Bt.;46.3276;19.9748;Hétfő 07:00-19:00|Kedd 07:00-19:00|Szerda 07:00-19:00|Csütörtök 07:00-19:00|Péntek 07:00-19:00|Szombat 07:00-19:00
